fetch_id,role,url,bytes_expected,bytes_received,status
MGDS:31188/sentry563_20200905_2245_rnv_tide_1.00x1.00_BV01_fledermaus.grd.gz,HR,https://api.marine-geo.org/services/download/Document_Accept.php?data_uid=2826897,9853121.0,9853121,fetched
MGDS:31188/sentry563_20200905_2245_rnv_tide_1.00x1.00_BV02_fledermaus.grd.gz,HR,https://api.marine-geo.org/services/download/Document_Accept.php?data_uid=2826898,10183300.0,10183300,fetched
MGDS:31188/sentry563_20200905_2245_rnv_tide_equal_1.00x1.00_BV01.grd.gz,HR,https://api.marine-geo.org/services/download/Document_Accept.php?data_uid=2826899,7791283.0,7791283,fetched
MGDS:31188/sentry563_20200905_2245_rnv_tide_equal_1.00x1.00_BV02.grd.gz,HR,https://api.marine-geo.org/services/download/Document_Accept.php?data_uid=2826900,8073440.0,8073440,fetched
MGDS:31188/sentry564_20200911_1239_rnv_tide_1.00x1.00_BV01_fledermaus.grd.gz,HR,https://api.marine-geo.org/services/download/Document_Accept.php?data_uid=2826901,28975345.0,28975345,fetched
MGDS:31188/sentry564_20200911_1239_rnv_tide_equal_1.00x1.00_BV01.grd.gz,HR,https://api.marine-geo.org/services/download/Document_Accept.php?data_uid=2826902,22983155.0,22983155,fetched
MGDS:31188/sentry565_20200912_2057_rnv_tide_1.00x1.00_BV01_fledermaus.grd.gz,HR,https://api.marine-geo.org/services/download/Document_Accept.php?data_uid=2826903,30589295.0,30589295,fetched
MGDS:31188/sentry565_20200912_2057_rnv_tide_equal_1.00x1.00_BV01.grd.gz,HR,https://api.marine-geo.org/services/download/Document_Accept.php?data_uid=2826904,24623422.0,24623422,fetched
MGDS:31188/sentry566_20200914_0150_rnv_tide_1.00x1.00_BV01_fledermaus.grd.gz,HR,https://api.marine-geo.org/services/download/Document_Accept.php?data_uid=2826905,25484906.0,25484906,fetched
MGDS:31188/sentry566_20200914_0150_rnv_tide_equal_1.00x1.00_BV01.grd.gz,HR,https://api.marine-geo.org/services/download/Document_Accept.php?data_uid=2826906,20745559.0,20745559,fetched
MGDS:31188/sentry567_20200917_1350_rnv_tide_1.00x1.00_BV01_fledermaus.grd.gz,HR,https://api.marine-geo.org/services/download/Document_Accept.php?data_uid=2826907,28512419.0,28512419,fetched
MGDS:31188/sentry567_20200917_1350_rnv_tide_equal_1.00x1.00_BV01.grd.gz,HR,https://api.marine-geo.org/services/download/Document_Accept.php?data_uid=2826908,22994257.0,22994257,fetched
MGDS:31188/sentry568_20200918_2135_rnv_tide_1.00x1.00_BV01_fledermaus.grd.gz,HR,https://api.marine-geo.org/services/download/Document_Accept.php?data_uid=2826909,32435644.0,32435644,fetched
MGDS:31188/sentry568_20200918_2135_rnv_tide_equal_1.00x1.00_BV01.grd.gz,HR,https://api.marine-geo.org/services/download/Document_Accept.php?data_uid=2826910,26058624.0,26058624,fetched
PANGAEA:tag_m127,HR,https://doi.pangaea.de/10.1594/PANGAEA.899415,,0,skipped_present
MGDS:5174/AT07-04.abe.9_28N.bathy_ut_mask.grd.gz,HR,https://api.marine-geo.org/services/download/Document_Accept.php?data_uid=19212,1012416.0,1012416,fetched
MGDS:5174/AT07-04.abe.9_50N.bathy_ll_mask.grd.gz,HR,https://api.marine-geo.org/services/download/Document_Accept.php?data_uid=19236,997279.0,997279,fetched
MGDS:5174/AT07-04.abe.9_50N.bathy_ut_mask.grd.gz,HR,https://api.marine-geo.org/services/download/Document_Accept.php?data_uid=19237,1026775.0,1026775,fetched
MGDS:5174/AT07-04.abe.9_28N.bathy_ll_mask.grd.gz,HR,https://api.marine-geo.org/services/download/Document_Accept.php?data_uid=19250,995384.0,995384,fetched
MGDS:31199/sentry431_20170524_1448_tide_1.00x1.00_BV23_nocross.grd.gz,HR,https://api.marine-geo.org/services/download/Document_Accept.php?data_uid=2827329,6768060.0,6768060,fetched
MGDS:31199/sentry431_20170524_1448_tide_equal_1.00x1.00_BV23.grd.gz,HR,https://api.marine-geo.org/services/download/Document_Accept.php?data_uid=2827330,6807862.0,6807862,fetched
MGDS:31199/sentry431_20170524_1448_tide_equal_1.00x1.00_BV23_nocross.grd.gz,HR,https://api.marine-geo.org/services/download/Document_Accept.php?data_uid=2827331,6737706.0,6737706,fetched
MGDS:31199/sentry433_20170527_1317_tide_1.00x1.00_BV05_nocross.grd.gz,HR,https://api.marine-geo.org/services/download/Document_Accept.php?data_uid=2827332,8713748.0,8713748,fetched
MGDS:31199/sentry433_20170527_1317_tide_equal_1.00x1.00_BV05.grd.gz,HR,https://api.marine-geo.org/services/download/Document_Accept.php?data_uid=2827333,9069467.0,9069467,fetched
MGDS:31199/sentry433_20170527_1317_tide_equal_1.00x1.00_BV05_nocross.grd.gz,HR,https://api.marine-geo.org/services/download/Document_Accept.php?data_uid=2827334,8665360.0,8665360,fetched
MGDS:31199/sentry434_20170529_1301_tide_1.00x1.00_BV03_nocross.grd.gz,HR,https://api.marine-geo.org/services/download/Document_Accept.php?data_uid=2827335,8903160.0,8903160,fetched
MGDS:31199/sentry434_20170529_1301_tide_equal_1.00x1.00_BV03.grd.gz,HR,https://api.marine-geo.org/services/download/Document_Accept.php?data_uid=2827336,9092195.0,9092195,fetched
MGDS:31199/sentry434_20170529_1301_tide_equal_1.00x1.00_BV03_nocross.grd.gz,HR,https://api.marine-geo.org/services/download/Document_Accept.php?data_uid=2827337,8855557.0,8855557,fetched
MGDS:31199/sentry435_20170530_1306_tide_1.00x1.00_BV09_nocross.grd.gz,HR,https://api.marine-geo.org/services/download/Document_Accept.php?data_uid=2827338,6499005.0,6499005,fetched
MGDS:31199/sentry435_20170530_1306_tide_equal_1.00x1.00_BV09.grd.gz,HR,https://api.marine-geo.org/services/download/Document_Accept.php?data_uid=2827339,6681696.0,6681696,fetched
MGDS:31199/sentry435_20170530_1306_tide_equal_1.00x1.00_BV09_nocross.grd.gz,HR,https://api.marine-geo.org/services/download/Document_Accept.php?data_uid=2827340,6681697.0,6681697,fetched
MGDS:31199/sentry437_20170602_1257_tide_1.00x1.00_BV20_nocross.grd.gz,HR,https://api.marine-geo.org/services/download/Document_Accept.php?data_uid=2827341,5282592.0,5282592,fetched
MGDS:31199/sentry437_20170602_1257_tide_equal_1.00x1.00_BV20.grd.gz,HR,https://api.marine-geo.org/services/download/Document_Accept.php?data_uid=2827342,5341914.0,5341914,fetched
MGDS:31199/sentry437_20170602_1257_tide_equal_1.00x1.00_BV20_nocross.grd.gz,HR,https://api.marine-geo.org/services/download/Document_Accept.php?data_uid=2827343,5257386.0,5257386,fetched
MGDS:31199/sentry438_20170603_1257_tide_1.00x1.00_BV03_nocross.grd.gz,HR,https://api.marine-geo.org/services/download/Document_Accept.php?data_uid=2827344,4966366.0,4966366,fetched
MGDS:31199/sentry438_20170603_1257_tide_equal_1.00x1.00_BV03.grd.gz,HR,https://api.marine-geo.org/services/download/Document_Accept.php?data_uid=2827345,4899910.0,4899910,fetched
MGDS:31199/sentry438_20170603_1257_tide_equal_1.00x1.00_BV03_nocross.grd.gz,HR,https://api.marine-geo.org/services/download/Document_Accept.php?data_uid=2827346,4941653.0,4941653,fetched
MGDS:31199/sentry439_20170605_1222_tide_equal_1.00x1.00_BV04.grd.gz,HR,https://api.marine-geo.org/services/download/Document_Accept.php?data_uid=2827347,7912089.0,7912089,fetched
MGDS:31199/sentry440_20170607_1128_tide_equal_1.00x1.00_BV03.grd.gz,HR,https://api.marine-geo.org/services/download/Document_Accept.php?data_uid=2827348,7296945.0,7296945,fetched
MGDS:31199/sentry441_20170608_1318_tide_equal_1.00x1.00_BV01.grd.gz,HR,https://api.marine-geo.org/services/download/Document_Accept.php?data_uid=2827349,11076584.0,11076584,fetched
MGDS:30219/AxialSummit_MAUV_10Mar2021_All_OverEM302_Topo1mSq.asc.gz,HR,https://api.marine-geo.org/services/download/Document_Accept.php?data_uid=2423529,1665481502.0,1665481502,fetched
MGDS:30219/AxialSummit_MAUV_10Mar2021_All_Topo1mSq.asc.gz,HR,https://api.marine-geo.org/services/download/Document_Accept.php?data_uid=2423530,591237722.0,591237722,fetched
MGDS:31425/LoihiSummit_sentry2013_Topo5m.grd.gz,HR,https://api.marine-geo.org/services/download/Document_Accept.php?data_uid=2859414,950995.0,950995,fetched
MGDS:31425/PelesPit_sentry2013_all_Topo2m.grd.gz,HR,https://api.marine-geo.org/services/download/Document_Accept.php?data_uid=2859415,630990.0,630990,fetched
MGDS:21847/atlantis_massif_abe2003.grd.gz,HR,https://api.marine-geo.org/services/download/Document_Accept.php?data_uid=866137,490864.0,490864,fetched
MGDS:31600/d142.v7.latlon.grd.gz,HR,https://api.marine-geo.org/services/download/Document_Accept.php?data_uid=3065632,141179.0,141179,fetched
MGDS:31600/d144.v7.latlon.grd.gz,HR,https://api.marine-geo.org/services/download/Document_Accept.php?data_uid=3065633,561648.0,561648,fetched
MGDS:31600/d145.v7.latlon.grd.gz,HR,https://api.marine-geo.org/services/download/Document_Accept.php?data_uid=3065634,452851.0,452851,fetched
MGDS:31600/d146.v7.latlon.grd.gz,HR,https://api.marine-geo.org/services/download/Document_Accept.php?data_uid=3065635,93231.0,93231,fetched
MGDS:31600/d148.v7.latlon.1sec.grd.gz,HR,https://api.marine-geo.org/services/download/Document_Accept.php?data_uid=3065636,8849.0,8849,fetched
MGDS:31600/d148.v7.latlon.tenthsec.grd.gz,HR,https://api.marine-geo.org/services/download/Document_Accept.php?data_uid=3065637,548282.0,548282,fetched
MGDS:31600/d149.v7.latlon.1sec.grd.gz,HR,https://api.marine-geo.org/services/download/Document_Accept.php?data_uid=3065638,2120.0,2120,fetched
MGDS:31600/d149.v7.latlon.tenthsec.grd.gz,HR,https://api.marine-geo.org/services/download/Document_Accept.php?data_uid=3065639,115184.0,115184,fetched
MGDS:31600/dome.v7.latlon.1sec.grd.gz,HR,https://api.marine-geo.org/services/download/Document_Accept.php?data_uid=3065640,11553.0,11553,fetched
MGDS:31600/dome.v7.latlon.tenthsec.grd.gz,HR,https://api.marine-geo.org/services/download/Document_Accept.php?data_uid=3065641,712060.0,712060,fetched
MGDS:31600/valley.latlon.grd.gz,HR,https://api.marine-geo.org/services/download/Document_Accept.php?data_uid=3065642,930195.0,930195,fetched
MGDS:30272/data_uid_2427151.bin,HR,https://api.marine-geo.org/services/download/Document_Accept.php?data_uid=2427151,4517897.0,278,FETCH_FAILED_ESCALATE
MGDS:17700/abe183b_LL.grd.gz,HR,https://api.marine-geo.org/services/download/Document_Accept.php?data_uid=479791,463959.0,463959,fetched
MGDS:17700/abe182_LL.grd.gz,HR,https://api.marine-geo.org/services/download/Document_Accept.php?data_uid=479792,1082978.0,1082978,fetched
MGDS:17700/abe183a_LL.grd.gz,HR,https://api.marine-geo.org/services/download/Document_Accept.php?data_uid=479793,284253.0,284253,fetched
MGDS:17700/abe185_LL.grd.gz,HR,https://api.marine-geo.org/services/download/Document_Accept.php?data_uid=479794,899840.0,899840,fetched
MGDS:17700/abe186_LL.grd.gz,HR,https://api.marine-geo.org/services/download/Document_Accept.php?data_uid=479795,683147.0,683147,fetched
MGDS:17700/abe187_LL.grd.gz,HR,https://api.marine-geo.org/services/download/Document_Accept.php?data_uid=479796,698666.0,698666,fetched
MGDS:17700/abe189_LL.grd.gz,HR,https://api.marine-geo.org/services/download/Document_Accept.php?data_uid=479797,842461.0,842461,fetched
MGDS:17700/abe188_LL.grd.gz,HR,https://api.marine-geo.org/services/download/Document_Accept.php?data_uid=479798,1177621.0,1177621,fetched
MGDS:17700/abe192_LL.grd.gz,HR,https://api.marine-geo.org/services/download/Document_Accept.php?data_uid=479799,1354613.0,1354613,fetched
MGDS:17700/abe191_LL.grd.gz,HR,https://api.marine-geo.org/services/download/Document_Accept.php?data_uid=479800,592421.0,592421,fetched
MGDS:17700/abe190_LL.grd.gz,HR,https://api.marine-geo.org/services/download/Document_Accept.php?data_uid=479801,1521323.0,1521323,fetched
MGDS:17700/abe193_LL.grd.gz,HR,https://api.marine-geo.org/services/download/Document_Accept.php?data_uid=479802,318984.0,318984,fetched
MGDS:17700/abe194_LL.grd.gz,HR,https://api.marine-geo.org/services/download/Document_Accept.php?data_uid=479803,892625.0,892625,fetched
MGDS:17700/abe195_LL.grd.gz,HR,https://api.marine-geo.org/services/download/Document_Accept.php?data_uid=479804,1098840.0,1098840,fetched
MGDS:17700/abe199_LL.grd.gz,HR,https://api.marine-geo.org/services/download/Document_Accept.php?data_uid=479805,348280.0,348280,fetched
MGDS:17700/abe198_LL.grd.gz,HR,https://api.marine-geo.org/services/download/Document_Accept.php?data_uid=479806,1052245.0,1052245,fetched
MGDS:31255/pythia_auv_s19a_elv_gcs_1m.tif.gz,HR,https://api.marine-geo.org/services/download/Document_Accept.php?data_uid=2831424,21048153.0,21048153,fetched
MGDS:31255/pythia_auv_s19b_elv_gcs_0.25m.tif.gz,HR,https://api.marine-geo.org/services/download/Document_Accept.php?data_uid=2831425,67564938.0,67564938,fetched
MGDS:31254/po_a_s19agcs.asc.gz,HR,https://api.marine-geo.org/services/download/Document_Accept.php?data_uid=2831422,16943884.0,16943884,fetched
MGDS:31254/po_a_s19bgcs.asc.gz,HR,https://api.marine-geo.org/services/download/Document_Accept.php?data_uid=2831423,51363453.0,51363453,fetched
MGDS:31838/sentry447_20170901_1517_rnv_tide_1.00x1.00_BV01.grd.gz,HR,https://api.marine-geo.org/services/download/Document_Accept.php?data_uid=3204557,13447423.0,13447423,fetched
MGDS:31838/sentry447_20170901_1517_rnv_tide_1.00x1.00_BV02.grd.gz,HR,https://api.marine-geo.org/services/download/Document_Accept.php?data_uid=3204558,13447422.0,13447422,fetched
MGDS:31253/Pythia_auv_s19a_gcs_1m.grd.gz,HR,https://api.marine-geo.org/services/download/Document_Accept.php?data_uid=2831420,21079558.0,21079558,fetched
MGDS:31253/Pythia_auv_s19b_gcs_0.25m.grd.gz,HR,https://api.marine-geo.org/services/download/Document_Accept.php?data_uid=2831421,69649627.0,69649627,fetched
MGDS:20811/sentry080_1x1_gvxdvz.grd.gz,HR,https://api.marine-geo.org/services/download/Document_Accept.php?data_uid=750122,1580532.0,1580532,fetched
MGDS:20811/sentry080_2x2_gvxdvz.grd.gz,HR,https://api.marine-geo.org/services/download/Document_Accept.php?data_uid=750123,585729.0,585729,fetched
MGDS:20811/sentry080_MC338_1x1_equal.grd.gz,HR,https://api.marine-geo.org/services/download/Document_Accept.php?data_uid=750124,1429485.0,1429485,fetched
MGDS:20811/sentry082_1x1_gvxdvz.grd.gz,HR,https://api.marine-geo.org/services/download/Document_Accept.php?data_uid=750125,409388.0,409388,fetched
MGDS:20811/sentry082_2x2_gvxdvz.grd.gz,HR,https://api.marine-geo.org/services/download/Document_Accept.php?data_uid=750126,138070.0,138070,fetched
MGDS:20811/sentry082_p5xp5_gvxdvz.grd.gz,HR,https://api.marine-geo.org/services/download/Document_Accept.php?data_uid=750127,610700.0,610700,fetched
MGDS:20811/sentry083_1x1_equal.grd.gz,HR,https://api.marine-geo.org/services/download/Document_Accept.php?data_uid=750128,4158457.0,4158457,fetched
MGDS:20811/sentry083_1x1_gvxdvz.grd.gz,HR,https://api.marine-geo.org/services/download/Document_Accept.php?data_uid=750129,4728099.0,4728099,fetched
MGDS:20811/sentry083_p5xp5_equal.grd.gz,HR,https://api.marine-geo.org/services/download/Document_Accept.php?data_uid=750130,19761879.0,19761879,fetched
MGDS:20811/sentry084_1x1_equal.grd.gz,HR,https://api.marine-geo.org/services/download/Document_Accept.php?data_uid=750131,1559343.0,1559343,fetched
MGDS:20811/sentry084_1x1.grd.gz,HR,https://api.marine-geo.org/services/download/Document_Accept.php?data_uid=750132,1751404.0,1751404,fetched
MGDS:20811/sentry084_1x1_part1.grd.gz,HR,https://api.marine-geo.org/services/download/Document_Accept.php?data_uid=750133,833744.0,833744,fetched
MGDS:20811/sentry084_1x1_part2.grd.gz,HR,https://api.marine-geo.org/services/download/Document_Accept.php?data_uid=750134,888800.0,888800,fetched
MGDS:20811/sentry084_p5xp5_equal.grd.gz,HR,https://api.marine-geo.org/services/download/Document_Accept.php?data_uid=750135,4965234.0,4965234,fetched
MGDS:20811/sentry084_p5xp5.grd.gz,HR,https://api.marine-geo.org/services/download/Document_Accept.php?data_uid=750136,5703447.0,5703447,fetched
MGDS:20811/sentry084_p5xp5_part1.grd.gz,HR,https://api.marine-geo.org/services/download/Document_Accept.php?data_uid=750137,2856954.0,2856954,fetched
MGDS:20811/sentry084_p5xp5_part2.grd.gz,HR,https://api.marine-geo.org/services/download/Document_Accept.php?data_uid=750138,2898639.0,2898639,fetched
MGDS:20815/sentry080_MC338_1x1_equal.asc.gz,HR,https://api.marine-geo.org/services/download/Document_Accept.php?data_uid=751504,1177211.0,1177211,fetched
MGDS:20815/sentry083_1x1_equal.asc.gz,HR,https://api.marine-geo.org/services/download/Document_Accept.php?data_uid=751505,3340741.0,3340741,fetched
MGDS:20815/sentry083_p5xp5_equal.asc.gz,HR,https://api.marine-geo.org/services/download/Document_Accept.php?data_uid=751506,13377306.0,13377306,fetched
MGDS:20815/sentry084_1x1_equal.asc.gz,HR,https://api.marine-geo.org/services/download/Document_Accept.php?data_uid=751507,1406930.0,1406930,fetched
MGDS:20815/sentry084_p5xp5_equal.asc.gz,HR,https://api.marine-geo.org/services/download/Document_Accept.php?data_uid=751508,4483080.0,4483080,fetched
MGDS:30466/axsrift_auv1m_Figure1.asc.gz,HR,https://api.marine-geo.org/services/download/Document_Accept.php?data_uid=2503687,349074606.0,349074606,fetched
MGDS:24756/Topo1m_CCEDeep_20151105_1106_UTM.grd.gz,HR,https://api.marine-geo.org/services/download/Document_Accept.php?data_uid=1187549,24866871.0,24866871,fetched
MGDS:24756/Topo1m_CCEDeep_20151202_UTM.grd.gz,HR,https://api.marine-geo.org/services/download/Document_Accept.php?data_uid=1187550,21417300.0,21417300,fetched
MGDS:24756/Topo1m_CCEDeep_20160322_UTM.grd.gz,HR,https://api.marine-geo.org/services/download/Document_Accept.php?data_uid=1187551,22946019.0,22946019,fetched
MGDS:24756/Topo1m_CCEDeep_20160418_UTM.grd.gz,HR,https://api.marine-geo.org/services/download/Document_Accept.php?data_uid=1187552,22179202.0,22179202,fetched
MGDS:24756/Topo1m_CCEDeep_20161206_UTM.grd.gz,HR,https://api.marine-geo.org/services/download/Document_Accept.php?data_uid=1187553,21891929.0,21891929,fetched
MGDS:24756/Topo1m_CCEDeep_20170323_UTM.grd.gz,HR,https://api.marine-geo.org/services/download/Document_Accept.php?data_uid=1187554,22702889.0,22702889,fetched
MGDS:24756/Topo1m_CCEShallow_20151104_UTM.grd.gz,HR,https://api.marine-geo.org/services/download/Document_Accept.php?data_uid=1187555,20335996.0,20335996,fetched
MGDS:24756/Topo1m_CCEShallow_20151201_UTM.grd.gz,HR,https://api.marine-geo.org/services/download/Document_Accept.php?data_uid=1187556,20341463.0,20341463,fetched
MGDS:24756/Topo1m_CCEShallow_20160128_UTM.grd.gz,HR,https://api.marine-geo.org/services/download/Document_Accept.php?data_uid=1187557,18814166.0,18814166,fetched
MGDS:24756/Topo1m_CCEShallow_20160321_UTM.grd.gz,HR,https://api.marine-geo.org/services/download/Document_Accept.php?data_uid=1187558,22453526.0,22453526,fetched
MGDS:24756/Topo1m_CCEShallow_20161207_UTM.grd.gz,HR,https://api.marine-geo.org/services/download/Document_Accept.php?data_uid=1187559,22389987.0,22389987,fetched
MGDS:24756/Topo1m_CCEShallow_20170221_UTM.grd.gz,HR,https://api.marine-geo.org/services/download/Document_Accept.php?data_uid=1187560,20074944.0,20074944,fetched
MGDS:24756/TopoDiff1m_CCEDeep_20160322_20151202_UTM.grd.gz,HR,https://api.marine-geo.org/services/download/Document_Accept.php?data_uid=1187561,21502494.0,21502494,fetched
MGDS:24756/TopoDiff1m_CCEDeep_20161206_20160418_UTM.grd.gz,HR,https://api.marine-geo.org/services/download/Document_Accept.php?data_uid=1187562,22010688.0,22010688,fetched
MGDS:24756/TopoDiff1m_CCEDeep_20170323_20151105_UTM.grd.gz,HR,https://api.marine-geo.org/services/download/Document_Accept.php?data_uid=1187563,22337357.0,22337357,fetched
MGDS:24756/TopoDiff1m_CCEShallow_20151201_20151104_UTM.grd.gz,HR,https://api.marine-geo.org/services/download/Document_Accept.php?data_uid=1187564,19715939.0,19715939,fetched
MGDS:24756/TopoDiff1m_CCEShallow_20160128_20151201_UTM.grd.gz,HR,https://api.marine-geo.org/services/download/Document_Accept.php?data_uid=1187565,17966353.0,17966353,fetched
MGDS:24756/TopoDiff1m_CCEShallow_20160321_20160128_UTM.grd.gz,HR,https://api.marine-geo.org/services/download/Document_Accept.php?data_uid=1187566,18886595.0,18886595,fetched
MGDS:24756/TopoDiff1m_CCEShallow_20161207_20160321_UTM.grd.gz,HR,https://api.marine-geo.org/services/download/Document_Accept.php?data_uid=1187567,22057844.0,22057844,fetched
MGDS:24756/TopoDiff1m_CCEShallow_20170221_20151104_UTM.grd.gz,HR,https://api.marine-geo.org/services/download/Document_Accept.php?data_uid=1187568,19483109.0,19483109,fetched
MGDS:24756/TopoDiff1m_CCEShallow_20170221_20161207_UTM.grd.gz,HR,https://api.marine-geo.org/services/download/Document_Accept.php?data_uid=1187569,20000879.0,20000879,fetched
MGDS:21415/LaJollaMBTopo_m1.grd.gz,HR,https://api.marine-geo.org/services/download/Document_Accept.php?data_uid=821337,16265810.0,16265810,fetched
MGDS:21415/ZAmpC_m1.grd.gz,HR,https://api.marine-geo.org/services/download/Document_Accept.php?data_uid=821338,30645861.0,30645861,fetched
MGDS:21415/ZMbssC_m1.grd.gz,HR,https://api.marine-geo.org/services/download/Document_Accept.php?data_uid=821339,30645862.0,30645862,fetched
MGDS:21415/ZSsCF_m1.grd.gz,HR,https://api.marine-geo.org/services/download/Document_Accept.php?data_uid=821340,39956611.0,39956611,fetched
MGDS:21415/ZTopo1mInt_m1.grd.gz,HR,https://api.marine-geo.org/services/download/Document_Accept.php?data_uid=821341,3863417.0,3863417,fetched
MGDS:21415/ZTopo_m1.grd.gz,HR,https://api.marine-geo.org/services/download/Document_Accept.php?data_uid=821342,28945186.0,28945186,fetched
MGDS:21415/LaJollaCanyonTopo1m_m2.grd.gz,HR,https://api.marine-geo.org/services/download/Document_Accept.php?data_uid=821343,69023323.0,69023323,fetched
MGDS:21415/LaJollaMBTopo_m2.grd.gz,HR,https://api.marine-geo.org/services/download/Document_Accept.php?data_uid=821344,16265810.0,16265810,fetched
MGDS:21415/ZAmpC_m2.grd.gz,HR,https://api.marine-geo.org/services/download/Document_Accept.php?data_uid=821345,30640753.0,30640753,fetched
MGDS:21415/ZMbssC_m2.grd.gz,HR,https://api.marine-geo.org/services/download/Document_Accept.php?data_uid=821346,1017234.0,1017234,fetched
MGDS:21415/ZTopo1mInt_m2.grd.gz,HR,https://api.marine-geo.org/services/download/Document_Accept.php?data_uid=821347,140022152.0,140022152,fetched
MGDS:21415/ZTopo_m2.grd.gz,HR,https://api.marine-geo.org/services/download/Document_Accept.php?data_uid=821348,29634187.0,29634187,fetched
MGDS:31811/sentry039_2x2_post.grd.gz,HR,https://api.marine-geo.org/services/download/Document_Accept.php?data_uid=3202595,804550.0,804550,fetched
MGDS:31811/sentry040_2x2_post.grd.gz,HR,https://api.marine-geo.org/services/download/Document_Accept.php?data_uid=3202596,1454867.0,1454867,fetched
MGDS:31811/sentry041_2x2_post.grd.gz,HR,https://api.marine-geo.org/services/download/Document_Accept.php?data_uid=3202597,2030116.0,2030116,fetched
MGDS:31811/sentry042_2x2_post.grd.gz,HR,https://api.marine-geo.org/services/download/Document_Accept.php?data_uid=3202598,2362069.0,2362069,fetched
MGDS:31811/sentry046_2x2_post.grd.gz,HR,https://api.marine-geo.org/services/download/Document_Accept.php?data_uid=3202599,2931843.0,2931843,fetched
MGDS:31811/sentry047_2x2_post.grd.gz,HR,https://api.marine-geo.org/services/download/Document_Accept.php?data_uid=3202600,3316759.0,3316759,fetched
MGDS:31811/sentry048_2x2_post.grd.gz,HR,https://api.marine-geo.org/services/download/Document_Accept.php?data_uid=3202601,3840121.0,3840121,fetched
MGDS:31811/sentry049_2x2_post.grd.gz,HR,https://api.marine-geo.org/services/download/Document_Accept.php?data_uid=3202602,3003193.0,3003193,fetched
MGDS:31811/sentry050_2x2_post.grd.gz,HR,https://api.marine-geo.org/services/download/Document_Accept.php?data_uid=3202603,2803749.0,2803749,fetched
MGDS:31811/sentry051_2x2_post.grd.gz,HR,https://api.marine-geo.org/services/download/Document_Accept.php?data_uid=3202604,3879844.0,3879844,fetched
MGDS:31811/sentry055_2x2_post.grd.gz,HR,https://api.marine-geo.org/services/download/Document_Accept.php?data_uid=3202605,4598736.0,4598736,fetched
MGDS:32556/AxialNRift_MAUV_ver2025_Topo1m.grd.gz,HR,https://api.marine-geo.org/services/download/Document_Accept.php?data_uid=3501168,106681449.0,106681449,fetched
MGDS:32556/AxialSRift_MAUV_ver2025_Topo1m.grd.gz,HR,https://api.marine-geo.org/services/download/Document_Accept.php?data_uid=3501169,225562961.0,225562961,fetched
MGDS:30373/sentry_epr_1m_20210618_cd.grd.gz,HR,https://api.marine-geo.org/services/download/Document_Accept.php?data_uid=2433281,350278915.0,350278915,fetched
MGDS:24367/gocauv_ar1_2m.asc.gz,HR,https://api.marine-geo.org/services/download/Document_Accept.php?data_uid=1123258,12749222.0,12749222,fetched
MGDS:24367/gocauv_ar2_2m.asc.gz,HR,https://api.marine-geo.org/services/download/Document_Accept.php?data_uid=1123259,38337807.0,38337807,fetched
MGDS:24367/gocauv_ar3_2m.asc.gz,HR,https://api.marine-geo.org/services/download/Document_Accept.php?data_uid=1123260,27472140.0,27472140,fetched
MGDS:24367/gocauv_ar4_2m.asc.gz,HR,https://api.marine-geo.org/services/download/Document_Accept.php?data_uid=1123261,17831648.0,17831648,fetched
MGDS:24367/gocauv_ar5_2m.asc.gz,HR,https://api.marine-geo.org/services/download/Document_Accept.php?data_uid=1123262,22484718.0,22484718,fetched
MGDS:24367/gocauv_ar6_2m.asc.gz,HR,https://api.marine-geo.org/services/download/Document_Accept.php?data_uid=1123263,34176817.0,34176817,fetched
MGDS:24367/gocauv_pt_2m.asc.gz,HR,https://api.marine-geo.org/services/download/Document_Accept.php?data_uid=1123264,18782501.0,18782501,fetched
MGDS:24367/gocauv_tt_2m.asc.gz,HR,https://api.marine-geo.org/services/download/Document_Accept.php?data_uid=1123265,11466492.0,11466492,fetched
MGDS:32321/SantaMonica_800mMound_MAUV_Topo1m_slope880-760.tif,HR,https://api.marine-geo.org/services/download/Document_Accept.php?data_uid=3442620,27426400.0,27426400,fetched
MGDS:31290/OctopusGarden_MAUV2022_Topo1m_utm.asc.gz,HR,https://api.marine-geo.org/services/download/Document_Accept.php?data_uid=2840569,245133204.0,245133204,fetched
MGDS:24002/SentryLoihi_FeMO_Topo2m.grd.gz,HR,https://api.marine-geo.org/services/download/Document_Accept.php?data_uid=2859430,3179445.0,3179445,fetched
MGDS:24002/SentryLoihi_ShinkaiDeep_Topo2m.grd.gz,HR,https://api.marine-geo.org/services/download/Document_Accept.php?data_uid=2859431,4782657.0,4782657,fetched
MGDS:29779/sentry303_20150330_0717.grd.gz,HR,https://api.marine-geo.org/services/download/Document_Accept.php?data_uid=1521026,12771902.0,12771902,fetched
MGDS:29779/sentry304_20150331_1514.grd.gz,HR,https://api.marine-geo.org/services/download/Document_Accept.php?data_uid=1521027,7913399.0,7913399,fetched
MGDS:29779/sentry305_20150401_1107.grd.gz,HR,https://api.marine-geo.org/services/download/Document_Accept.php?data_uid=1521028,14487072.0,14487072,fetched
MGDS:29779/sentry307_20150403_2056.grd.gz,HR,https://api.marine-geo.org/services/download/Document_Accept.php?data_uid=1521029,21334067.0,21334067,fetched
MGDS:29779/sentry308_20150405_0542.grd.gz,HR,https://api.marine-geo.org/services/download/Document_Accept.php?data_uid=1521030,23458019.0,23458019,fetched
MGDS:29779/sentry310_20150406_2203.grd.gz,HR,https://api.marine-geo.org/services/download/Document_Accept.php?data_uid=1521031,16237936.0,16237936,fetched
MGDS:29779/sentry311_20150408_0400.grd.gz,HR,https://api.marine-geo.org/services/download/Document_Accept.php?data_uid=1521032,17971318.0,17971318,fetched
MGDS:29779/sentry312_20150409_1751.grd.gz,HR,https://api.marine-geo.org/services/download/Document_Accept.php?data_uid=1521033,17199302.0,17199302,fetched
MGDS:29779/sentry313_20150410_2307.grd.gz,HR,https://api.marine-geo.org/services/download/Document_Accept.php?data_uid=1521034,23764123.0,23764123,fetched
MGDS:29779/sentry314_20150412_0941.grd.gz,HR,https://api.marine-geo.org/services/download/Document_Accept.php?data_uid=1521035,21709228.0,21709228,fetched
MGDS:29779/sentryall.grd.gz,HR,https://api.marine-geo.org/services/download/Document_Accept.php?data_uid=1521036,114136486.0,114136486,fetched
MGDS:7832/lau2_bathy.abe135.1x1.grd.gz,HR,https://api.marine-geo.org/services/download/Document_Accept.php?data_uid=19272,1937623.0,1937623,fetched
MGDS:7832/lau4_bathy.abe129.2x2.grd.gz,HR,https://api.marine-geo.org/services/download/Document_Accept.php?data_uid=19273,247102.0,247102,fetched
MGDS:7832/lau5_bathy.abe133_134.3x3.grd.gz,HR,https://api.marine-geo.org/services/download/Document_Accept.php?data_uid=19274,806011.0,806011,fetched
MGDS:7832/lau5_bathy.abe133.1p5x1p5.grd.gz,HR,https://api.marine-geo.org/services/download/Document_Accept.php?data_uid=19275,2425313.0,2425313,fetched
MGDS:7832/lau3_bathy.abe128_136.2x2.grd.gz,HR,https://api.marine-geo.org/services/download/Document_Accept.php?data_uid=19276,1605763.0,1605763,fetched
MGDS:7832/lau1_bathy.abe137.1x1.grd.gz,HR,https://api.marine-geo.org/services/download/Document_Accept.php?data_uid=19306,1811030.0,1811030,fetched
MGDS:7832/lau3_bathy.abe136.1x1.grd.gz,HR,https://api.marine-geo.org/services/download/Document_Accept.php?data_uid=19307,3347921.0,3347921,fetched
MGDS:30217/AxialSummit_MAUV_10Mar2021_All_OverEM302_Topo1m_histEq11.tif,HR,https://api.marine-geo.org/services/download/Document_Accept.php?data_uid=2423523,1093986376.0,1093986376,fetched
MGDS:30217/AxialSummit_MAUV_10Mar2021_All_OverEM302_Topo1m_slope.tif,HR,https://api.marine-geo.org/services/download/Document_Accept.php?data_uid=2423524,1093986376.0,1093986376,fetched
MGDS:30217/AxialSummit_MAUV_10Mar2021_All_Topo1m_slope_histEq2011.tif,HR,https://api.marine-geo.org/services/download/Document_Accept.php?data_uid=2423525,1093986376.0,1093986376,fetched
MGDS:30217/AxialSummit_MAUV_10Mar2021_All_Topo1m_slope.tif,HR,https://api.marine-geo.org/services/download/Document_Accept.php?data_uid=2423526,1093986376.0,1093986376,fetched
MGDS:30467/AxialSRift_AUV_All_Topo1m_slope2600-2000_31Oct2019_LeSaoutFigure1.tif,HR,https://api.marine-geo.org/services/download/Document_Accept.php?data_uid=2503688,199787815.0,199787815,fetched
MGDS:21986/EndeavourAUV2_slope.tif,HR,https://api.marine-geo.org/services/download/Document_Accept.php?data_uid=882988,120894118.0,120894118,fetched
MGDS:21986/EndeavourAUVCentral1_slope.tif,HR,https://api.marine-geo.org/services/download/Document_Accept.php?data_uid=882989,55484935.0,55484935,fetched
MGDS:21986/EndeavourAUVFarNorth1_slope.tif,HR,https://api.marine-geo.org/services/download/Document_Accept.php?data_uid=882990,98273104.0,98273104,fetched
MGDS:21986/EndeavourAUVNorth1_slope.tif,HR,https://api.marine-geo.org/services/download/Document_Accept.php?data_uid=882991,48082216.0,48082216,fetched
MGDS:21986/EndeavourAUVNorthCentral1_slope.tif,HR,https://api.marine-geo.org/services/download/Document_Accept.php?data_uid=882992,47671738.0,47671738,fetched
MGDS:21986/EndeavourAUVSouth1_slope.tif,HR,https://api.marine-geo.org/services/download/Document_Accept.php?data_uid=882993,54137914.0,54137914,fetched
MGDS:21986/EndeavourAUVSouthCentral1_slope.tif,HR,https://api.marine-geo.org/services/download/Document_Accept.php?data_uid=882994,26073736.0,26073736,fetched
MGDS:31291/OctopusGarden_MAUV2022_Topo1m_utm_slope.tif,HR,https://api.marine-geo.org/services/download/Document_Accept.php?data_uid=2840570,592624744.0,592624744,fetched
MGDS:27339/auvngorda1m_u.asc.gz,HR,https://api.marine-geo.org/services/download/Document_Accept.php?data_uid=1418149,177263236.0,177263236,fetched
MGDS:18210/sentry040ppp_1m.grd.gz,HR,https://api.marine-geo.org/services/download/Document_Accept.php?data_uid=541911,6619669.0,6619669,fetched
MGDS:18210/sentry041pp_1m.grd.gz,HR,https://api.marine-geo.org/services/download/Document_Accept.php?data_uid=541912,11553952.0,11553952,fetched
MGDS:18210/sentry042ppp_1m.grd.gz,HR,https://api.marine-geo.org/services/download/Document_Accept.php?data_uid=541913,9313558.0,9313558,fetched
MGDS:18210/sentry043ppp_1m.grd.gz,HR,https://api.marine-geo.org/services/download/Document_Accept.php?data_uid=541914,12447400.0,12447400,fetched
MGDS:18210/sentry046pp_1m.grd.gz,HR,https://api.marine-geo.org/services/download/Document_Accept.php?data_uid=541915,11486549.0,11486549,fetched
MGDS:18210/sentry047pp_1m.grd.gz,HR,https://api.marine-geo.org/services/download/Document_Accept.php?data_uid=541916,15558242.0,15558242,fetched
MGDS:18210/sentry048pp_1m.grd.gz,HR,https://api.marine-geo.org/services/download/Document_Accept.php?data_uid=541917,18159399.0,18159399,fetched
MGDS:18210/sentry049ppp_1m.grd.gz,HR,https://api.marine-geo.org/services/download/Document_Accept.php?data_uid=541918,14197815.0,14197815,fetched
MGDS:18210/sentry050ppp_1m.grd.gz,HR,https://api.marine-geo.org/services/download/Document_Accept.php?data_uid=541919,14901037.0,14901037,fetched
MGDS:18210/sentry051ppB_1m.grd.gz,HR,https://api.marine-geo.org/services/download/Document_Accept.php?data_uid=541920,9350089.0,9350089,fetched
MGDS:18210/sentry051ppA_1m.grd.gz,HR,https://api.marine-geo.org/services/download/Document_Accept.php?data_uid=541921,11459162.0,11459162,fetched
MGDS:18210/sentry055ppA_1m.grd.gz,HR,https://api.marine-geo.org/services/download/Document_Accept.php?data_uid=541922,14204566.0,14204566,fetched
MGDS:18210/sentry055ppB_1m.grd.gz,HR,https://api.marine-geo.org/services/download/Document_Accept.php?data_uid=541923,8561763.0,8561763,fetched
MGDS:18210/sentry058pp_1m.grd.gz,HR,https://api.marine-geo.org/services/download/Document_Accept.php?data_uid=541924,17046600.0,17046600,fetched
MGDS:18210/sentry056p_1m.grd.gz,HR,https://api.marine-geo.org/services/download/Document_Accept.php?data_uid=541925,24381198.0,24381198,fetched
MGDS:18210/sentry057pp_1m.grd.gz,HR,https://api.marine-geo.org/services/download/Document_Accept.php?data_uid=541926,14327672.0,14327672,fetched
MGDS:18210/sentry059pp_1m.grd.gz,HR,https://api.marine-geo.org/services/download/Document_Accept.php?data_uid=541927,18614274.0,18614274,fetched
MGDS:32558/AxialNRift_MAUV_ver2025_pits_Topo1m_slope_histEq2272-2055.tif,HR,https://api.marine-geo.org/services/download/Document_Accept.php?data_uid=3501172,15917155.0,15917155,fetched
MGDS:32558/AxialNRift_MAUV_ver2025_Topo1m_slope2275-1400.tif,HR,https://api.marine-geo.org/services/download/Document_Accept.php?data_uid=3501173,656991859.0,656991859,fetched
MGDS:32558/AxialSRift_MAUV_ver2025_SE_Topo1m_slope2520-2180.tif,HR,https://api.marine-geo.org/services/download/Document_Accept.php?data_uid=3501174,385202968.0,385202968,fetched
MGDS:32558/AxialSRift_MAUV_ver2025_SR2_SR1_contact_slope2420-2350.tif,HR,https://api.marine-geo.org/services/download/Document_Accept.php?data_uid=3501175,8411692.0,8411692,fetched
MGDS:32558/AxialSRift_MAUV_ver2025_SR3AB_Topo1m_slope2400-2150.tif,HR,https://api.marine-geo.org/services/download/Document_Accept.php?data_uid=3501176,164195881.0,164195881,fetched
MGDS:32558/AxialSRift_MAUV_ver2025_SR4_Topo1m_slope2300-2170.tif,HR,https://api.marine-geo.org/services/download/Document_Accept.php?data_uid=3501177,33436819.0,33436819,fetched
MGDS:32558/AxialSRift_MAUV_ver2025_SR5_Topo1m_slope2285-2185.tif,HR,https://api.marine-geo.org/services/download/Document_Accept.php?data_uid=3501178,76554160.0,76554160,fetched
MGDS:32558/AxialSRift_MAUV_ver2025_SWclose_Topo1m_slope2600-2350.tif,HR,https://api.marine-geo.org/services/download/Document_Accept.php?data_uid=3501179,84589009.0,84589009,fetched
MGDS:32558/AxialSRift_MAUV_ver2025_Topo1m_slope2575-1875.tif,HR,https://api.marine-geo.org/services/download/Document_Accept.php?data_uid=3501180,2116489552.0,2116489552,fetched
MGDS:32558/AxialSRift_MAUV_ver2025_Topo1m_slope2750-1500.tif,HR,https://api.marine-geo.org/services/download/Document_Accept.php?data_uid=3501181,2116489552.0,2116489552,fetched
MGDS:21462/block2_save.grd.gz,HR,https://api.marine-geo.org/services/download/Document_Accept.php?data_uid=825851,65328.0,65328,fetched
MGDS:21462/bull_nose2_sentry033_block1_20090922.grd.gz,HR,https://api.marine-geo.org/services/download/Document_Accept.php?data_uid=825852,518537.0,518537,fetched
MGDS:21462/bull_nose2_sentry033_block2_20090922.grd.gz,HR,https://api.marine-geo.org/services/download/Document_Accept.php?data_uid=825853,63650.0,63650,fetched
MGDS:21462/bull_nose2_sentry033_block3_20090922.grd.gz,HR,https://api.marine-geo.org/services/download/Document_Accept.php?data_uid=825854,679959.0,679959,fetched
MGDS:21462/bullnose_sentry030_20090918_block1.grd.gz,HR,https://api.marine-geo.org/services/download/Document_Accept.php?data_uid=825855,207126.0,207126,fetched
MGDS:21462/bullnose_sentry030_20090918_block2.grd.gz,HR,https://api.marine-geo.org/services/download/Document_Accept.php?data_uid=825856,530574.0,530574,fetched
MGDS:21462/bullnose_sentry030_20090918_block3.grd.gz,HR,https://api.marine-geo.org/services/download/Document_Accept.php?data_uid=825857,678408.0,678408,fetched
MGDS:21462/goleta_slump_sentry032_20090921.grd.gz,HR,https://api.marine-geo.org/services/download/Document_Accept.php?data_uid=825858,4306679.0,4306679,fetched
MGDS:21462/il_duomo_sentry031_20090919_block1.grd.gz,HR,https://api.marine-geo.org/services/download/Document_Accept.php?data_uid=825859,249722.0,249722,fetched
MGDS:21462/il_duomo_sentry031_20090919_block2.grd.gz,HR,https://api.marine-geo.org/services/download/Document_Accept.php?data_uid=825860,385900.0,385900,fetched
MGDS:21462/il_duomo_sentry031_20090921_block1.grd.gz,HR,https://api.marine-geo.org/services/download/Document_Accept.php?data_uid=825861,241269.0,241269,fetched
MGDS:21462/il_duomo_sentry031_20090921_block2.grd.gz,HR,https://api.marine-geo.org/services/download/Document_Accept.php?data_uid=825862,387761.0,387761,fetched
MGDS:21462/paulls_pingo_sentry036_20090927.grd.gz,HR,https://api.marine-geo.org/services/download/Document_Accept.php?data_uid=825863,548202.0,548202,fetched
MGDS:21462/paulls_pingo_sentry036_20090929.grd.gz,HR,https://api.marine-geo.org/services/download/Document_Accept.php?data_uid=825864,1007331.0,1007331,fetched
MGDS:21462/ptconception1_sentry029_20090915.grd.gz,HR,https://api.marine-geo.org/services/download/Document_Accept.php?data_uid=825865,1542784.0,1542784,fetched
MGDS:21462/ptconception1_sentry029_20090916_v1.grd.gz,HR,https://api.marine-geo.org/services/download/Document_Accept.php?data_uid=825866,1697945.0,1697945,fetched
MGDS:21462/ptconception1_sentry029_20090925_v1.grd.gz,HR,https://api.marine-geo.org/services/download/Document_Accept.php?data_uid=825867,1662194.0,1662194,fetched
MGDS:21462/sentry036_2.grd.gz,HR,https://api.marine-geo.org/services/download/Document_Accept.php?data_uid=825868,910384.0,910384,fetched
MGDS:21462/SMB_pits_sentry035_20090925.grd.gz,HR,https://api.marine-geo.org/services/download/Document_Accept.php?data_uid=825869,944198.0,944198,fetched
MGDS:21462/SMB_pits_sentry035_scaled_20090925.grd.gz,HR,https://api.marine-geo.org/services/download/Document_Accept.php?data_uid=825870,1013464.0,1013464,fetched
MGDS:21462/southern_mounds_sentry034_2x2_block12_20090924.grd.gz,HR,https://api.marine-geo.org/services/download/Document_Accept.php?data_uid=825871,170985.0,170985,fetched
MGDS:21462/southern_mounds_sentry034_5x5_block12_20090924.grd.gz,HR,https://api.marine-geo.org/services/download/Document_Accept.php?data_uid=825872,170985.0,170985,fetched
MGDS:21462/southern_mounds_sentry034_5x5_block2_20090924.grd.gz,HR,https://api.marine-geo.org/services/download/Document_Accept.php?data_uid=825873,11618.0,11618,fetched
MGDS:21462/southern_mounds_sentry034_block1_20090924.grd.gz,HR,https://api.marine-geo.org/services/download/Document_Accept.php?data_uid=825874,151923.0,151923,fetched
MGDS:21462/southern_mounds_sentry034_block2_20090924.grd.gz,HR,https://api.marine-geo.org/services/download/Document_Accept.php?data_uid=825875,181882.0,181882,fetched
MGDS:24485/Sentry457-FK171110-1m.tif,HR,https://api.marine-geo.org/services/download/Document_Accept.php?data_uid=1149191,23459296.0,23459296,fetched
MGDS:24485/Sentry458-FK171110-1m.tif,HR,https://api.marine-geo.org/services/download/Document_Accept.php?data_uid=1149192,23459296.0,23459296,fetched
MGDS:24485/Sentry460-FK171110-1m.tif,HR,https://api.marine-geo.org/services/download/Document_Accept.php?data_uid=1149193,23459296.0,23459296,fetched
MGDS:24485/Sentry461-FK171110-1m.tif,HR,https://api.marine-geo.org/services/download/Document_Accept.php?data_uid=1149194,23459296.0,23459296,fetched
MGDS:21998/EndeavourAUVTopo2mArc.grd.gz,HR,https://api.marine-geo.org/services/download/Document_Accept.php?data_uid=884776,31940660.0,31940660,fetched
MGDS:21998/EndeavourAUVTopoCentral1mArc.grd.gz,HR,https://api.marine-geo.org/services/download/Document_Accept.php?data_uid=884777,32194096.0,32194096,fetched
MGDS:21998/EndeavourAUVTopoFarNorth1mArc.grd.gz,HR,https://api.marine-geo.org/services/download/Document_Accept.php?data_uid=884778,20140800.0,20140800,fetched
MGDS:21998/EndeavourAUVTopoNorth1mArc.grd.gz,HR,https://api.marine-geo.org/services/download/Document_Accept.php?data_uid=884779,19797257.0,19797257,fetched
MGDS:21998/EndeavourAUVTopoNorthCentral1mArc.grd.gz,HR,https://api.marine-geo.org/services/download/Document_Accept.php?data_uid=884780,15242693.0,15242693,fetched
MGDS:21998/EndeavourAUVTopoSouth1mArc.grd.gz,HR,https://api.marine-geo.org/services/download/Document_Accept.php?data_uid=884781,21514338.0,21514338,fetched
MGDS:21998/EndeavourAUVTopoSouthCentral1mArc.grd.gz,HR,https://api.marine-geo.org/services/download/Document_Accept.php?data_uid=884782,13498409.0,13498409,fetched
MGDS:21996/ZTopo1mInt.grd.gz,HR,https://api.marine-geo.org/services/download/Document_Accept.php?data_uid=884750,144526775.0,144526775,fetched
MGDS:21996/ZTopo.grd.gz,HR,https://api.marine-geo.org/services/download/Document_Accept.php?data_uid=884751,39880405.0,39880405,fetched
MGDS:21996/ZTopo1mInt.grd.gz,HR,https://api.marine-geo.org/services/download/Document_Accept.php?data_uid=884752,49479884.0,49479884,fetched
MGDS:21996/ZTopo.grd.gz,HR,https://api.marine-geo.org/services/download/Document_Accept.php?data_uid=884753,31478842.0,31478842,fetched
MGDS:21996/ZTopo1mInt.grd.gz,HR,https://api.marine-geo.org/services/download/Document_Accept.php?data_uid=884754,63723950.0,63723950,fetched
MGDS:21996/ZTopo.grd.gz,HR,https://api.marine-geo.org/services/download/Document_Accept.php?data_uid=884755,33631865.0,33631865,fetched
MGDS:31430/SentryLoihi_FeMO_Topo2m_slope4985-4905.tif,HR,https://api.marine-geo.org/services/download/Document_Accept.php?data_uid=2859434,6818848.0,6818848,fetched
MGDS:31430/SentryLoihi_FeMO_Topo2m_slope5005-4905.tif,HR,https://api.marine-geo.org/services/download/Document_Accept.php?data_uid=2859435,6818848.0,6818848,fetched
MGDS:31430/SentryLoihi_FeMO_Topo2m_slope5005-4980.tif,HR,https://api.marine-geo.org/services/download/Document_Accept.php?data_uid=2859436,6818848.0,6818848,fetched
MGDS:31430/SentryLoihi_FeMO_Topo2m_slope5020-4980.tif,HR,https://api.marine-geo.org/services/download/Document_Accept.php?data_uid=2859437,6818848.0,6818848,fetched
MGDS:31430/SentryLoihi_FeMO_Topo2m_slope.tif,HR,https://api.marine-geo.org/services/download/Document_Accept.php?data_uid=2859438,6818848.0,6818848,fetched
MGDS:31430/SentryLoihi_ShinkaiDeep_Topo2m_slope4790-4720.tif,HR,https://api.marine-geo.org/services/download/Document_Accept.php?data_uid=2859439,22180108.0,22180108,fetched
MGDS:31430/SentryLoihi_ShinkaiDeep_Topo2m_slope4790-4740.tif,HR,https://api.marine-geo.org/services/download/Document_Accept.php?data_uid=2859440,22180108.0,22180108,fetched
MGDS:31430/SentryLoihi_ShinkaiDeep_Topo2m_slope.tif,HR,https://api.marine-geo.org/services/download/Document_Accept.php?data_uid=2859441,22180108.0,22180108,fetched
MGDS:21981/ZTopo1mInt.grd.gz,HR,https://api.marine-geo.org/services/download/Document_Accept.php?data_uid=882956,64466179.0,64466179,fetched
MGDS:21981/ZTopo.grd.gz,HR,https://api.marine-geo.org/services/download/Document_Accept.php?data_uid=882957,25985033.0,25985033,fetched
MGDS:21981/ZTopo1mInt.grd.gz,HR,https://api.marine-geo.org/services/download/Document_Accept.php?data_uid=882958,44558915.0,44558915,fetched
MGDS:21981/ZTopo.grd.gz,HR,https://api.marine-geo.org/services/download/Document_Accept.php?data_uid=882959,22470062.0,22470062,fetched
MGDS:21981/ZTopo1mInt.grd.gz,HR,https://api.marine-geo.org/services/download/Document_Accept.php?data_uid=882960,127149518.0,127149518,fetched
MGDS:21981/ZTopo.grd.gz,HR,https://api.marine-geo.org/services/download/Document_Accept.php?data_uid=882961,30647325.0,30647325,fetched
MGDS:21981/ZTopo-org.grd.gz,HR,https://api.marine-geo.org/services/download/Document_Accept.php?data_uid=882962,30270496.0,30270496,fetched
MGDS:21981/ZTopo1mInt.grd.gz,HR,https://api.marine-geo.org/services/download/Document_Accept.php?data_uid=882963,73577255.0,73577255,fetched
MGDS:21981/ZTopo.grd.gz,HR,https://api.marine-geo.org/services/download/Document_Accept.php?data_uid=882964,29794138.0,29794138,fetched
MGDS:31073/gc234_sentry_adjusted_equal_v2.grd.gz,HR,https://api.marine-geo.org/services/download/Document_Accept.php?data_uid=2810071,8076825.0,8076825,fetched
MGDS:31073/gc234_sentry_adjusted.grd.gz,HR,https://api.marine-geo.org/services/download/Document_Accept.php?data_uid=2810072,9049706.0,9049706,fetched
MGDS:31073/gc234_sentry_equal_v2.grd.gz,HR,https://api.marine-geo.org/services/download/Document_Accept.php?data_uid=2810073,7938849.0,7938849,fetched
MGDS:31073/gc234_sentry.grd.gz,HR,https://api.marine-geo.org/services/download/Document_Accept.php?data_uid=2810074,8894269.0,8894269,fetched
MGDS:31073/sentry231_20140429_1542_tide_1x1.grd.gz,HR,https://api.marine-geo.org/services/download/Document_Accept.php?data_uid=2810075,4434411.0,4434411,fetched
MGDS:31073/sentry231_20140429_1542_tide_equal_1x1.grd.gz,HR,https://api.marine-geo.org/services/download/Document_Accept.php?data_uid=2810076,3907888.0,3907888,fetched
MGDS:31073/sentry231_adjusted_equal.grd.gz,HR,https://api.marine-geo.org/services/download/Document_Accept.php?data_uid=2810077,4191471.0,4191471,fetched
MGDS:31073/sentry231_adjusted.grd.gz,HR,https://api.marine-geo.org/services/download/Document_Accept.php?data_uid=2810078,4757790.0,4757790,fetched
MGDS:31073/sentry232_20140502_1542_tide_1x1.grd.gz,HR,https://api.marine-geo.org/services/download/Document_Accept.php?data_uid=2810079,1247471.0,1247471,fetched
MGDS:31073/sentry232_20140502_1542_tide_equal_1x1.grd.gz,HR,https://api.marine-geo.org/services/download/Document_Accept.php?data_uid=2810080,1101872.0,1101872,fetched
MGDS:31073/sentry233_20140501_2006_tide_1x1.grd.gz,HR,https://api.marine-geo.org/services/download/Document_Accept.php?data_uid=2810081,411142.0,411142,fetched
MGDS:31073/sentry233_20140501_2006_tide_equal_1x1.grd.gz,HR,https://api.marine-geo.org/services/download/Document_Accept.php?data_uid=2810082,365010.0,365010,fetched
MGDS:31073/sentry234_20140502_1531_tide_1x1.grd.gz,HR,https://api.marine-geo.org/services/download/Document_Accept.php?data_uid=2810083,3016162.0,3016162,fetched
MGDS:31073/sentry234_20140502_1531_tide_equal_1x1.grd.gz,HR,https://api.marine-geo.org/services/download/Document_Accept.php?data_uid=2810084,2699254.0,2699254,fetched
MGDS:31073/sentry234_adjusted_equal.grd.gz,HR,https://api.marine-geo.org/services/download/Document_Accept.php?data_uid=2810085,2693011.0,2693011,fetched
MGDS:31073/sentry234_adjusted_equal_v2.grd.gz,HR,https://api.marine-geo.org/services/download/Document_Accept.php?data_uid=2810086,2693588.0,2693588,fetched
MGDS:31073/sentry234_adjusted.grd.gz,HR,https://api.marine-geo.org/services/download/Document_Accept.php?data_uid=2810087,3015909.0,3015909,fetched
MGDS:31073/sentry236_20140505_1149_tide_1x1.grd.gz,HR,https://api.marine-geo.org/services/download/Document_Accept.php?data_uid=2810088,419004.0,419004,fetched
MGDS:31073/sentry236_20140505_1149_tide_equal_1x1.grd.gz,HR,https://api.marine-geo.org/services/download/Document_Accept.php?data_uid=2810089,375974.0,375974,fetched
MGDS:31073/sentry237_20140506_0734_tide_1x1.grd.gz,HR,https://api.marine-geo.org/services/download/Document_Accept.php?data_uid=2810090,7895586.0,7895586,fetched
MGDS:31073/sentry237_20140506_0734_tide_equal_1x1.grd.gz,HR,https://api.marine-geo.org/services/download/Document_Accept.php?data_uid=2810091,7053399.0,7053399,fetched
MGDS:31073/sentry237_adjusted_equal_v2.grd.gz,HR,https://api.marine-geo.org/services/download/Document_Accept.php?data_uid=2810092,7058837.0,7058837,fetched
MGDS:31073/sentry237_adjusted.grd.gz,HR,https://api.marine-geo.org/services/download/Document_Accept.php?data_uid=2810093,7904847.0,7904847,fetched
MGDS:31073/sentry239_20140508_1134_tide_1x1.grd.gz,HR,https://api.marine-geo.org/services/download/Document_Accept.php?data_uid=2810094,3203228.0,3203228,fetched
MGDS:31073/sentry239_20140508_1134_tide_equal_1x1.grd.gz,HR,https://api.marine-geo.org/services/download/Document_Accept.php?data_uid=2810095,2877437.0,2877437,fetched
MGDS:31073/sentry239_adjusted_equal_v2.grd.gz,HR,https://api.marine-geo.org/services/download/Document_Accept.php?data_uid=2810096,2881141.0,2881141,fetched
MGDS:31073/sentry239_adjusted.grd.gz,HR,https://api.marine-geo.org/services/download/Document_Accept.php?data_uid=2810097,3208058.0,3208058,fetched
MGDS:31073/sentry240_20140509_1349_tide_1x1.grd.gz,HR,https://api.marine-geo.org/services/download/Document_Accept.php?data_uid=2810098,7010137.0,7010137,fetched
MGDS:31073/sentry240_20140509_1349_tide_equal_1x1.grd.gz,HR,https://api.marine-geo.org/services/download/Document_Accept.php?data_uid=2810099,6260256.0,6260256,fetched
MGDS:31073/sentry240_adjusted_equal_v2.grd.gz,HR,https://api.marine-geo.org/services/download/Document_Accept.php?data_uid=2810100,5880550.0,5880550,fetched
MGDS:31073/sentry240_adjusted.grd.gz,HR,https://api.marine-geo.org/services/download/Document_Accept.php?data_uid=2810101,6588202.0,6588202,fetched
MGDS:31073/sentry241_20140510_1301_tide_1x1.grd.gz,HR,https://api.marine-geo.org/services/download/Document_Accept.php?data_uid=2810102,2535809.0,2535809,fetched
MGDS:31073/sentry241_20140510_1301_tide_equal_1x1.grd.gz,HR,https://api.marine-geo.org/services/download/Document_Accept.php?data_uid=2810103,2268228.0,2268228,fetched
MGDS:31073/sentry242_20140511_1038_tide_1x1.grd.gz,HR,https://api.marine-geo.org/services/download/Document_Accept.php?data_uid=2810104,7547537.0,7547537,fetched
MGDS:31073/sentry242_20140511_1038_tide_equal_1x1.grd.gz,HR,https://api.marine-geo.org/services/download/Document_Accept.php?data_uid=2810105,6729108.0,6729108,fetched
MGDS:31073/sentry242_adjusted_equal.grd.gz,HR,https://api.marine-geo.org/services/download/Document_Accept.php?data_uid=2810106,6688340.0,6688340,fetched
MGDS:31073/sentry242_adjusted.grd.gz,HR,https://api.marine-geo.org/services/download/Document_Accept.php?data_uid=2810107,7503004.0,7503004,fetched
MGDS:31073/sentry243_20140512_1143_tide_1x1.grd.gz,HR,https://api.marine-geo.org/services/download/Document_Accept.php?data_uid=2810108,1335684.0,1335684,fetched
MGDS:31073/sentry243_20140512_1143_tide_equal_1x1.grd.gz,HR,https://api.marine-geo.org/services/download/Document_Accept.php?data_uid=2810109,1187584.0,1187584,fetched
MGDS:31073/sentry244_20140514_1331_tide_1x1.grd.gz,HR,https://api.marine-geo.org/services/download/Document_Accept.php?data_uid=2810110,2808286.0,2808286,fetched
MGDS:31073/sentry244_20140514_1331_tide_equal_1x1.grd.gz,HR,https://api.marine-geo.org/services/download/Document_Accept.php?data_uid=2810111,2472099.0,2472099,fetched
MGDS:29694/AxialSeamountMAUV1m_LeSaout_slope1735-1715.tif,HR,https://api.marine-geo.org/services/download/Document_Accept.php?data_uid=1503925,45146392.0,45146392,fetched
MGDS:29694/AxialSeamountMAUV1m_LeSaout_slope1750-1700.tif,HR,https://api.marine-geo.org/services/download/Document_Accept.php?data_uid=1503926,45146392.0,45146392,fetched
MGDS:29694/AxialSeamountMAUV1m_LeSaout_slope1795-1775.tif,HR,https://api.marine-geo.org/services/download/Document_Accept.php?data_uid=1503927,45146392.0,45146392,fetched
MGDS:29694/AxialSeamountMAUV1m_LeSaout_slope1870-1760.tif,HR,https://api.marine-geo.org/services/download/Document_Accept.php?data_uid=1503928,45146392.0,45146392,fetched
MGDS:29694/AxialSeamountMAUV1m_LeSaout_slope1875-1675.tif,HR,https://api.marine-geo.org/services/download/Document_Accept.php?data_uid=1503929,45146392.0,45146392,fetched
MGDS:31753/ShelfEdgeIntactTopo2m_2022_mgds.grd.gz,HR,https://api.marine-geo.org/services/download/Document_Accept.php?data_uid=3124121,3926626.0,3926626,fetched
MGDS:31753/ShelfEdgeIntactTopoDiff2m_2022m2010_mgds.grd.gz,HR,https://api.marine-geo.org/services/download/Document_Accept.php?data_uid=3124122,4164428.0,4164428,fetched
MGDS:31753/ShelfEdgeIntactTopoDiff2m_2022m2019_mgds.grd.gz,HR,https://api.marine-geo.org/services/download/Document_Accept.php?data_uid=3124123,3494379.0,3494379,fetched
MGDS:24425/sentry461_20171117_0517_rnv_tide_1.00x1.00_BV01.grd.pdf,HR,https://api.marine-geo.org/services/download/Document_Accept.php?data_uid=1127899,1318610.0,1318610,fetched
MGDS:24425/sentry463_20171120_0115_rnv_tide_1.00x1.00_BV01.grd.pdf,HR,https://api.marine-geo.org/services/download/Document_Accept.php?data_uid=1127900,162951.0,162951,fetched
MGDS:24425/sentry463_20171120_0115_rnv_tide_1.00x1.00_BV02.grd.pdf,HR,https://api.marine-geo.org/services/download/Document_Accept.php?data_uid=1127901,213982.0,213982,fetched
MGDS:31427/LoihiSummit_sentry2013_Topo5m_slope1360-960.tif,HR,https://api.marine-geo.org/services/download/Document_Accept.php?data_uid=2859418,1736119.0,1736119,fetched
MGDS:31427/LoihiSummit_sentry2013_Topo5m_slope1550-950.tif,HR,https://api.marine-geo.org/services/download/Document_Accept.php?data_uid=2859419,1736119.0,1736119,fetched
MGDS:31427/PelesPit_sentry2013_all_Topo2m_slope1350-1100.tif,HR,https://api.marine-geo.org/services/download/Document_Accept.php?data_uid=2859420,866077.0,866077,fetched
MGDS:31427/PelesPit_sentry2013_all_Topo2m_slope1360-960.tif,HR,https://api.marine-geo.org/services/download/Document_Accept.php?data_uid=2859421,866077.0,866077,fetched
MGDS:31427/PelesPit_sentry2013_all_Topo2m_slope.tif,HR,https://api.marine-geo.org/services/download/Document_Accept.php?data_uid=2859422,866077.0,866077,fetched
MGDS:32007/sentry500_20181017_0803_rnv_tide_1.00x1.00_BV01.grd.gz,HR,https://api.marine-geo.org/services/download/Document_Accept.php?data_uid=3360458,274623.0,274623,fetched
MGDS:32007/sentry502_20181021_1256_rnv_tide_1.00x1.00_BV01.grd.gz,HR,https://api.marine-geo.org/services/download/Document_Accept.php?data_uid=3360459,853230.0,853230,fetched
MGDS:32007/sentry503_20181023_1306_rnv_tide_1.00x1.00_BV01.grd.gz,HR,https://api.marine-geo.org/services/download/Document_Accept.php?data_uid=3360460,759959.0,759959,fetched
MGDS:32007/sentry504_20181025_1532_rnv_tide_1.00x1.00_BV01.grd.gz,HR,https://api.marine-geo.org/services/download/Document_Accept.php?data_uid=3360461,2434068.0,2434068,fetched
MGDS:32007/sentry504_20181025_1532_rnv_tide_1.00x1.00_BV01_thresholded.grd.gz,HR,https://api.marine-geo.org/services/download/Document_Accept.php?data_uid=3360462,1349187.0,1349187,fetched
MGDS:32007/sentry505_20181027_1140_rnv_tide_1.00x1.00_BV01.grd.gz,HR,https://api.marine-geo.org/services/download/Document_Accept.php?data_uid=3360463,13300196.0,13300196,fetched
MGDS:32007/sentry506_20181028_1131_rnv_tide_1.00x1.00_BV02.grd.gz,HR,https://api.marine-geo.org/services/download/Document_Accept.php?data_uid=3360464,13016578.0,13016578,fetched
MGDS:32007/sentry507_20181031_1308_rnv_tide_1.00x1.00_BV01.grd.gz,HR,https://api.marine-geo.org/services/download/Document_Accept.php?data_uid=3360465,173686.0,173686,fetched
MGDS:32007/sentry508_20181102_1223_rnv_tide_1.00x1.00_BV01.grd.gz,HR,https://api.marine-geo.org/services/download/Document_Accept.php?data_uid=3360466,4672007.0,4672007,fetched
MGDS:32007/sentry509_20181104_1045_rnv_tide_1.00x1.00_BV01.grd.gz,HR,https://api.marine-geo.org/services/download/Document_Accept.php?data_uid=3360467,5176895.0,5176895,fetched
MGDS:7833/lau5_bathy.abe133134.small.tiff,HR,https://api.marine-geo.org/services/download/Document_Accept.php?data_uid=23351,4352696.0,4352696,fetched
MGDS:7833/lau1_bathy.abe137.pdf,HR,https://api.marine-geo.org/services/download/Document_Accept.php?data_uid=24896,17262107.0,17262107,fetched
MGDS:7833/lau3_bathy.abe136.pdf,HR,https://api.marine-geo.org/services/download/Document_Accept.php?data_uid=24897,12372303.0,12372303,fetched
MGDS:7833/lau3_bathy.abe136.small.tiff,HR,https://api.marine-geo.org/services/download/Document_Accept.php?data_uid=24898,1735624.0,1735624,fetched
MGDS:7833/lau2_bathy.abe135.small.tiff,HR,https://api.marine-geo.org/services/download/Document_Accept.php?data_uid=24899,4886232.0,4886232,fetched
MGDS:7833/lau2_bathy.abe135.pdf,HR,https://api.marine-geo.org/services/download/Document_Accept.php?data_uid=24900,12771942.0,12771942,fetched
MGDS:7833/lau4_bathy.abe129.small.tiff,HR,https://api.marine-geo.org/services/download/Document_Accept.php?data_uid=24901,1889724.0,1889724,fetched
MGDS:7833/lau4_bathy.abe129.pdf,HR,https://api.marine-geo.org/services/download/Document_Accept.php?data_uid=24902,8782059.0,8782059,fetched
MGDS:7833/lau5_bathy.abe133_134.pdf,HR,https://api.marine-geo.org/services/download/Document_Accept.php?data_uid=24903,12205173.0,12205173,fetched
MGDS:7833/lau5_bathy.abe133.pdf,HR,https://api.marine-geo.org/services/download/Document_Accept.php?data_uid=24905,13686068.0,13686068,fetched
MGDS:7833/lau3_bathy.abe128_136.pdf,HR,https://api.marine-geo.org/services/download/Document_Accept.php?data_uid=24906,12591561.0,12591561,fetched
MGDS:7833/lau1_bathy.abe137.small.tiff,HR,https://api.marine-geo.org/services/download/Document_Accept.php?data_uid=24907,4356604.0,4356604,fetched
MGDS:31059/sentry597_20210929_0442_rnv_tide_1.00x1.00_BV01_fledermaus.grd.gz,HR,https://api.marine-geo.org/services/download/Document_Accept.php?data_uid=2807026,709577.0,709577,fetched
MGDS:31059/sentry597_20210929_0442_rnv_tide_1.00x1.00_BV01.grd.gz,HR,https://api.marine-geo.org/services/download/Document_Accept.php?data_uid=2807027,894118.0,894118,fetched
MGDS:31059/sentry597_20210929_0442_rnv_tide_equal_1.00x1.00_BV01.grd.gz,HR,https://api.marine-geo.org/services/download/Document_Accept.php?data_uid=2807028,896985.0,896985,fetched
MGDS:31059/sentry599_20211009_1747_rnv_tide_1.00x1.00_BV01.grd.gz,HR,https://api.marine-geo.org/services/download/Document_Accept.php?data_uid=2807029,23171958.0,23171958,fetched
MGDS:31059/sentry599_20211009_1747_rnv_tide_1.00x1.00_BV02.grd.gz,HR,https://api.marine-geo.org/services/download/Document_Accept.php?data_uid=2807030,23171958.0,23171958,fetched
MGDS:31059/sentry599_20211009_1747_rnv_tide_equal_1.00x1.00_BV01.grd.gz,HR,https://api.marine-geo.org/services/download/Document_Accept.php?data_uid=2807031,22246109.0,22246109,fetched
MGDS:31059/sentry599_20211009_1747_rnv_tide_equal_1.00x1.00_BV02.grd.gz,HR,https://api.marine-geo.org/services/download/Document_Accept.php?data_uid=2807032,22246109.0,22246109,fetched
MGDS:31059/sentry600_20211010_1737_rnv_tide_1.00x1.00_BV01_fledermaus.grd.gz,HR,https://api.marine-geo.org/services/download/Document_Accept.php?data_uid=2807033,1346655.0,1346655,fetched
MGDS:31059/sentry600_20211010_1737_rnv_tide_1.00x1.00_BV01.grd.gz,HR,https://api.marine-geo.org/services/download/Document_Accept.php?data_uid=2807034,1498347.0,1498347,fetched
MGDS:31059/sentry604_20211019_2051_rnv_tide_1.00x1.00_BV01.grd.gz,HR,https://api.marine-geo.org/services/download/Document_Accept.php?data_uid=2807035,26190579.0,26190579,fetched
MGDS:31059/sentry605_20211020_2028_rnv_tide_1.00x1.00_BV01.grd.gz,HR,https://api.marine-geo.org/services/download/Document_Accept.php?data_uid=2807036,1807185.0,1807185,fetched
MGDS:31212/sentry607_20211118_1847_rnv_tide_1.00x1.00_BV01_fledermaus.grd.gz,HR,https://api.marine-geo.org/services/download/Document_Accept.php?data_uid=2827846,9152938.0,9152938,fetched
MGDS:31212/sentry607_20211118_1847_rnv_tide_1.00x1.00_BV02_fledermaus.grd.gz,HR,https://api.marine-geo.org/services/download/Document_Accept.php?data_uid=2827847,9172865.0,9172865,fetched
MGDS:31212/sentry607_20211118_1847_rnv_tide_equal_1.00x1.00_BV01.grd.gz,HR,https://api.marine-geo.org/services/download/Document_Accept.php?data_uid=2827848,9260925.0,9260925,fetched
MGDS:31212/sentry607_20211118_1847_rnv_tide_equal_1.00x1.00_BV02.grd.gz,HR,https://api.marine-geo.org/services/download/Document_Accept.php?data_uid=2827849,9279295.0,9279295,fetched
MGDS:21454/sentry117_2x2.grd.gz,HR,https://api.marine-geo.org/services/download/Document_Accept.php?data_uid=824235,67952.0,67952,fetched
MGDS:21454/sentry117_p5xp5.grd.gz,HR,https://api.marine-geo.org/services/download/Document_Accept.php?data_uid=824236,997748.0,997748,fetched
MGDS:21454/sentry118_1xp5_test.grd.gz,HR,https://api.marine-geo.org/services/download/Document_Accept.php?data_uid=824237,3736194.0,3736194,fetched
MGDS:21454/sentry118_2x2.grd.gz,HR,https://api.marine-geo.org/services/download/Document_Accept.php?data_uid=824238,2241271.0,2241271,fetched
MGDS:21454/sentry118_block1_1x1.grd.gz,HR,https://api.marine-geo.org/services/download/Document_Accept.php?data_uid=824239,8606280.0,8606280,fetched
MGDS:21454/sentry118_block1_1x1_na.grd.gz,HR,https://api.marine-geo.org/services/download/Document_Accept.php?data_uid=824240,6150482.0,6150482,fetched
MGDS:21454/sentry118_block1n_1x1_na.grd.gz,HR,https://api.marine-geo.org/services/download/Document_Accept.php?data_uid=824241,1628441.0,1628441,fetched
MGDS:21454/sentry118_block1n_p5xp5_na.grd.gz,HR,https://api.marine-geo.org/services/download/Document_Accept.php?data_uid=824242,7480702.0,7480702,fetched
MGDS:21454/sentry118_block1_p5xp5.grd.gz,HR,https://api.marine-geo.org/services/download/Document_Accept.php?data_uid=824243,36180093.0,36180093,fetched
MGDS:21454/sentry118_block1_p5xp5_na.grd.gz,HR,https://api.marine-geo.org/services/download/Document_Accept.php?data_uid=824244,28268231.0,28268231,fetched
MGDS:21454/sentry118_block2_2x2.grd.gz,HR,https://api.marine-geo.org/services/download/Document_Accept.php?data_uid=824245,949981.0,949981,fetched
MGDS:21454/sentry118_block2_p5xp5.grd.gz,HR,https://api.marine-geo.org/services/download/Document_Accept.php?data_uid=824246,14598335.0,14598335,fetched
MGDS:21454/sentry118_p5xp5.grd.gz,HR,https://api.marine-geo.org/services/download/Document_Accept.php?data_uid=824247,36067795.0,36067795,fetched
MGDS:21454/sentry118_p5xp5_test.grd.gz,HR,https://api.marine-geo.org/services/download/Document_Accept.php?data_uid=824248,7597696.0,7597696,fetched
MGDS:21454/sentry119_block1_1x1.grd.gz,HR,https://api.marine-geo.org/services/download/Document_Accept.php?data_uid=824249,610365.0,610365,fetched
MGDS:21454/sentry119_block1_p5xp5.grd.gz,HR,https://api.marine-geo.org/services/download/Document_Accept.php?data_uid=824250,2383020.0,2383020,fetched
MGDS:21454/sentry119_block2_1x1.grd.gz,HR,https://api.marine-geo.org/services/download/Document_Accept.php?data_uid=824251,1540968.0,1540968,fetched
MGDS:21454/sentry119_block2_p5xp5.grd.gz,HR,https://api.marine-geo.org/services/download/Document_Accept.php?data_uid=824252,5802512.0,5802512,fetched
MGDS:21454/sentry120_block1_1x1.grd.gz,HR,https://api.marine-geo.org/services/download/Document_Accept.php?data_uid=824253,589541.0,589541,fetched
MGDS:21454/sentry120_block1_dr_1x1.grd.gz,HR,https://api.marine-geo.org/services/download/Document_Accept.php?data_uid=824254,392211.0,392211,fetched
MGDS:21454/sentry120_block1_dr_p5xp5.grd.gz,HR,https://api.marine-geo.org/services/download/Document_Accept.php?data_uid=824255,1491665.0,1491665,fetched
MGDS:21454/sentry120_block1_p5xp5.grd.gz,HR,https://api.marine-geo.org/services/download/Document_Accept.php?data_uid=824256,2321372.0,2321372,fetched
MGDS:21454/sentry120_block1_test_1x1.grd.gz,HR,https://api.marine-geo.org/services/download/Document_Accept.php?data_uid=824257,188495.0,188495,fetched
MGDS:21454/sentry120_block1_test_p5xp5.grd.gz,HR,https://api.marine-geo.org/services/download/Document_Accept.php?data_uid=824258,707059.0,707059,fetched
MGDS:21454/sentry120_block2_1x1.grd.gz,HR,https://api.marine-geo.org/services/download/Document_Accept.php?data_uid=824259,444777.0,444777,fetched
MGDS:21454/sentry120_block2_p5xp5.grd.gz,HR,https://api.marine-geo.org/services/download/Document_Accept.php?data_uid=824260,1622050.0,1622050,fetched
MGDS:21454/sentry121_block1_1x1.grd.gz,HR,https://api.marine-geo.org/services/download/Document_Accept.php?data_uid=824261,189382.0,189382,fetched
MGDS:21454/sentry121_block1_p5xp5.grd.gz,HR,https://api.marine-geo.org/services/download/Document_Accept.php?data_uid=824262,835520.0,835520,fetched
MGDS:21454/sentry122_1x1.grd.gz,HR,https://api.marine-geo.org/services/download/Document_Accept.php?data_uid=824263,5537158.0,5537158,fetched
MGDS:21454/sentry122_barrels_1x1.grd.gz,HR,https://api.marine-geo.org/services/download/Document_Accept.php?data_uid=824264,426904.0,426904,fetched
MGDS:21454/sentry122_barrels_p5x1.grd.gz,HR,https://api.marine-geo.org/services/download/Document_Accept.php?data_uid=824265,748472.0,748472,fetched
MGDS:21454/sentry122_end_1x1.grd.gz,HR,https://api.marine-geo.org/services/download/Document_Accept.php?data_uid=824266,2189044.0,2189044,fetched
MGDS:21454/sentry122_end_25x25.grd.gz,HR,https://api.marine-geo.org/services/download/Document_Accept.php?data_uid=824267,10043.0,10043,fetched
MGDS:21454/sentry122_end_p5xp5.grd.gz,HR,https://api.marine-geo.org/services/download/Document_Accept.php?data_uid=824268,8573282.0,8573282,fetched
MGDS:21454/sentry125_1x1.grd.gz,HR,https://api.marine-geo.org/services/download/Document_Accept.php?data_uid=824269,235588.0,235588,fetched
MGDS:21454/sentry125_flat_1x1.grd.gz,HR,https://api.marine-geo.org/services/download/Document_Accept.php?data_uid=824270,38626.0,38626,fetched
MGDS:21454/sentry125_flat_p5xp5.grd.gz,HR,https://api.marine-geo.org/services/download/Document_Accept.php?data_uid=824271,144628.0,144628,fetched
MGDS:21454/sentry125_nocross_1x1.grd.gz,HR,https://api.marine-geo.org/services/download/Document_Accept.php?data_uid=824272,221456.0,221456,fetched
MGDS:21454/sentry125_nocross_p5xp5.grd.gz,HR,https://api.marine-geo.org/services/download/Document_Accept.php?data_uid=824273,764824.0,764824,fetched
MGDS:21454/sentry125_p5xp5.grd.gz,HR,https://api.marine-geo.org/services/download/Document_Accept.php?data_uid=824274,809396.0,809396,fetched
MGDS:21454/sentry126_1x1.grd.gz,HR,https://api.marine-geo.org/services/download/Document_Accept.php?data_uid=824275,2710633.0,2710633,fetched
MGDS:21454/sentry126_flat_1x1.grd.gz,HR,https://api.marine-geo.org/services/download/Document_Accept.php?data_uid=824276,58178.0,58178,fetched
MGDS:21454/sentry126_flat_p5xp5.grd.gz,HR,https://api.marine-geo.org/services/download/Document_Accept.php?data_uid=824277,207743.0,207743,fetched
MGDS:21454/sentry126_p5xp5.grd.gz,HR,https://api.marine-geo.org/services/download/Document_Accept.php?data_uid=824278,11303271.0,11303271,fetched
MGDS:27340/MAUV_NGordaGR14_Topo_1m_slope2850-2570.tif,HR,https://api.marine-geo.org/services/download/Document_Accept.php?data_uid=1418150,20567752.0,20567752,fetched
MGDS:27340/MAUV_NorthGorda_1m_slope_3080-3040.tif,HR,https://api.marine-geo.org/services/download/Document_Accept.php?data_uid=1418151,307856320.0,307856320,fetched
MGDS:27340/MAUV_NorthGorda_1m_slope_3165-3130.tif,HR,https://api.marine-geo.org/services/download/Document_Accept.php?data_uid=1418152,307856320.0,307856320,fetched
MGDS:27340/MAUV_NorthGorda_1m_slope_3170-2970.tif,HR,https://api.marine-geo.org/services/download/Document_Accept.php?data_uid=1418153,307856320.0,307856320,fetched
MGDS:27340/MAUV_NorthGorda_1m_slope_3325-2550.tif,HR,https://api.marine-geo.org/services/download/Document_Accept.php?data_uid=1418154,307856320.0,307856320,fetched
MGDS:27340/MAUV_NorthGorda_1m_Slope_3350-2850.tif,HR,https://api.marine-geo.org/services/download/Document_Accept.php?data_uid=1418155,307856320.0,307856320,fetched
MGDS:27340/MAUV_NorthGorda_1m_slope_3500-2400.tif,HR,https://api.marine-geo.org/services/download/Document_Accept.php?data_uid=1418156,307856320.0,307856320,fetched
MGDS:31755/ShelfEdgeIntactTopo2m_2022_210_110mgds.tif,HR,https://api.marine-geo.org/services/download/Document_Accept.php?data_uid=3124127,28848040.0,28848040,fetched
MGDS:31755/ShelfEdgeIntactTopoDiff2m_2022m2010_20_20mgds.tif,HR,https://api.marine-geo.org/services/download/Document_Accept.php?data_uid=3124128,28848040.0,28848040,fetched
MGDS:31755/ShelfEdgeIntactTopoDiff2m_2022m2019_10_10mgds.tif,HR,https://api.marine-geo.org/services/download/Document_Accept.php?data_uid=3124129,28848040.0,28848040,fetched
MGDS:31181/sentry574_20210404_0149_rnv_tide_1.00x1.00_BV01_fledermaus.grd.gz,HR,https://api.marine-geo.org/services/download/Document_Accept.php?data_uid=2826810,27261467.0,27261467,fetched
MGDS:31181/sentry574_20210404_0149_rnv_tide_equal_1.00x1.00_BV01.grd.gz,HR,https://api.marine-geo.org/services/download/Document_Accept.php?data_uid=2826811,30906162.0,30906162,fetched
MGDS:31181/sentry575_20210405_2151_rnv_tide_1.00x1.00_BV01_fledermaus.grd.gz,HR,https://api.marine-geo.org/services/download/Document_Accept.php?data_uid=2826812,27935664.0,27935664,fetched
MGDS:31181/sentry575_20210405_2151_rnv_tide_equal_1.00x1.00_BV01.grd.gz,HR,https://api.marine-geo.org/services/download/Document_Accept.php?data_uid=2826813,31565483.0,31565483,fetched
MGDS:31181/sentry576_20210408_0242_rnv_tide_1.00x1.00_BV01_fledermaus.grd.gz,HR,https://api.marine-geo.org/services/download/Document_Accept.php?data_uid=2826814,22534448.0,22534448,fetched
MGDS:31181/sentry576_20210408_0242_rnv_tide_equal_1.00x1.00_BV01.grd.gz,HR,https://api.marine-geo.org/services/download/Document_Accept.php?data_uid=2826815,25611978.0,25611978,fetched
MGDS:31181/sentry577_20210409_2058_rnv_tide_1.00x1.00_BV01_fledermaus.grd.gz,HR,https://api.marine-geo.org/services/download/Document_Accept.php?data_uid=2826816,20359897.0,20359897,fetched
MGDS:31181/sentry577_20210409_2058_rnv_tide_equal_1.00x1.00_BV01.grd.gz,HR,https://api.marine-geo.org/services/download/Document_Accept.php?data_uid=2826817,22912215.0,22912215,fetched
MGDS:31181/sentry578_20210412_0502_rnv_tide_1.00x1.00_BV01_fledermaus.grd.gz,HR,https://api.marine-geo.org/services/download/Document_Accept.php?data_uid=2826818,19311352.0,19311352,fetched
MGDS:31181/sentry578_20210412_0502_rnv_tide_equal_1.00x1.00_BV01.grd.gz,HR,https://api.marine-geo.org/services/download/Document_Accept.php?data_uid=2826819,20962377.0,20962377,fetched
MGDS:31181/sentry579_20210413_1701_rnv_tide_1.00x1.00_BV01_fledermaus.grd.gz,HR,https://api.marine-geo.org/services/download/Document_Accept.php?data_uid=2826820,22747221.0,22747221,fetched
MGDS:31181/sentry579_20210413_1701_rnv_tide_equal_1.00x1.00_BV01.grd.gz,HR,https://api.marine-geo.org/services/download/Document_Accept.php?data_uid=2826821,24844568.0,24844568,fetched
MGDS:31181/sentry580_20210415_0857_rnv_tide_1.00x1.00_BV01_fledermaus.grd.gz,HR,https://api.marine-geo.org/services/download/Document_Accept.php?data_uid=2826822,25615476.0,25615476,fetched
MGDS:31181/sentry580_20210415_0857_rnv_tide_equal_1.00x1.00_BV01.grd.gz,HR,https://api.marine-geo.org/services/download/Document_Accept.php?data_uid=2826823,28234141.0,28234141,fetched
MGDS:31181/sentry582_20210419_0628_rnv_tide_1.00x1.00_BV01_fledermaus.grd.gz,HR,https://api.marine-geo.org/services/download/Document_Accept.php?data_uid=2826824,28698421.0,28698421,fetched
MGDS:31181/sentry582_20210419_0628_rnv_tide_equal_1.00x1.00_BV01.grd.gz,HR,https://api.marine-geo.org/services/download/Document_Accept.php?data_uid=2826825,31983843.0,31983843,fetched
MGDS:22436/sentry179_renav_tide.grd.gz,HR,https://api.marine-geo.org/services/download/Document_Accept.php?data_uid=947029,7102384.0,7102384,fetched
MGDS:22436/sentry181_adjusted2_interp.grd.gz,HR,https://api.marine-geo.org/services/download/Document_Accept.php?data_uid=947030,7228259.0,7228259,fetched
MGDS:22436/sentry182_adjusted2.grd.gz,HR,https://api.marine-geo.org/services/download/Document_Accept.php?data_uid=947031,5920209.0,5920209,fetched
MGDS:22436/sentry183_adjusted2.grd.gz,HR,https://api.marine-geo.org/services/download/Document_Accept.php?data_uid=947032,6218414.0,6218414,fetched
MGDS:22436/sentry184_adjusted2.grd.gz,HR,https://api.marine-geo.org/services/download/Document_Accept.php?data_uid=947033,5957691.0,5957691,fetched
MGDS:22436/sentry_area1_v4.grd.gz,HR,https://api.marine-geo.org/services/download/Document_Accept.php?data_uid=947035,27867470.0,27867470,fetched
MGDS:22436/sentry_area2_v2.grd.gz,HR,https://api.marine-geo.org/services/download/Document_Accept.php?data_uid=947036,22971946.0,22971946,fetched
MGDS:30369/mauv_nesca_1m.asc.gz,HR,https://api.marine-geo.org/services/download/Document_Accept.php?data_uid=2433135,190454320.0,190454320,fetched
MGDS:30369/mauv_sesca_1m.asc.gz,HR,https://api.marine-geo.org/services/download/Document_Accept.php?data_uid=2433136,79623943.0,79623943,fetched
MGDS:30270/ShelfEdgeIntactTopo4msqr_2013UTMb.tif,HR,https://api.marine-geo.org/services/download/Document_Accept.php?data_uid=2427149,13991308.0,13991308,fetched
MGDS:24620/GOCPescaderoBasin_Topo1m_Geo_slope3700-3635.tif,HR,https://api.marine-geo.org/services/download/Document_Accept.php?data_uid=1167978,96362554.0,96362554,fetched
MGDS:24620/GOCPescaderoBasin_Topo1m_Geo_slope3800-3600.tif,HR,https://api.marine-geo.org/services/download/Document_Accept.php?data_uid=1167980,96362554.0,96362554,fetched
MGDS:31860/sentry135_1x1.grd.gz,HR,https://api.marine-geo.org/services/download/Document_Accept.php?data_uid=3205584,3095922.0,3095922,fetched
MGDS:31860/sentry135_equal_1x1.grd.gz,HR,https://api.marine-geo.org/services/download/Document_Accept.php?data_uid=3205585,2238498.0,2238498,fetched
MGDS:31860/sentry135_zoom_p5.grd.gz,HR,https://api.marine-geo.org/services/download/Document_Accept.php?data_uid=3205586,585984.0,585984,fetched
MGDS:31860/grid.grd.gz,HR,https://api.marine-geo.org/services/download/Document_Accept.php?data_uid=3205587,16551.0,16551,fetched
MGDS:31860/sentry135_1x1.grd.gz,HR,https://api.marine-geo.org/services/download/Document_Accept.php?data_uid=3205588,3542706.0,3542706,fetched
MGDS:31860/sentry135_1x1_v2.grd.gz,HR,https://api.marine-geo.org/services/download/Document_Accept.php?data_uid=3205589,3762389.0,3762389,fetched
MGDS:31860/sentry137_1x1_v2.grd.gz,HR,https://api.marine-geo.org/services/download/Document_Accept.php?data_uid=3205590,3762389.0,3762389,fetched
MGDS:31860/sentry137_1x1_v3.grd.gz,HR,https://api.marine-geo.org/services/download/Document_Accept.php?data_uid=3205591,3752824.0,3752824,fetched
MGDS:31860/sentry137_1x1_v4.grd.gz,HR,https://api.marine-geo.org/services/download/Document_Accept.php?data_uid=3205592,4049550.0,4049550,fetched
MGDS:31860/sentry137_1x1_v5.grd.gz,HR,https://api.marine-geo.org/services/download/Document_Accept.php?data_uid=3205593,4109073.0,4109073,fetched
MGDS:31860/sentry137_equal_1x1_v3.grd.gz,HR,https://api.marine-geo.org/services/download/Document_Accept.php?data_uid=3205594,2664117.0,2664117,fetched
MGDS:31860/sentry137_equal_1x1_v4.grd.gz,HR,https://api.marine-geo.org/services/download/Document_Accept.php?data_uid=3205595,2869295.0,2869295,fetched
MGDS:31860/sentry137_equal_1x1_v5.grd.gz,HR,https://api.marine-geo.org/services/download/Document_Accept.php?data_uid=3205596,2910628.0,2910628,fetched
MGDS:31860/sentry137_zoom_1x1_v2.grd.gz,HR,https://api.marine-geo.org/services/download/Document_Accept.php?data_uid=3205597,712416.0,712416,fetched
MGDS:31860/sentry137_zoom_1x1_v3.grd.gz,HR,https://api.marine-geo.org/services/download/Document_Accept.php?data_uid=3205598,704966.0,704966,fetched
MGDS:31860/sentry137_zoom_1x1_v4.grd.gz,HR,https://api.marine-geo.org/services/download/Document_Accept.php?data_uid=3205599,809911.0,809911,fetched
MGDS:31860/sentry137_zoom_1x1_v5.grd.gz,HR,https://api.marine-geo.org/services/download/Document_Accept.php?data_uid=3205600,823759.0,823759,fetched
MGDS:31256/pythia_auv_s19a_gcs_1m.tif,HR,https://api.marine-geo.org/services/download/Document_Accept.php?data_uid=2831426,40116602.0,40116602,fetched
MGDS:31256/pythia_auv_s19b_gcs_0.25m.tif,HR,https://api.marine-geo.org/services/download/Document_Accept.php?data_uid=2831427,163715594.0,163715594,fetched
MGDS:24499/Sentry-457shft-1mgrid-g.grd.gz,HR,https://api.marine-geo.org/services/download/Document_Accept.php?data_uid=1149221,14516851.0,14516851,fetched
MGDS:24499/Sentry-458-1mgrd-g.grd.gz,HR,https://api.marine-geo.org/services/download/Document_Accept.php?data_uid=1149222,11224933.0,11224933,fetched
MGDS:24499/Sentry-460shft-1mgrd-g.grd.gz,HR,https://api.marine-geo.org/services/download/Document_Accept.php?data_uid=1149223,7588677.0,7588677,fetched
MGDS:24499/Sentry-461-1mgrd-g.grd.gz,HR,https://api.marine-geo.org/services/download/Document_Accept.php?data_uid=1149224,3205423.0,3205423,fetched
MGDS:24470/sentry271_20140718_2036_tide_equal_1x1.asc.gz,HR,https://api.marine-geo.org/services/download/Document_Accept.php?data_uid=1147670,9406.0,9406,fetched
MGDS:24470/sentry272_20140719_1815_tide_equal_1.000000e-01x1.000000e-01.asc.gz,HR,https://api.marine-geo.org/services/download/Document_Accept.php?data_uid=1147671,94699824.0,94699824,fetched
MGDS:24470/sentry276_20140725_2004_tide_equal_5.000000e-01x5.000000e-01.asc.gz,HR,https://api.marine-geo.org/services/download/Document_Accept.php?data_uid=1147672,806873.0,806873,fetched
MGDS:24470/sentry278_20140731_0852_tide_equal_5.000000e-01x5.000000e-01.asc.gz,HR,https://api.marine-geo.org/services/download/Document_Accept.php?data_uid=1147673,898292.0,898292,fetched
MGDS:24467/sentry271_20140718_2036_tide_1x1.grd.gz,HR,https://api.marine-geo.org/services/download/Document_Accept.php?data_uid=1147605,13468.0,13468,fetched
MGDS:24467/sentry271_20140718_2036_tide_equal_1x1.grd.gz,HR,https://api.marine-geo.org/services/download/Document_Accept.php?data_uid=1147606,9563.0,9563,fetched
MGDS:24467/sentry272_20140719_1815_tide_0.1x0.1.ashes.grd.gz,HR,https://api.marine-geo.org/services/download/Document_Accept.php?data_uid=1147607,5065598.0,5065598,fetched
MGDS:24467/sentry272_20140719_1815_tide_0.1x0.1.grd.gz,HR,https://api.marine-geo.org/services/download/Document_Accept.php?data_uid=1147608,5065592.0,5065592,fetched
MGDS:24467/sentry272_20140719_1815_tide_0.5x0.5.ashes.grd.gz,HR,https://api.marine-geo.org/services/download/Document_Accept.php?data_uid=1147609,221651.0,221651,fetched
MGDS:24467/sentry272_20140719_1815_tide_0.5x0.5.grd.gz,HR,https://api.marine-geo.org/services/download/Document_Accept.php?data_uid=1147610,620848.0,620848,fetched
MGDS:24467/sentry272_20140719_1815_tide_0.5x0.5.tombstone.grd.gz,HR,https://api.marine-geo.org/services/download/Document_Accept.php?data_uid=1147611,326847.0,326847,fetched
MGDS:24467/sentry272_20140719_1815_tide_1.000000e-01x1.000000e-01.grd.gz,HR,https://api.marine-geo.org/services/download/Document_Accept.php?data_uid=1147612,84682956.0,84682956,fetched
MGDS:24467/sentry272_20140719_1815_tide_1x1.grd.gz,HR,https://api.marine-geo.org/services/download/Document_Accept.php?data_uid=1147613,59177.0,59177,fetched
MGDS:24467/sentry272_20140719_1815_tide_5.000000e-01x5.000000e-01.grd.gz,HR,https://api.marine-geo.org/services/download/Document_Accept.php?data_uid=1147614,620867.0,620867,fetched
MGDS:24467/sentry272_20140719_1815_tide_equal_0.1x0.1.ashes.grd.gz,HR,https://api.marine-geo.org/services/download/Document_Accept.php?data_uid=1147615,3565201.0,3565201,fetched
MGDS:24467/sentry272_20140719_1815_tide_equal_0.1x0.1.grd.gz,HR,https://api.marine-geo.org/services/download/Document_Accept.php?data_uid=1147616,3565195.0,3565195,fetched
MGDS:24467/sentry272_20140719_1815_tide_equal_0.5x0.5.ashes.grd.gz,HR,https://api.marine-geo.org/services/download/Document_Accept.php?data_uid=1147617,159466.0,159466,fetched
MGDS:24467/sentry272_20140719_1815_tide_equal_0.5x0.5.grd.gz,HR,https://api.marine-geo.org/services/download/Document_Accept.php?data_uid=1147618,440175.0,440175,fetched
MGDS:24467/sentry272_20140719_1815_tide_equal_0.5x0.5.tombstone.grd.gz,HR,https://api.marine-geo.org/services/download/Document_Accept.php?data_uid=1147619,230857.0,230857,fetched
MGDS:24467/sentry272_20140719_1815_tide_equal_1.000000e-01x1.000000e-01.grd.gz,HR,https://api.marine-geo.org/services/download/Document_Accept.php?data_uid=1147620,59284008.0,59284008,fetched
MGDS:24467/sentry272_20140719_1815_tide_equal_1x1.grd.gz,HR,https://api.marine-geo.org/services/download/Document_Accept.php?data_uid=1147621,43738.0,43738,fetched
MGDS:24467/sentry272_20140719_1815_tide_equal_5.000000e-01x5.000000e-01.grd.gz,HR,https://api.marine-geo.org/services/download/Document_Accept.php?data_uid=1147622,440193.0,440193,fetched
MGDS:24467/sentry276_20140725_2004_tide_5.000000e-01x5.000000e-01.grd.gz,HR,https://api.marine-geo.org/services/download/Document_Accept.php?data_uid=1147623,845011.0,845011,fetched
MGDS:24467/sentry276_20140725_2004_tide_equal_5.000000e-01x5.000000e-01.grd.gz,HR,https://api.marine-geo.org/services/download/Document_Accept.php?data_uid=1147624,575439.0,575439,fetched
MGDS:24467/sentry278_20140731_0852_tide_5.000000e-01x5.000000e-01.grd.gz,HR,https://api.marine-geo.org/services/download/Document_Accept.php?data_uid=1147625,929990.0,929990,fetched
MGDS:24467/sentry278_20140731_0852_tide_equal_5.000000e-01x5.000000e-01.grd.gz,HR,https://api.marine-geo.org/services/download/Document_Accept.php?data_uid=1147626,631678.0,631678,fetched
MGDS:20836/sentry080_1x1_gvxdvz.pdf,HR,https://api.marine-geo.org/services/download/Document_Accept.php?data_uid=751558,243438.0,243438,fetched
MGDS:20836/sentry080_2x2_gvxdvz.pdf,HR,https://api.marine-geo.org/services/download/Document_Accept.php?data_uid=751559,106890.0,106890,fetched
MGDS:20836/sentry080_MC338_1x1_equal.pdf,HR,https://api.marine-geo.org/services/download/Document_Accept.php?data_uid=751560,225123.0,225123,fetched
MGDS:20836/sentry082_1x1_gvxdvz.pdf,HR,https://api.marine-geo.org/services/download/Document_Accept.php?data_uid=751561,388778.0,388778,fetched
MGDS:20836/sentry082_p5xp5_gvxdvz.pdf,HR,https://api.marine-geo.org/services/download/Document_Accept.php?data_uid=751562,200492.0,200492,fetched
MGDS:20836/sentry083_1x1_gvxdvz.pdf,HR,https://api.marine-geo.org/services/download/Document_Accept.php?data_uid=751563,306740.0,306740,fetched
MGDS:20836/sentry083_1x1.pdf,HR,https://api.marine-geo.org/services/download/Document_Accept.php?data_uid=751564,266580.0,266580,fetched
MGDS:20836/sentry083_1x1_tracks.pdf,HR,https://api.marine-geo.org/services/download/Document_Accept.php?data_uid=751565,306750.0,306750,fetched
MGDS:20836/sentry084_1x1_equal.pdf,HR,https://api.marine-geo.org/services/download/Document_Accept.php?data_uid=751566,181098.0,181098,fetched
MGDS:20836/sentry084_1x1_part1.pdf,HR,https://api.marine-geo.org/services/download/Document_Accept.php?data_uid=751567,95995.0,95995,fetched
MGDS:20836/sentry084_1x1_part2.pdf,HR,https://api.marine-geo.org/services/download/Document_Accept.php?data_uid=751568,114884.0,114884,fetched
MGDS:20836/sentry084_1x1_tracks_part1.pdf,HR,https://api.marine-geo.org/services/download/Document_Accept.php?data_uid=751569,146776.0,146776,fetched
MGDS:20836/sentry084_1x1_tracks_part2.pdf,HR,https://api.marine-geo.org/services/download/Document_Accept.php?data_uid=751570,182194.0,182194,fetched
MGDS:20836/sentry084_1x1_tracks.pdf,HR,https://api.marine-geo.org/services/download/Document_Accept.php?data_uid=751571,227964.0,227964,fetched
MGDS:20836/sentry084_p5xp5_equal.pdf,HR,https://api.marine-geo.org/services/download/Document_Accept.php?data_uid=751572,811908.0,811908,fetched
MGDS:20836/sentry084_p5xp5_part1.pdf,HR,https://api.marine-geo.org/services/download/Document_Accept.php?data_uid=751573,347510.0,347510,fetched
MGDS:20836/sentry084_p5xp5_part2.pdf,HR,https://api.marine-geo.org/services/download/Document_Accept.php?data_uid=751574,422073.0,422073,fetched
MGDS:20836/sentry084_p5xp5_tracks_part1.pdf,HR,https://api.marine-geo.org/services/download/Document_Accept.php?data_uid=751575,398744.0,398744,fetched
MGDS:20836/sentry084_p5xp5_tracks_part2.pdf,HR,https://api.marine-geo.org/services/download/Document_Accept.php?data_uid=751576,489565.0,489565,fetched
MGDS:20836/sentry084_p5xp5_tracks.pdf,HR,https://api.marine-geo.org/services/download/Document_Accept.php?data_uid=751577,735302.0,735302,fetched
MGDS:31824/sentry418_20170117_1350_rnv_tide_1.00x1.00_BV04.grd.gz,HR,https://api.marine-geo.org/services/download/Document_Accept.php?data_uid=3204131,22223904.0,22223904,fetched
MGDS:31824/sentry419_20170118_2216_rnv_tide_1.00x1.00_BV04.grd.gz,HR,https://api.marine-geo.org/services/download/Document_Accept.php?data_uid=3204132,25436217.0,25436217,fetched
MGDS:31824/sentry420_20170120_1513_rnv_tide_1.00x1.00_BV04.grd.gz,HR,https://api.marine-geo.org/services/download/Document_Accept.php?data_uid=3204133,25405808.0,25405808,fetched
MGDS:31824/sentry421_20170123_2104_rnv_tide_1.00x1.00_BV04.grd.gz,HR,https://api.marine-geo.org/services/download/Document_Accept.php?data_uid=3204134,26720511.0,26720511,fetched
MGDS:31824/sentry422_20170127_1607_rnv_tide_1.00x1.00_BV04.grd.gz,HR,https://api.marine-geo.org/services/download/Document_Accept.php?data_uid=3204135,22914875.0,22914875,fetched
MGDS:31824/sentry423_20170128_1316_rnv_tide_1.00x1.00_BV04.grd.gz,HR,https://api.marine-geo.org/services/download/Document_Accept.php?data_uid=3204136,12038612.0,12038612,fetched
MGDS:31824/sentry424_20170201_1710_rnv_tide_1.00x1.00_BV04.grd.gz,HR,https://api.marine-geo.org/services/download/Document_Accept.php?data_uid=3204137,24068452.0,24068452,fetched
MGDS:31824/sentry425_20170203_1637_rnv_tide_1.00x1.00_BV04.grd.gz,HR,https://api.marine-geo.org/services/download/Document_Accept.php?data_uid=3204138,20036555.0,20036555,fetched
MGDS:31824/sentry426_20170205_1914_rnv_tide_1.00x1.00_BV03.grd.gz,HR,https://api.marine-geo.org/services/download/Document_Accept.php?data_uid=3204139,27405188.0,27405188,fetched
MGDS:31824/sentry427_20170207_1713_rnv_tide_1.00x1.00_BV03.grd.gz,HR,https://api.marine-geo.org/services/download/Document_Accept.php?data_uid=3204140,17862850.0,17862850,fetched
MGDS:31824/sentry428_20170211_2354_rnv_tide_1.00x1.00_BV04.grd.gz,HR,https://api.marine-geo.org/services/download/Document_Accept.php?data_uid=3204141,25819951.0,25819951,fetched
MGDS:24489/sentry457-shift-negx3m-posy20m-1mgrd.asc.gz,HR,https://api.marine-geo.org/services/download/Document_Accept.php?data_uid=1149207,25575801.0,25575801,fetched
MGDS:24489/sentry458-noshift-1mgrd.asc.gz,HR,https://api.marine-geo.org/services/download/Document_Accept.php?data_uid=1149208,26966209.0,26966209,fetched
MGDS:24489/sentry460-shift-negx3m-posy23m-1mgrd.asc.gz,HR,https://api.marine-geo.org/services/download/Document_Accept.php?data_uid=1149209,14200768.0,14200768,fetched
MGDS:24489/sentry461-noshift-1mgrd.asc.gz,HR,https://api.marine-geo.org/services/download/Document_Accept.php?data_uid=1149210,7735473.0,7735473,fetched
MGDS:32241/PuyDesFolles_MAUV_Topo1m_slope.tif,HR,https://api.marine-geo.org/services/download/Document_Accept.php?data_uid=3373811,101830744.0,101830744,fetched
MGDS:32241/PuyDesFolles_MAUV_Topo1m_slope2045-1895.tif,HR,https://api.marine-geo.org/services/download/Document_Accept.php?data_uid=3373812,101830744.0,101830744,fetched
MGDS:32241/Hydra_MAUV_Topo1m_slope.tif,HR,https://api.marine-geo.org/services/download/Document_Accept.php?data_uid=3373813,159370384.0,159370384,fetched
MGDS:32241/PuyDesFolles_Schimneys_MAUV_Topo50cm_slope1956-1896.tif,HR,https://api.marine-geo.org/services/download/Document_Accept.php?data_uid=3373814,6213184.0,6213184,fetched
MGDS:32241/EMARK_massif_MAUV_Topo1m_slope.tif,HR,https://api.marine-geo.org/services/download/Document_Accept.php?data_uid=3373815,511246912.0,511246912,fetched
MGDS:32241/EMARK_vents_MAUV_Topo1m_slope.tif,HR,https://api.marine-geo.org/services/download/Document_Accept.php?data_uid=3373816,75830716.0,75830716,fetched
MGDS:32241/PuyDesFolles_MAUV_Topo1m_slopeHistEq.tif,HR,https://api.marine-geo.org/services/download/Document_Accept.php?data_uid=3373817,101830744.0,101830744,fetched
MGDS:32241/PuyDesFolles_Birthday_MAUV_Topo50cm_slope1979-1909.tif,HR,https://api.marine-geo.org/services/download/Document_Accept.php?data_uid=3373818,5506624.0,5506624,fetched
MGDS:32241/PuyDesFolles_NNWchimneys_MAUV_Topo50cm_slope1980-1946.tif,HR,https://api.marine-geo.org/services/download/Document_Accept.php?data_uid=3373819,4205059.0,4205059,fetched
MGDS:30045/Gentle_Shelf_Slope.tif,HR,https://api.marine-geo.org/services/download/Document_Accept.php?data_uid=2401249,118719484.0,118719484,fetched
MGDS:30045/Scar_w_Headwall_519.tif,HR,https://api.marine-geo.org/services/download/Document_Accept.php?data_uid=2401250,53181646.0,53181646,fetched
MGDS:30045/Scar_w_Headwall_715.tif,HR,https://api.marine-geo.org/services/download/Document_Accept.php?data_uid=2401251,777437224.0,777437224,fetched
MGDS:30045/Shelf_Edge_Scar_w_Adj_Remnant.tif,HR,https://api.marine-geo.org/services/download/Document_Accept.php?data_uid=2401252,97894024.0,97894024,fetched
MGDS:30045/Shelf_Edge_Scar_w_Stair_Terraces.tif,HR,https://api.marine-geo.org/services/download/Document_Accept.php?data_uid=2401253,62625094.0,62625094,fetched
MGDS:31675/sentry490_20180823_1510_rnv_tide_1.00x1.00_BV01.grd.gz,HR,https://api.marine-geo.org/services/download/Document_Accept.php?data_uid=3082965,14325031.0,14325031,fetched
MGDS:31675/sentry490_20180823_1510_rnv_tide_1.00x1.00_BV02.grd.gz,HR,https://api.marine-geo.org/services/download/Document_Accept.php?data_uid=3082966,14288340.0,14288340,fetched
MGDS:31675/sentry490_20180823_1510_rnv_tide_1.00x1.00_BV03.grd.gz,HR,https://api.marine-geo.org/services/download/Document_Accept.php?data_uid=3082967,14321877.0,14321877,fetched
MGDS:31675/sentry490_20180823_1510_rnv_tide_equal_1.00x1.00_BV01.grd.gz,HR,https://api.marine-geo.org/services/download/Document_Accept.php?data_uid=3082968,12130710.0,12130710,fetched
MGDS:31675/sentry490_20180823_1510_rnv_tide_equal_1.00x1.00_BV03.grd.gz,HR,https://api.marine-geo.org/services/download/Document_Accept.php?data_uid=3082969,12126270.0,12126270,fetched
MGDS:31675/sentry491_20180824_1250_rnv_tide_1.00x1.00_BV01.grd.gz,HR,https://api.marine-geo.org/services/download/Document_Accept.php?data_uid=3082970,4084843.0,4084843,fetched
MGDS:31675/sentry491_20180824_1250_rnv_tide_1.00x1.00_BV02.grd.gz,HR,https://api.marine-geo.org/services/download/Document_Accept.php?data_uid=3082971,4084705.0,4084705,fetched
MGDS:31675/sentry491_20180824_1250_rnv_tide_equal_1.00x1.00_BV01.grd.gz,HR,https://api.marine-geo.org/services/download/Document_Accept.php?data_uid=3082972,3460871.0,3460871,fetched
MGDS:31675/sentry491_20180824_1250_rnv_tide_equal_1.00x1.00_BV02.grd.gz,HR,https://api.marine-geo.org/services/download/Document_Accept.php?data_uid=3082973,3461685.0,3461685,fetched
MGDS:31675/sentry492_20180825_1029_rnv_tide_1.00x1.00_BV01.grd.gz,HR,https://api.marine-geo.org/services/download/Document_Accept.php?data_uid=3082974,4609375.0,4609375,fetched
MGDS:31675/sentry492_20180825_1029_rnv_tide_1.00x1.00_BV02.grd.gz,HR,https://api.marine-geo.org/services/download/Document_Accept.php?data_uid=3082975,4607539.0,4607539,fetched
MGDS:31675/sentry492_20180825_1029_rnv_tide_1.00x1.00_BV03.grd.gz,HR,https://api.marine-geo.org/services/download/Document_Accept.php?data_uid=3082976,4604123.0,4604123,fetched
MGDS:31675/sentry492_20180825_1029_rnv_tide_equal_1.00x1.00_BV01.grd.gz,HR,https://api.marine-geo.org/services/download/Document_Accept.php?data_uid=3082977,3901243.0,3901243,fetched
MGDS:31675/sentry492_20180825_1029_rnv_tide_equal_1.00x1.00_BV02.grd.gz,HR,https://api.marine-geo.org/services/download/Document_Accept.php?data_uid=3082978,3902806.0,3902806,fetched
MGDS:31675/sentry492_20180825_1029_rnv_tide_equal_1.00x1.00_BV03.grd.gz,HR,https://api.marine-geo.org/services/download/Document_Accept.php?data_uid=3082979,3900543.0,3900543,fetched
MGDS:31675/sentry493_20180826_1037_rnv_tide_1.00x1.00_BV01.grd.gz,HR,https://api.marine-geo.org/services/download/Document_Accept.php?data_uid=3082980,1932084.0,1932084,fetched
MGDS:31675/sentry493_20180826_1037_rnv_tide_1.00x1.00_BV02.grd.gz,HR,https://api.marine-geo.org/services/download/Document_Accept.php?data_uid=3082981,1905532.0,1905532,fetched
MGDS:31675/sentry493_20180826_1037_rnv_tide_equal_1.00x1.00_BV01.grd.gz,HR,https://api.marine-geo.org/services/download/Document_Accept.php?data_uid=3082982,1638822.0,1638822,fetched
MGDS:31675/sentry493_20180826_1037_rnv_tide_equal_1.00x1.00_BV02.grd.gz,HR,https://api.marine-geo.org/services/download/Document_Accept.php?data_uid=3082983,1617045.0,1617045,fetched
MGDS:31675/sentry494_20180827_1003_rnv_tide_1.00x1.00_BV01.grd.gz,HR,https://api.marine-geo.org/services/download/Document_Accept.php?data_uid=3082984,7950359.0,7950359,fetched
MGDS:31675/sentry494_20180827_1003_rnv_tide_equal_1.00x1.00_BV01.grd.gz,HR,https://api.marine-geo.org/services/download/Document_Accept.php?data_uid=3082985,6737947.0,6737947,fetched
MGDS:31675/sentry497_20180830_1148_rnv_tide_1.00x1.00_BV01.grd.gz,HR,https://api.marine-geo.org/services/download/Document_Accept.php?data_uid=3082986,968463.0,968463,fetched
MGDS:31675/sentry497_20180830_1148_rnv_tide_equal_1.00x1.00_BV01.grd.gz,HR,https://api.marine-geo.org/services/download/Document_Accept.php?data_uid=3082987,821416.0,821416,fetched
MGDS:31675/sentry498_20180831_1202_rnv_tide_1.00x1.00_BV01.grd.gz,HR,https://api.marine-geo.org/services/download/Document_Accept.php?data_uid=3082988,1403557.0,1403557,fetched
MGDS:31675/sentry498_20180831_1202_rnv_tide_equal_1.00x1.00_BV01.grd.gz,HR,https://api.marine-geo.org/services/download/Document_Accept.php?data_uid=3082989,1188794.0,1188794,fetched
MGDS:32240/EMARK_vents_MAUV_Topo1m.asc.gz,HR,https://api.marine-geo.org/services/download/Document_Accept.php?data_uid=3373804,64768371.0,64768371,fetched
MGDS:32240/PuyDesFolles_Birthday_MAUV_Topo50cm.asc.gz,HR,https://api.marine-geo.org/services/download/Document_Accept.php?data_uid=3373805,8298235.0,8298235,fetched
MGDS:32240/PuyDesFolles_NNWchimneys_MAUV_Topo50cm.asc.gz,HR,https://api.marine-geo.org/services/download/Document_Accept.php?data_uid=3373806,6138281.0,6138281,fetched
MGDS:32240/PuyDesFolles_MAUV_Topo1m.asc.gz,HR,https://api.marine-geo.org/services/download/Document_Accept.php?data_uid=3373807,124546589.0,124546589,fetched
MGDS:32240/Hydra_MAUV_Topo1m.asc.gz,HR,https://api.marine-geo.org/services/download/Document_Accept.php?data_uid=3373808,161551787.0,161551787,fetched
MGDS:32240/EMARK_massif_MAUV_Topo1m.asc.gz,HR,https://api.marine-geo.org/services/download/Document_Accept.php?data_uid=3373809,402204549.0,402204549,fetched
MGDS:32240/PuyDesFolles_Schimneys_MAUV_Topo50cm.asc.gz,HR,https://api.marine-geo.org/services/download/Document_Accept.php?data_uid=3373810,9223242.0,9223242,fetched
MGDS:31321/sentry095_1x1.grd.gz,HR,https://api.marine-geo.org/services/download/Document_Accept.php?data_uid=2844595,5114659.0,5114659,fetched
MGDS:31321/sentry096_block2_v2_equal_p5xp5.grd.gz,HR,https://api.marine-geo.org/services/download/Document_Accept.php?data_uid=2844599,1365615.0,1365615,fetched
MGDS:31321/sentry096_top_equal_p5xp5.grd.gz,HR,https://api.marine-geo.org/services/download/Document_Accept.php?data_uid=2844602,2451197.0,2451197,fetched
MGDS:31321/sentry097_1x1.grd.gz,HR,https://api.marine-geo.org/services/download/Document_Accept.php?data_uid=2844603,1414353.0,1414353,fetched
MGDS:31321/sentry097_block1_v2_equal_p5xp5.grd.gz,HR,https://api.marine-geo.org/services/download/Document_Accept.php?data_uid=2844604,1621143.0,1621143,fetched
MGDS:31321/sentry097_block1_v3_equal_p5xp5.grd.gz,HR,https://api.marine-geo.org/services/download/Document_Accept.php?data_uid=2844605,1586159.0,1586159,fetched
MGDS:31321/sentry097_block2_v2_equal_p5xp5.grd.gz,HR,https://api.marine-geo.org/services/download/Document_Accept.php?data_uid=2844606,1016388.0,1016388,fetched
MGDS:31321/sentry097_block2_v3_equal_p5xp5.grd.gz,HR,https://api.marine-geo.org/services/download/Document_Accept.php?data_uid=2844607,1010854.0,1010854,fetched
MGDS:31321/sentry097_block3_v2_equal_p5xp5.grd.gz,HR,https://api.marine-geo.org/services/download/Document_Accept.php?data_uid=2844608,679821.0,679821,fetched
MGDS:31321/sentry097_block3_v3_equal_p5xp5.grd.gz,HR,https://api.marine-geo.org/services/download/Document_Accept.php?data_uid=2844609,671627.0,671627,fetched
MGDS:31321/grid.grd.gz,HR,https://api.marine-geo.org/services/download/Document_Accept.php?data_uid=2844610,11596867.0,11596867,fetched
MGDS:31321/sentry098_block1_equal_p5xp5.grd.gz,HR,https://api.marine-geo.org/services/download/Document_Accept.php?data_uid=2844611,2694004.0,2694004,fetched
MGDS:31321/sentry098_block1_p5xp5.grd.gz,HR,https://api.marine-geo.org/services/download/Document_Accept.php?data_uid=2844612,4176314.0,4176314,fetched
MGDS:31321/sentry098_block1_tfix2_p5xp5.grd.gz,HR,https://api.marine-geo.org/services/download/Document_Accept.php?data_uid=2844613,2106608.0,2106608,fetched
MGDS:31321/sentry098_block1_tfix_p5xp5.grd.gz,HR,https://api.marine-geo.org/services/download/Document_Accept.php?data_uid=2844614,4063911.0,4063911,fetched
MGDS:31321/sentry098_block1_v2_equal_p5xp5.grd.gz,HR,https://api.marine-geo.org/services/download/Document_Accept.php?data_uid=2844615,2855781.0,2855781,fetched
MGDS:31321/sentry098_block1_v3_equal_v3_p5xp5.grd.gz,HR,https://api.marine-geo.org/services/download/Document_Accept.php?data_uid=2844616,2836570.0,2836570,fetched
MGDS:31321/sentry098_block2_equal_p5xp5.grd.gz,HR,https://api.marine-geo.org/services/download/Document_Accept.php?data_uid=2844617,2245835.0,2245835,fetched
MGDS:31321/sentry098_block2_v0_equal_p5xp5.grd.gz,HR,https://api.marine-geo.org/services/download/Document_Accept.php?data_uid=2844618,1166921.0,1166921,fetched
MGDS:31321/sentry098_block2_v1_equal_p5xp5.grd.gz,HR,https://api.marine-geo.org/services/download/Document_Accept.php?data_uid=2844619,1166921.0,1166921,fetched
MGDS:31321/sentry098_block2_v3_equal_p5xp5.grd.gz,HR,https://api.marine-geo.org/services/download/Document_Accept.php?data_uid=2844620,1155212.0,1155212,fetched
MGDS:31321/sentry098_block3_v0_equal_p5xp5.grd.gz,HR,https://api.marine-geo.org/services/download/Document_Accept.php?data_uid=2844621,544107.0,544107,fetched
MGDS:31321/sentry098_block3_v1_equal_p5xp5.grd.gz,HR,https://api.marine-geo.org/services/download/Document_Accept.php?data_uid=2844622,564125.0,564125,fetched
MGDS:31321/sentry098_block3_v3_equal_p5xp5.grd.gz,HR,https://api.marine-geo.org/services/download/Document_Accept.php?data_uid=2844623,561208.0,561208,fetched
MGDS:31321/sentry098_block4_v1_equal_p5xp5.grd.gz,HR,https://api.marine-geo.org/services/download/Document_Accept.php?data_uid=2844624,524893.0,524893,fetched
MGDS:31321/sentry098_block4_v3_equal_p5xp5.grd.gz,HR,https://api.marine-geo.org/services/download/Document_Accept.php?data_uid=2844625,522749.0,522749,fetched
MGDS:31321/sentry098_block5_v1_equal_p5xp5.grd.gz,HR,https://api.marine-geo.org/services/download/Document_Accept.php?data_uid=2844626,999401.0,999401,fetched
MGDS:31321/sentry098_block5_v3_equal_p5xp5.grd.gz,HR,https://api.marine-geo.org/services/download/Document_Accept.php?data_uid=2844627,996806.0,996806,fetched
MGDS:31321/sentry098_block6_v1_equal_p5xp5.grd.gz,HR,https://api.marine-geo.org/services/download/Document_Accept.php?data_uid=2844628,907170.0,907170,fetched
MGDS:31321/sentry098_block6_v3_equal_p5xp5.grd.gz,HR,https://api.marine-geo.org/services/download/Document_Accept.php?data_uid=2844629,903383.0,903383,fetched
MGDS:31321/sentry098_block7_v1_equal_p5xp5.grd.gz,HR,https://api.marine-geo.org/services/download/Document_Accept.php?data_uid=2844630,710715.0,710715,fetched
MGDS:31321/sentry098_block7_v3_equal_p5xp5.grd.gz,HR,https://api.marine-geo.org/services/download/Document_Accept.php?data_uid=2844631,707709.0,707709,fetched
MGDS:31321/sentry098_tfix_2x2.grd.gz,HR,https://api.marine-geo.org/services/download/Document_Accept.php?data_uid=2844632,1033814.0,1033814,fetched
MGDS:31321/sentry098_tfix_v1_2x2.grd.gz,HR,https://api.marine-geo.org/services/download/Document_Accept.php?data_uid=2844633,1030707.0,1030707,fetched
MGDS:31321/sentry100_block1_v3_equal_p5xp5.grd.gz,HR,https://api.marine-geo.org/services/download/Document_Accept.php?data_uid=2844634,24583987.0,24583987,fetched
MGDS:31321/sentry100_block1_v3_p5xp5.grd.gz,HR,https://api.marine-geo.org/services/download/Document_Accept.php?data_uid=2844635,27764365.0,27764365,fetched
MGDS:31321/sentry100_block2_v3_equal_p5xp5.grd.gz,HR,https://api.marine-geo.org/services/download/Document_Accept.php?data_uid=2844636,7585006.0,7585006,fetched
MGDS:31321/sentry100_block2_v3_p5xp5.grd.gz,HR,https://api.marine-geo.org/services/download/Document_Accept.php?data_uid=2844637,8560829.0,8560829,fetched
MGDS:31321/sentry101_block1_equal_p5xp5.grd.gz,HR,https://api.marine-geo.org/services/download/Document_Accept.php?data_uid=2844638,3595162.0,3595162,fetched
MGDS:31321/sentry101_block1_equal_v2_p5xp5.grd.gz,HR,https://api.marine-geo.org/services/download/Document_Accept.php?data_uid=2844639,2982877.0,2982877,fetched
MGDS:31321/sentry101_block1_equal_v3_p5xp5.grd.gz,HR,https://api.marine-geo.org/services/download/Document_Accept.php?data_uid=2844640,2631849.0,2631849,fetched
MGDS:31321/sentry101_block2_equal_v3_p5xp5.grd.gz,HR,https://api.marine-geo.org/services/download/Document_Accept.php?data_uid=2844641,827593.0,827593,fetched
MGDS:31321/sentry102_block1_equal_v3_p5xp5.grd.gz,HR,https://api.marine-geo.org/services/download/Document_Accept.php?data_uid=2844642,9013612.0,9013612,fetched
MGDS:31321/sentry102_block2_equal_v3_p5xp5.grd.gz,HR,https://api.marine-geo.org/services/download/Document_Accept.php?data_uid=2844643,6270309.0,6270309,fetched
MGDS:31321/sentry102_equal_v2_p5xp5.grd.gz,HR,https://api.marine-geo.org/services/download/Document_Accept.php?data_uid=2844644,15225167.0,15225167,fetched
MGDS:31321/sentry103_equal_p5xp5.grd.gz,HR,https://api.marine-geo.org/services/download/Document_Accept.php?data_uid=2844646,21560605.0,21560605,fetched
MGDS:31321/sentry108_block1_equal_p5xp5.grd.gz,HR,https://api.marine-geo.org/services/download/Document_Accept.php?data_uid=2844649,1420177.0,1420177,fetched
MGDS:31321/sentry108_block3_equal_p5xp5.grd.gz,HR,https://api.marine-geo.org/services/download/Document_Accept.php?data_uid=2844653,725353.0,725353,fetched
MGDS:31321/sentry108_equal_p5xp5.grd.gz,HR,https://api.marine-geo.org/services/download/Document_Accept.php?data_uid=2844655,6845640.0,6845640,fetched
MGDS:31321/sentry108_equal_v3_p5xp5.grd.gz,HR,https://api.marine-geo.org/services/download/Document_Accept.php?data_uid=2844656,6761690.0,6761690,fetched
MGDS:31321/sentry109_equal_p25xp25.grd.gz,HR,https://api.marine-geo.org/services/download/Document_Accept.php?data_uid=2844657,1853371.0,1853371,fetched
MGDS:31321/sentry109_equal_p5xp5.grd.gz,HR,https://api.marine-geo.org/services/download/Document_Accept.php?data_uid=2844658,458022.0,458022,fetched
MGDS:31831/sentry324_20150713_1207_tide_1.00x1.00_BV01.grd.gz,HR,https://api.marine-geo.org/services/download/Document_Accept.php?data_uid=3204407,7641561.0,7641561,fetched
MGDS:31831/sentry325_20150716_1324_tide_1.00x1.00_BV01.grd.gz,HR,https://api.marine-geo.org/services/download/Document_Accept.php?data_uid=3204408,5002772.0,5002772,fetched
MGDS:31831/sentry326_20150717_0948_tide_1.00x1.00_BV01.grd.gz,HR,https://api.marine-geo.org/services/download/Document_Accept.php?data_uid=3204409,114089.0,114089,fetched
MGDS:31831/sentry327_20150718_1213_tide_1.00x1.00_BV01.grd.gz,HR,https://api.marine-geo.org/services/download/Document_Accept.php?data_uid=3204410,57391.0,57391,fetched
MGDS:31831/sentry328_20150719_1148_tide_1.00x1.00_BV01.grd.gz,HR,https://api.marine-geo.org/services/download/Document_Accept.php?data_uid=3204411,99072.0,99072,fetched
MGDS:31831/sentry329_20150720_1042_tide_1.00x1.00_BV01.grd.gz,HR,https://api.marine-geo.org/services/download/Document_Accept.php?data_uid=3204412,108924.0,108924,fetched
MGDS:31831/sentry333_20150725_1046_tide_1.00x1.00_BV01.grd.gz,HR,https://api.marine-geo.org/services/download/Document_Accept.php?data_uid=3204413,42223.0,42223,fetched
MGDS:31831/sentry334_20150726_1100_tide_1.00x1.00_BV01.grd.gz,HR,https://api.marine-geo.org/services/download/Document_Accept.php?data_uid=3204414,83014.0,83014,fetched
MGDS:31949/sentry199_30_1x1_arc_prelim.asc.gz,HR,https://api.marine-geo.org/services/download/Document_Accept.php?data_uid=3217064,756628.0,756628,fetched
MGDS:31949/sentry202_1x1_arc_prelim.asc.gz,HR,https://api.marine-geo.org/services/download/Document_Accept.php?data_uid=3217065,13265488.0,13265488,fetched
MGDS:31949/sentry202_30_1x1_arc_prelim.asc.gz,HR,https://api.marine-geo.org/services/download/Document_Accept.php?data_uid=3217066,8689.0,8689,fetched
MGDS:31949/sentry203_1x1_arc_prelim.asc.gz,HR,https://api.marine-geo.org/services/download/Document_Accept.php?data_uid=3217067,821309.0,821309,fetched
MGDS:31949/sentry204_1x1_arc_prelim.asc.gz,HR,https://api.marine-geo.org/services/download/Document_Accept.php?data_uid=3217068,3956308.0,3956308,fetched
MGDS:31949/sentry206_1x1_arc_prelim.asc.gz,HR,https://api.marine-geo.org/services/download/Document_Accept.php?data_uid=3217069,14211402.0,14211402,fetched
MGDS:31949/sentry208_1x1_arc_prelim.asc.gz,HR,https://api.marine-geo.org/services/download/Document_Accept.php?data_uid=3217070,1267684.0,1267684,fetched
MGDS:31814/sentry246_20140524_1215_tide_equal_1x1.asc.gz,HR,https://api.marine-geo.org/services/download/Document_Accept.php?data_uid=3203324,413524.0,413524,fetched
MGDS:31814/sentry247_20140526_1527_tide_equal_5.000000e-01x5.000000e-01.asc.gz,HR,https://api.marine-geo.org/services/download/Document_Accept.php?data_uid=3203325,3437654.0,3437654,fetched
MGDS:31814/sentry249_20140528_1701_tide_equal_5.000000e-01x5.000000e-01.asc.gz,HR,https://api.marine-geo.org/services/download/Document_Accept.php?data_uid=3203326,3229441.0,3229441,fetched
MGDS:31814/sentry250_20140529_1505_tide_equal_5.000000e-01x5.000000e-01.asc.gz,HR,https://api.marine-geo.org/services/download/Document_Accept.php?data_uid=3203327,851906.0,851906,fetched
MGDS:31814/sentry250_20140529_1505_tide_equal_5.000000e-01x5.000000e-01_gain40.asc.gz,HR,https://api.marine-geo.org/services/download/Document_Accept.php?data_uid=3203328,3044886.0,3044886,fetched
MGDS:31814/sentry250_20140529_1505_tide_equal_5.000000e-01x5.000000e-01_gain50.asc.gz,HR,https://api.marine-geo.org/services/download/Document_Accept.php?data_uid=3203329,3129267.0,3129267,fetched
MGDS:31814/sentry250_20140529_1505_tide_equal_5.000000e-01x5.000000e-01_gain50_navadjust.asc.gz,HR,https://api.marine-geo.org/services/download/Document_Accept.php?data_uid=3203330,3175869.0,3175869,fetched
MGDS:31814/sentry252_20140531_1142_tide_equal_5.000000e-01x5.000000e-01.asc.gz,HR,https://api.marine-geo.org/services/download/Document_Accept.php?data_uid=3203331,3328940.0,3328940,fetched
MGDS:31814/sentry252_20140531_1142_tide_equal_5.000000e-01x5.000000e-01_navadjust.asc.gz,HR,https://api.marine-geo.org/services/download/Document_Accept.php?data_uid=3203332,3264023.0,3264023,fetched
MGDS:31814/sentry254_20140602_1348_tide_equal_5.000000e-01x5.000000e-01.asc.gz,HR,https://api.marine-geo.org/services/download/Document_Accept.php?data_uid=3203333,4443757.0,4443757,fetched
MGDS:31814/sentry254_20140602_1348_tide_equal_5.000000e-01x5.000000e-01_navadjust.asc.gz,HR,https://api.marine-geo.org/services/download/Document_Accept.php?data_uid=3203334,4431011.0,4431011,fetched
MGDS:31814/sentry256_20140604_1438_tide_equal_5.000000e-01x5.000000e-01.asc.gz,HR,https://api.marine-geo.org/services/download/Document_Accept.php?data_uid=3203335,5439129.0,5439129,fetched
MGDS:31814/sentry256_20140604_1438_tide_equal_5.000000e-01x5.000000e-01_navadjust.asc.gz,HR,https://api.marine-geo.org/services/download/Document_Accept.php?data_uid=3203336,5233252.0,5233252,fetched
MGDS:31814/sentry257_20140607_1229_tide_equal_1.500000e+00x1.500000e+00.asc.gz,HR,https://api.marine-geo.org/services/download/Document_Accept.php?data_uid=3203337,6920543.0,6920543,fetched
MGDS:31814/sentry257_20140607_1229_tide_equal_5.000000e-01x5.000000e-01.asc.gz,HR,https://api.marine-geo.org/services/download/Document_Accept.php?data_uid=3203338,54569516.0,54569516,fetched
MGDS:31814/sentry257-258_20140608_1403_tide_equal_1.500000e+00x1.500000e+00.asc.gz,HR,https://api.marine-geo.org/services/download/Document_Accept.php?data_uid=3203339,9429474.0,9429474,fetched
MGDS:31814/sentry258_20140608_1403_tide_equal_1.500000e+00x1.500000e+00.asc.gz,HR,https://api.marine-geo.org/services/download/Document_Accept.php?data_uid=3203340,3326746.0,3326746,fetched
MGDS:31814/sentry261_20140611_1729_tide_equal_1.500000e+00x1.500000e+00.asc.gz,HR,https://api.marine-geo.org/services/download/Document_Accept.php?data_uid=3203341,516710.0,516710,fetched
MGDS:31814/sentry262_20140612_1852_tide_equal_1.500000e+00x1.500000e+00.asc.gz,HR,https://api.marine-geo.org/services/download/Document_Accept.php?data_uid=3203342,1362258.0,1362258,fetched
MGDS:31814/sentry-261-262-263_20140613_2005_tide_equal_1.500000e+00x1.500000e+00.asc.gz,HR,https://api.marine-geo.org/services/download/Document_Accept.php?data_uid=3203343,2476666.0,2476666,fetched
MGDS:31814/sentry263_20140613_1419_tide_equal_1.500000e+00x1.500000e+00.asc.gz,HR,https://api.marine-geo.org/services/download/Document_Accept.php?data_uid=3203344,4025342.0,4025342,fetched
MGDS:31814/sentry263_20140613_2005_tide_equal_1.500000e+00x1.500000e+00.asc.gz,HR,https://api.marine-geo.org/services/download/Document_Accept.php?data_uid=3203345,944398.0,944398,fetched
MGDS:31813/sentry246_20140524_1215_tide_1x1.grd.gz,HR,https://api.marine-geo.org/services/download/Document_Accept.php?data_uid=3203278,336029.0,336029,fetched
MGDS:31813/sentry246_20140524_1215_tide_equal_1x1.grd.gz,HR,https://api.marine-geo.org/services/download/Document_Accept.php?data_uid=3203279,301047.0,301047,fetched
MGDS:31813/sentry247_20140526_1527_tide_5.000000e-01x5.000000e-01.grd.gz,HR,https://api.marine-geo.org/services/download/Document_Accept.php?data_uid=3203280,2569242.0,2569242,fetched
MGDS:31813/sentry247_20140526_1527_tide_equal_5.000000e-01x5.000000e-01.grd.gz,HR,https://api.marine-geo.org/services/download/Document_Accept.php?data_uid=3203281,2298407.0,2298407,fetched
MGDS:31813/sentry249_20140528_1701_tide_5.000000e-01x5.000000e-01.grd.gz,HR,https://api.marine-geo.org/services/download/Document_Accept.php?data_uid=3203282,2356287.0,2356287,fetched
MGDS:31813/sentry249_20140528_1701_tide_equal_5.000000e-01x5.000000e-01.grd.gz,HR,https://api.marine-geo.org/services/download/Document_Accept.php?data_uid=3203283,2105558.0,2105558,fetched
MGDS:31813/sentry250_20140529_1505_tide_5.000000e-01x5.000000e-01.grd.gz,HR,https://api.marine-geo.org/services/download/Document_Accept.php?data_uid=3203284,2313820.0,2313820,fetched
MGDS:31813/sentry250_20140529_1505_tide_5.000000e-01x5.000000e-01_autopilot.grd.gz,HR,https://api.marine-geo.org/services/download/Document_Accept.php?data_uid=3203285,610341.0,610341,fetched
MGDS:31813/sentry250_20140529_1505_tide_5.000000e-01x5.000000e-01_gain40.grd.gz,HR,https://api.marine-geo.org/services/download/Document_Accept.php?data_uid=3203286,2216285.0,2216285,fetched
MGDS:31813/sentry250_20140529_1505_tide_5.000000e-01x5.000000e-01_gain50.grd.gz,HR,https://api.marine-geo.org/services/download/Document_Accept.php?data_uid=3203287,2282487.0,2282487,fetched
MGDS:31813/sentry250_20140529_1505_tide_5.000000e-01x5.000000e-01_gain50_navadjust.grd.gz,HR,https://api.marine-geo.org/services/download/Document_Accept.php?data_uid=3203288,2313057.0,2313057,fetched
MGDS:31813/sentry250_20140529_1505_tide_equal_5.000000e-01x5.000000e-01.grd.gz,HR,https://api.marine-geo.org/services/download/Document_Accept.php?data_uid=3203289,2067517.0,2067517,fetched
MGDS:31813/sentry250_20140529_1505_tide_equal_5.000000e-01x5.000000e-01_autopilot.grd.gz,HR,https://api.marine-geo.org/services/download/Document_Accept.php?data_uid=3203290,551488.0,551488,fetched
MGDS:31813/sentry250_20140529_1505_tide_equal_5.000000e-01x5.000000e-01_gain40.grd.gz,HR,https://api.marine-geo.org/services/download/Document_Accept.php?data_uid=3203291,1982356.0,1982356,fetched
MGDS:31813/sentry250_20140529_1505_tide_equal_5.000000e-01x5.000000e-01_gain50.grd.gz,HR,https://api.marine-geo.org/services/download/Document_Accept.php?data_uid=3203292,2038659.0,2038659,fetched
MGDS:31813/sentry250_20140529_1505_tide_equal_5.000000e-01x5.000000e-01_gain50_navadjust.grd.gz,HR,https://api.marine-geo.org/services/download/Document_Accept.php?data_uid=3203293,2067314.0,2067314,fetched
MGDS:31813/sentry252_20140531_1142_tide_5.000000e-01x5.000000e-01.grd.gz,HR,https://api.marine-geo.org/services/download/Document_Accept.php?data_uid=3203294,2668048.0,2668048,fetched
MGDS:31813/sentry252_20140531_1142_tide_5.000000e-01x5.000000e-01_navadjust.grd.gz,HR,https://api.marine-geo.org/services/download/Document_Accept.php?data_uid=3203295,2624602.0,2624602,fetched
MGDS:31813/sentry252_20140531_1142_tide_equal_5.000000e-01x5.000000e-01.grd.gz,HR,https://api.marine-geo.org/services/download/Document_Accept.php?data_uid=3203296,2406658.0,2406658,fetched
MGDS:31813/sentry252_20140531_1142_tide_equal_5.000000e-01x5.000000e-01_navadjust.grd.gz,HR,https://api.marine-geo.org/services/download/Document_Accept.php?data_uid=3203297,2368238.0,2368238,fetched
MGDS:31813/sentry254_20140602_1348_tide_5.000000e-01x5.000000e-01.grd.gz,HR,https://api.marine-geo.org/services/download/Document_Accept.php?data_uid=3203298,3403533.0,3403533,fetched
MGDS:31813/sentry254_20140602_1348_tide_5.000000e-01x5.000000e-01_navadjust.grd.gz,HR,https://api.marine-geo.org/services/download/Document_Accept.php?data_uid=3203299,3394382.0,3394382,fetched
MGDS:31813/sentry254_20140602_1348_tide_equal_5.000000e-01x5.000000e-01.grd.gz,HR,https://api.marine-geo.org/services/download/Document_Accept.php?data_uid=3203300,3055294.0,3055294,fetched
MGDS:31813/sentry254_20140602_1348_tide_equal_5.000000e-01x5.000000e-01_navadjust.grd.gz,HR,https://api.marine-geo.org/services/download/Document_Accept.php?data_uid=3203301,3046860.0,3046860,fetched
MGDS:31813/sentry256_20140604_1438_tide_5.000000e-01x5.000000e-01.grd.gz,HR,https://api.marine-geo.org/services/download/Document_Accept.php?data_uid=3203302,3966076.0,3966076,fetched
MGDS:31813/sentry256_20140604_1438_tide_5.000000e-01x5.000000e-01_navadjust.grd.gz,HR,https://api.marine-geo.org/services/download/Document_Accept.php?data_uid=3203303,3818359.0,3818359,fetched
MGDS:31813/sentry256_20140604_1438_tide_equal_5.000000e-01x5.000000e-01.grd.gz,HR,https://api.marine-geo.org/services/download/Document_Accept.php?data_uid=3203304,3551140.0,3551140,fetched
MGDS:31813/sentry256_20140604_1438_tide_equal_5.000000e-01x5.000000e-01_navadjust.grd.gz,HR,https://api.marine-geo.org/services/download/Document_Accept.php?data_uid=3203305,3421777.0,3421777,fetched
MGDS:31813/sentry257_20140607_1229_tide_1.500000e+00x1.500000e+00.grd.gz,HR,https://api.marine-geo.org/services/download/Document_Accept.php?data_uid=3203306,5149929.0,5149929,fetched
MGDS:31813/sentry257_20140607_1229_tide_5.000000e-01x5.000000e-01.grd.gz,HR,https://api.marine-geo.org/services/download/Document_Accept.php?data_uid=3203307,38520037.0,38520037,fetched
MGDS:31813/sentry257_20140607_1229_tide_equal_1.500000e+00x1.500000e+00.grd.gz,HR,https://api.marine-geo.org/services/download/Document_Accept.php?data_uid=3203308,4574683.0,4574683,fetched
MGDS:31813/sentry257_20140607_1229_tide_equal_5.000000e-01x5.000000e-01.grd.gz,HR,https://api.marine-geo.org/services/download/Document_Accept.php?data_uid=3203309,34226646.0,34226646,fetched
MGDS:31813/sentry257-258_20140608_1403_tide_1.500000e+00x1.500000e+00.grd.gz,HR,https://api.marine-geo.org/services/download/Document_Accept.php?data_uid=3203310,7202445.0,7202445,fetched
MGDS:31813/sentry257-258_20140608_1403_tide_equal_1.500000e+00x1.500000e+00.grd.gz,HR,https://api.marine-geo.org/services/download/Document_Accept.php?data_uid=3203311,6393292.0,6393292,fetched
MGDS:31813/sentry258_20140608_1403_tide_1.500000e+00x1.500000e+00.grd.gz,HR,https://api.marine-geo.org/services/download/Document_Accept.php?data_uid=3203312,2467160.0,2467160,fetched
MGDS:31813/sentry258_20140608_1403_tide_equal_1.500000e+00x1.500000e+00.grd.gz,HR,https://api.marine-geo.org/services/download/Document_Accept.php?data_uid=3203313,2191231.0,2191231,fetched
MGDS:31813/sentry261_20140611_1729_tide_1.500000e+00x1.500000e+00.grd.gz,HR,https://api.marine-geo.org/services/download/Document_Accept.php?data_uid=3203314,425855.0,425855,fetched
MGDS:31813/sentry261_20140611_1729_tide_equal_1.500000e+00x1.500000e+00.grd.gz,HR,https://api.marine-geo.org/services/download/Document_Accept.php?data_uid=3203315,388247.0,388247,fetched
MGDS:31813/sentry262_20140612_1852_tide_1.500000e+00x1.500000e+00.grd.gz,HR,https://api.marine-geo.org/services/download/Document_Accept.php?data_uid=3203316,1028884.0,1028884,fetched
MGDS:31813/sentry262_20140612_1852_tide_equal_1.500000e+00x1.500000e+00.grd.gz,HR,https://api.marine-geo.org/services/download/Document_Accept.php?data_uid=3203317,955455.0,955455,fetched
MGDS:31813/sentry-261-262-263_20140613_2005_tide_1.500000e+00x1.500000e+00.grd.gz,HR,https://api.marine-geo.org/services/download/Document_Accept.php?data_uid=3203318,1822168.0,1822168,fetched
MGDS:31813/sentry-261-262-263_20140613_2005_tide_equal_1.500000e+00x1.500000e+00.grd.gz,HR,https://api.marine-geo.org/services/download/Document_Accept.php?data_uid=3203319,1678194.0,1678194,fetched
MGDS:31813/sentry263_20140613_1419_tide_1.500000e+00x1.500000e+00.grd.gz,HR,https://api.marine-geo.org/services/download/Document_Accept.php?data_uid=3203320,2860676.0,2860676,fetched
MGDS:31813/sentry263_20140613_1419_tide_equal_1.500000e+00x1.500000e+00.grd.gz,HR,https://api.marine-geo.org/services/download/Document_Accept.php?data_uid=3203321,2616517.0,2616517,fetched
MGDS:31813/sentry263_20140613_2005_tide_1.500000e+00x1.500000e+00.grd.gz,HR,https://api.marine-geo.org/services/download/Document_Accept.php?data_uid=3203322,728852.0,728852,fetched
MGDS:31813/sentry263_20140613_2005_tide_equal_1.500000e+00x1.500000e+00.grd.gz,HR,https://api.marine-geo.org/services/download/Document_Accept.php?data_uid=3203323,666223.0,666223,fetched
MGDS:31193/sentry527_20190302_1841_rnv_tide_1.00x1.00_BV01_fledermaus.grd.gz,HR,https://api.marine-geo.org/services/download/Document_Accept.php?data_uid=2827065,7053110.0,7053110,fetched
MGDS:31193/sentry527_20190302_1841_rnv_tide_1.00x1.00_BV02_fledermaus.grd.gz,HR,https://api.marine-geo.org/services/download/Document_Accept.php?data_uid=2827066,7058940.0,7058940,fetched
MGDS:31193/sentry527_20190302_1841_rnv_tide_1.50x1.50_BV02_fledermaus.grd.gz,HR,https://api.marine-geo.org/services/download/Document_Accept.php?data_uid=2827067,3284801.0,3284801,fetched
MGDS:31193/sentry528_20190307_0538_rnv_tide_1.00x1.00_BV01_fledermaus.grd.gz,HR,https://api.marine-geo.org/services/download/Document_Accept.php?data_uid=2827068,31288809.0,31288809,fetched
MGDS:31193/sentry528_20190307_0538_rnv_tide_1.00x1.00_BV01_nocrossings_fledermaus.grd.gz,HR,https://api.marine-geo.org/services/download/Document_Accept.php?data_uid=2827069,30115056.0,30115056,fetched
MGDS:31193/sentry528_20190307_0538_rnv_tide_1.00x1.00_BV02_fledermaus.grd.gz,HR,https://api.marine-geo.org/services/download/Document_Accept.php?data_uid=2827070,30019156.0,30019156,fetched
MGDS:31193/sentry528_20190307_0538_rnv_tide_1.00x1.00_BV02_nocrossings_fledermaus.grd.gz,HR,https://api.marine-geo.org/services/download/Document_Accept.php?data_uid=2827071,28936308.0,28936308,fetched
MGDS:31193/sentry528_20190307_0538_rnv_tide_1.50x1.50_BV02_fledermaus.grd.gz,HR,https://api.marine-geo.org/services/download/Document_Accept.php?data_uid=2827072,13637944.0,13637944,fetched
MGDS:31193/sentry528_20190307_0538_rnv_tide_1.50x1.50_BV02_nocrossings_fledermaus.grd.gz,HR,https://api.marine-geo.org/services/download/Document_Accept.php?data_uid=2827073,13141651.0,13141651,fetched
MGDS:31193/sentry529_20190311_1102_rnv_tide_1.00x1.00_BV01_fledermaus.grd.gz,HR,https://api.marine-geo.org/services/download/Document_Accept.php?data_uid=2827074,25008122.0,25008122,fetched
MGDS:31193/sentry529_20190311_1102_rnv_tide_1.00x1.00_BV01_nocrossings_fledermaus.grd.gz,HR,https://api.marine-geo.org/services/download/Document_Accept.php?data_uid=2827075,24271603.0,24271603,fetched
MGDS:31193/sentry529_20190311_1102_rnv_tide_1.00x1.00_BV02_fledermaus.grd.gz,HR,https://api.marine-geo.org/services/download/Document_Accept.php?data_uid=2827076,25002982.0,25002982,fetched
MGDS:31193/sentry529_20190311_1102_rnv_tide_1.00x1.00_BV02_nocrossings_fledermaus.grd.gz,HR,https://api.marine-geo.org/services/download/Document_Accept.php?data_uid=2827077,24267114.0,24267114,fetched
MGDS:31193/sentry529_20190311_1102_rnv_tide_1.00x1.00_BV03_equal.grd.gz,HR,https://api.marine-geo.org/services/download/Document_Accept.php?data_uid=2827078,13455109.0,13455109,fetched
MGDS:31193/sentry529_20190311_1102_rnv_tide_1.00x1.00_BV03_equal_nocrossings.grd.gz,HR,https://api.marine-geo.org/services/download/Document_Accept.php?data_uid=2827079,21624895.0,21624895,fetched
MGDS:31193/sentry529_20190311_1102_rnv_tide_1.00x1.00_BV03_fledermaus.grd.gz,HR,https://api.marine-geo.org/services/download/Document_Accept.php?data_uid=2827080,25002982.0,25002982,fetched
MGDS:31193/sentry529_20190311_1102_rnv_tide_1.00x1.00_BV03_nocrossings_equal.grd.gz,HR,https://api.marine-geo.org/services/download/Document_Accept.php?data_uid=2827081,16814685.0,16814685,fetched
MGDS:31193/sentry529_20190311_1102_rnv_tide_1.00x1.00_BV03_nocrossings_fledermaus.grd.gz,HR,https://api.marine-geo.org/services/download/Document_Accept.php?data_uid=2827082,24267114.0,24267114,fetched
MGDS:31193/sentry530_20190314_2114_rnv_tide_1.00x1.00_BV01_fledermaus.grd.gz,HR,https://api.marine-geo.org/services/download/Document_Accept.php?data_uid=2827083,23305074.0,23305074,fetched
MGDS:31193/sentry530_20190314_2114_rnv_tide_1.00x1.00_BV01_nocrossings_fledermaus.grd.gz,HR,https://api.marine-geo.org/services/download/Document_Accept.php?data_uid=2827084,21642800.0,21642800,fetched
MGDS:31193/sentry530_20190314_2114_rnv_tide_1.00x1.00_BV02_fledermaus.grd.gz,HR,https://api.marine-geo.org/services/download/Document_Accept.php?data_uid=2827085,23303584.0,23303584,fetched
MGDS:31193/sentry530_20190314_2114_rnv_tide_1.00x1.00_BV02_nocrossings_fledermaus.grd.gz,HR,https://api.marine-geo.org/services/download/Document_Accept.php?data_uid=2827086,21641126.0,21641126,fetched
MGDS:31193/sentry530_20190314_2114_rnv_tide_1.00x1.00_BV03_fledermaus.grd.gz,HR,https://api.marine-geo.org/services/download/Document_Accept.php?data_uid=2827087,23088157.0,23088157,fetched
MGDS:31193/sentry530_20190314_2114_rnv_tide_1.00x1.00_BV03_nocrossings_fledermaus.grd.gz,HR,https://api.marine-geo.org/services/download/Document_Accept.php?data_uid=2827088,21424631.0,21424631,fetched
MGDS:31193/sentry530_20190314_2114_rnv_tide_1.00x1.00_BV04_fledermaus.grd.gz,HR,https://api.marine-geo.org/services/download/Document_Accept.php?data_uid=2827089,23088394.0,23088394,fetched
MGDS:31193/sentry530_20190314_2114_rnv_tide_1.00x1.00_BV04_nocrossings_fledermaus.grd.gz,HR,https://api.marine-geo.org/services/download/Document_Accept.php?data_uid=2827090,21424671.0,21424671,fetched
MGDS:31193/sentry531_20190319_1308_rnv_tide_1.00x1.00_BV02_fledermaus.grd.gz,HR,https://api.marine-geo.org/services/download/Document_Accept.php?data_uid=2827091,26076461.0,26076461,fetched
MGDS:31193/sentry531_20190319_1308_rnv_tide_1.00x1.00_BV02_nocrossings_fledermaus.grd.gz,HR,https://api.marine-geo.org/services/download/Document_Accept.php?data_uid=2827092,24929505.0,24929505,fetched
MGDS:31193/sentry531_20190319_1308_rnv_tide_1.00x1.00_BV03_fledermaus.grd.gz,HR,https://api.marine-geo.org/services/download/Document_Accept.php?data_uid=2827093,26150615.0,26150615,fetched
MGDS:31193/sentry531_20190319_1308_rnv_tide_1.00x1.00_BV03_nocrossings_fledermaus.grd.gz,HR,https://api.marine-geo.org/services/download/Document_Accept.php?data_uid=2827094,25029182.0,25029182,fetched
MGDS:31193/sentry531_20190319_1308_rnv_tide_1.50x1.50_BV03_fledermaus.grd.gz,HR,https://api.marine-geo.org/services/download/Document_Accept.php?data_uid=2827095,11871358.0,11871358,fetched
MGDS:31193/sentry531_20190319_1308_rnv_tide_1.50x1.50_BV03_nocrossings_fledermaus.grd.gz,HR,https://api.marine-geo.org/services/download/Document_Accept.php?data_uid=2827096,11361150.0,11361150,fetched
MANIFEST:cal_dig_morro_bay__20190511m2_BankTopEofCanyon3,HR,local manifest seed: cal_dig_morro_bay__20190511m2_BankTopEofCanyon3,,0,skipped_present
MANIFEST:cal_dig_morro_bay__20190317m2_600mGully,HR,local manifest seed: cal_dig_morro_bay__20190317m2_600mGully,,0,skipped_present
MANIFEST:cal_dig_morro_bay__20190317m1_1000mGully,HR,local manifest seed: cal_dig_morro_bay__20190317m1_1000mGully,,0,skipped_present
MANIFEST:cal_dig_morro_bay__201804_LuciaChica2m,HR,local manifest seed: cal_dig_morro_bay__201804_LuciaChica2m,,0,skipped_present
MANIFEST:cal_dig_morro_bay__20180427m1_Channel700,HR,local manifest seed: cal_dig_morro_bay__20180427m1_Channel700,,0,skipped_present
MANIFEST:cal_dig_morro_bay__20180427m3_PockmarkNorth,HR,local manifest seed: cal_dig_morro_bay__20180427m3_PockmarkNorth,,0,skipped_present
MANIFEST:cal_dig_morro_bay__20190511m1_6thHeadlessCany,HR,local manifest seed: cal_dig_morro_bay__20190511m1_6thHeadlessCany,,0,skipped_present
MANIFEST:cal_dig_morro_bay__20190510m2_BankFlankIncipCh,HR,local manifest seed: cal_dig_morro_bay__20190510m2_BankFlankIncipCh,,0,skipped_present
MANIFEST:cal_dig_morro_bay__20190314m4_LuciaChica970m,HR,local manifest seed: cal_dig_morro_bay__20190314m4_LuciaChica970m,,0,skipped_present
NCEI_MBBDB:EX2206,LR_processed,http://data.ngdc.noaa.gov/platforms/ocean/ships/okeanos_explorer/EX2206/multibeam/data/version1/products/EX2206_MB_FNL_All_WGS84_100m.tif.gz,19424611.0,19424611,fetched
NCEI_MBBDB:lostcity2005,LR_processed,https://data.ngdc.noaa.gov/platforms/ocean/ships/ronald_h._brown/lostcity2005/multibeam/data/version1/products/western_massif_0p0005.asc.gz,566857.0,566857,fetched
NCEI_MBBDB:EX1202L2,LR_processed,https://data.ngdc.noaa.gov/platforms/ocean/ships/okeanos_explorer/EX1202Leg2/multibeam/data/version1/products/EX1202L2_MB_FNL_WGS84_50m.tif.gz,5162073.0,5162073,fetched
NCEI_MBBDB:EX0909,LR_processed,http://data.ngdc.noaa.gov/platforms/ocean/ships/okeanos_explorer/EX0909/multibeam/data/version2/products/EX0909_Leg1_NeckerRidge_LongLat_100m.tif.gz,514870.0,514870,fetched
NCEI_MBBDB:EX1402L2,LR_processed,http://data.ngdc.noaa.gov/platforms/ocean/ships/okeanos_explorer/EX1402L2/multibeam/data/version1/products/EX1402L2_MB_FNL_01_50m_WGS84.tif.gz,743463.0,743463,fetched
NCEI_MBBDB:EX1202L3,LR_processed,https://data.ngdc.noaa.gov/platforms/ocean/ships/okeanos_explorer/EX1202Leg3/multibeam/data/version1/products/EX1202L3_MB_FNL_100m_WGS84.tif.gz,7882154.0,7882154,fetched
NCEI_MBBDB:EX1206,LR_processed,https://data.ngdc.noaa.gov/platforms/ocean/ships/okeanos_explorer/EX1206/multibeam/data/version1/products/EX1206_MB_FNL_100m_WGS84.tif.gz,1084714.0,1084714,fetched
NCEI_MBBDB:NR07-1,LR_processed,http://data.ngdc.noaa.gov/platforms/ocean/ships/northern_resolution/NR07-1/multibeam/data/version1/products/GulfofMexico_FloridaEscarpment_ASCII_bathy.xyz.gz,9660830.0,9660830,fetched
NCEI_MBBDB:NR07-1,LR_processed,http://data.ngdc.noaa.gov/platforms/ocean/ships/northern_resolution/NR07-1/multibeam/data/version1/products/GulfofMexico_FloridaEscarpment_ASCII_bathy.xyz.gz,9660830.0,9660830,fetched
