file_name,advertised_kbyte,advertised_bytes,url,start_time
S0_0000_20141106_095919_Meteor_EM122.all,32261.031,33035296,https://hs.pangaea.de/bathy/M112/EM122/S0_0000_20141106_095919_Meteor_EM122.all,2014-11-06 09:59:19+00:00
S0_0001_20141106_102911_Meteor_EM122.all,32789.66,33576612,https://hs.pangaea.de/bathy/M112/EM122/S0_0001_20141106_102911_Meteor_EM122.all,2014-11-06 10:29:11+00:00
S0_0002_20141106_105918_Meteor_EM122.all,37370.938,38267841,https://hs.pangaea.de/bathy/M112/EM122/S0_0002_20141106_105918_Meteor_EM122.all,2014-11-06 10:59:18+00:00
S0_0003_20141106_113314_Meteor_EM122.all,27735.383,28401032,https://hs.pangaea.de/bathy/M112/EM122/S0_0003_20141106_113314_Meteor_EM122.all,2014-11-06 11:33:14+00:00
S0_0004_20141106_115912_Meteor_EM122.all,31667.896,32427926,https://hs.pangaea.de/bathy/M112/EM122/S0_0004_20141106_115912_Meteor_EM122.all,2014-11-06 11:59:12+00:00
S0_0005_20141106_122913_Meteor_EM122.all,31676.516,32436752,https://hs.pangaea.de/bathy/M112/EM122/S0_0005_20141106_122913_Meteor_EM122.all,2014-11-06 12:29:13+00:00
S0_0006_20141106_125917_Meteor_EM122.all,32536.08,33316946,https://hs.pangaea.de/bathy/M112/EM122/S0_0006_20141106_125917_Meteor_EM122.all,2014-11-06 12:59:17+00:00
S0_0007_20141106_132918_Meteor_EM122.all,32326.271,33102102,https://hs.pangaea.de/bathy/M112/EM122/S0_0007_20141106_132918_Meteor_EM122.all,2014-11-06 13:29:18+00:00
S0_0008_20141106_135919_Meteor_EM122.all,32165.615,32937590,https://hs.pangaea.de/bathy/M112/EM122/S0_0008_20141106_135919_Meteor_EM122.all,2014-11-06 13:59:19+00:00
S0_0009_20141106_142913_Meteor_EM122.all,32335.871,33111932,https://hs.pangaea.de/bathy/M112/EM122/S0_0009_20141106_142913_Meteor_EM122.all,2014-11-06 14:29:13+00:00
S0_0010_20141106_145915_Meteor_EM122.all,29731.695,30445256,https://hs.pangaea.de/bathy/M112/EM122/S0_0010_20141106_145915_Meteor_EM122.all,2014-11-06 14:59:15+00:00
S1_0000_20141106_153048_M112_EM122.all,32548.176,33329332,https://hs.pangaea.de/bathy/M112/EM122/S1_0000_20141106_153048_M112_EM122.all,2014-11-06 15:30:48+00:00
S1_0001_20141106_160042_M112_EM122.all,32165.906,32937888,https://hs.pangaea.de/bathy/M112/EM122/S1_0001_20141106_160042_M112_EM122.all,2014-11-06 16:00:42+00:00
S1_0002_20141106_163047_M112_EM122.all,31915.982,32681966,https://hs.pangaea.de/bathy/M112/EM122/S1_0002_20141106_163047_M112_EM122.all,2014-11-06 16:30:47+00:00
S1_0003_20141106_170049_M112_EM122.all,31710.307,32471354,https://hs.pangaea.de/bathy/M112/EM122/S1_0003_20141106_170049_M112_EM122.all,2014-11-06 17:00:49+00:00
S1_0004_20141106_173046_M112_EM122.all,31834.74,32598774,https://hs.pangaea.de/bathy/M112/EM122/S1_0004_20141106_173046_M112_EM122.all,2014-11-06 17:30:46+00:00
S1_0005_20141106_180043_M112_EM122.all,31195.574,31944268,https://hs.pangaea.de/bathy/M112/EM122/S1_0005_20141106_180043_M112_EM122.all,2014-11-06 18:00:43+00:00
S1_0006_20141106_183048_M112_EM122.all,31325.236,32077042,https://hs.pangaea.de/bathy/M112/EM122/S1_0006_20141106_183048_M112_EM122.all,2014-11-06 18:30:48+00:00
S1_0007_20141106_190049_M112_EM122.all,31723.205,32484562,https://hs.pangaea.de/bathy/M112/EM122/S1_0007_20141106_190049_M112_EM122.all,2014-11-06 19:00:49+00:00
S1_0008_20141106_193045_M112_EM122.all,32624.678,33407670,https://hs.pangaea.de/bathy/M112/EM122/S1_0008_20141106_193045_M112_EM122.all,2014-11-06 19:30:45+00:00
S1_0009_20141106_200049_M112_EM122.all,32441.457,33220052,https://hs.pangaea.de/bathy/M112/EM122/S1_0009_20141106_200049_M112_EM122.all,2014-11-06 20:00:49+00:00
S1_0010_20141106_203046_M112_EM122.all,32709.51,33494538,https://hs.pangaea.de/bathy/M112/EM122/S1_0010_20141106_203046_M112_EM122.all,2014-11-06 20:30:46+00:00
S1_0011_20141106_210046_M112_EM122.all,32940.512,33731084,https://hs.pangaea.de/bathy/M112/EM122/S1_0011_20141106_210046_M112_EM122.all,2014-11-06 21:00:46+00:00
S1_0012_20141106_213043_M112_EM122.all,33649.039,34456616,https://hs.pangaea.de/bathy/M112/EM122/S1_0012_20141106_213043_M112_EM122.all,2014-11-06 21:30:43+00:00
S1_0013_20141106_220047_M112_EM122.all,33088.281,33882400,https://hs.pangaea.de/bathy/M112/EM122/S1_0013_20141106_220047_M112_EM122.all,2014-11-06 22:00:47+00:00
S1_0014_20141106_223046_M112_EM122.all,32690.445,33475016,https://hs.pangaea.de/bathy/M112/EM122/S1_0014_20141106_223046_M112_EM122.all,2014-11-06 22:30:46+00:00
S1_0015_20141106_230049_M112_EM122.all,31473.801,32229172,https://hs.pangaea.de/bathy/M112/EM122/S1_0015_20141106_230049_M112_EM122.all,2014-11-06 23:00:49+00:00
S1_0016_20141106_233045_M112_EM122.all,32779.656,33566368,https://hs.pangaea.de/bathy/M112/EM122/S1_0016_20141106_233045_M112_EM122.all,2014-11-06 23:30:45+00:00
S1_0017_20141107_000042_M112_EM122.all,33494.797,34298672,https://hs.pangaea.de/bathy/M112/EM122/S1_0017_20141107_000042_M112_EM122.all,2014-11-07 00:00:42+00:00
S1_0018_20141107_003046_M112_EM122.all,34473.027,35300380,https://hs.pangaea.de/bathy/M112/EM122/S1_0018_20141107_003046_M112_EM122.all,2014-11-07 00:30:46+00:00
S1_0019_20141107_010048_M112_EM122.all,34627.508,35458568,https://hs.pangaea.de/bathy/M112/EM122/S1_0019_20141107_010048_M112_EM122.all,2014-11-07 01:00:48+00:00
S1_0020_20141107_013041_M112_EM122.all,34313.055,35136568,https://hs.pangaea.de/bathy/M112/EM122/S1_0020_20141107_013041_M112_EM122.all,2014-11-07 01:30:41+00:00
S1_0021_20141107_020043_M112_EM122.all,32655.629,33439364,https://hs.pangaea.de/bathy/M112/EM122/S1_0021_20141107_020043_M112_EM122.all,2014-11-07 02:00:43+00:00
S1_0022_20141107_023044_M112_EM122.all,33375.57,34176584,https://hs.pangaea.de/bathy/M112/EM122/S1_0022_20141107_023044_M112_EM122.all,2014-11-07 02:30:44+00:00
S1_0023_20141107_030043_M112_EM122.all,33830.789,34642728,https://hs.pangaea.de/bathy/M112/EM122/S1_0023_20141107_030043_M112_EM122.all,2014-11-07 03:00:43+00:00
S1_0024_20141107_033045_M112_EM122.all,32577.088,33358938,https://hs.pangaea.de/bathy/M112/EM122/S1_0024_20141107_033045_M112_EM122.all,2014-11-07 03:30:45+00:00
S1_0025_20141107_040045_M112_EM122.all,40082.555,41044536,https://hs.pangaea.de/bathy/M112/EM122/S1_0025_20141107_040045_M112_EM122.all,2014-11-07 04:00:45+00:00
S1_0026_20141107_043046_M112_EM122.all,37972.289,38883624,https://hs.pangaea.de/bathy/M112/EM122/S1_0026_20141107_043046_M112_EM122.all,2014-11-07 04:30:46+00:00
S1_0027_20141107_050045_M112_EM122.all,38601.75,39528192,https://hs.pangaea.de/bathy/M112/EM122/S1_0027_20141107_050045_M112_EM122.all,2014-11-07 05:00:45+00:00
S1_0028_20141107_053043_M112_EM122.all,38968.945,39904200,https://hs.pangaea.de/bathy/M112/EM122/S1_0028_20141107_053043_M112_EM122.all,2014-11-07 05:30:43+00:00
S1_0029_20141107_060048_M112_EM122.all,37467.578,38366800,https://hs.pangaea.de/bathy/M112/EM122/S1_0029_20141107_060048_M112_EM122.all,2014-11-07 06:00:48+00:00
S1_0030_20141107_063042_M112_EM122.all,37120.32,38011208,https://hs.pangaea.de/bathy/M112/EM122/S1_0030_20141107_063042_M112_EM122.all,2014-11-07 06:30:42+00:00
S1_0031_20141107_070045_M112_EM122.all,37301.566,38196804,https://hs.pangaea.de/bathy/M112/EM122/S1_0031_20141107_070045_M112_EM122.all,2014-11-07 07:00:45+00:00
S1_0032_20141107_073048_M112_EM122.all,38457.57,39380552,https://hs.pangaea.de/bathy/M112/EM122/S1_0032_20141107_073048_M112_EM122.all,2014-11-07 07:30:48+00:00
S1_0033_20141107_080044_M112_EM122.all,37444.633,38343304,https://hs.pangaea.de/bathy/M112/EM122/S1_0033_20141107_080044_M112_EM122.all,2014-11-07 08:00:44+00:00
S1_0034_20141107_083042_M112_EM122.all,38871.969,39804896,https://hs.pangaea.de/bathy/M112/EM122/S1_0034_20141107_083042_M112_EM122.all,2014-11-07 08:30:42+00:00
S1_0035_20141107_090043_M112_EM122.all,33486.813,34290497,https://hs.pangaea.de/bathy/M112/EM122/S1_0035_20141107_090043_M112_EM122.all,2014-11-07 09:00:43+00:00
S1_0036_20141107_093043_M112_EM122.all,19824.105,20299884,https://hs.pangaea.de/bathy/M112/EM122/S1_0036_20141107_093043_M112_EM122.all,2014-11-07 09:30:43+00:00
S1_0037_20141107_094552_M112_EM122.all,38609.211,39535832,https://hs.pangaea.de/bathy/M112/EM122/S1_0037_20141107_094552_M112_EM122.all,2014-11-07 09:45:52+00:00
S1_0038_20141107_101556_M112_EM122.all,38680.961,39609304,https://hs.pangaea.de/bathy/M112/EM122/S1_0038_20141107_101556_M112_EM122.all,2014-11-07 10:15:56+00:00
S1_0039_20141107_104553_M112_EM122.all,37885.656,38794912,https://hs.pangaea.de/bathy/M112/EM122/S1_0039_20141107_104553_M112_EM122.all,2014-11-07 10:45:53+00:00
S1_0040_20141107_111553_M112_EM122.all,36310.332,37181780,https://hs.pangaea.de/bathy/M112/EM122/S1_0040_20141107_111553_M112_EM122.all,2014-11-07 11:15:53+00:00
S1_0041_20141107_114553_M112_EM122.all,35341.254,36189444,https://hs.pangaea.de/bathy/M112/EM122/S1_0041_20141107_114553_M112_EM122.all,2014-11-07 11:45:53+00:00
S1_0042_20141107_121551_M112_EM122.all,36210.609,37079664,https://hs.pangaea.de/bathy/M112/EM122/S1_0042_20141107_121551_M112_EM122.all,2014-11-07 12:15:51+00:00
S1_0043_20141107_124552_M112_EM122.all,35583.078,36437072,https://hs.pangaea.de/bathy/M112/EM122/S1_0043_20141107_124552_M112_EM122.all,2014-11-07 12:45:52+00:00
S1_0044_20141107_131556_M112_EM122.all,34378.438,35203521,https://hs.pangaea.de/bathy/M112/EM122/S1_0044_20141107_131556_M112_EM122.all,2014-11-07 13:15:56+00:00
S1_0045_20141107_134553_M112_EM122.all,37856.734,38765296,https://hs.pangaea.de/bathy/M112/EM122/S1_0045_20141107_134553_M112_EM122.all,2014-11-07 13:45:53+00:00
S1_0046_20141107_141555_M112_EM122.all,38059.938,38973377,https://hs.pangaea.de/bathy/M112/EM122/S1_0046_20141107_141555_M112_EM122.all,2014-11-07 14:15:55+00:00
S1_0047_20141107_144555_M112_EM122.all,37766.406,38672800,https://hs.pangaea.de/bathy/M112/EM122/S1_0047_20141107_144555_M112_EM122.all,2014-11-07 14:45:55+00:00
S1_0048_20141107_151551_M112_EM122.all,37555.477,38456808,https://hs.pangaea.de/bathy/M112/EM122/S1_0048_20141107_151551_M112_EM122.all,2014-11-07 15:15:51+00:00
S1_0049_20141107_154553_M112_EM122.all,37642.074,38545484,https://hs.pangaea.de/bathy/M112/EM122/S1_0049_20141107_154553_M112_EM122.all,2014-11-07 15:45:53+00:00
S1_0050_20141107_161552_M112_EM122.all,38816.367,39747960,https://hs.pangaea.de/bathy/M112/EM122/S1_0050_20141107_161552_M112_EM122.all,2014-11-07 16:15:52+00:00
S1_0051_20141107_164553_M112_EM122.all,21831.682,22355642,https://hs.pangaea.de/bathy/M112/EM122/S1_0051_20141107_164553_M112_EM122.all,2014-11-07 16:45:53+00:00
S1_0052_20141107_170242_M112_EM122.all,39268.258,40210696,https://hs.pangaea.de/bathy/M112/EM122/S1_0052_20141107_170242_M112_EM122.all,2014-11-07 17:02:42+00:00
S1_0053_20141107_173241_M112_EM122.all,39633.008,40584200,https://hs.pangaea.de/bathy/M112/EM122/S1_0053_20141107_173241_M112_EM122.all,2014-11-07 17:32:41+00:00
S1_0054_20141107_180239_M112_EM122.all,40000.648,40960664,https://hs.pangaea.de/bathy/M112/EM122/S1_0054_20141107_180239_M112_EM122.all,2014-11-07 18:02:39+00:00
S1_0055_20141107_183243_M112_EM122.all,39844.305,40800568,https://hs.pangaea.de/bathy/M112/EM122/S1_0055_20141107_183243_M112_EM122.all,2014-11-07 18:32:43+00:00
S1_0056_20141107_190239_M112_EM122.all,37716.234,38621424,https://hs.pangaea.de/bathy/M112/EM122/S1_0056_20141107_190239_M112_EM122.all,2014-11-07 19:02:39+00:00
S1_0057_20141107_193239_M112_EM122.all,39340.414,40284584,https://hs.pangaea.de/bathy/M112/EM122/S1_0057_20141107_193239_M112_EM122.all,2014-11-07 19:32:39+00:00
S1_0058_20141107_200244_M112_EM122.all,38954.969,39889888,https://hs.pangaea.de/bathy/M112/EM122/S1_0058_20141107_200244_M112_EM122.all,2014-11-07 20:02:44+00:00
S1_0059_20141107_203239_M112_EM122.all,40053.98,41015276,https://hs.pangaea.de/bathy/M112/EM122/S1_0059_20141107_203239_M112_EM122.all,2014-11-07 20:32:39+00:00
S1_0060_20141107_210238_M112_EM122.all,39745.473,40699364,https://hs.pangaea.de/bathy/M112/EM122/S1_0060_20141107_210238_M112_EM122.all,2014-11-07 21:02:38+00:00
S1_0061_20141107_213240_M112_EM122.all,40531.828,41504592,https://hs.pangaea.de/bathy/M112/EM122/S1_0061_20141107_213240_M112_EM122.all,2014-11-07 21:32:40+00:00
S1_0062_20141107_220241_M112_EM122.all,39737.238,40690932,https://hs.pangaea.de/bathy/M112/EM122/S1_0062_20141107_220241_M112_EM122.all,2014-11-07 22:02:41+00:00
S1_0063_20141107_223240_M112_EM122.all,38516.555,39440952,https://hs.pangaea.de/bathy/M112/EM122/S1_0063_20141107_223240_M112_EM122.all,2014-11-07 22:32:40+00:00
S1_0064_20141107_230243_M112_EM122.all,38531.867,39456632,https://hs.pangaea.de/bathy/M112/EM122/S1_0064_20141107_230243_M112_EM122.all,2014-11-07 23:02:43+00:00
S1_0065_20141107_233239_M112_EM122.all,39217.996,40159228,https://hs.pangaea.de/bathy/M112/EM122/S1_0065_20141107_233239_M112_EM122.all,2014-11-07 23:32:39+00:00
S1_0066_20141108_000238_M112_EM122.all,38650.105,39577708,https://hs.pangaea.de/bathy/M112/EM122/S1_0066_20141108_000238_M112_EM122.all,2014-11-08 00:02:38+00:00
S1_0067_20141108_003244_M112_EM122.all,38868.734,39801584,https://hs.pangaea.de/bathy/M112/EM122/S1_0067_20141108_003244_M112_EM122.all,2014-11-08 00:32:44+00:00
S1_0068_20141108_010240_M112_EM122.all,39972.984,40932336,https://hs.pangaea.de/bathy/M112/EM122/S1_0068_20141108_010240_M112_EM122.all,2014-11-08 01:02:40+00:00
S1_0069_20141108_013238_M112_EM122.all,39510.051,40458292,https://hs.pangaea.de/bathy/M112/EM122/S1_0069_20141108_013238_M112_EM122.all,2014-11-08 01:32:38+00:00
S1_0070_20141108_020240_M112_EM122.all,40750.719,41728736,https://hs.pangaea.de/bathy/M112/EM122/S1_0070_20141108_020240_M112_EM122.all,2014-11-08 02:02:40+00:00
S1_0071_20141108_023239_M112_EM122.all,34420.336,35246424,https://hs.pangaea.de/bathy/M112/EM122/S1_0071_20141108_023239_M112_EM122.all,2014-11-08 02:32:39+00:00
S1_0072_20141108_025848_M112_EM122.all,29646.971,30358498,https://hs.pangaea.de/bathy/M112/EM122/S1_0072_20141108_025848_M112_EM122.all,2014-11-08 02:58:48+00:00
S1_0073_20141108_032652_M112_EM122.all,36320.75,37192448,https://hs.pangaea.de/bathy/M112/EM122/S1_0073_20141108_032652_M112_EM122.all,2014-11-08 03:26:52+00:00
S1_0074_20141108_035655_M112_EM122.all,36467.18,37342392,https://hs.pangaea.de/bathy/M112/EM122/S1_0074_20141108_035655_M112_EM122.all,2014-11-08 03:56:55+00:00
S1_0075_20141108_042653_M112_EM122.all,11247.494,11517434,https://hs.pangaea.de/bathy/M112/EM122/S1_0075_20141108_042653_M112_EM122.all,2014-11-08 04:26:53+00:00
S1_0076_20141108_043440_M112_EM122.all,43210.281,44247328,https://hs.pangaea.de/bathy/M112/EM122/S1_0076_20141108_043440_M112_EM122.all,2014-11-08 04:34:40+00:00
S1_0077_20141108_050440_M112_EM122.all,2754.117,2820216,https://hs.pangaea.de/bathy/M112/EM122/S1_0077_20141108_050440_M112_EM122.all,2014-11-08 05:04:40+00:00
S1_0078_20141108_050631_M112_EM122.all,37410.508,38308360,https://hs.pangaea.de/bathy/M112/EM122/S1_0078_20141108_050631_M112_EM122.all,2014-11-08 05:06:31+00:00
S1_0079_20141108_053631_M112_EM122.all,16131.867,16519032,https://hs.pangaea.de/bathy/M112/EM122/S1_0079_20141108_053631_M112_EM122.all,2014-11-08 05:36:31+00:00
S1_0080_20141108_054850_M112_EM122.all,43494.773,44538648,https://hs.pangaea.de/bathy/M112/EM122/S1_0080_20141108_054850_M112_EM122.all,2014-11-08 05:48:50+00:00
S1_0081_20141108_061852_M112_EM122.all,6557.729,6715114,https://hs.pangaea.de/bathy/M112/EM122/S1_0081_20141108_061852_M112_EM122.all,2014-11-08 06:18:52+00:00
S1_0082_20141108_062338_M112_EM122.all,40811.117,41790584,https://hs.pangaea.de/bathy/M112/EM122/S1_0082_20141108_062338_M112_EM122.all,2014-11-08 06:23:38+00:00
S1_0083_20141108_065335_M112_EM122.all,24674.586,25266776,https://hs.pangaea.de/bathy/M112/EM122/S1_0083_20141108_065335_M112_EM122.all,2014-11-08 06:53:35+00:00
S1_0084_20141108_071119_M112_EM122.all,41921.41,42927524,https://hs.pangaea.de/bathy/M112/EM122/S1_0084_20141108_071119_M112_EM122.all,2014-11-08 07:11:19+00:00
S1_0085_20141108_074121_M112_EM122.all,41235.109,42224752,https://hs.pangaea.de/bathy/M112/EM122/S1_0085_20141108_074121_M112_EM122.all,2014-11-08 07:41:21+00:00
S1_0086_20141108_081121_M112_EM122.all,39700.434,40653244,https://hs.pangaea.de/bathy/M112/EM122/S1_0086_20141108_081121_M112_EM122.all,2014-11-08 08:11:21+00:00
S1_0087_20141108_084118_M112_EM122.all,40447.516,41418256,https://hs.pangaea.de/bathy/M112/EM122/S1_0087_20141108_084118_M112_EM122.all,2014-11-08 08:41:18+00:00
S1_0088_20141108_091122_M112_EM122.all,41999.297,43007280,https://hs.pangaea.de/bathy/M112/EM122/S1_0088_20141108_091122_M112_EM122.all,2014-11-08 09:11:22+00:00
S1_0089_20141108_094118_M112_EM122.all,41898.105,42903660,https://hs.pangaea.de/bathy/M112/EM122/S1_0089_20141108_094118_M112_EM122.all,2014-11-08 09:41:18+00:00
S1_0090_20141108_101117_M112_EM122.all,41093.156,42079392,https://hs.pangaea.de/bathy/M112/EM122/S1_0090_20141108_101117_M112_EM122.all,2014-11-08 10:11:17+00:00
S1_0091_20141108_104120_M112_EM122.all,13559.324,13884748,https://hs.pangaea.de/bathy/M112/EM122/S1_0091_20141108_104120_M112_EM122.all,2014-11-08 10:41:20+00:00
S1_0092_20141108_105101_M112_EM122.all,40658.648,41634456,https://hs.pangaea.de/bathy/M112/EM122/S1_0092_20141108_105101_M112_EM122.all,2014-11-08 10:51:01+00:00
S1_0093_20141108_112103_M112_EM122.all,42217.219,43230432,https://hs.pangaea.de/bathy/M112/EM122/S1_0093_20141108_112103_M112_EM122.all,2014-11-08 11:21:03+00:00
S1_0094_20141108_115101_M112_EM122.all,42877.352,43906408,https://hs.pangaea.de/bathy/M112/EM122/S1_0094_20141108_115101_M112_EM122.all,2014-11-08 11:51:01+00:00
S1_0095_20141108_122058_M112_EM122.all,42178.391,43190672,https://hs.pangaea.de/bathy/M112/EM122/S1_0095_20141108_122058_M112_EM122.all,2014-11-08 12:20:58+00:00
S1_0096_20141108_125101_M112_EM122.all,41398.652,42392220,https://hs.pangaea.de/bathy/M112/EM122/S1_0096_20141108_125101_M112_EM122.all,2014-11-08 12:51:01+00:00
S1_0097_20141108_132059_M112_EM122.all,41246.102,42236008,https://hs.pangaea.de/bathy/M112/EM122/S1_0097_20141108_132059_M112_EM122.all,2014-11-08 13:20:59+00:00
S1_0098_20141108_135103_M112_EM122.all,41568.789,42566440,https://hs.pangaea.de/bathy/M112/EM122/S1_0098_20141108_135103_M112_EM122.all,2014-11-08 13:51:03+00:00
S1_0099_20141108_142103_M112_EM122.all,41143.473,42130916,https://hs.pangaea.de/bathy/M112/EM122/S1_0099_20141108_142103_M112_EM122.all,2014-11-08 14:21:03+00:00
S1_0100_20141108_145104_M112_EM122.all,41616.516,42615312,https://hs.pangaea.de/bathy/M112/EM122/S1_0100_20141108_145104_M112_EM122.all,2014-11-08 14:51:04+00:00
S1_0101_20141108_152058_M112_EM122.all,40957.102,41940072,https://hs.pangaea.de/bathy/M112/EM122/S1_0101_20141108_152058_M112_EM122.all,2014-11-08 15:20:58+00:00
S1_0102_20141108_155103_M112_EM122.all,41397.5,42391040,https://hs.pangaea.de/bathy/M112/EM122/S1_0102_20141108_155103_M112_EM122.all,2014-11-08 15:51:03+00:00
S1_0103_20141108_162058_M112_EM122.all,41455.945,42450888,https://hs.pangaea.de/bathy/M112/EM122/S1_0103_20141108_162058_M112_EM122.all,2014-11-08 16:20:58+00:00
S1_0104_20141108_165100_M112_EM122.all,41059.461,42044888,https://hs.pangaea.de/bathy/M112/EM122/S1_0104_20141108_165100_M112_EM122.all,2014-11-08 16:51:00+00:00
S1_0105_20141108_172102_M112_EM122.all,41394.82,42388296,https://hs.pangaea.de/bathy/M112/EM122/S1_0105_20141108_172102_M112_EM122.all,2014-11-08 17:21:02+00:00
S1_0106_20141108_175100_M112_EM122.all,41935.938,42942401,https://hs.pangaea.de/bathy/M112/EM122/S1_0106_20141108_175100_M112_EM122.all,2014-11-08 17:51:00+00:00
S1_0107_20141108_182059_M112_EM122.all,41607.262,42605836,https://hs.pangaea.de/bathy/M112/EM122/S1_0107_20141108_182059_M112_EM122.all,2014-11-08 18:20:59+00:00
S1_0108_20141108_185102_M112_EM122.all,41178.055,42166328,https://hs.pangaea.de/bathy/M112/EM122/S1_0108_20141108_185102_M112_EM122.all,2014-11-08 18:51:02+00:00
S1_0109_20141108_192101_M112_EM122.all,41976.664,42984104,https://hs.pangaea.de/bathy/M112/EM122/S1_0109_20141108_192101_M112_EM122.all,2014-11-08 19:21:01+00:00
S1_0110_20141108_195058_M112_EM122.all,42189.156,43201696,https://hs.pangaea.de/bathy/M112/EM122/S1_0110_20141108_195058_M112_EM122.all,2014-11-08 19:50:58+00:00
S1_0111_20141108_202103_M112_EM122.all,41735.188,42736833,https://hs.pangaea.de/bathy/M112/EM122/S1_0111_20141108_202103_M112_EM122.all,2014-11-08 20:21:03+00:00
S1_0112_20141108_205100_M112_EM122.all,41634.266,42633488,https://hs.pangaea.de/bathy/M112/EM122/S1_0112_20141108_205100_M112_EM122.all,2014-11-08 20:51:00+00:00
S1_0113_20141108_212100_M112_EM122.all,40249.262,41215244,https://hs.pangaea.de/bathy/M112/EM122/S1_0113_20141108_212100_M112_EM122.all,2014-11-08 21:21:00+00:00
S1_0114_20141108_215059_M112_EM122.all,41337.969,42330080,https://hs.pangaea.de/bathy/M112/EM122/S1_0114_20141108_215059_M112_EM122.all,2014-11-08 21:50:59+00:00
S1_0115_20141108_222103_M112_EM122.all,37302.848,38198116,https://hs.pangaea.de/bathy/M112/EM122/S1_0115_20141108_222103_M112_EM122.all,2014-11-08 22:21:03+00:00
S1_0116_20141108_225106_M112_EM122.all,34790.781,35625760,https://hs.pangaea.de/bathy/M112/EM122/S1_0116_20141108_225106_M112_EM122.all,2014-11-08 22:51:06+00:00
S1_0117_20141108_232100_M112_EM122.all,35960.078,36823120,https://hs.pangaea.de/bathy/M112/EM122/S1_0117_20141108_232100_M112_EM122.all,2014-11-08 23:21:00+00:00
S1_0118_20141108_235104_M112_EM122.all,39453.766,40400656,https://hs.pangaea.de/bathy/M112/EM122/S1_0118_20141108_235104_M112_EM122.all,2014-11-08 23:51:04+00:00
S1_0119_20141109_002101_M112_EM122.all,40283.063,41249857,https://hs.pangaea.de/bathy/M112/EM122/S1_0119_20141109_002101_M112_EM122.all,2014-11-09 00:21:01+00:00
S1_0120_20141109_005100_M112_EM122.all,40583.258,41557256,https://hs.pangaea.de/bathy/M112/EM122/S1_0120_20141109_005100_M112_EM122.all,2014-11-09 00:51:00+00:00
S1_0121_20141109_012104_M112_EM122.all,40344.379,41312644,https://hs.pangaea.de/bathy/M112/EM122/S1_0121_20141109_012104_M112_EM122.all,2014-11-09 01:21:04+00:00
S1_0122_20141109_015102_M112_EM122.all,39489.25,40436992,https://hs.pangaea.de/bathy/M112/EM122/S1_0122_20141109_015102_M112_EM122.all,2014-11-09 01:51:02+00:00
S1_0123_20141109_022059_M112_EM122.all,40094.391,41056656,https://hs.pangaea.de/bathy/M112/EM122/S1_0123_20141109_022059_M112_EM122.all,2014-11-09 02:20:59+00:00
S1_0124_20141109_025102_M112_EM122.all,39590.563,40540737,https://hs.pangaea.de/bathy/M112/EM122/S1_0124_20141109_025102_M112_EM122.all,2014-11-09 02:51:02+00:00
S1_0125_20141109_032104_M112_EM122.all,39591.883,40542088,https://hs.pangaea.de/bathy/M112/EM122/S1_0125_20141109_032104_M112_EM122.all,2014-11-09 03:21:04+00:00
S1_0126_20141109_035104_M112_EM122.all,39572.508,40522248,https://hs.pangaea.de/bathy/M112/EM122/S1_0126_20141109_035104_M112_EM122.all,2014-11-09 03:51:04+00:00
S1_0127_20141109_042101_M112_EM122.all,36080.281,36946208,https://hs.pangaea.de/bathy/M112/EM122/S1_0127_20141109_042101_M112_EM122.all,2014-11-09 04:21:01+00:00
S2_0000_20141109_084727_M112_EM122.all,40574.336,41548120,https://hs.pangaea.de/bathy/M112/EM122/S2_0000_20141109_084727_M112_EM122.all,2014-11-09 08:47:27+00:00
S2_0001_20141109_091732_M112_EM122.all,39621.398,40572312,https://hs.pangaea.de/bathy/M112/EM122/S2_0001_20141109_091732_M112_EM122.all,2014-11-09 09:17:32+00:00
S2_0002_20141109_094733_M112_EM122.all,39930.168,40888492,https://hs.pangaea.de/bathy/M112/EM122/S2_0002_20141109_094733_M112_EM122.all,2014-11-09 09:47:33+00:00
S2_0003_20141109_101731_M112_EM122.all,40149.762,41113356,https://hs.pangaea.de/bathy/M112/EM122/S2_0003_20141109_101731_M112_EM122.all,2014-11-09 10:17:31+00:00
S2_0004_20141109_104729_M112_EM122.all,41049.133,42034312,https://hs.pangaea.de/bathy/M112/EM122/S2_0004_20141109_104729_M112_EM122.all,2014-11-09 10:47:29+00:00
S2_0005_20141109_111730_M112_EM122.all,39323.773,40267544,https://hs.pangaea.de/bathy/M112/EM122/S2_0005_20141109_111730_M112_EM122.all,2014-11-09 11:17:30+00:00
S2_0006_20141109_114730_M112_EM122.all,39032.039,39968808,https://hs.pangaea.de/bathy/M112/EM122/S2_0006_20141109_114730_M112_EM122.all,2014-11-09 11:47:30+00:00
S2_0007_20141109_121731_M112_EM122.all,37735.008,38640648,https://hs.pangaea.de/bathy/M112/EM122/S2_0007_20141109_121731_M112_EM122.all,2014-11-09 12:17:31+00:00
S2_0008_20141109_124728_M112_EM122.all,41136.594,42123872,https://hs.pangaea.de/bathy/M112/EM122/S2_0008_20141109_124728_M112_EM122.all,2014-11-09 12:47:28+00:00
S2_0009_20141109_131732_M112_EM122.all,42544.789,43565864,https://hs.pangaea.de/bathy/M112/EM122/S2_0009_20141109_131732_M112_EM122.all,2014-11-09 13:17:32+00:00
S2_0010_20141109_134731_M112_EM122.all,41772.93,42775480,https://hs.pangaea.de/bathy/M112/EM122/S2_0010_20141109_134731_M112_EM122.all,2014-11-09 13:47:31+00:00
S2_0011_20141109_141731_M112_EM122.all,41733.461,42735064,https://hs.pangaea.de/bathy/M112/EM122/S2_0011_20141109_141731_M112_EM122.all,2014-11-09 14:17:31+00:00
S2_0012_20141109_144731_M112_EM122.all,41458.652,42453660,https://hs.pangaea.de/bathy/M112/EM122/S2_0012_20141109_144731_M112_EM122.all,2014-11-09 14:47:31+00:00
S2_0013_20141109_151731_M112_EM122.all,41357.086,42349656,https://hs.pangaea.de/bathy/M112/EM122/S2_0013_20141109_151731_M112_EM122.all,2014-11-09 15:17:31+00:00
S2_0014_20141109_154728_M112_EM122.all,41057.031,42042400,https://hs.pangaea.de/bathy/M112/EM122/S2_0014_20141109_154728_M112_EM122.all,2014-11-09 15:47:28+00:00
S2_0015_20141109_161733_M112_EM122.all,41064.172,42049712,https://hs.pangaea.de/bathy/M112/EM122/S2_0015_20141109_161733_M112_EM122.all,2014-11-09 16:17:33+00:00
S2_0016_20141109_164731_M112_EM122.all,41577.469,42575328,https://hs.pangaea.de/bathy/M112/EM122/S2_0016_20141109_164731_M112_EM122.all,2014-11-09 16:47:31+00:00
S2_0017_20141109_171730_M112_EM122.all,42639.852,43663208,https://hs.pangaea.de/bathy/M112/EM122/S2_0017_20141109_171730_M112_EM122.all,2014-11-09 17:17:30+00:00
S2_0018_20141109_174730_M112_EM122.all,43575.672,44621488,https://hs.pangaea.de/bathy/M112/EM122/S2_0018_20141109_174730_M112_EM122.all,2014-11-09 17:47:30+00:00
S2_0019_20141109_181731_M112_EM122.all,42711.73,43736812,https://hs.pangaea.de/bathy/M112/EM122/S2_0019_20141109_181731_M112_EM122.all,2014-11-09 18:17:31+00:00
S2_0020_20141109_184733_M112_EM122.all,41639.828,42639184,https://hs.pangaea.de/bathy/M112/EM122/S2_0020_20141109_184733_M112_EM122.all,2014-11-09 18:47:33+00:00
S2_0021_20141110_175259_M112_EM122.all,42877.805,43906872,https://hs.pangaea.de/bathy/M112/EM122/S2_0021_20141110_175259_M112_EM122.all,2014-11-10 17:52:59+00:00
S2_0022_20141110_182305_M112_EM122.all,30075.25,30797056,https://hs.pangaea.de/bathy/M112/EM122/S2_0022_20141110_182305_M112_EM122.all,2014-11-10 18:23:05+00:00
S3_0000_20141111_015846_M112_EM122.all,43548.422,44593584,https://hs.pangaea.de/bathy/M112/EM122/S3_0000_20141111_015846_M112_EM122.all,2014-11-11 01:58:46+00:00
S3_0001_20141111_022850_M112_EM122.all,42503.336,43523416,https://hs.pangaea.de/bathy/M112/EM122/S3_0001_20141111_022850_M112_EM122.all,2014-11-11 02:28:50+00:00
S3_0002_20141111_025847_M112_EM122.all,42172.52,43184660,https://hs.pangaea.de/bathy/M112/EM122/S3_0002_20141111_025847_M112_EM122.all,2014-11-11 02:58:47+00:00
S3_0003_20141111_032848_M112_EM122.all,41599.492,42597880,https://hs.pangaea.de/bathy/M112/EM122/S3_0003_20141111_032848_M112_EM122.all,2014-11-11 03:28:48+00:00
S3_0004_20141111_035851_M112_EM122.all,41915.406,42921376,https://hs.pangaea.de/bathy/M112/EM122/S3_0004_20141111_035851_M112_EM122.all,2014-11-11 03:58:51+00:00
S3_0005_20141111_042847_M112_EM122.all,42525.902,43546524,https://hs.pangaea.de/bathy/M112/EM122/S3_0005_20141111_042847_M112_EM122.all,2014-11-11 04:28:47+00:00
S3_0006_20141111_045850_M112_EM122.all,34798.246,35633404,https://hs.pangaea.de/bathy/M112/EM122/S3_0006_20141111_045850_M112_EM122.all,2014-11-11 04:58:50+00:00
S3_0007_20141111_052849_M112_EM122.all,34654.625,35486336,https://hs.pangaea.de/bathy/M112/EM122/S3_0007_20141111_052849_M112_EM122.all,2014-11-11 05:28:49+00:00
S3_0008_20141111_055851_M112_EM122.all,33658.938,34466753,https://hs.pangaea.de/bathy/M112/EM122/S3_0008_20141111_055851_M112_EM122.all,2014-11-11 05:58:51+00:00
S3_0009_20141111_062848_M112_EM122.all,32787.328,33574224,https://hs.pangaea.de/bathy/M112/EM122/S3_0009_20141111_062848_M112_EM122.all,2014-11-11 06:28:48+00:00
S3_0010_20141111_065854_M112_EM122.all,32625.305,33408312,https://hs.pangaea.de/bathy/M112/EM122/S3_0010_20141111_065854_M112_EM122.all,2014-11-11 06:58:54+00:00
S3_0011_20141111_072851_M112_EM122.all,33561.398,34366872,https://hs.pangaea.de/bathy/M112/EM122/S3_0011_20141111_072851_M112_EM122.all,2014-11-11 07:28:51+00:00
S3_0012_20141111_075853_M112_EM122.all,32448.545,33227310,https://hs.pangaea.de/bathy/M112/EM122/S3_0012_20141111_075853_M112_EM122.all,2014-11-11 07:58:53+00:00
S3_0013_20141111_082847_M112_EM122.all,34344.305,35168568,https://hs.pangaea.de/bathy/M112/EM122/S3_0013_20141111_082847_M112_EM122.all,2014-11-11 08:28:47+00:00
S3_0014_20141111_085851_M112_EM122.all,33982.586,34798168,https://hs.pangaea.de/bathy/M112/EM122/S3_0014_20141111_085851_M112_EM122.all,2014-11-11 08:58:51+00:00
S3_0015_20141111_092849_M112_EM122.all,34607.137,35437708,https://hs.pangaea.de/bathy/M112/EM122/S3_0015_20141111_092849_M112_EM122.all,2014-11-11 09:28:49+00:00
S3_0016_20141111_095853_M112_EM122.all,36968.922,37856176,https://hs.pangaea.de/bathy/M112/EM122/S3_0016_20141111_095853_M112_EM122.all,2014-11-11 09:58:53+00:00
S3_0017_20141111_102854_M112_EM122.all,38212.145,39129236,https://hs.pangaea.de/bathy/M112/EM122/S3_0017_20141111_102854_M112_EM122.all,2014-11-11 10:28:54+00:00
S3_0018_20141111_105849_M112_EM122.all,35841.797,36702000,https://hs.pangaea.de/bathy/M112/EM122/S3_0018_20141111_105849_M112_EM122.all,2014-11-11 10:58:49+00:00
S3_0019_20141111_112847_M112_EM122.all,39014.598,39950948,https://hs.pangaea.de/bathy/M112/EM122/S3_0019_20141111_112847_M112_EM122.all,2014-11-11 11:28:47+00:00
S3_0020_20141111_115851_M112_EM122.all,40237.172,41202864,https://hs.pangaea.de/bathy/M112/EM122/S3_0020_20141111_115851_M112_EM122.all,2014-11-11 11:58:51+00:00
S3_0021_20141111_122849_M112_EM122.all,42312.434,43327932,https://hs.pangaea.de/bathy/M112/EM122/S3_0021_20141111_122849_M112_EM122.all,2014-11-11 12:28:49+00:00
S3_0022_20141111_125853_M112_EM122.all,41783.813,42786625,https://hs.pangaea.de/bathy/M112/EM122/S3_0022_20141111_125853_M112_EM122.all,2014-11-11 12:58:53+00:00
S3_0023_20141111_132849_M112_EM122.all,40586.234,41560304,https://hs.pangaea.de/bathy/M112/EM122/S3_0023_20141111_132849_M112_EM122.all,2014-11-11 13:28:49+00:00
S3_0024_20141111_135848_M112_EM122.all,40374.789,41343784,https://hs.pangaea.de/bathy/M112/EM122/S3_0024_20141111_135848_M112_EM122.all,2014-11-11 13:58:48+00:00
S3_0025_20141111_142847_M112_EM122.all,41125.609,42112624,https://hs.pangaea.de/bathy/M112/EM122/S3_0025_20141111_142847_M112_EM122.all,2014-11-11 14:28:47+00:00
S3_0026_20141111_145850_M112_EM122.all,40580.285,41554212,https://hs.pangaea.de/bathy/M112/EM122/S3_0026_20141111_145850_M112_EM122.all,2014-11-11 14:58:50+00:00
S3_0027_20141111_152854_M112_EM122.all,39943.508,40902152,https://hs.pangaea.de/bathy/M112/EM122/S3_0027_20141111_152854_M112_EM122.all,2014-11-11 15:28:54+00:00
S3_0028_20141111_155852_M112_EM122.all,40567.898,41541528,https://hs.pangaea.de/bathy/M112/EM122/S3_0028_20141111_155852_M112_EM122.all,2014-11-11 15:58:52+00:00
S3_0029_20141111_162854_M112_EM122.all,40074.008,41035784,https://hs.pangaea.de/bathy/M112/EM122/S3_0029_20141111_162854_M112_EM122.all,2014-11-11 16:28:54+00:00
S3_0030_20141111_165851_M112_EM122.all,40242.523,41208344,https://hs.pangaea.de/bathy/M112/EM122/S3_0030_20141111_165851_M112_EM122.all,2014-11-11 16:58:51+00:00
S3_0031_20141111_172850_M112_EM122.all,40224.578,41189968,https://hs.pangaea.de/bathy/M112/EM122/S3_0031_20141111_172850_M112_EM122.all,2014-11-11 17:28:50+00:00
S3_0032_20141111_175853_M112_EM122.all,40021.047,40981552,https://hs.pangaea.de/bathy/M112/EM122/S3_0032_20141111_175853_M112_EM122.all,2014-11-11 17:58:53+00:00
S3_0033_20141111_182850_M112_EM122.all,39333.094,40277088,https://hs.pangaea.de/bathy/M112/EM122/S3_0033_20141111_182850_M112_EM122.all,2014-11-11 18:28:50+00:00
S3_0034_20141111_185850_M112_EM122.all,40148.898,41112472,https://hs.pangaea.de/bathy/M112/EM122/S3_0034_20141111_185850_M112_EM122.all,2014-11-11 18:58:50+00:00
S3_0035_20141111_192848_M112_EM122.all,40290.438,41257409,https://hs.pangaea.de/bathy/M112/EM122/S3_0035_20141111_192848_M112_EM122.all,2014-11-11 19:28:48+00:00
S3_0036_20141111_195853_M112_EM122.all,40091.512,41053708,https://hs.pangaea.de/bathy/M112/EM122/S3_0036_20141111_195853_M112_EM122.all,2014-11-11 19:58:53+00:00
S3_0037_20141111_202850_M112_EM122.all,40938.047,41920560,https://hs.pangaea.de/bathy/M112/EM122/S3_0037_20141111_202850_M112_EM122.all,2014-11-11 20:28:50+00:00
S3_0038_20141111_205848_M112_EM122.all,41181.27,42169620,https://hs.pangaea.de/bathy/M112/EM122/S3_0038_20141111_205848_M112_EM122.all,2014-11-11 20:58:48+00:00
S3_0039_20141111_212854_M112_EM122.all,39781.859,40736624,https://hs.pangaea.de/bathy/M112/EM122/S3_0039_20141111_212854_M112_EM122.all,2014-11-11 21:28:54+00:00
S3_0040_20141111_215852_M112_EM122.all,39382.098,40327268,https://hs.pangaea.de/bathy/M112/EM122/S3_0040_20141111_215852_M112_EM122.all,2014-11-11 21:58:52+00:00
S3_0041_20141111_222850_M112_EM122.all,38523.453,39448016,https://hs.pangaea.de/bathy/M112/EM122/S3_0041_20141111_222850_M112_EM122.all,2014-11-11 22:28:50+00:00
S3_0042_20141111_225850_M112_EM122.all,38558.617,39484024,https://hs.pangaea.de/bathy/M112/EM122/S3_0042_20141111_225850_M112_EM122.all,2014-11-11 22:58:50+00:00
S3_0043_20141111_232851_M112_EM122.all,38356.316,39276868,https://hs.pangaea.de/bathy/M112/EM122/S3_0043_20141111_232851_M112_EM122.all,2014-11-11 23:28:51+00:00
S3_0044_20141111_235851_M112_EM122.all,36880.32,37765448,https://hs.pangaea.de/bathy/M112/EM122/S3_0044_20141111_235851_M112_EM122.all,2014-11-11 23:58:51+00:00
S3_0045_20141112_002849_M112_EM122.all,34799.668,35634860,https://hs.pangaea.de/bathy/M112/EM122/S3_0045_20141112_002849_M112_EM122.all,2014-11-12 00:28:49+00:00
S3_0046_20141112_005851_M112_EM122.all,34321.652,35145372,https://hs.pangaea.de/bathy/M112/EM122/S3_0046_20141112_005851_M112_EM122.all,2014-11-12 00:58:51+00:00
S3_0047_20141112_012849_M112_EM122.all,36953.867,37840760,https://hs.pangaea.de/bathy/M112/EM122/S3_0047_20141112_012849_M112_EM122.all,2014-11-12 01:28:49+00:00
S3_0048_20141112_015852_M112_EM122.all,42072.969,43082720,https://hs.pangaea.de/bathy/M112/EM122/S3_0048_20141112_015852_M112_EM122.all,2014-11-12 01:58:52+00:00
S3_0049_20141112_022850_M112_EM122.all,41474.438,42469825,https://hs.pangaea.de/bathy/M112/EM122/S3_0049_20141112_022850_M112_EM122.all,2014-11-12 02:28:50+00:00
S3_0050_20141112_025853_M112_EM122.all,40801.32,41780552,https://hs.pangaea.de/bathy/M112/EM122/S3_0050_20141112_025853_M112_EM122.all,2014-11-12 02:58:53+00:00
S3_0051_20141112_032851_M112_EM122.all,41318.172,42309808,https://hs.pangaea.de/bathy/M112/EM122/S3_0051_20141112_032851_M112_EM122.all,2014-11-12 03:28:51+00:00
S3_0052_20141112_035849_M112_EM122.all,40481.516,41453072,https://hs.pangaea.de/bathy/M112/EM122/S3_0052_20141112_035849_M112_EM122.all,2014-11-12 03:58:49+00:00
S3_0053_20141112_042849_M112_EM122.all,41045.0,42030080,https://hs.pangaea.de/bathy/M112/EM122/S3_0053_20141112_042849_M112_EM122.all,2014-11-12 04:28:49+00:00
S3_0054_20141112_045849_M112_EM122.all,40971.52,41954836,https://hs.pangaea.de/bathy/M112/EM122/S3_0054_20141112_045849_M112_EM122.all,2014-11-12 04:58:49+00:00
S3_0055_20141112_052852_M112_EM122.all,39685.719,40638176,https://hs.pangaea.de/bathy/M112/EM122/S3_0055_20141112_052852_M112_EM122.all,2014-11-12 05:28:52+00:00
S3_0056_20141112_055851_M112_EM122.all,10157.672,10401456,https://hs.pangaea.de/bathy/M112/EM122/S3_0056_20141112_055851_M112_EM122.all,2014-11-12 05:58:51+00:00
S3_0057_20141112_060707_M112_EM122.all,38355.063,39275585,https://hs.pangaea.de/bathy/M112/EM122/S3_0057_20141112_060707_M112_EM122.all,2014-11-12 06:07:07+00:00
S3_0058_20141112_063703_M112_EM122.all,40275.547,41242160,https://hs.pangaea.de/bathy/M112/EM122/S3_0058_20141112_063703_M112_EM122.all,2014-11-12 06:37:03+00:00
S3_0059_20141112_070706_M112_EM122.all,40781.039,41759784,https://hs.pangaea.de/bathy/M112/EM122/S3_0059_20141112_070706_M112_EM122.all,2014-11-12 07:07:06+00:00
S3_0060_20141112_073700_M112_EM122.all,41888.133,42893448,https://hs.pangaea.de/bathy/M112/EM122/S3_0060_20141112_073700_M112_EM122.all,2014-11-12 07:37:00+00:00
S3_0061_20141112_080705_M112_EM122.all,39976.813,40936257,https://hs.pangaea.de/bathy/M112/EM122/S3_0061_20141112_080705_M112_EM122.all,2014-11-12 08:07:05+00:00
S3_0062_20141112_083702_M112_EM122.all,40813.477,41793000,https://hs.pangaea.de/bathy/M112/EM122/S3_0062_20141112_083702_M112_EM122.all,2014-11-12 08:37:02+00:00
S3_0063_20141112_090705_M112_EM122.all,41163.457,42151380,https://hs.pangaea.de/bathy/M112/EM122/S3_0063_20141112_090705_M112_EM122.all,2014-11-12 09:07:05+00:00
S3_0064_20141112_093705_M112_EM122.all,41294.258,42285320,https://hs.pangaea.de/bathy/M112/EM122/S3_0064_20141112_093705_M112_EM122.all,2014-11-12 09:37:05+00:00
S3_0065_20141112_100703_M112_EM122.all,41309.688,42301121,https://hs.pangaea.de/bathy/M112/EM122/S3_0065_20141112_100703_M112_EM122.all,2014-11-12 10:07:03+00:00
S3_0066_20141112_103704_M112_EM122.all,41495.582,42491476,https://hs.pangaea.de/bathy/M112/EM122/S3_0066_20141112_103704_M112_EM122.all,2014-11-12 10:37:04+00:00
S3_0067_20141112_110703_M112_EM122.all,41730.645,42732180,https://hs.pangaea.de/bathy/M112/EM122/S3_0067_20141112_110703_M112_EM122.all,2014-11-12 11:07:03+00:00
S3_0068_20141112_113703_M112_EM122.all,41326.313,42318145,https://hs.pangaea.de/bathy/M112/EM122/S3_0068_20141112_113703_M112_EM122.all,2014-11-12 11:37:03+00:00
S3_0069_20141112_120701_M112_EM122.all,41125.273,42112280,https://hs.pangaea.de/bathy/M112/EM122/S3_0069_20141112_120701_M112_EM122.all,2014-11-12 12:07:01+00:00
S3_0070_20141112_123702_M112_EM122.all,12287.76,12582666,https://hs.pangaea.de/bathy/M112/EM122/S3_0070_20141112_123702_M112_EM122.all,2014-11-12 12:37:02+00:00
S3_0071_20141112_124611_M112_EM122.all,41507.516,42503696,https://hs.pangaea.de/bathy/M112/EM122/S3_0071_20141112_124611_M112_EM122.all,2014-11-12 12:46:11+00:00
S3_0072_20141112_131611_M112_EM122.all,15061.879,15423364,https://hs.pangaea.de/bathy/M112/EM122/S3_0072_20141112_131611_M112_EM122.all,2014-11-12 13:16:11+00:00
S3_0073_20141112_132709_M112_EM122.all,41224.008,42213384,https://hs.pangaea.de/bathy/M112/EM122/S3_0073_20141112_132709_M112_EM122.all,2014-11-12 13:27:09+00:00
S3_0074_20141112_135713_M112_EM122.all,41040.031,42024992,https://hs.pangaea.de/bathy/M112/EM122/S3_0074_20141112_135713_M112_EM122.all,2014-11-12 13:57:13+00:00
S3_0075_20141112_142708_M112_EM122.all,41588.078,42586192,https://hs.pangaea.de/bathy/M112/EM122/S3_0075_20141112_142708_M112_EM122.all,2014-11-12 14:27:08+00:00
S3_0076_20141112_145709_M112_EM122.all,41850.906,42855328,https://hs.pangaea.de/bathy/M112/EM122/S3_0076_20141112_145709_M112_EM122.all,2014-11-12 14:57:09+00:00
S3_0077_20141112_152714_M112_EM122.all,42293.961,43309016,https://hs.pangaea.de/bathy/M112/EM122/S3_0077_20141112_152714_M112_EM122.all,2014-11-12 15:27:14+00:00
S3_0078_20141112_155710_M112_EM122.all,42169.102,43181160,https://hs.pangaea.de/bathy/M112/EM122/S3_0078_20141112_155710_M112_EM122.all,2014-11-12 15:57:10+00:00
S3_0079_20141112_162710_M112_EM122.all,42886.777,43916060,https://hs.pangaea.de/bathy/M112/EM122/S3_0079_20141112_162710_M112_EM122.all,2014-11-12 16:27:10+00:00
S3_0080_20141112_165709_M112_EM122.all,1431.088,1465434,https://hs.pangaea.de/bathy/M112/EM122/S3_0080_20141112_165709_M112_EM122.all,2014-11-12 16:57:09+00:00
S4_0000_20141112_224130_M112_EM122.all,43030.523,44063256,https://hs.pangaea.de/bathy/M112/EM122/S4_0000_20141112_224130_M112_EM122.all,2014-11-12 22:41:30+00:00
S4_0001_20141112_231129_M112_EM122.all,43973.813,45029185,https://hs.pangaea.de/bathy/M112/EM122/S4_0001_20141112_231129_M112_EM122.all,2014-11-12 23:11:29+00:00
S4_0002_20141112_234126_M112_EM122.all,43424.313,44466497,https://hs.pangaea.de/bathy/M112/EM122/S4_0002_20141112_234126_M112_EM122.all,2014-11-12 23:41:26+00:00
S4_0003_20141113_001127_M112_EM122.all,43186.0,44222464,https://hs.pangaea.de/bathy/M112/EM122/S4_0003_20141113_001127_M112_EM122.all,2014-11-13 00:11:27+00:00
S4_0004_20141113_004127_M112_EM122.all,43208.965,44245980,https://hs.pangaea.de/bathy/M112/EM122/S4_0004_20141113_004127_M112_EM122.all,2014-11-13 00:41:27+00:00
S4_0005_20141113_011126_M112_EM122.all,41976.887,42984332,https://hs.pangaea.de/bathy/M112/EM122/S4_0005_20141113_011126_M112_EM122.all,2014-11-13 01:11:26+00:00
S4_0006_20141113_014127_M112_EM122.all,42201.699,43214540,https://hs.pangaea.de/bathy/M112/EM122/S4_0006_20141113_014127_M112_EM122.all,2014-11-13 01:41:27+00:00
S4_0007_20141113_021129_M112_EM122.all,41955.453,42962384,https://hs.pangaea.de/bathy/M112/EM122/S4_0007_20141113_021129_M112_EM122.all,2014-11-13 02:11:29+00:00
S4_0008_20141113_024130_M112_EM122.all,42091.934,43102140,https://hs.pangaea.de/bathy/M112/EM122/S4_0008_20141113_024130_M112_EM122.all,2014-11-13 02:41:30+00:00
S4_0009_20141113_031130_M112_EM122.all,42158.195,43169992,https://hs.pangaea.de/bathy/M112/EM122/S4_0009_20141113_031130_M112_EM122.all,2014-11-13 03:11:30+00:00
S4_0010_20141113_034129_M112_EM122.all,42085.422,43095472,https://hs.pangaea.de/bathy/M112/EM122/S4_0010_20141113_034129_M112_EM122.all,2014-11-13 03:41:29+00:00
S4_0011_20141113_041125_M112_EM122.all,43178.863,44215156,https://hs.pangaea.de/bathy/M112/EM122/S4_0011_20141113_041125_M112_EM122.all,2014-11-13 04:11:25+00:00
S4_0012_20141113_044128_M112_EM122.all,42976.336,44007768,https://hs.pangaea.de/bathy/M112/EM122/S4_0012_20141113_044128_M112_EM122.all,2014-11-13 04:41:28+00:00
S4_0013_20141113_051129_M112_EM122.all,43081.934,44115900,https://hs.pangaea.de/bathy/M112/EM122/S4_0013_20141113_051129_M112_EM122.all,2014-11-13 05:11:29+00:00
S4_0014_20141113_054126_M112_EM122.all,43218.93,44256184,https://hs.pangaea.de/bathy/M112/EM122/S4_0014_20141113_054126_M112_EM122.all,2014-11-13 05:41:26+00:00
S4_0015_20141113_061126_M112_EM122.all,6610.615,6769270,https://hs.pangaea.de/bathy/M112/EM122/S4_0015_20141113_061126_M112_EM122.all,2014-11-13 06:11:26+00:00
S5_0000_20141113_220211_M112_EM122.all,42969.754,44001028,https://hs.pangaea.de/bathy/M112/EM122/S5_0000_20141113_220211_M112_EM122.all,2014-11-13 22:02:11+00:00
S5_0001_20141113_223213_M112_EM122.all,42516.066,43536452,https://hs.pangaea.de/bathy/M112/EM122/S5_0001_20141113_223213_M112_EM122.all,2014-11-13 22:32:13+00:00
S5_0002_20141113_230214_M112_EM122.all,42397.566,43415108,https://hs.pangaea.de/bathy/M112/EM122/S5_0002_20141113_230214_M112_EM122.all,2014-11-13 23:02:14+00:00
S5_0003_20141113_233211_M112_EM122.all,42085.219,43095264,https://hs.pangaea.de/bathy/M112/EM122/S5_0003_20141113_233211_M112_EM122.all,2014-11-13 23:32:11+00:00
S5_0004_20141114_000211_M112_EM122.all,41985.855,42993516,https://hs.pangaea.de/bathy/M112/EM122/S5_0004_20141114_000211_M112_EM122.all,2014-11-14 00:02:11+00:00
S5_0005_20141114_003211_M112_EM122.all,42805.77,43833108,https://hs.pangaea.de/bathy/M112/EM122/S5_0005_20141114_003211_M112_EM122.all,2014-11-14 00:32:11+00:00
S5_0006_20141114_010215_M112_EM122.all,42189.5,43202048,https://hs.pangaea.de/bathy/M112/EM122/S5_0006_20141114_010215_M112_EM122.all,2014-11-14 01:02:15+00:00
S5_0007_20141114_013212_M112_EM122.all,41891.227,42896616,https://hs.pangaea.de/bathy/M112/EM122/S5_0007_20141114_013212_M112_EM122.all,2014-11-14 01:32:12+00:00
S5_0008_20141114_020213_M112_EM122.all,41838.141,42842256,https://hs.pangaea.de/bathy/M112/EM122/S5_0008_20141114_020213_M112_EM122.all,2014-11-14 02:02:13+00:00
S5_0009_20141114_023210_M112_EM122.all,41459.051,42454068,https://hs.pangaea.de/bathy/M112/EM122/S5_0009_20141114_023210_M112_EM122.all,2014-11-14 02:32:10+00:00
S5_0010_20141114_030210_M112_EM122.all,41877.094,42882144,https://hs.pangaea.de/bathy/M112/EM122/S5_0010_20141114_030210_M112_EM122.all,2014-11-14 03:02:10+00:00
S5_0011_20141114_033211_M112_EM122.all,42578.688,43600577,https://hs.pangaea.de/bathy/M112/EM122/S5_0011_20141114_033211_M112_EM122.all,2014-11-14 03:32:11+00:00
S5_0012_20141114_040211_M112_EM122.all,42539.891,43560848,https://hs.pangaea.de/bathy/M112/EM122/S5_0012_20141114_040211_M112_EM122.all,2014-11-14 04:02:11+00:00
S5_0013_20141114_043214_M112_EM122.all,12341.41,12637604,https://hs.pangaea.de/bathy/M112/EM122/S5_0013_20141114_043214_M112_EM122.all,2014-11-14 04:32:14+00:00
S5_0014_20141114_044052_M112_EM122.all,42767.727,43794152,https://hs.pangaea.de/bathy/M112/EM122/S5_0014_20141114_044052_M112_EM122.all,2014-11-14 04:40:52+00:00
S5_0015_20141114_051056_M112_EM122.all,26368.203,27001040,https://hs.pangaea.de/bathy/M112/EM122/S5_0015_20141114_051056_M112_EM122.all,2014-11-14 05:10:56+00:00
S6_0000_20141114_204726_M112_EM122.all,42883.117,43912312,https://hs.pangaea.de/bathy/M112/EM122/S6_0000_20141114_204726_M112_EM122.all,2014-11-14 20:47:26+00:00
S6_0001_20141114_211724_M112_EM122.all,43386.203,44427472,https://hs.pangaea.de/bathy/M112/EM122/S6_0001_20141114_211724_M112_EM122.all,2014-11-14 21:17:24+00:00
S6_0002_20141114_214724_M112_EM122.all,42473.828,43493200,https://hs.pangaea.de/bathy/M112/EM122/S6_0002_20141114_214724_M112_EM122.all,2014-11-14 21:47:24+00:00
S6_0003_20141114_221724_M112_EM122.all,41944.086,42950744,https://hs.pangaea.de/bathy/M112/EM122/S6_0003_20141114_221724_M112_EM122.all,2014-11-14 22:17:24+00:00
S6_0004_20141114_224726_M112_EM122.all,42016.563,43024961,https://hs.pangaea.de/bathy/M112/EM122/S6_0004_20141114_224726_M112_EM122.all,2014-11-14 22:47:26+00:00
S6_0005_20141114_231729_M112_EM122.all,40724.035,41701412,https://hs.pangaea.de/bathy/M112/EM122/S6_0005_20141114_231729_M112_EM122.all,2014-11-14 23:17:29+00:00
S6_0006_20141114_234726_M112_EM122.all,42442.934,43461564,https://hs.pangaea.de/bathy/M112/EM122/S6_0006_20141114_234726_M112_EM122.all,2014-11-14 23:47:26+00:00
S6_0007_20141115_001727_M112_EM122.all,40497.059,41468988,https://hs.pangaea.de/bathy/M112/EM122/S6_0007_20141115_001727_M112_EM122.all,2014-11-15 00:17:27+00:00
S6_0008_20141115_004724_M112_EM122.all,39746.375,40700288,https://hs.pangaea.de/bathy/M112/EM122/S6_0008_20141115_004724_M112_EM122.all,2014-11-15 00:47:24+00:00
S6_0009_20141115_011728_M112_EM122.all,42709.445,43734472,https://hs.pangaea.de/bathy/M112/EM122/S6_0009_20141115_011728_M112_EM122.all,2014-11-15 01:17:28+00:00
S6_0010_20141115_014726_M112_EM122.all,39315.844,40259424,https://hs.pangaea.de/bathy/M112/EM122/S6_0010_20141115_014726_M112_EM122.all,2014-11-15 01:47:26+00:00
S6_0011_20141115_021731_M112_EM122.all,41226.5,42215936,https://hs.pangaea.de/bathy/M112/EM122/S6_0011_20141115_021731_M112_EM122.all,2014-11-15 02:17:31+00:00
S6_0012_20141115_024724_M112_EM122.all,33911.336,34725208,https://hs.pangaea.de/bathy/M112/EM122/S6_0012_20141115_024724_M112_EM122.all,2014-11-15 02:47:24+00:00
S6_0013_20141115_031725_M112_EM122.all,16903.617,17309304,https://hs.pangaea.de/bathy/M112/EM122/S6_0013_20141115_031725_M112_EM122.all,2014-11-15 03:17:25+00:00
S6_0014_20141115_033257_M112_EM122.all,29727.033,30440482,https://hs.pangaea.de/bathy/M112/EM122/S6_0014_20141115_033257_M112_EM122.all,2014-11-15 03:32:57+00:00
S6_0015_20141115_035905_M112_EM122.all,34301.828,35125072,https://hs.pangaea.de/bathy/M112/EM122/S6_0015_20141115_035905_M112_EM122.all,2014-11-15 03:59:05+00:00
S6_0016_20141115_042905_M112_EM122.all,32672.572,33456714,https://hs.pangaea.de/bathy/M112/EM122/S6_0016_20141115_042905_M112_EM122.all,2014-11-15 04:29:05+00:00
S6_0017_20141115_045858_M112_EM122.all,33425.086,34227288,https://hs.pangaea.de/bathy/M112/EM122/S6_0017_20141115_045858_M112_EM122.all,2014-11-15 04:58:58+00:00
S6_0018_20141115_052902_M112_EM122.all,37601.523,38503960,https://hs.pangaea.de/bathy/M112/EM122/S6_0018_20141115_052902_M112_EM122.all,2014-11-15 05:29:02+00:00
S6_0019_20141115_055859_M112_EM122.all,38755.953,39686096,https://hs.pangaea.de/bathy/M112/EM122/S6_0019_20141115_055859_M112_EM122.all,2014-11-15 05:58:59+00:00
S6_0020_20141115_062902_M112_EM122.all,37175.711,38067928,https://hs.pangaea.de/bathy/M112/EM122/S6_0020_20141115_062902_M112_EM122.all,2014-11-15 06:29:02+00:00
S6_0021_20141115_065902_M112_EM122.all,34932.461,35770840,https://hs.pangaea.de/bathy/M112/EM122/S6_0021_20141115_065902_M112_EM122.all,2014-11-15 06:59:02+00:00
S6_0022_20141115_072906_M112_EM122.all,35088.328,35930448,https://hs.pangaea.de/bathy/M112/EM122/S6_0022_20141115_072906_M112_EM122.all,2014-11-15 07:29:06+00:00
S6_0023_20141115_075905_M112_EM122.all,12410.135,12707978,https://hs.pangaea.de/bathy/M112/EM122/S6_0023_20141115_075905_M112_EM122.all,2014-11-15 07:59:05+00:00
S6_0024_20141115_080942_M112_EM122.all,34589.117,35419256,https://hs.pangaea.de/bathy/M112/EM122/S6_0024_20141115_080942_M112_EM122.all,2014-11-15 08:09:42+00:00
S6_0025_20141115_083945_M112_EM122.all,10345.963,10594266,https://hs.pangaea.de/bathy/M112/EM122/S6_0025_20141115_083945_M112_EM122.all,2014-11-15 08:39:45+00:00
S6_0026_20141115_084837_M112_EM122.all,36384.25,37257472,https://hs.pangaea.de/bathy/M112/EM122/S6_0026_20141115_084837_M112_EM122.all,2014-11-15 08:48:37+00:00
S6_0027_20141115_091840_M112_EM122.all,16121.0,16507904,https://hs.pangaea.de/bathy/M112/EM122/S6_0027_20141115_091840_M112_EM122.all,2014-11-15 09:18:40+00:00
S6_0028_20141115_093205_M112_EM122.all,12141.271,12432662,https://hs.pangaea.de/bathy/M112/EM122/S6_0028_20141115_093205_M112_EM122.all,2014-11-15 09:32:05+00:00
S6_0029_20141115_094214_M112_EM122.all,36426.398,37300632,https://hs.pangaea.de/bathy/M112/EM122/S6_0029_20141115_094214_M112_EM122.all,2014-11-15 09:42:14+00:00
S6_0030_20141115_101216_M112_EM122.all,16040.604,16425578,https://hs.pangaea.de/bathy/M112/EM122/S6_0030_20141115_101216_M112_EM122.all,2014-11-15 10:12:16+00:00
S6_0031_20141115_102537_M112_EM122.all,19424.008,19890184,https://hs.pangaea.de/bathy/M112/EM122/S6_0031_20141115_102537_M112_EM122.all,2014-11-15 10:25:37+00:00
S6_0032_20141115_104206_M112_EM122.all,36463.188,37338305,https://hs.pangaea.de/bathy/M112/EM122/S6_0032_20141115_104206_M112_EM122.all,2014-11-15 10:42:06+00:00
S6_0033_20141115_111208_M112_EM122.all,15615.178,15989942,https://hs.pangaea.de/bathy/M112/EM122/S6_0033_20141115_111208_M112_EM122.all,2014-11-15 11:12:08+00:00
S6_0034_20141115_112517_M112_EM122.all,29091.379,29789572,https://hs.pangaea.de/bathy/M112/EM122/S6_0034_20141115_112517_M112_EM122.all,2014-11-15 11:25:17+00:00
S6_0035_20141115_114851_M112_EM122.all,36113.281,36980000,https://hs.pangaea.de/bathy/M112/EM122/S6_0035_20141115_114851_M112_EM122.all,2014-11-15 11:48:51+00:00
S6_0036_20141115_121851_M112_EM122.all,2156.16,2207908,https://hs.pangaea.de/bathy/M112/EM122/S6_0036_20141115_121851_M112_EM122.all,2014-11-15 12:18:51+00:00
S7_0000_20141115_122122_M112_EM122.all,35312.008,36159496,https://hs.pangaea.de/bathy/M112/EM122/S7_0000_20141115_122122_M112_EM122.all,2014-11-15 12:21:22+00:00
S7_0001_20141115_125119_M112_EM122.all,33429.711,34232024,https://hs.pangaea.de/bathy/M112/EM122/S7_0001_20141115_125119_M112_EM122.all,2014-11-15 12:51:19+00:00
S7_0002_20141115_132116_M112_EM122.all,33936.813,34751297,https://hs.pangaea.de/bathy/M112/EM122/S7_0002_20141115_132116_M112_EM122.all,2014-11-15 13:21:16+00:00
S7_0003_20141115_135115_M112_EM122.all,32189.057,32961594,https://hs.pangaea.de/bathy/M112/EM122/S7_0003_20141115_135115_M112_EM122.all,2014-11-15 13:51:15+00:00
S7_0004_20141115_142115_M112_EM122.all,32478.941,33258436,https://hs.pangaea.de/bathy/M112/EM122/S7_0004_20141115_142115_M112_EM122.all,2014-11-15 14:21:15+00:00
S7_0005_20141115_145115_M112_EM122.all,33402.945,34204616,https://hs.pangaea.de/bathy/M112/EM122/S7_0005_20141115_145115_M112_EM122.all,2014-11-15 14:51:15+00:00
S7_0006_20141115_152117_M112_EM122.all,33242.703,34040528,https://hs.pangaea.de/bathy/M112/EM122/S7_0006_20141115_152117_M112_EM122.all,2014-11-15 15:21:17+00:00
S7_0007_20141115_155120_M112_EM122.all,33408.742,34210552,https://hs.pangaea.de/bathy/M112/EM122/S7_0007_20141115_155120_M112_EM122.all,2014-11-15 15:51:20+00:00
S7_0008_20141115_162118_M112_EM122.all,32595.498,33377790,https://hs.pangaea.de/bathy/M112/EM122/S7_0008_20141115_162118_M112_EM122.all,2014-11-15 16:21:18+00:00
S7_0009_20141115_165117_M112_EM122.all,33427.152,34229404,https://hs.pangaea.de/bathy/M112/EM122/S7_0009_20141115_165117_M112_EM122.all,2014-11-15 16:51:17+00:00
S7_0010_20141115_172116_M112_EM122.all,33196.234,33992944,https://hs.pangaea.de/bathy/M112/EM122/S7_0010_20141115_172116_M112_EM122.all,2014-11-15 17:21:16+00:00
S7_0011_20141115_175116_M112_EM122.all,33731.332,34540884,https://hs.pangaea.de/bathy/M112/EM122/S7_0011_20141115_175116_M112_EM122.all,2014-11-15 17:51:16+00:00
S7_0012_20141115_182119_M112_EM122.all,33806.422,34617776,https://hs.pangaea.de/bathy/M112/EM122/S7_0012_20141115_182119_M112_EM122.all,2014-11-15 18:21:19+00:00
S7_0013_20141115_185122_M112_EM122.all,33440.828,34243408,https://hs.pangaea.de/bathy/M112/EM122/S7_0013_20141115_185122_M112_EM122.all,2014-11-15 18:51:22+00:00
S7_0014_20141115_192120_M112_EM122.all,33590.398,34396568,https://hs.pangaea.de/bathy/M112/EM122/S7_0014_20141115_192120_M112_EM122.all,2014-11-15 19:21:20+00:00
S7_0015_20141115_195121_M112_EM122.all,33347.953,34148304,https://hs.pangaea.de/bathy/M112/EM122/S7_0015_20141115_195121_M112_EM122.all,2014-11-15 19:51:21+00:00
S7_0016_20141115_202120_M112_EM122.all,33590.129,34396292,https://hs.pangaea.de/bathy/M112/EM122/S7_0016_20141115_202120_M112_EM122.all,2014-11-15 20:21:20+00:00
S7_0017_20141115_205119_M112_EM122.all,33266.109,34064496,https://hs.pangaea.de/bathy/M112/EM122/S7_0017_20141115_205119_M112_EM122.all,2014-11-15 20:51:19+00:00
S7_0018_20141115_212119_M112_EM122.all,32498.609,33278576,https://hs.pangaea.de/bathy/M112/EM122/S7_0018_20141115_212119_M112_EM122.all,2014-11-15 21:21:19+00:00
S7_0019_20141115_215118_M112_EM122.all,32835.891,33623952,https://hs.pangaea.de/bathy/M112/EM122/S7_0019_20141115_215118_M112_EM122.all,2014-11-15 21:51:18+00:00
S7_0020_20141115_222118_M112_EM122.all,32172.289,32944424,https://hs.pangaea.de/bathy/M112/EM122/S7_0020_20141115_222118_M112_EM122.all,2014-11-15 22:21:18+00:00
S7_0021_20141115_225120_M112_EM122.all,31262.75,32013056,https://hs.pangaea.de/bathy/M112/EM122/S7_0021_20141115_225120_M112_EM122.all,2014-11-15 22:51:20+00:00
S7_0022_20141115_232123_M112_EM122.all,32434.354,33212778,https://hs.pangaea.de/bathy/M112/EM122/S7_0022_20141115_232123_M112_EM122.all,2014-11-15 23:21:23+00:00
S7_0023_20141115_235115_M112_EM122.all,34964.734,35803888,https://hs.pangaea.de/bathy/M112/EM122/S7_0023_20141115_235115_M112_EM122.all,2014-11-15 23:51:15+00:00
S7_0024_20141116_002117_M112_EM122.all,39226.887,40168332,https://hs.pangaea.de/bathy/M112/EM122/S7_0024_20141116_002117_M112_EM122.all,2014-11-16 00:21:17+00:00
S7_0025_20141116_005123_M112_EM122.all,39963.344,40922464,https://hs.pangaea.de/bathy/M112/EM122/S7_0025_20141116_005123_M112_EM122.all,2014-11-16 00:51:23+00:00
S7_0026_20141116_012120_M112_EM122.all,39879.43,40836536,https://hs.pangaea.de/bathy/M112/EM122/S7_0026_20141116_012120_M112_EM122.all,2014-11-16 01:21:20+00:00
S7_0027_20141116_015120_M112_EM122.all,40814.133,41793672,https://hs.pangaea.de/bathy/M112/EM122/S7_0027_20141116_015120_M112_EM122.all,2014-11-16 01:51:20+00:00
S7_0028_20141116_022117_M112_EM122.all,40184.43,41148856,https://hs.pangaea.de/bathy/M112/EM122/S7_0028_20141116_022117_M112_EM122.all,2014-11-16 02:21:17+00:00
S7_0029_20141116_025120_M112_EM122.all,41849.469,42853856,https://hs.pangaea.de/bathy/M112/EM122/S7_0029_20141116_025120_M112_EM122.all,2014-11-16 02:51:20+00:00
S7_0030_20141116_032121_M112_EM122.all,41035.262,42020108,https://hs.pangaea.de/bathy/M112/EM122/S7_0030_20141116_032121_M112_EM122.all,2014-11-16 03:21:21+00:00
S7_0031_20141116_035119_M112_EM122.all,41515.504,42511876,https://hs.pangaea.de/bathy/M112/EM122/S7_0031_20141116_035119_M112_EM122.all,2014-11-16 03:51:19+00:00
S7_0032_20141116_042116_M112_EM122.all,41449.5,42444288,https://hs.pangaea.de/bathy/M112/EM122/S7_0032_20141116_042116_M112_EM122.all,2014-11-16 04:21:16+00:00
S7_0033_20141116_045119_M112_EM122.all,11552.428,11829686,https://hs.pangaea.de/bathy/M112/EM122/S7_0033_20141116_045119_M112_EM122.all,2014-11-16 04:51:19+00:00
S7_0034_20141116_081545_M112_EM122.all,41518.078,42514512,https://hs.pangaea.de/bathy/M112/EM122/S7_0034_20141116_081545_M112_EM122.all,2014-11-16 08:15:45+00:00
S7_0035_20141116_084546_M112_EM122.all,41268.227,42258664,https://hs.pangaea.de/bathy/M112/EM122/S7_0035_20141116_084546_M112_EM122.all,2014-11-16 08:45:46+00:00
S7_0036_20141116_091545_M112_EM122.all,41434.969,42429408,https://hs.pangaea.de/bathy/M112/EM122/S7_0036_20141116_091545_M112_EM122.all,2014-11-16 09:15:45+00:00
S7_0037_20141116_094544_M112_EM122.all,40895.531,41877024,https://hs.pangaea.de/bathy/M112/EM122/S7_0037_20141116_094544_M112_EM122.all,2014-11-16 09:45:44+00:00
S7_0038_20141116_101542_M112_EM122.all,41632.98,42632172,https://hs.pangaea.de/bathy/M112/EM122/S7_0038_20141116_101542_M112_EM122.all,2014-11-16 10:15:42+00:00
S7_0039_20141116_104545_M112_EM122.all,41088.07,42074184,https://hs.pangaea.de/bathy/M112/EM122/S7_0039_20141116_104545_M112_EM122.all,2014-11-16 10:45:45+00:00
S7_0040_20141116_111542_M112_EM122.all,40946.262,41928972,https://hs.pangaea.de/bathy/M112/EM122/S7_0040_20141116_111542_M112_EM122.all,2014-11-16 11:15:42+00:00
S7_0041_20141116_114542_M112_EM122.all,31917.775,32683802,https://hs.pangaea.de/bathy/M112/EM122/S7_0041_20141116_114542_M112_EM122.all,2014-11-16 11:45:42+00:00
S7_0042_20141116_120843_M112_EM122.all,43048.078,44081232,https://hs.pangaea.de/bathy/M112/EM122/S7_0042_20141116_120843_M112_EM122.all,2014-11-16 12:08:43+00:00
S7_0043_20141116_123841_M112_EM122.all,44245.617,45307512,https://hs.pangaea.de/bathy/M112/EM122/S7_0043_20141116_123841_M112_EM122.all,2014-11-16 12:38:41+00:00
S7_0044_20141116_130842_M112_EM122.all,41059.926,42045364,https://hs.pangaea.de/bathy/M112/EM122/S7_0044_20141116_130842_M112_EM122.all,2014-11-16 13:08:42+00:00
S7_0045_20141116_133845_M112_EM122.all,42387.664,43404968,https://hs.pangaea.de/bathy/M112/EM122/S7_0045_20141116_133845_M112_EM122.all,2014-11-16 13:38:45+00:00
S7_0046_20141116_140843_M112_EM122.all,43428.781,44471072,https://hs.pangaea.de/bathy/M112/EM122/S7_0046_20141116_140843_M112_EM122.all,2014-11-16 14:08:43+00:00
S7_0047_20141116_143844_M112_EM122.all,22975.586,23527000,https://hs.pangaea.de/bathy/M112/EM122/S7_0047_20141116_143844_M112_EM122.all,2014-11-16 14:38:44+00:00
S8_0000_20141117_005031_M112_EM122.all,28074.916,28748714,https://hs.pangaea.de/bathy/M112/EM122/S8_0000_20141117_005031_M112_EM122.all,2014-11-17 00:50:31+00:00
S8_0001_20141117_011004_M112_EM122.all,42396.914,43414440,https://hs.pangaea.de/bathy/M112/EM122/S8_0001_20141117_011004_M112_EM122.all,2014-11-17 01:10:04+00:00
S8_0002_20141117_014004_M112_EM122.all,15684.871,16061308,https://hs.pangaea.de/bathy/M112/EM122/S8_0002_20141117_014004_M112_EM122.all,2014-11-17 01:40:04+00:00
S8_0003_20141117_015108_M112_EM122.all,17801.289,18228520,https://hs.pangaea.de/bathy/M112/EM122/S8_0003_20141117_015108_M112_EM122.all,2014-11-17 01:51:08+00:00
S8_0004_20141117_020331_M112_EM122.all,42848.719,43877088,https://hs.pangaea.de/bathy/M112/EM122/S8_0004_20141117_020331_M112_EM122.all,2014-11-17 02:03:31+00:00
S8_0005_20141117_023328_M112_EM122.all,15078.217,15440094,https://hs.pangaea.de/bathy/M112/EM122/S8_0005_20141117_023328_M112_EM122.all,2014-11-17 02:33:28+00:00
S8_0006_20141117_024402_M112_EM122.all,15497.58,15869522,https://hs.pangaea.de/bathy/M112/EM122/S8_0006_20141117_024402_M112_EM122.all,2014-11-17 02:44:02+00:00
S8_0007_20141117_025452_M112_EM122.all,43474.078,44517456,https://hs.pangaea.de/bathy/M112/EM122/S8_0007_20141117_025452_M112_EM122.all,2014-11-17 02:54:52+00:00
S8_0008_20141117_032454_M112_EM122.all,4042.002,4139010,https://hs.pangaea.de/bathy/M112/EM122/S8_0008_20141117_032454_M112_EM122.all,2014-11-17 03:24:54+00:00
S8_0009_20141117_032742_M112_EM122.all,14706.092,15059038,https://hs.pangaea.de/bathy/M112/EM122/S8_0009_20141117_032742_M112_EM122.all,2014-11-17 03:27:42+00:00
S8_0010_20141117_033753_M112_EM122.all,8984.789,9200424,https://hs.pangaea.de/bathy/M112/EM122/S8_0010_20141117_033753_M112_EM122.all,2014-11-17 03:37:53+00:00
S8_0011_20141117_034401_M112_EM122.all,43105.723,44140260,https://hs.pangaea.de/bathy/M112/EM122/S8_0011_20141117_034401_M112_EM122.all,2014-11-17 03:44:01+00:00
S8_0012_20141117_041402_M112_EM122.all,42950.195,43981000,https://hs.pangaea.de/bathy/M112/EM122/S8_0012_20141117_041402_M112_EM122.all,2014-11-17 04:14:02+00:00
S8_0013_20141117_044402_M112_EM122.all,17159.969,17571808,https://hs.pangaea.de/bathy/M112/EM122/S8_0013_20141117_044402_M112_EM122.all,2014-11-17 04:44:02+00:00
S8_0014_20141118_072903_M112_EM122.all,42958.055,43989048,https://hs.pangaea.de/bathy/M112/EM122/S8_0014_20141118_072903_M112_EM122.all,2014-11-18 07:29:03+00:00
S8_0015_20141118_075857_M112_EM122.all,11245.834,11515734,https://hs.pangaea.de/bathy/M112/EM122/S8_0015_20141118_075857_M112_EM122.all,2014-11-18 07:58:57+00:00
S8_0016_20141118_100008_M112_EM122.all,43196.68,44233400,https://hs.pangaea.de/bathy/M112/EM122/S8_0016_20141118_100008_M112_EM122.all,2014-11-18 10:00:08+00:00
S8_0017_20141118_103006_M112_EM122.all,43226.875,44264320,https://hs.pangaea.de/bathy/M112/EM122/S8_0017_20141118_103006_M112_EM122.all,2014-11-18 10:30:06+00:00
S8_0018_20141118_110007_M112_EM122.all,19990.955,20470738,https://hs.pangaea.de/bathy/M112/EM122/S8_0018_20141118_110007_M112_EM122.all,2014-11-18 11:00:07+00:00
S9_0000_20141118_153650_M112_EM122.all,8267.043,8465452,https://hs.pangaea.de/bathy/M112/EM122/S9_0000_20141118_153650_M112_EM122.all,2014-11-18 15:36:50+00:00
S9_0001_20141118_163937_M112_EM122.all,42427.352,43445608,https://hs.pangaea.de/bathy/M112/EM122/S9_0001_20141118_163937_M112_EM122.all,2014-11-18 16:39:37+00:00
S9_0002_20141118_170934_M112_EM122.all,42394.352,43411816,https://hs.pangaea.de/bathy/M112/EM122/S9_0002_20141118_170934_M112_EM122.all,2014-11-18 17:09:34+00:00
S9_0003_20141118_173936_M112_EM122.all,41161.313,42149185,https://hs.pangaea.de/bathy/M112/EM122/S9_0003_20141118_173936_M112_EM122.all,2014-11-18 17:39:36+00:00
S9_0004_20141118_180936_M112_EM122.all,42418.727,43436776,https://hs.pangaea.de/bathy/M112/EM122/S9_0004_20141118_180936_M112_EM122.all,2014-11-18 18:09:36+00:00
S9_0005_20141118_183939_M112_EM122.all,41745.297,42747184,https://hs.pangaea.de/bathy/M112/EM122/S9_0005_20141118_183939_M112_EM122.all,2014-11-18 18:39:39+00:00
S9_0006_20141118_190937_M112_EM122.all,42330.258,43346184,https://hs.pangaea.de/bathy/M112/EM122/S9_0006_20141118_190937_M112_EM122.all,2014-11-18 19:09:37+00:00
S9_0007_20141118_193939_M112_EM122.all,43184.277,44220700,https://hs.pangaea.de/bathy/M112/EM122/S9_0007_20141118_193939_M112_EM122.all,2014-11-18 19:39:39+00:00
S9_0008_20141118_200940_M112_EM122.all,35988.586,36852312,https://hs.pangaea.de/bathy/M112/EM122/S9_0008_20141118_200940_M112_EM122.all,2014-11-18 20:09:40+00:00
S9_0009_20141118_203934_M112_EM122.all,27194.113,27846772,https://hs.pangaea.de/bathy/M112/EM122/S9_0009_20141118_203934_M112_EM122.all,2014-11-18 20:39:34+00:00
S9_0010_20141118_210938_M112_EM122.all,25352.543,25961004,https://hs.pangaea.de/bathy/M112/EM122/S9_0010_20141118_210938_M112_EM122.all,2014-11-18 21:09:38+00:00
S9_0011_20141119_080455_M112_EM122.all,36770.133,37652616,https://hs.pangaea.de/bathy/M112/EM122/S9_0011_20141119_080455_M112_EM122.all,2014-11-19 08:04:55+00:00
S9_0012_20141119_083452_M112_EM122.all,36287.176,37158068,https://hs.pangaea.de/bathy/M112/EM122/S9_0012_20141119_083452_M112_EM122.all,2014-11-19 08:34:52+00:00
S9_0013_20141119_090448_M112_EM122.all,36392.102,37265512,https://hs.pangaea.de/bathy/M112/EM122/S9_0013_20141119_090448_M112_EM122.all,2014-11-19 09:04:48+00:00
S9_0014_20141119_093449_M112_EM122.all,36396.922,37270448,https://hs.pangaea.de/bathy/M112/EM122/S9_0014_20141119_093449_M112_EM122.all,2014-11-19 09:34:49+00:00
S9_0015_20141119_100451_M112_EM122.all,37405.898,38303640,https://hs.pangaea.de/bathy/M112/EM122/S9_0015_20141119_100451_M112_EM122.all,2014-11-19 10:04:51+00:00
S9_0016_20141119_103447_M112_EM122.all,36475.805,37351224,https://hs.pangaea.de/bathy/M112/EM122/S9_0016_20141119_103447_M112_EM122.all,2014-11-19 10:34:47+00:00
S9_0017_20141119_110451_M112_EM122.all,27004.84,27652956,https://hs.pangaea.de/bathy/M112/EM122/S9_0017_20141119_110451_M112_EM122.all,2014-11-19 11:04:51+00:00
S10_0000_20141119_112738_M112_EM122.all,36510.191,37386436,https://hs.pangaea.de/bathy/M112/EM122/S10_0000_20141119_112738_M112_EM122.all,2014-11-19 11:27:38+00:00
S10_0001_20141119_115740_M112_EM122.all,37403.617,38301304,https://hs.pangaea.de/bathy/M112/EM122/S10_0001_20141119_115740_M112_EM122.all,2014-11-19 11:57:40+00:00
S10_0002_20141119_122742_M112_EM122.all,32631.584,33414742,https://hs.pangaea.de/bathy/M112/EM122/S10_0002_20141119_122742_M112_EM122.all,2014-11-19 12:27:42+00:00
S10_0003_20141119_125740_M112_EM122.all,32400.836,33178456,https://hs.pangaea.de/bathy/M112/EM122/S10_0003_20141119_125740_M112_EM122.all,2014-11-19 12:57:40+00:00
S10_0004_20141119_132742_M112_EM122.all,33624.891,34431888,https://hs.pangaea.de/bathy/M112/EM122/S10_0004_20141119_132742_M112_EM122.all,2014-11-19 13:27:42+00:00
S10_0005_20141119_135741_M112_EM122.all,33158.695,33954504,https://hs.pangaea.de/bathy/M112/EM122/S10_0005_20141119_135741_M112_EM122.all,2014-11-19 13:57:41+00:00
S10_0006_20141119_142737_M112_EM122.all,36122.148,36989080,https://hs.pangaea.de/bathy/M112/EM122/S10_0006_20141119_142737_M112_EM122.all,2014-11-19 14:27:37+00:00
S10_0007_20141119_145743_M112_EM122.all,34159.992,34979832,https://hs.pangaea.de/bathy/M112/EM122/S10_0007_20141119_145743_M112_EM122.all,2014-11-19 14:57:43+00:00
S10_0008_20141119_152741_M112_EM122.all,35180.422,36024752,https://hs.pangaea.de/bathy/M112/EM122/S10_0008_20141119_152741_M112_EM122.all,2014-11-19 15:27:41+00:00
S10_0009_20141119_155740_M112_EM122.all,34119.844,34938720,https://hs.pangaea.de/bathy/M112/EM122/S10_0009_20141119_155740_M112_EM122.all,2014-11-19 15:57:40+00:00
S10_0010_20141119_162744_M112_EM122.all,35722.648,36579992,https://hs.pangaea.de/bathy/M112/EM122/S10_0010_20141119_162744_M112_EM122.all,2014-11-19 16:27:44+00:00
S10_0011_20141119_165740_M112_EM122.all,36965.906,37853088,https://hs.pangaea.de/bathy/M112/EM122/S10_0011_20141119_165740_M112_EM122.all,2014-11-19 16:57:40+00:00
S10_0012_20141119_172738_M112_EM122.all,38350.348,39270756,https://hs.pangaea.de/bathy/M112/EM122/S10_0012_20141119_172738_M112_EM122.all,2014-11-19 17:27:38+00:00
S10_0013_20141119_175739_M112_EM122.all,39223.645,40165012,https://hs.pangaea.de/bathy/M112/EM122/S10_0013_20141119_175739_M112_EM122.all,2014-11-19 17:57:39+00:00
S10_0014_20141119_182742_M112_EM122.all,36283.512,37154316,https://hs.pangaea.de/bathy/M112/EM122/S10_0014_20141119_182742_M112_EM122.all,2014-11-19 18:27:42+00:00
S10_0015_20141119_185742_M112_EM122.all,35678.828,36535120,https://hs.pangaea.de/bathy/M112/EM122/S10_0015_20141119_185742_M112_EM122.all,2014-11-19 18:57:42+00:00
S10_0016_20141119_192742_M112_EM122.all,34350.734,35175152,https://hs.pangaea.de/bathy/M112/EM122/S10_0016_20141119_192742_M112_EM122.all,2014-11-19 19:27:42+00:00
S10_0017_20141119_195739_M112_EM122.all,34234.91,35056548,https://hs.pangaea.de/bathy/M112/EM122/S10_0017_20141119_195739_M112_EM122.all,2014-11-19 19:57:39+00:00
S10_0018_20141119_202739_M112_EM122.all,33882.438,34695617,https://hs.pangaea.de/bathy/M112/EM122/S10_0018_20141119_202739_M112_EM122.all,2014-11-19 20:27:39+00:00
S10_0019_20141119_205740_M112_EM122.all,33516.332,34320724,https://hs.pangaea.de/bathy/M112/EM122/S10_0019_20141119_205740_M112_EM122.all,2014-11-19 20:57:40+00:00
S10_0020_20141119_212737_M112_EM122.all,33577.867,34383736,https://hs.pangaea.de/bathy/M112/EM122/S10_0020_20141119_212737_M112_EM122.all,2014-11-19 21:27:37+00:00
S10_0021_20141119_215738_M112_EM122.all,33176.523,33972760,https://hs.pangaea.de/bathy/M112/EM122/S10_0021_20141119_215738_M112_EM122.all,2014-11-19 21:57:38+00:00
S10_0022_20141119_222741_M112_EM122.all,32793.594,33580640,https://hs.pangaea.de/bathy/M112/EM122/S10_0022_20141119_222741_M112_EM122.all,2014-11-19 22:27:41+00:00
S10_0023_20141119_225744_M112_EM122.all,33504.953,34309072,https://hs.pangaea.de/bathy/M112/EM122/S10_0023_20141119_225744_M112_EM122.all,2014-11-19 22:57:44+00:00
S10_0024_20141119_232742_M112_EM122.all,33237.969,34035680,https://hs.pangaea.de/bathy/M112/EM122/S10_0024_20141119_232742_M112_EM122.all,2014-11-19 23:27:42+00:00
S10_0025_20141119_235745_M112_EM122.all,33513.758,34318088,https://hs.pangaea.de/bathy/M112/EM122/S10_0025_20141119_235745_M112_EM122.all,2014-11-19 23:57:45+00:00
S10_0026_20141120_002744_M112_EM122.all,33353.602,34154088,https://hs.pangaea.de/bathy/M112/EM122/S10_0026_20141120_002744_M112_EM122.all,2014-11-20 00:27:44+00:00
S10_0027_20141120_005738_M112_EM122.all,33829.469,34641376,https://hs.pangaea.de/bathy/M112/EM122/S10_0027_20141120_005738_M112_EM122.all,2014-11-20 00:57:38+00:00
S10_0028_20141120_012738_M112_EM122.all,33577.719,34383584,https://hs.pangaea.de/bathy/M112/EM122/S10_0028_20141120_012738_M112_EM122.all,2014-11-20 01:27:38+00:00
S10_0029_20141120_015742_M112_EM122.all,33179.996,33976316,https://hs.pangaea.de/bathy/M112/EM122/S10_0029_20141120_015742_M112_EM122.all,2014-11-20 01:57:42+00:00
S10_0030_20141120_022744_M112_EM122.all,33117.695,33912520,https://hs.pangaea.de/bathy/M112/EM122/S10_0030_20141120_022744_M112_EM122.all,2014-11-20 02:27:44+00:00
S10_0031_20141120_025746_M112_EM122.all,33626.477,34433512,https://hs.pangaea.de/bathy/M112/EM122/S10_0031_20141120_025746_M112_EM122.all,2014-11-20 02:57:46+00:00
S10_0032_20141120_032743_M112_EM122.all,34131.016,34950160,https://hs.pangaea.de/bathy/M112/EM122/S10_0032_20141120_032743_M112_EM122.all,2014-11-20 03:27:43+00:00
S10_0033_20141120_035742_M112_EM122.all,36598.152,37476508,https://hs.pangaea.de/bathy/M112/EM122/S10_0033_20141120_035742_M112_EM122.all,2014-11-20 03:57:42+00:00
S10_0034_20141120_042743_M112_EM122.all,39750.891,40704912,https://hs.pangaea.de/bathy/M112/EM122/S10_0034_20141120_042743_M112_EM122.all,2014-11-20 04:27:43+00:00
S10_0035_20141120_045743_M112_EM122.all,3135.58,3210834,https://hs.pangaea.de/bathy/M112/EM122/S10_0035_20141120_045743_M112_EM122.all,2014-11-20 04:57:43+00:00
S11_0000_20141122_101509_M112_EM122.all,39458.664,40405672,https://hs.pangaea.de/bathy/M112/EM122/S11_0000_20141122_101509_M112_EM122.all,2014-11-22 10:15:09+00:00
S11_0001_20141122_104504_M112_EM122.all,39629.273,40580376,https://hs.pangaea.de/bathy/M112/EM122/S11_0001_20141122_104504_M112_EM122.all,2014-11-22 10:45:04+00:00
S11_0002_20141122_111507_M112_EM122.all,34893.172,35730608,https://hs.pangaea.de/bathy/M112/EM122/S11_0002_20141122_111507_M112_EM122.all,2014-11-22 11:15:07+00:00
S11_0003_20141122_114507_M112_EM122.all,33635.082,34442324,https://hs.pangaea.de/bathy/M112/EM122/S11_0003_20141122_114507_M112_EM122.all,2014-11-22 11:45:07+00:00
S11_0004_20141122_121506_M112_EM122.all,33635.77,34443028,https://hs.pangaea.de/bathy/M112/EM122/S11_0004_20141122_121506_M112_EM122.all,2014-11-22 12:15:06+00:00
S11_0005_20141122_124504_M112_EM122.all,26369.506,27002374,https://hs.pangaea.de/bathy/M112/EM122/S11_0005_20141122_124504_M112_EM122.all,2014-11-22 12:45:04+00:00
S11_0006_20141122_130820_M112_EM122.all,33744.539,34554408,https://hs.pangaea.de/bathy/M112/EM122/S11_0006_20141122_130820_M112_EM122.all,2014-11-22 13:08:20+00:00
S11_0007_20141122_133821_M112_EM122.all,33511.324,34315596,https://hs.pangaea.de/bathy/M112/EM122/S11_0007_20141122_133821_M112_EM122.all,2014-11-22 13:38:21+00:00
S11_0008_20141122_140823_M112_EM122.all,33422.461,34224600,https://hs.pangaea.de/bathy/M112/EM122/S11_0008_20141122_140823_M112_EM122.all,2014-11-22 14:08:23+00:00
S11_0009_20141122_143819_M112_EM122.all,33226.152,34023580,https://hs.pangaea.de/bathy/M112/EM122/S11_0009_20141122_143819_M112_EM122.all,2014-11-22 14:38:19+00:00
S11_0010_20141122_150821_M112_EM122.all,27942.057,28612666,https://hs.pangaea.de/bathy/M112/EM122/S11_0010_20141122_150821_M112_EM122.all,2014-11-22 15:08:21+00:00
S11_0011_20141122_153818_M112_EM122.all,30523.773,31256344,https://hs.pangaea.de/bathy/M112/EM122/S11_0011_20141122_153818_M112_EM122.all,2014-11-22 15:38:18+00:00
S11_0012_20141122_160822_M112_EM122.all,32274.518,33049106,https://hs.pangaea.de/bathy/M112/EM122/S11_0012_20141122_160822_M112_EM122.all,2014-11-22 16:08:22+00:00
S11_0013_20141122_163823_M112_EM122.all,31751.688,32513729,https://hs.pangaea.de/bathy/M112/EM122/S11_0013_20141122_163823_M112_EM122.all,2014-11-22 16:38:23+00:00
S11_0014_20141122_170821_M112_EM122.all,31396.52,32150036,https://hs.pangaea.de/bathy/M112/EM122/S11_0014_20141122_170821_M112_EM122.all,2014-11-22 17:08:21+00:00
S11_0015_20141122_173816_M112_EM122.all,29758.201,30472398,https://hs.pangaea.de/bathy/M112/EM122/S11_0015_20141122_173816_M112_EM122.all,2014-11-22 17:38:16+00:00
S11_0016_20141122_180819_M112_EM122.all,29942.648,30661272,https://hs.pangaea.de/bathy/M112/EM122/S11_0016_20141122_180819_M112_EM122.all,2014-11-22 18:08:19+00:00
S11_0017_20141122_183822_M112_EM122.all,29081.266,29779216,https://hs.pangaea.de/bathy/M112/EM122/S11_0017_20141122_183822_M112_EM122.all,2014-11-22 18:38:22+00:00
S11_0018_20141122_190817_M112_EM122.all,29323.684,30027452,https://hs.pangaea.de/bathy/M112/EM122/S11_0018_20141122_190817_M112_EM122.all,2014-11-22 19:08:17+00:00
S11_0019_20141122_193825_M112_EM122.all,29067.74,29765366,https://hs.pangaea.de/bathy/M112/EM122/S11_0019_20141122_193825_M112_EM122.all,2014-11-22 19:38:25+00:00
S11_0020_20141122_200821_M112_EM122.all,29088.957,29787092,https://hs.pangaea.de/bathy/M112/EM122/S11_0020_20141122_200821_M112_EM122.all,2014-11-22 20:08:21+00:00
S11_0021_20141122_203826_M112_EM122.all,29027.928,29724598,https://hs.pangaea.de/bathy/M112/EM122/S11_0021_20141122_203826_M112_EM122.all,2014-11-22 20:38:26+00:00
S11_0022_20141122_210817_M112_EM122.all,29554.447,30263754,https://hs.pangaea.de/bathy/M112/EM122/S11_0022_20141122_210817_M112_EM122.all,2014-11-22 21:08:17+00:00
S11_0023_20141122_213824_M112_EM122.all,29416.24,30122230,https://hs.pangaea.de/bathy/M112/EM122/S11_0023_20141122_213824_M112_EM122.all,2014-11-22 21:38:24+00:00
S11_0024_20141122_220821_M112_EM122.all,29050.58,29747794,https://hs.pangaea.de/bathy/M112/EM122/S11_0024_20141122_220821_M112_EM122.all,2014-11-22 22:08:21+00:00
S11_0025_20141122_223823_M112_EM122.all,28880.123,29573246,https://hs.pangaea.de/bathy/M112/EM122/S11_0025_20141122_223823_M112_EM122.all,2014-11-22 22:38:23+00:00
S11_0026_20141122_230820_M112_EM122.all,28797.727,29488872,https://hs.pangaea.de/bathy/M112/EM122/S11_0026_20141122_230820_M112_EM122.all,2014-11-22 23:08:20+00:00
S11_0027_20141122_233823_M112_EM122.all,9102.904,9321374,https://hs.pangaea.de/bathy/M112/EM122/S11_0027_20141122_233823_M112_EM122.all,2014-11-22 23:38:23+00:00
S11_0028_20141122_234759_M112_EM122.all,28538.783,29223714,https://hs.pangaea.de/bathy/M112/EM122/S11_0028_20141122_234759_M112_EM122.all,2014-11-22 23:47:59+00:00
S11_0029_20141123_001757_M112_EM122.all,28688.109,29376624,https://hs.pangaea.de/bathy/M112/EM122/S11_0029_20141123_001757_M112_EM122.all,2014-11-23 00:17:57+00:00
S11_0030_20141123_004754_M112_EM122.all,28933.438,29627841,https://hs.pangaea.de/bathy/M112/EM122/S11_0030_20141123_004754_M112_EM122.all,2014-11-23 00:47:54+00:00
S11_0031_20141123_011753_M112_EM122.all,28817.654,29509278,https://hs.pangaea.de/bathy/M112/EM122/S11_0031_20141123_011753_M112_EM122.all,2014-11-23 01:17:53+00:00
S11_0032_20141123_014759_M112_EM122.all,28828.611,29520498,https://hs.pangaea.de/bathy/M112/EM122/S11_0032_20141123_014759_M112_EM122.all,2014-11-23 01:47:59+00:00
S11_0033_20141123_021754_M112_EM122.all,29104.17,29802670,https://hs.pangaea.de/bathy/M112/EM122/S11_0033_20141123_021754_M112_EM122.all,2014-11-23 02:17:54+00:00
S11_0034_20141123_024758_M112_EM122.all,29450.252,30157058,https://hs.pangaea.de/bathy/M112/EM122/S11_0034_20141123_024758_M112_EM122.all,2014-11-23 02:47:58+00:00
S11_0035_20141123_031755_M112_EM122.all,29393.777,30099228,https://hs.pangaea.de/bathy/M112/EM122/S11_0035_20141123_031755_M112_EM122.all,2014-11-23 03:17:55+00:00
S11_0036_20141123_034757_M112_EM122.all,29608.529,30319134,https://hs.pangaea.de/bathy/M112/EM122/S11_0036_20141123_034757_M112_EM122.all,2014-11-23 03:47:57+00:00
S11_0037_20141123_041800_M112_EM122.all,29208.916,29909930,https://hs.pangaea.de/bathy/M112/EM122/S11_0037_20141123_041800_M112_EM122.all,2014-11-23 04:18:00+00:00
S11_0038_20141123_044751_M112_EM122.all,28968.051,29663284,https://hs.pangaea.de/bathy/M112/EM122/S11_0038_20141123_044751_M112_EM122.all,2014-11-23 04:47:51+00:00
S11_0039_20141123_051801_M112_EM122.all,22490.83,23030610,https://hs.pangaea.de/bathy/M112/EM122/S11_0039_20141123_051801_M112_EM122.all,2014-11-23 05:18:01+00:00
S11_0040_20141123_054759_M112_EM122.all,22419.049,22957106,https://hs.pangaea.de/bathy/M112/EM122/S11_0040_20141123_054759_M112_EM122.all,2014-11-23 05:47:59+00:00
S11_0041_20141123_061753_M112_EM122.all,22342.717,22878942,https://hs.pangaea.de/bathy/M112/EM122/S11_0041_20141123_061753_M112_EM122.all,2014-11-23 06:17:53+00:00
S11_0042_20141123_064754_M112_EM122.all,22390.045,22927406,https://hs.pangaea.de/bathy/M112/EM122/S11_0042_20141123_064754_M112_EM122.all,2014-11-23 06:47:54+00:00
S11_0043_20141123_071759_M112_EM122.all,21879.256,22404358,https://hs.pangaea.de/bathy/M112/EM122/S11_0043_20141123_071759_M112_EM122.all,2014-11-23 07:17:59+00:00
S11_0044_20141123_074758_M112_EM122.all,21911.514,22437390,https://hs.pangaea.de/bathy/M112/EM122/S11_0044_20141123_074758_M112_EM122.all,2014-11-23 07:47:58+00:00
S11_0045_20141123_081801_M112_EM122.all,21842.805,22367032,https://hs.pangaea.de/bathy/M112/EM122/S11_0045_20141123_081801_M112_EM122.all,2014-11-23 08:18:01+00:00
S11_0046_20141123_084758_M112_EM122.all,21757.314,22279490,https://hs.pangaea.de/bathy/M112/EM122/S11_0046_20141123_084758_M112_EM122.all,2014-11-23 08:47:58+00:00
S11_0047_20141123_091753_M112_EM122.all,21719.697,22240970,https://hs.pangaea.de/bathy/M112/EM122/S11_0047_20141123_091753_M112_EM122.all,2014-11-23 09:17:53+00:00
S11_0048_20141123_094752_M112_EM122.all,21711.768,22232850,https://hs.pangaea.de/bathy/M112/EM122/S11_0048_20141123_094752_M112_EM122.all,2014-11-23 09:47:52+00:00
S11_0049_20141123_101752_M112_EM122.all,28353.379,29033860,https://hs.pangaea.de/bathy/M112/EM122/S11_0049_20141123_101752_M112_EM122.all,2014-11-23 10:17:52+00:00
S11_0050_20141123_104759_M112_EM122.all,27484.541,28144170,https://hs.pangaea.de/bathy/M112/EM122/S11_0050_20141123_104759_M112_EM122.all,2014-11-23 10:47:59+00:00
S11_0051_20141123_111755_M112_EM122.all,27202.273,27855128,https://hs.pangaea.de/bathy/M112/EM122/S11_0051_20141123_111755_M112_EM122.all,2014-11-23 11:17:55+00:00
S11_0052_20141123_114753_M112_EM122.all,27201.289,27854120,https://hs.pangaea.de/bathy/M112/EM122/S11_0052_20141123_114753_M112_EM122.all,2014-11-23 11:47:53+00:00
S11_0053_20141123_121802_M112_EM122.all,26842.004,27486212,https://hs.pangaea.de/bathy/M112/EM122/S11_0053_20141123_121802_M112_EM122.all,2014-11-23 12:18:02+00:00
S11_0054_20141123_124756_M112_EM122.all,28024.18,28696760,https://hs.pangaea.de/bathy/M112/EM122/S11_0054_20141123_124756_M112_EM122.all,2014-11-23 12:47:56+00:00
S11_0055_20141123_131800_M112_EM122.all,27744.467,28410334,https://hs.pangaea.de/bathy/M112/EM122/S11_0055_20141123_131800_M112_EM122.all,2014-11-23 13:18:00+00:00
S11_0056_20141123_134759_M112_EM122.all,27710.627,28375682,https://hs.pangaea.de/bathy/M112/EM122/S11_0056_20141123_134759_M112_EM122.all,2014-11-23 13:47:59+00:00
S11_0057_20141123_141801_M112_EM122.all,27720.643,28385938,https://hs.pangaea.de/bathy/M112/EM122/S11_0057_20141123_141801_M112_EM122.all,2014-11-23 14:18:01+00:00
S11_0058_20141123_144759_M112_EM122.all,27713.963,28379098,https://hs.pangaea.de/bathy/M112/EM122/S11_0058_20141123_144759_M112_EM122.all,2014-11-23 14:47:59+00:00
S11_0059_20141123_151803_M112_EM122.all,27407.512,28065292,https://hs.pangaea.de/bathy/M112/EM122/S11_0059_20141123_151803_M112_EM122.all,2014-11-23 15:18:03+00:00
S11_0060_20141123_154757_M112_EM122.all,27257.219,27911392,https://hs.pangaea.de/bathy/M112/EM122/S11_0060_20141123_154757_M112_EM122.all,2014-11-23 15:47:57+00:00
S11_0061_20141123_161759_M112_EM122.all,27757.057,28423226,https://hs.pangaea.de/bathy/M112/EM122/S11_0061_20141123_161759_M112_EM122.all,2014-11-23 16:17:59+00:00
S11_0062_20141123_164755_M112_EM122.all,28174.463,28850650,https://hs.pangaea.de/bathy/M112/EM122/S11_0062_20141123_164755_M112_EM122.all,2014-11-23 16:47:55+00:00
S11_0063_20141123_171758_M112_EM122.all,14266.443,14608838,https://hs.pangaea.de/bathy/M112/EM122/S11_0063_20141123_171758_M112_EM122.all,2014-11-23 17:17:58+00:00
S11_0064_20141123_173300_M112_EM122.all,29748.078,30462032,https://hs.pangaea.de/bathy/M112/EM122/S11_0064_20141123_173300_M112_EM122.all,2014-11-23 17:33:00+00:00
S11_0065_20141123_180305_M112_EM122.all,29654.336,30366040,https://hs.pangaea.de/bathy/M112/EM122/S11_0065_20141123_180305_M112_EM122.all,2014-11-23 18:03:05+00:00
S11_0066_20141123_183304_M112_EM122.all,30475.848,31207268,https://hs.pangaea.de/bathy/M112/EM122/S11_0066_20141123_183304_M112_EM122.all,2014-11-23 18:33:04+00:00
S11_0067_20141123_190303_M112_EM122.all,29921.459,30639574,https://hs.pangaea.de/bathy/M112/EM122/S11_0067_20141123_190303_M112_EM122.all,2014-11-23 19:03:03+00:00
S11_0068_20141123_193302_M112_EM122.all,29871.809,30588732,https://hs.pangaea.de/bathy/M112/EM122/S11_0068_20141123_193302_M112_EM122.all,2014-11-23 19:33:02+00:00
S11_0069_20141123_200301_M112_EM122.all,30000.572,30720586,https://hs.pangaea.de/bathy/M112/EM122/S11_0069_20141123_200301_M112_EM122.all,2014-11-23 20:03:01+00:00
S11_0070_20141123_203300_M112_EM122.all,29909.4,30627226,https://hs.pangaea.de/bathy/M112/EM122/S11_0070_20141123_203300_M112_EM122.all,2014-11-23 20:33:00+00:00
S11_0071_20141123_210308_M112_EM122.all,29597.793,30308140,https://hs.pangaea.de/bathy/M112/EM122/S11_0071_20141123_210308_M112_EM122.all,2014-11-23 21:03:08+00:00
S11_0072_20141123_213311_M112_EM122.all,29015.26,29711626,https://hs.pangaea.de/bathy/M112/EM122/S11_0072_20141123_213311_M112_EM122.all,2014-11-23 21:33:11+00:00
S11_0073_20141123_220306_M112_EM122.all,29082.248,29780222,https://hs.pangaea.de/bathy/M112/EM122/S11_0073_20141123_220306_M112_EM122.all,2014-11-23 22:03:06+00:00
S11_0074_20141123_223305_M112_EM122.all,29020.494,29716986,https://hs.pangaea.de/bathy/M112/EM122/S11_0074_20141123_223305_M112_EM122.all,2014-11-23 22:33:05+00:00
S11_0075_20141123_230308_M112_EM122.all,29119.953,29818832,https://hs.pangaea.de/bathy/M112/EM122/S11_0075_20141123_230308_M112_EM122.all,2014-11-23 23:03:08+00:00
S11_0076_20141123_233304_M112_EM122.all,23292.422,23851440,https://hs.pangaea.de/bathy/M112/EM122/S11_0076_20141123_233304_M112_EM122.all,2014-11-23 23:33:04+00:00
S11_0077_20141123_235706_M112_EM122.all,29218.818,29920070,https://hs.pangaea.de/bathy/M112/EM122/S11_0077_20141123_235706_M112_EM122.all,2014-11-23 23:57:06+00:00
S11_0078_20141124_002714_M112_EM122.all,29027.176,29723828,https://hs.pangaea.de/bathy/M112/EM122/S11_0078_20141124_002714_M112_EM122.all,2014-11-24 00:27:14+00:00
S11_0079_20141124_005716_M112_EM122.all,28894.949,29588428,https://hs.pangaea.de/bathy/M112/EM122/S11_0079_20141124_005716_M112_EM122.all,2014-11-24 00:57:16+00:00
S11_0080_20141124_012706_M112_EM122.all,29072.744,29770490,https://hs.pangaea.de/bathy/M112/EM122/S11_0080_20141124_012706_M112_EM122.all,2014-11-24 01:27:06+00:00
S11_0081_20141124_015709_M112_EM122.all,29338.877,30043010,https://hs.pangaea.de/bathy/M112/EM122/S11_0081_20141124_015709_M112_EM122.all,2014-11-24 01:57:09+00:00
S11_0082_20141124_022714_M112_EM122.all,29329.146,30033046,https://hs.pangaea.de/bathy/M112/EM122/S11_0082_20141124_022714_M112_EM122.all,2014-11-24 02:27:14+00:00
S11_0083_20141124_025711_M112_EM122.all,29278.781,29981472,https://hs.pangaea.de/bathy/M112/EM122/S11_0083_20141124_025711_M112_EM122.all,2014-11-24 02:57:11+00:00
S11_0084_20141124_032704_M112_EM122.all,29424.008,30130184,https://hs.pangaea.de/bathy/M112/EM122/S11_0084_20141124_032704_M112_EM122.all,2014-11-24 03:27:04+00:00
S11_0085_20141124_035707_M112_EM122.all,29588.588,30298714,https://hs.pangaea.de/bathy/M112/EM122/S11_0085_20141124_035707_M112_EM122.all,2014-11-24 03:57:07+00:00
S11_0086_20141124_042708_M112_EM122.all,31202.211,31951064,https://hs.pangaea.de/bathy/M112/EM122/S11_0086_20141124_042708_M112_EM122.all,2014-11-24 04:27:08+00:00
S11_0087_20141124_045709_M112_EM122.all,31537.729,32294634,https://hs.pangaea.de/bathy/M112/EM122/S11_0087_20141124_045709_M112_EM122.all,2014-11-24 04:57:09+00:00
S11_0088_20141124_052711_M112_EM122.all,31300.756,32051974,https://hs.pangaea.de/bathy/M112/EM122/S11_0088_20141124_052711_M112_EM122.all,2014-11-24 05:27:11+00:00
S11_0089_20141124_055708_M112_EM122.all,31537.77,32294676,https://hs.pangaea.de/bathy/M112/EM122/S11_0089_20141124_055708_M112_EM122.all,2014-11-24 05:57:08+00:00
S11_0090_20141124_062710_M112_EM122.all,31851.936,32616382,https://hs.pangaea.de/bathy/M112/EM122/S11_0090_20141124_062710_M112_EM122.all,2014-11-24 06:27:10+00:00
S11_0091_20141124_065709_M112_EM122.all,32058.146,32827542,https://hs.pangaea.de/bathy/M112/EM122/S11_0091_20141124_065709_M112_EM122.all,2014-11-24 06:57:09+00:00
S11_0092_20141124_072711_M112_EM122.all,31819.287,32582950,https://hs.pangaea.de/bathy/M112/EM122/S11_0092_20141124_072711_M112_EM122.all,2014-11-24 07:27:11+00:00
S11_0093_20141124_075705_M112_EM122.all,32107.816,32878404,https://hs.pangaea.de/bathy/M112/EM122/S11_0093_20141124_075705_M112_EM122.all,2014-11-24 07:57:05+00:00
S11_0094_20141124_082707_M112_EM122.all,31964.258,32731400,https://hs.pangaea.de/bathy/M112/EM122/S11_0094_20141124_082707_M112_EM122.all,2014-11-24 08:27:07+00:00
S11_0095_20141124_085708_M112_EM122.all,32104.012,32874508,https://hs.pangaea.de/bathy/M112/EM122/S11_0095_20141124_085708_M112_EM122.all,2014-11-24 08:57:08+00:00
S11_0096_20141124_092711_M112_EM122.all,32105.961,32876504,https://hs.pangaea.de/bathy/M112/EM122/S11_0096_20141124_092711_M112_EM122.all,2014-11-24 09:27:11+00:00
S11_0097_20141124_095712_M112_EM122.all,31304.666,32055978,https://hs.pangaea.de/bathy/M112/EM122/S11_0097_20141124_095712_M112_EM122.all,2014-11-24 09:57:12+00:00
S11_0098_20141124_102711_M112_EM122.all,31293.021,32044054,https://hs.pangaea.de/bathy/M112/EM122/S11_0098_20141124_102711_M112_EM122.all,2014-11-24 10:27:11+00:00
S11_0099_20141124_105714_M112_EM122.all,31884.023,32649240,https://hs.pangaea.de/bathy/M112/EM122/S11_0099_20141124_105714_M112_EM122.all,2014-11-24 10:57:14+00:00
S11_0100_20141124_112707_M112_EM122.all,1143.057,1170490,https://hs.pangaea.de/bathy/M112/EM122/S11_0100_20141124_112707_M112_EM122.all,2014-11-24 11:27:07+00:00
S11_0101_20141124_112813_M112_EM122.all,31027.09,31771740,https://hs.pangaea.de/bathy/M112/EM122/S11_0101_20141124_112813_M112_EM122.all,2014-11-24 11:28:13+00:00
S11_0102_20141124_115816_M112_EM122.all,31274.604,32025194,https://hs.pangaea.de/bathy/M112/EM122/S11_0102_20141124_115816_M112_EM122.all,2014-11-24 11:58:16+00:00
S11_0103_20141124_122814_M112_EM122.all,34731.32,35564872,https://hs.pangaea.de/bathy/M112/EM122/S11_0103_20141124_122814_M112_EM122.all,2014-11-24 12:28:14+00:00
S11_0104_20141124_125811_M112_EM122.all,33228.234,34025712,https://hs.pangaea.de/bathy/M112/EM122/S11_0104_20141124_125811_M112_EM122.all,2014-11-24 12:58:11+00:00
S11_0105_20141124_132819_M112_EM122.all,31742.932,32504762,https://hs.pangaea.de/bathy/M112/EM122/S11_0105_20141124_132819_M112_EM122.all,2014-11-24 13:28:19+00:00
S11_0106_20141124_135820_M112_EM122.all,31474.082,32229460,https://hs.pangaea.de/bathy/M112/EM122/S11_0106_20141124_135820_M112_EM122.all,2014-11-24 13:58:20+00:00
S11_0107_20141124_142819_M112_EM122.all,31989.98,32757740,https://hs.pangaea.de/bathy/M112/EM122/S11_0107_20141124_142819_M112_EM122.all,2014-11-24 14:28:19+00:00
S11_0108_20141124_145815_M112_EM122.all,32166.326,32938318,https://hs.pangaea.de/bathy/M112/EM122/S11_0108_20141124_145815_M112_EM122.all,2014-11-24 14:58:15+00:00
S11_0109_20141124_152813_M112_EM122.all,32478.969,33258464,https://hs.pangaea.de/bathy/M112/EM122/S11_0109_20141124_152813_M112_EM122.all,2014-11-24 15:28:13+00:00
S11_0110_20141124_155814_M112_EM122.all,32808.469,33595872,https://hs.pangaea.de/bathy/M112/EM122/S11_0110_20141124_155814_M112_EM122.all,2014-11-24 15:58:14+00:00
S11_0111_20141124_162818_M112_EM122.all,33584.664,34390696,https://hs.pangaea.de/bathy/M112/EM122/S11_0111_20141124_162818_M112_EM122.all,2014-11-24 16:28:18+00:00
S11_0112_20141124_165815_M112_EM122.all,37080.82,37970760,https://hs.pangaea.de/bathy/M112/EM122/S11_0112_20141124_165815_M112_EM122.all,2014-11-24 16:58:15+00:00
S11_0113_20141124_172815_M112_EM122.all,37004.797,37892912,https://hs.pangaea.de/bathy/M112/EM122/S11_0113_20141124_172815_M112_EM122.all,2014-11-24 17:28:15+00:00
S11_0114_20141124_175815_M112_EM122.all,38387.047,39308336,https://hs.pangaea.de/bathy/M112/EM122/S11_0114_20141124_175815_M112_EM122.all,2014-11-24 17:58:15+00:00
S11_0115_20141124_182813_M112_EM122.all,38606.086,39532632,https://hs.pangaea.de/bathy/M112/EM122/S11_0115_20141124_182813_M112_EM122.all,2014-11-24 18:28:13+00:00
S11_0116_20141124_185811_M112_EM122.all,38387.898,39309208,https://hs.pangaea.de/bathy/M112/EM122/S11_0116_20141124_185811_M112_EM122.all,2014-11-24 18:58:11+00:00
S11_0117_20141124_192813_M112_EM122.all,37339.414,38235560,https://hs.pangaea.de/bathy/M112/EM122/S11_0117_20141124_192813_M112_EM122.all,2014-11-24 19:28:13+00:00
S11_0118_20141124_195813_M112_EM122.all,35456.344,36307296,https://hs.pangaea.de/bathy/M112/EM122/S11_0118_20141124_195813_M112_EM122.all,2014-11-24 19:58:13+00:00
S11_0119_20141124_202819_M112_EM122.all,31981.199,32748748,https://hs.pangaea.de/bathy/M112/EM122/S11_0119_20141124_202819_M112_EM122.all,2014-11-24 20:28:19+00:00
S11_0120_20141124_205818_M112_EM122.all,29833.707,30549716,https://hs.pangaea.de/bathy/M112/EM122/S11_0120_20141124_205818_M112_EM122.all,2014-11-24 20:58:18+00:00
S11_0121_20141124_212600_M112_EM122.all,32708.104,33493098,https://hs.pangaea.de/bathy/M112/EM122/S11_0121_20141124_212600_M112_EM122.all,2014-11-24 21:26:00+00:00
S11_0122_20141124_215604_M112_EM122.all,33010.578,33802832,https://hs.pangaea.de/bathy/M112/EM122/S11_0122_20141124_215604_M112_EM122.all,2014-11-24 21:56:04+00:00
S11_0123_20141124_222559_M112_EM122.all,33050.887,33844108,https://hs.pangaea.de/bathy/M112/EM122/S11_0123_20141124_222559_M112_EM122.all,2014-11-24 22:25:59+00:00
S11_0124_20141124_225606_M112_EM122.all,33152.848,33948516,https://hs.pangaea.de/bathy/M112/EM122/S11_0124_20141124_225606_M112_EM122.all,2014-11-24 22:56:06+00:00
S11_0125_20141124_232606_M112_EM122.all,32393.971,33171426,https://hs.pangaea.de/bathy/M112/EM122/S11_0125_20141124_232606_M112_EM122.all,2014-11-24 23:26:06+00:00
S11_0126_20141124_235601_M112_EM122.all,32014.078,32782416,https://hs.pangaea.de/bathy/M112/EM122/S11_0126_20141124_235601_M112_EM122.all,2014-11-24 23:56:01+00:00
S11_0127_20141125_002601_M112_EM122.all,32204.904,32977822,https://hs.pangaea.de/bathy/M112/EM122/S11_0127_20141125_002601_M112_EM122.all,2014-11-25 00:26:01+00:00
S11_0128_20141125_005605_M112_EM122.all,32250.141,33024144,https://hs.pangaea.de/bathy/M112/EM122/S11_0128_20141125_005605_M112_EM122.all,2014-11-25 00:56:05+00:00
S11_0129_20141125_012559_M112_EM122.all,31898.279,32663838,https://hs.pangaea.de/bathy/M112/EM122/S11_0129_20141125_012559_M112_EM122.all,2014-11-25 01:25:59+00:00
S11_0130_20141125_015608_M112_EM122.all,31079.385,31825290,https://hs.pangaea.de/bathy/M112/EM122/S11_0130_20141125_015608_M112_EM122.all,2014-11-25 01:56:08+00:00
S11_0131_20141125_022605_M112_EM122.all,29703.48,30416364,https://hs.pangaea.de/bathy/M112/EM122/S11_0131_20141125_022605_M112_EM122.all,2014-11-25 02:26:05+00:00
S11_0132_20141125_025610_M112_EM122.all,25811.137,26430604,https://hs.pangaea.de/bathy/M112/EM122/S11_0132_20141125_025610_M112_EM122.all,2014-11-25 02:56:10+00:00
S11_0133_20141125_032559_M112_EM122.all,23135.389,23690638,https://hs.pangaea.de/bathy/M112/EM122/S11_0133_20141125_032559_M112_EM122.all,2014-11-25 03:25:59+00:00
S11_0134_20141125_035610_M112_EM122.all,22665.662,23209638,https://hs.pangaea.de/bathy/M112/EM122/S11_0134_20141125_035610_M112_EM122.all,2014-11-25 03:56:10+00:00
S11_0135_20141125_042606_M112_EM122.all,22645.676,23189172,https://hs.pangaea.de/bathy/M112/EM122/S11_0135_20141125_042606_M112_EM122.all,2014-11-25 04:26:06+00:00
S11_0136_20141125_045611_M112_EM122.all,15565.004,15938564,https://hs.pangaea.de/bathy/M112/EM122/S11_0136_20141125_045611_M112_EM122.all,2014-11-25 04:56:11+00:00
S12_0000_20141125_125908_M112_EM122.all,23590.689,24156866,https://hs.pangaea.de/bathy/M112/EM122/S12_0000_20141125_125908_M112_EM122.all,2014-11-25 12:59:08+00:00
S12_0001_20141125_132913_M112_EM122.all,23814.252,24385794,https://hs.pangaea.de/bathy/M112/EM122/S12_0001_20141125_132913_M112_EM122.all,2014-11-25 13:29:13+00:00
S12_0002_20141125_135913_M112_EM122.all,23559.152,24124572,https://hs.pangaea.de/bathy/M112/EM122/S12_0002_20141125_135913_M112_EM122.all,2014-11-25 13:59:13+00:00
S12_0003_20141125_142906_M112_EM122.all,23517.656,24082080,https://hs.pangaea.de/bathy/M112/EM122/S12_0003_20141125_142906_M112_EM122.all,2014-11-25 14:29:06+00:00
S12_0004_20141125_145907_M112_EM122.all,23424.531,23986720,https://hs.pangaea.de/bathy/M112/EM122/S12_0004_20141125_145907_M112_EM122.all,2014-11-25 14:59:07+00:00
S12_0005_20141125_152911_M112_EM122.all,23274.795,23833390,https://hs.pangaea.de/bathy/M112/EM122/S12_0005_20141125_152911_M112_EM122.all,2014-11-25 15:29:11+00:00
S12_0006_20141125_155913_M112_EM122.all,22632.826,23176014,https://hs.pangaea.de/bathy/M112/EM122/S12_0006_20141125_155913_M112_EM122.all,2014-11-25 15:59:13+00:00
S12_0007_20141125_162908_M112_EM122.all,22434.414,22972840,https://hs.pangaea.de/bathy/M112/EM122/S12_0007_20141125_162908_M112_EM122.all,2014-11-25 16:29:08+00:00
S12_0008_20141125_165909_M112_EM122.all,23295.73,23854828,https://hs.pangaea.de/bathy/M112/EM122/S12_0008_20141125_165909_M112_EM122.all,2014-11-25 16:59:09+00:00
S12_0009_20141125_172907_M112_EM122.all,24053.125,24630400,https://hs.pangaea.de/bathy/M112/EM122/S12_0009_20141125_172907_M112_EM122.all,2014-11-25 17:29:07+00:00
S12_0010_20141125_175909_M112_EM122.all,24422.889,25009038,https://hs.pangaea.de/bathy/M112/EM122/S12_0010_20141125_175909_M112_EM122.all,2014-11-25 17:59:09+00:00
S12_0011_20141125_182905_M112_EM122.all,24680.457,25272788,https://hs.pangaea.de/bathy/M112/EM122/S12_0011_20141125_182905_M112_EM122.all,2014-11-25 18:29:05+00:00
S12_0012_20141125_185906_M112_EM122.all,24576.996,25166844,https://hs.pangaea.de/bathy/M112/EM122/S12_0012_20141125_185906_M112_EM122.all,2014-11-25 18:59:06+00:00
S12_0013_20141125_192911_M112_EM122.all,23855.695,24428232,https://hs.pangaea.de/bathy/M112/EM122/S12_0013_20141125_192911_M112_EM122.all,2014-11-25 19:29:11+00:00
S12_0014_20141125_195907_M112_EM122.all,23697.313,24266049,https://hs.pangaea.de/bathy/M112/EM122/S12_0014_20141125_195907_M112_EM122.all,2014-11-25 19:59:07+00:00
S12_0015_20141125_202916_M112_EM122.all,22787.559,23334460,https://hs.pangaea.de/bathy/M112/EM122/S12_0015_20141125_202916_M112_EM122.all,2014-11-25 20:29:16+00:00
S12_0016_20141125_205915_M112_EM122.all,22851.42,23399854,https://hs.pangaea.de/bathy/M112/EM122/S12_0016_20141125_205915_M112_EM122.all,2014-11-25 20:59:15+00:00
S12_0017_20141125_212915_M112_EM122.all,22502.092,23042142,https://hs.pangaea.de/bathy/M112/EM122/S12_0017_20141125_212915_M112_EM122.all,2014-11-25 21:29:15+00:00
S12_0018_20141125_215907_M112_EM122.all,22643.387,23186828,https://hs.pangaea.de/bathy/M112/EM122/S12_0018_20141125_215907_M112_EM122.all,2014-11-25 21:59:07+00:00
S12_0019_20141125_222918_M112_EM122.all,22725.002,23270402,https://hs.pangaea.de/bathy/M112/EM122/S12_0019_20141125_222918_M112_EM122.all,2014-11-25 22:29:18+00:00
S12_0020_20141125_225908_M112_EM122.all,23173.645,23729812,https://hs.pangaea.de/bathy/M112/EM122/S12_0020_20141125_225908_M112_EM122.all,2014-11-25 22:59:08+00:00
S12_0021_20141125_232916_M112_EM122.all,23127.613,23682676,https://hs.pangaea.de/bathy/M112/EM122/S12_0021_20141125_232916_M112_EM122.all,2014-11-25 23:29:16+00:00
S12_0022_20141125_235916_M112_EM122.all,23647.953,24215504,https://hs.pangaea.de/bathy/M112/EM122/S12_0022_20141125_235916_M112_EM122.all,2014-11-25 23:59:16+00:00
S12_0023_20141126_002914_M112_EM122.all,26985.023,27632664,https://hs.pangaea.de/bathy/M112/EM122/S12_0023_20141126_002914_M112_EM122.all,2014-11-26 00:29:14+00:00
S12_0024_20141126_005908_M112_EM122.all,31063.381,31808902,https://hs.pangaea.de/bathy/M112/EM122/S12_0024_20141126_005908_M112_EM122.all,2014-11-26 00:59:08+00:00
S12_0025_20141126_012914_M112_EM122.all,31436.193,32190662,https://hs.pangaea.de/bathy/M112/EM122/S12_0025_20141126_012914_M112_EM122.all,2014-11-26 01:29:14+00:00
S12_0026_20141126_015906_M112_EM122.all,35029.523,35870232,https://hs.pangaea.de/bathy/M112/EM122/S12_0026_20141126_015906_M112_EM122.all,2014-11-26 01:59:06+00:00
S12_0027_20141126_022908_M112_EM122.all,41298.352,42289512,https://hs.pangaea.de/bathy/M112/EM122/S12_0027_20141126_022908_M112_EM122.all,2014-11-26 02:29:08+00:00
S12_0028_20141126_025905_M112_EM122.all,33140.172,33935536,https://hs.pangaea.de/bathy/M112/EM122/S12_0028_20141126_025905_M112_EM122.all,2014-11-26 02:59:05+00:00
S12_0029_20141126_032912_M112_EM122.all,42095.219,43105504,https://hs.pangaea.de/bathy/M112/EM122/S12_0029_20141126_032912_M112_EM122.all,2014-11-26 03:29:12+00:00
S12_0030_20141126_035909_M112_EM122.all,41558.586,42555992,https://hs.pangaea.de/bathy/M112/EM122/S12_0030_20141126_035909_M112_EM122.all,2014-11-26 03:59:09+00:00
S12_0031_20141126_042907_M112_EM122.all,17772.766,18199312,https://hs.pangaea.de/bathy/M112/EM122/S12_0031_20141126_042907_M112_EM122.all,2014-11-26 04:29:07+00:00
S12_0032_20141126_053729_M112_EM122.all,42866.867,43895672,https://hs.pangaea.de/bathy/M112/EM122/S12_0032_20141126_053729_M112_EM122.all,2014-11-26 05:37:29+00:00
S12_0033_20141126_060729_M112_EM122.all,11852.186,12136638,https://hs.pangaea.de/bathy/M112/EM122/S12_0033_20141126_060729_M112_EM122.all,2014-11-26 06:07:29+00:00
S12_0034_20141126_061555_M112_EM122.all,32485.484,33265136,https://hs.pangaea.de/bathy/M112/EM122/S12_0034_20141126_061555_M112_EM122.all,2014-11-26 06:15:55+00:00
S12_0035_20141126_063844_M112_EM122.all,4743.271,4857110,https://hs.pangaea.de/bathy/M112/EM122/S12_0035_20141126_063844_M112_EM122.all,2014-11-26 06:38:44+00:00
S12_0036_20141126_064200_M112_EM122.all,4611.27,4721940,https://hs.pangaea.de/bathy/M112/EM122/S12_0036_20141126_064200_M112_EM122.all,2014-11-26 06:42:00+00:00
S12_0037_20141126_165057_M112_EM122.all,43562.246,44607740,https://hs.pangaea.de/bathy/M112/EM122/S12_0037_20141126_165057_M112_EM122.all,2014-11-26 16:50:57+00:00
S12_0038_20141126_172056_M112_EM122.all,44023.156,45079712,https://hs.pangaea.de/bathy/M112/EM122/S12_0038_20141126_172056_M112_EM122.all,2014-11-26 17:20:56+00:00
S12_0039_20141126_175056_M112_EM122.all,43937.188,44991681,https://hs.pangaea.de/bathy/M112/EM122/S12_0039_20141126_175056_M112_EM122.all,2014-11-26 17:50:56+00:00
S12_0040_20141126_182056_M112_EM122.all,43968.207,45023444,https://hs.pangaea.de/bathy/M112/EM122/S12_0040_20141126_182056_M112_EM122.all,2014-11-26 18:20:56+00:00
S12_0041_20141126_185056_M112_EM122.all,37086.078,37976144,https://hs.pangaea.de/bathy/M112/EM122/S12_0041_20141126_185056_M112_EM122.all,2014-11-26 18:50:56+00:00
S13_0000_20141126_191828_M112_EM122.all,43079.332,44113236,https://hs.pangaea.de/bathy/M112/EM122/S13_0000_20141126_191828_M112_EM122.all,2014-11-26 19:18:28+00:00
S13_0001_20141126_194829_M112_EM122.all,43155.164,44190888,https://hs.pangaea.de/bathy/M112/EM122/S13_0001_20141126_194829_M112_EM122.all,2014-11-26 19:48:29+00:00
S13_0002_20141126_201831_M112_EM122.all,42569.754,43591428,https://hs.pangaea.de/bathy/M112/EM122/S13_0002_20141126_201831_M112_EM122.all,2014-11-26 20:18:31+00:00
S13_0003_20141126_204829_M112_EM122.all,42449.805,43468600,https://hs.pangaea.de/bathy/M112/EM122/S13_0003_20141126_204829_M112_EM122.all,2014-11-26 20:48:29+00:00
S13_0004_20141126_211828_M112_EM122.all,42056.539,43065896,https://hs.pangaea.de/bathy/M112/EM122/S13_0004_20141126_211828_M112_EM122.all,2014-11-26 21:18:28+00:00
S13_0005_20141126_214828_M112_EM122.all,41173.461,42161624,https://hs.pangaea.de/bathy/M112/EM122/S13_0005_20141126_214828_M112_EM122.all,2014-11-26 21:48:28+00:00
S13_0006_20141126_221828_M112_EM122.all,41381.086,42374232,https://hs.pangaea.de/bathy/M112/EM122/S13_0006_20141126_221828_M112_EM122.all,2014-11-26 22:18:28+00:00
S13_0007_20141126_224829_M112_EM122.all,41574.078,42571856,https://hs.pangaea.de/bathy/M112/EM122/S13_0007_20141126_224829_M112_EM122.all,2014-11-26 22:48:29+00:00
S13_0008_20141126_231830_M112_EM122.all,41544.199,42541260,https://hs.pangaea.de/bathy/M112/EM122/S13_0008_20141126_231830_M112_EM122.all,2014-11-26 23:18:30+00:00
S13_0009_20141126_234833_M112_EM122.all,41109.805,42096440,https://hs.pangaea.de/bathy/M112/EM122/S13_0009_20141126_234833_M112_EM122.all,2014-11-26 23:48:33+00:00
S13_0010_20141127_001831_M112_EM122.all,41052.25,42037504,https://hs.pangaea.de/bathy/M112/EM122/S13_0010_20141127_001831_M112_EM122.all,2014-11-27 00:18:31+00:00
S13_0011_20141127_004832_M112_EM122.all,40229.68,41195192,https://hs.pangaea.de/bathy/M112/EM122/S13_0011_20141127_004832_M112_EM122.all,2014-11-27 00:48:32+00:00
S13_0012_20141127_011833_M112_EM122.all,39880.953,40838096,https://hs.pangaea.de/bathy/M112/EM122/S13_0012_20141127_011833_M112_EM122.all,2014-11-27 01:18:33+00:00
S13_0013_20141127_014833_M112_EM122.all,40509.879,41482116,https://hs.pangaea.de/bathy/M112/EM122/S13_0013_20141127_014833_M112_EM122.all,2014-11-27 01:48:33+00:00
S13_0014_20141127_021831_M112_EM122.all,40091.609,41053808,https://hs.pangaea.de/bathy/M112/EM122/S13_0014_20141127_021831_M112_EM122.all,2014-11-27 02:18:31+00:00
S13_0015_20141127_024829_M112_EM122.all,40117.844,41080672,https://hs.pangaea.de/bathy/M112/EM122/S13_0015_20141127_024829_M112_EM122.all,2014-11-27 02:48:29+00:00
S13_0016_20141127_031833_M112_EM122.all,40055.352,41016680,https://hs.pangaea.de/bathy/M112/EM122/S13_0016_20141127_031833_M112_EM122.all,2014-11-27 03:18:33+00:00
S13_0017_20141127_034834_M112_EM122.all,40040.203,41001168,https://hs.pangaea.de/bathy/M112/EM122/S13_0017_20141127_034834_M112_EM122.all,2014-11-27 03:48:34+00:00
S13_0018_20141127_041833_M112_EM122.all,40580.922,41554864,https://hs.pangaea.de/bathy/M112/EM122/S13_0018_20141127_041833_M112_EM122.all,2014-11-27 04:18:33+00:00
S13_0019_20141127_044828_M112_EM122.all,40563.328,41536848,https://hs.pangaea.de/bathy/M112/EM122/S13_0019_20141127_044828_M112_EM122.all,2014-11-27 04:48:28+00:00
S13_0020_20141127_051828_M112_EM122.all,40120.859,41083760,https://hs.pangaea.de/bathy/M112/EM122/S13_0020_20141127_051828_M112_EM122.all,2014-11-27 05:18:28+00:00
S13_0021_20141127_054831_M112_EM122.all,40043.41,41004452,https://hs.pangaea.de/bathy/M112/EM122/S13_0021_20141127_054831_M112_EM122.all,2014-11-27 05:48:31+00:00
S13_0022_20141127_061834_M112_EM122.all,38533.141,39457936,https://hs.pangaea.de/bathy/M112/EM122/S13_0022_20141127_061834_M112_EM122.all,2014-11-27 06:18:34+00:00
S13_0023_20141127_064829_M112_EM122.all,39734.379,40688004,https://hs.pangaea.de/bathy/M112/EM122/S13_0023_20141127_064829_M112_EM122.all,2014-11-27 06:48:29+00:00
S13_0024_20141127_071832_M112_EM122.all,40440.414,41410984,https://hs.pangaea.de/bathy/M112/EM122/S13_0024_20141127_071832_M112_EM122.all,2014-11-27 07:18:32+00:00
S13_0025_20141127_074834_M112_EM122.all,5145.074,5268556,https://hs.pangaea.de/bathy/M112/EM122/S13_0025_20141127_074834_M112_EM122.all,2014-11-27 07:48:34+00:00
S13_0026_20141127_124523_M112_EM122.all,1596.08,1634386,https://hs.pangaea.de/bathy/M112/EM122/S13_0026_20141127_124523_M112_EM122.all,2014-11-27 12:45:23+00:00
S14_0000_20141127_124723_M112_EM122.all,39808.184,40763580,https://hs.pangaea.de/bathy/M112/EM122/S14_0000_20141127_124723_M112_EM122.all,2014-11-27 12:47:23+00:00
S14_0001_20141127_131715_M112_EM122.all,39713.98,40667116,https://hs.pangaea.de/bathy/M112/EM122/S14_0001_20141127_131715_M112_EM122.all,2014-11-27 13:17:15+00:00
S14_0002_20141127_134722_M112_EM122.all,38742.645,39672468,https://hs.pangaea.de/bathy/M112/EM122/S14_0002_20141127_134722_M112_EM122.all,2014-11-27 13:47:22+00:00
S14_0003_20141127_141719_M112_EM122.all,38782.332,39713108,https://hs.pangaea.de/bathy/M112/EM122/S14_0003_20141127_141719_M112_EM122.all,2014-11-27 14:17:19+00:00
S14_0004_20141127_144716_M112_EM122.all,39814.953,40770512,https://hs.pangaea.de/bathy/M112/EM122/S14_0004_20141127_144716_M112_EM122.all,2014-11-27 14:47:16+00:00
S14_0005_20141127_151715_M112_EM122.all,40197.641,41162384,https://hs.pangaea.de/bathy/M112/EM122/S14_0005_20141127_151715_M112_EM122.all,2014-11-27 15:17:15+00:00
S14_0006_20141127_154718_M112_EM122.all,35092.648,35934872,https://hs.pangaea.de/bathy/M112/EM122/S14_0006_20141127_154718_M112_EM122.all,2014-11-27 15:47:18+00:00
S14_0007_20141127_161716_M112_EM122.all,33376.906,34177952,https://hs.pangaea.de/bathy/M112/EM122/S14_0007_20141127_161716_M112_EM122.all,2014-11-27 16:17:16+00:00
S14_0008_20141127_164719_M112_EM122.all,32976.578,33768016,https://hs.pangaea.de/bathy/M112/EM122/S14_0008_20141127_164719_M112_EM122.all,2014-11-27 16:47:19+00:00
S14_0009_20141127_171721_M112_EM122.all,33405.219,34206944,https://hs.pangaea.de/bathy/M112/EM122/S14_0009_20141127_171721_M112_EM122.all,2014-11-27 17:17:21+00:00
S14_0010_20141127_174721_M112_EM122.all,33594.594,34400864,https://hs.pangaea.de/bathy/M112/EM122/S14_0010_20141127_174721_M112_EM122.all,2014-11-27 17:47:21+00:00
S14_0011_20141127_181720_M112_EM122.all,33834.719,34646752,https://hs.pangaea.de/bathy/M112/EM122/S14_0011_20141127_181720_M112_EM122.all,2014-11-27 18:17:20+00:00
S14_0012_20141127_184723_M112_EM122.all,34260.359,35082608,https://hs.pangaea.de/bathy/M112/EM122/S14_0012_20141127_184723_M112_EM122.all,2014-11-27 18:47:23+00:00
S14_0013_20141127_191717_M112_EM122.all,34188.508,35009032,https://hs.pangaea.de/bathy/M112/EM122/S14_0013_20141127_191717_M112_EM122.all,2014-11-27 19:17:17+00:00
S14_0014_20141127_194723_M112_EM122.all,34183.512,35003916,https://hs.pangaea.de/bathy/M112/EM122/S14_0014_20141127_194723_M112_EM122.all,2014-11-27 19:47:23+00:00
S14_0015_20141127_201720_M112_EM122.all,34363.516,35188240,https://hs.pangaea.de/bathy/M112/EM122/S14_0015_20141127_201720_M112_EM122.all,2014-11-27 20:17:20+00:00
S14_0016_20141127_204720_M112_EM122.all,34450.297,35277104,https://hs.pangaea.de/bathy/M112/EM122/S14_0016_20141127_204720_M112_EM122.all,2014-11-27 20:47:20+00:00
S14_0017_20141127_211717_M112_EM122.all,37559.246,38460668,https://hs.pangaea.de/bathy/M112/EM122/S14_0017_20141127_211717_M112_EM122.all,2014-11-27 21:17:17+00:00
S14_0018_20141127_214719_M112_EM122.all,38283.484,39202288,https://hs.pangaea.de/bathy/M112/EM122/S14_0018_20141127_214719_M112_EM122.all,2014-11-27 21:47:19+00:00
S14_0019_20141127_221719_M112_EM122.all,35620.438,36475329,https://hs.pangaea.de/bathy/M112/EM122/S14_0019_20141127_221719_M112_EM122.all,2014-11-27 22:17:19+00:00
S14_0020_20141127_224717_M112_EM122.all,36991.688,37879489,https://hs.pangaea.de/bathy/M112/EM122/S14_0020_20141127_224717_M112_EM122.all,2014-11-27 22:47:17+00:00
S14_0021_20141127_231719_M112_EM122.all,37165.758,38057736,https://hs.pangaea.de/bathy/M112/EM122/S14_0021_20141127_231719_M112_EM122.all,2014-11-27 23:17:19+00:00
S14_0022_20141127_234722_M112_EM122.all,38699.648,39628440,https://hs.pangaea.de/bathy/M112/EM122/S14_0022_20141127_234722_M112_EM122.all,2014-11-27 23:47:22+00:00
S14_0023_20141128_001716_M112_EM122.all,40423.98,41394156,https://hs.pangaea.de/bathy/M112/EM122/S14_0023_20141128_001716_M112_EM122.all,2014-11-28 00:17:16+00:00
S14_0024_20141128_004719_M112_EM122.all,39534.758,40483592,https://hs.pangaea.de/bathy/M112/EM122/S14_0024_20141128_004719_M112_EM122.all,2014-11-28 00:47:19+00:00
S14_0025_20141128_011720_M112_EM122.all,39740.051,40693812,https://hs.pangaea.de/bathy/M112/EM122/S14_0025_20141128_011720_M112_EM122.all,2014-11-28 01:17:20+00:00
S14_0026_20141128_014717_M112_EM122.all,42158.445,43170248,https://hs.pangaea.de/bathy/M112/EM122/S14_0026_20141128_014717_M112_EM122.all,2014-11-28 01:47:17+00:00
S14_0027_20141128_021718_M112_EM122.all,42870.277,43899164,https://hs.pangaea.de/bathy/M112/EM122/S14_0027_20141128_021718_M112_EM122.all,2014-11-28 02:17:18+00:00
S14_0028_20141128_024721_M112_EM122.all,41604.852,42603368,https://hs.pangaea.de/bathy/M112/EM122/S14_0028_20141128_024721_M112_EM122.all,2014-11-28 02:47:21+00:00
S14_0029_20141128_031719_M112_EM122.all,41752.137,42754188,https://hs.pangaea.de/bathy/M112/EM122/S14_0029_20141128_031719_M112_EM122.all,2014-11-28 03:17:19+00:00
S14_0030_20141128_034721_M112_EM122.all,41134.617,42121848,https://hs.pangaea.de/bathy/M112/EM122/S14_0030_20141128_034721_M112_EM122.all,2014-11-28 03:47:21+00:00
S14_0031_20141128_041721_M112_EM122.all,41609.164,42607784,https://hs.pangaea.de/bathy/M112/EM122/S14_0031_20141128_041721_M112_EM122.all,2014-11-28 04:17:21+00:00
S14_0032_20141128_044719_M112_EM122.all,42088.473,43098596,https://hs.pangaea.de/bathy/M112/EM122/S14_0032_20141128_044719_M112_EM122.all,2014-11-28 04:47:19+00:00
S14_0033_20141128_051719_M112_EM122.all,42606.555,43629112,https://hs.pangaea.de/bathy/M112/EM122/S14_0033_20141128_051719_M112_EM122.all,2014-11-28 05:17:19+00:00
S14_0034_20141128_054716_M112_EM122.all,43134.379,44169604,https://hs.pangaea.de/bathy/M112/EM122/S14_0034_20141128_054716_M112_EM122.all,2014-11-28 05:47:16+00:00
S14_0035_20141128_061722_M112_EM122.all,36980.539,37868072,https://hs.pangaea.de/bathy/M112/EM122/S14_0035_20141128_061722_M112_EM122.all,2014-11-28 06:17:22+00:00
S14_0036_20141128_164810_M112_EM122.all,43375.277,44416284,https://hs.pangaea.de/bathy/M112/EM122/S14_0036_20141128_164810_M112_EM122.all,2014-11-28 16:48:10+00:00
S14_0037_20141128_171801_M112_EM122.all,43741.617,44791416,https://hs.pangaea.de/bathy/M112/EM122/S14_0037_20141128_171801_M112_EM122.all,2014-11-28 17:18:01+00:00
S14_0038_20141128_174800_M112_EM122.all,43908.145,44961940,https://hs.pangaea.de/bathy/M112/EM122/S14_0038_20141128_174800_M112_EM122.all,2014-11-28 17:48:00+00:00
S14_0039_20141128_181800_M112_EM122.all,25608.275,26222874,https://hs.pangaea.de/bathy/M112/EM122/S14_0039_20141128_181800_M112_EM122.all,2014-11-28 18:18:00+00:00
S15_0000_20141128_211512_M112_EM122.all,43342.945,44383176,https://hs.pangaea.de/bathy/M112/EM122/S15_0000_20141128_211512_M112_EM122.all,2014-11-28 21:15:12+00:00
S15_0001_20141128_214504_M112_EM122.all,42855.758,43884296,https://hs.pangaea.de/bathy/M112/EM122/S15_0001_20141128_214504_M112_EM122.all,2014-11-28 21:45:04+00:00
S15_0002_20141128_221504_M112_EM122.all,42590.742,43612920,https://hs.pangaea.de/bathy/M112/EM122/S15_0002_20141128_221504_M112_EM122.all,2014-11-28 22:15:04+00:00
S15_0003_20141128_224504_M112_EM122.all,22281.627,22816386,https://hs.pangaea.de/bathy/M112/EM122/S15_0003_20141128_224504_M112_EM122.all,2014-11-28 22:45:04+00:00
S16_0000_20141128_230134_M112_EM122.all,42585.723,43607780,https://hs.pangaea.de/bathy/M112/EM122/S16_0000_20141128_230134_M112_EM122.all,2014-11-28 23:01:34+00:00
S16_0001_20141128_233128_M112_EM122.all,42020.008,43028488,https://hs.pangaea.de/bathy/M112/EM122/S16_0001_20141128_233128_M112_EM122.all,2014-11-28 23:31:28+00:00
S16_0002_20141129_000124_M112_EM122.all,41295.574,42286668,https://hs.pangaea.de/bathy/M112/EM122/S16_0002_20141129_000124_M112_EM122.all,2014-11-29 00:01:24+00:00
S16_0003_20141129_003128_M112_EM122.all,41218.484,42207728,https://hs.pangaea.de/bathy/M112/EM122/S16_0003_20141129_003128_M112_EM122.all,2014-11-29 00:31:28+00:00
S16_0004_20141129_010124_M112_EM122.all,41104.559,42091068,https://hs.pangaea.de/bathy/M112/EM122/S16_0004_20141129_010124_M112_EM122.all,2014-11-29 01:01:24+00:00
S16_0005_20141129_013123_M112_EM122.all,38959.047,39894064,https://hs.pangaea.de/bathy/M112/EM122/S16_0005_20141129_013123_M112_EM122.all,2014-11-29 01:31:23+00:00
S16_0006_20141129_020123_M112_EM122.all,33572.453,34378192,https://hs.pangaea.de/bathy/M112/EM122/S16_0006_20141129_020123_M112_EM122.all,2014-11-29 02:01:23+00:00
S16_0007_20141129_023125_M112_EM122.all,33447.664,34250408,https://hs.pangaea.de/bathy/M112/EM122/S16_0007_20141129_023125_M112_EM122.all,2014-11-29 02:31:25+00:00
S16_0008_20141129_030128_M112_EM122.all,33278.219,34076896,https://hs.pangaea.de/bathy/M112/EM122/S16_0008_20141129_030128_M112_EM122.all,2014-11-29 03:01:28+00:00
S16_0009_20141129_033124_M112_EM122.all,38256.508,39174664,https://hs.pangaea.de/bathy/M112/EM122/S16_0009_20141129_033124_M112_EM122.all,2014-11-29 03:31:24+00:00
S16_0010_20141129_040127_M112_EM122.all,40882.875,41864064,https://hs.pangaea.de/bathy/M112/EM122/S16_0010_20141129_040127_M112_EM122.all,2014-11-29 04:01:27+00:00
S16_0011_20141129_043128_M112_EM122.all,41425.695,42419912,https://hs.pangaea.de/bathy/M112/EM122/S16_0011_20141129_043128_M112_EM122.all,2014-11-29 04:31:28+00:00
S16_0012_20141129_050129_M112_EM122.all,41593.465,42591708,https://hs.pangaea.de/bathy/M112/EM122/S16_0012_20141129_050129_M112_EM122.all,2014-11-29 05:01:29+00:00
S16_0013_20141129_053126_M112_EM122.all,41592.508,42590728,https://hs.pangaea.de/bathy/M112/EM122/S16_0013_20141129_053126_M112_EM122.all,2014-11-29 05:31:26+00:00
S16_0014_20141129_060124_M112_EM122.all,42389.422,43406768,https://hs.pangaea.de/bathy/M112/EM122/S16_0014_20141129_060124_M112_EM122.all,2014-11-29 06:01:24+00:00
S16_0015_20141129_063127_M112_EM122.all,26497.689,27133634,https://hs.pangaea.de/bathy/M112/EM122/S16_0015_20141129_063127_M112_EM122.all,2014-11-29 06:31:27+00:00
S16_0016_20141129_102357_M112_EM122.all,1862.643,1907346,https://hs.pangaea.de/bathy/M112/EM122/S16_0016_20141129_102357_M112_EM122.all,2014-11-29 10:23:57+00:00
S16_0017_20141129_110517_M112_EM122.all,42623.719,43646688,https://hs.pangaea.de/bathy/M112/EM122/S16_0017_20141129_110517_M112_EM122.all,2014-11-29 11:05:17+00:00
S16_0018_20141129_113513_M112_EM122.all,26419.486,27053554,https://hs.pangaea.de/bathy/M112/EM122/S16_0018_20141129_113513_M112_EM122.all,2014-11-29 11:35:13+00:00
S16_0019_20141129_124543_M112_EM122.all,42821.227,43848936,https://hs.pangaea.de/bathy/M112/EM122/S16_0019_20141129_124543_M112_EM122.all,2014-11-29 12:45:43+00:00
S16_0020_20141129_131546_M112_EM122.all,42951.555,43982392,https://hs.pangaea.de/bathy/M112/EM122/S16_0020_20141129_131546_M112_EM122.all,2014-11-29 13:15:46+00:00
S16_0021_20141129_134546_M112_EM122.all,42650.508,43674120,https://hs.pangaea.de/bathy/M112/EM122/S16_0021_20141129_134546_M112_EM122.all,2014-11-29 13:45:46+00:00
S16_0022_20141129_141543_M112_EM122.all,42813.906,43841440,https://hs.pangaea.de/bathy/M112/EM122/S16_0022_20141129_141543_M112_EM122.all,2014-11-29 14:15:43+00:00
S16_0023_20141129_144546_M112_EM122.all,42671.086,43695192,https://hs.pangaea.de/bathy/M112/EM122/S16_0023_20141129_144546_M112_EM122.all,2014-11-29 14:45:46+00:00
S16_0024_20141129_151544_M112_EM122.all,42495.273,43515160,https://hs.pangaea.de/bathy/M112/EM122/S16_0024_20141129_151544_M112_EM122.all,2014-11-29 15:15:44+00:00
S16_0025_20141129_154546_M112_EM122.all,43264.629,44302980,https://hs.pangaea.de/bathy/M112/EM122/S16_0025_20141129_154546_M112_EM122.all,2014-11-29 15:45:46+00:00
S16_0026_20141129_161547_M112_EM122.all,43234.672,44272304,https://hs.pangaea.de/bathy/M112/EM122/S16_0026_20141129_161547_M112_EM122.all,2014-11-29 16:15:47+00:00
S16_0027_20141129_164547_M112_EM122.all,20581.771,21075734,https://hs.pangaea.de/bathy/M112/EM122/S16_0027_20141129_164547_M112_EM122.all,2014-11-29 16:45:47+00:00
S17_0000_20141129_170039_M112_EM122.all,43621.789,44668712,https://hs.pangaea.de/bathy/M112/EM122/S17_0000_20141129_170039_M112_EM122.all,2014-11-29 17:00:39+00:00
S17_0001_20141129_173031_M112_EM122.all,43363.871,44404604,https://hs.pangaea.de/bathy/M112/EM122/S17_0001_20141129_173031_M112_EM122.all,2014-11-29 17:30:31+00:00
S17_0002_20141129_180031_M112_EM122.all,43199.652,44236444,https://hs.pangaea.de/bathy/M112/EM122/S17_0002_20141129_180031_M112_EM122.all,2014-11-29 18:00:31+00:00
S17_0003_20141129_183031_M112_EM122.all,31713.105,32474220,https://hs.pangaea.de/bathy/M112/EM122/S17_0003_20141129_183031_M112_EM122.all,2014-11-29 18:30:31+00:00
S18_0000_20141129_185358_M112_EM122.all,42987.613,44019316,https://hs.pangaea.de/bathy/M112/EM122/S18_0000_20141129_185358_M112_EM122.all,2014-11-29 18:53:58+00:00
S18_0001_20141129_192358_M112_EM122.all,42144.133,43155592,https://hs.pangaea.de/bathy/M112/EM122/S18_0001_20141129_192358_M112_EM122.all,2014-11-29 19:23:58+00:00
S18_0002_20141129_195355_M112_EM122.all,41755.383,42757512,https://hs.pangaea.de/bathy/M112/EM122/S18_0002_20141129_195355_M112_EM122.all,2014-11-29 19:53:55+00:00
S18_0003_20141129_202354_M112_EM122.all,41653.586,42653272,https://hs.pangaea.de/bathy/M112/EM122/S18_0003_20141129_202354_M112_EM122.all,2014-11-29 20:23:54+00:00
S18_0004_20141129_205358_M112_EM122.all,41577.102,42574952,https://hs.pangaea.de/bathy/M112/EM122/S18_0004_20141129_205358_M112_EM122.all,2014-11-29 20:53:58+00:00
S18_0005_20141129_212357_M112_EM122.all,41108.82,42095432,https://hs.pangaea.de/bathy/M112/EM122/S18_0005_20141129_212357_M112_EM122.all,2014-11-29 21:23:57+00:00
S18_0006_20141129_215359_M112_EM122.all,40159.852,41123688,https://hs.pangaea.de/bathy/M112/EM122/S18_0006_20141129_215359_M112_EM122.all,2014-11-29 21:53:59+00:00
S18_0007_20141129_222357_M112_EM122.all,37000.969,37888992,https://hs.pangaea.de/bathy/M112/EM122/S18_0007_20141129_222357_M112_EM122.all,2014-11-29 22:23:57+00:00
S18_0008_20141129_225355_M112_EM122.all,34498.375,35326336,https://hs.pangaea.de/bathy/M112/EM122/S18_0008_20141129_225355_M112_EM122.all,2014-11-29 22:53:55+00:00
S18_0009_20141129_232400_M112_EM122.all,32864.016,33652752,https://hs.pangaea.de/bathy/M112/EM122/S18_0009_20141129_232400_M112_EM122.all,2014-11-29 23:24:00+00:00
S18_0010_20141129_235355_M112_EM122.all,35469.668,36320940,https://hs.pangaea.de/bathy/M112/EM122/S18_0010_20141129_235355_M112_EM122.all,2014-11-29 23:53:55+00:00
S18_0011_20141130_002356_M112_EM122.all,41107.168,42093740,https://hs.pangaea.de/bathy/M112/EM122/S18_0011_20141130_002356_M112_EM122.all,2014-11-30 00:23:56+00:00
S18_0012_20141130_005359_M112_EM122.all,40931.09,41913436,https://hs.pangaea.de/bathy/M112/EM122/S18_0012_20141130_005359_M112_EM122.all,2014-11-30 00:53:59+00:00
S18_0013_20141130_012355_M112_EM122.all,41595.359,42593648,https://hs.pangaea.de/bathy/M112/EM122/S18_0013_20141130_012355_M112_EM122.all,2014-11-30 01:23:55+00:00
S18_0014_20141130_015359_M112_EM122.all,41740.211,42741976,https://hs.pangaea.de/bathy/M112/EM122/S18_0014_20141130_015359_M112_EM122.all,2014-11-30 01:53:59+00:00
S18_0015_20141130_022359_M112_EM122.all,41740.531,42742304,https://hs.pangaea.de/bathy/M112/EM122/S18_0015_20141130_022359_M112_EM122.all,2014-11-30 02:23:59+00:00
S18_0016_20141130_025355_M112_EM122.all,42056.188,43065537,https://hs.pangaea.de/bathy/M112/EM122/S18_0016_20141130_025355_M112_EM122.all,2014-11-30 02:53:55+00:00
S18_0017_20141130_032354_M112_EM122.all,42333.105,43349100,https://hs.pangaea.de/bathy/M112/EM122/S18_0017_20141130_032354_M112_EM122.all,2014-11-30 03:23:54+00:00
S18_0018_20141130_035358_M112_EM122.all,42468.676,43487924,https://hs.pangaea.de/bathy/M112/EM122/S18_0018_20141130_035358_M112_EM122.all,2014-11-30 03:53:58+00:00
S18_0019_20141130_042356_M112_EM122.all,40592.555,41566776,https://hs.pangaea.de/bathy/M112/EM122/S18_0019_20141130_042356_M112_EM122.all,2014-11-30 04:23:56+00:00
S18_0020_20141130_045355_M112_EM122.all,9794.049,10029106,https://hs.pangaea.de/bathy/M112/EM122/S18_0020_20141130_045355_M112_EM122.all,2014-11-30 04:53:55+00:00
S19_0000_20141130_192351_M112_EM122.all,43147.504,44183044,https://hs.pangaea.de/bathy/M112/EM122/S19_0000_20141130_192351_M112_EM122.all,2014-11-30 19:23:51+00:00
S19_0001_20141130_195342_M112_EM122.all,43465.102,44508264,https://hs.pangaea.de/bathy/M112/EM122/S19_0001_20141130_195342_M112_EM122.all,2014-11-30 19:53:42+00:00
S19_0002_20141130_202342_M112_EM122.all,43430.07,44472392,https://hs.pangaea.de/bathy/M112/EM122/S19_0002_20141130_202342_M112_EM122.all,2014-11-30 20:23:42+00:00
S19_0003_20141130_205341_M112_EM122.all,42803.242,43830520,https://hs.pangaea.de/bathy/M112/EM122/S19_0003_20141130_205341_M112_EM122.all,2014-11-30 20:53:41+00:00
S19_0004_20141130_212342_M112_EM122.all,11983.656,12271264,https://hs.pangaea.de/bathy/M112/EM122/S19_0004_20141130_212342_M112_EM122.all,2014-11-30 21:23:42+00:00
S20_0000_20141130_213247_M112_EM122.all,42465.141,43484304,https://hs.pangaea.de/bathy/M112/EM122/S20_0000_20141130_213247_M112_EM122.all,2014-11-30 21:32:47+00:00
S20_0001_20141130_220239_M112_EM122.all,42432.691,43451076,https://hs.pangaea.de/bathy/M112/EM122/S20_0001_20141130_220239_M112_EM122.all,2014-11-30 22:02:39+00:00
S20_0002_20141130_223238_M112_EM122.all,42528.586,43549272,https://hs.pangaea.de/bathy/M112/EM122/S20_0002_20141130_223238_M112_EM122.all,2014-11-30 22:32:38+00:00
S20_0003_20141130_230242_M112_EM122.all,41505.402,42501532,https://hs.pangaea.de/bathy/M112/EM122/S20_0003_20141130_230242_M112_EM122.all,2014-11-30 23:02:42+00:00
S20_0004_20141130_233240_M112_EM122.all,40797.023,41776152,https://hs.pangaea.de/bathy/M112/EM122/S20_0004_20141130_233240_M112_EM122.all,2014-11-30 23:32:40+00:00
S20_0005_20141201_000238_M112_EM122.all,41947.234,42953968,https://hs.pangaea.de/bathy/M112/EM122/S20_0005_20141201_000238_M112_EM122.all,2014-12-01 00:02:38+00:00
S20_0006_20141201_003241_M112_EM122.all,40831.234,41811184,https://hs.pangaea.de/bathy/M112/EM122/S20_0006_20141201_003241_M112_EM122.all,2014-12-01 00:32:41+00:00
S20_0007_20141201_010238_M112_EM122.all,40006.852,40967016,https://hs.pangaea.de/bathy/M112/EM122/S20_0007_20141201_010238_M112_EM122.all,2014-12-01 01:02:38+00:00
S20_0008_20141201_013240_M112_EM122.all,41225.07,42214472,https://hs.pangaea.de/bathy/M112/EM122/S20_0008_20141201_013240_M112_EM122.all,2014-12-01 01:32:40+00:00
S20_0009_20141201_020240_M112_EM122.all,42761.367,43787640,https://hs.pangaea.de/bathy/M112/EM122/S20_0009_20141201_020240_M112_EM122.all,2014-12-01 02:02:40+00:00
S20_0010_20141201_023243_M112_EM122.all,41315.055,42306616,https://hs.pangaea.de/bathy/M112/EM122/S20_0010_20141201_023243_M112_EM122.all,2014-12-01 02:32:43+00:00
S20_0011_20141201_030239_M112_EM122.all,41275.363,42265972,https://hs.pangaea.de/bathy/M112/EM122/S20_0011_20141201_030239_M112_EM122.all,2014-12-01 03:02:39+00:00
S20_0012_20141201_033239_M112_EM122.all,41402.164,42395816,https://hs.pangaea.de/bathy/M112/EM122/S20_0012_20141201_033239_M112_EM122.all,2014-12-01 03:32:39+00:00
S20_0013_20141201_040240_M112_EM122.all,42557.469,43578848,https://hs.pangaea.de/bathy/M112/EM122/S20_0013_20141201_040240_M112_EM122.all,2014-12-01 04:02:40+00:00
S20_0014_20141201_043240_M112_EM122.all,42347.668,43364012,https://hs.pangaea.de/bathy/M112/EM122/S20_0014_20141201_043240_M112_EM122.all,2014-12-01 04:32:40+00:00
S20_0015_20141201_050241_M112_EM122.all,12424.105,12722284,https://hs.pangaea.de/bathy/M112/EM122/S20_0015_20141201_050241_M112_EM122.all,2014-12-01 05:02:41+00:00
S21_0000_20141201_181641_M112_EM122.all,42224.531,43237920,https://hs.pangaea.de/bathy/M112/EM122/S21_0000_20141201_181641_M112_EM122.all,2014-12-01 18:16:41+00:00
S21_0001_20141201_184642_M112_EM122.all,42382.484,43399664,https://hs.pangaea.de/bathy/M112/EM122/S21_0001_20141201_184642_M112_EM122.all,2014-12-01 18:46:42+00:00
S21_0002_20141201_191640_M112_EM122.all,40996.781,41980704,https://hs.pangaea.de/bathy/M112/EM122/S21_0002_20141201_191640_M112_EM122.all,2014-12-01 19:16:40+00:00
S21_0003_20141201_194638_M112_EM122.all,41729.102,42730600,https://hs.pangaea.de/bathy/M112/EM122/S21_0003_20141201_194638_M112_EM122.all,2014-12-01 19:46:38+00:00
S21_0004_20141201_201639_M112_EM122.all,40102.688,41065153,https://hs.pangaea.de/bathy/M112/EM122/S21_0004_20141201_201639_M112_EM122.all,2014-12-01 20:16:39+00:00
S21_0005_20141201_204642_M112_EM122.all,41230.406,42219936,https://hs.pangaea.de/bathy/M112/EM122/S21_0005_20141201_204642_M112_EM122.all,2014-12-01 20:46:42+00:00
S21_0006_20141201_211638_M112_EM122.all,40360.492,41329144,https://hs.pangaea.de/bathy/M112/EM122/S21_0006_20141201_211638_M112_EM122.all,2014-12-01 21:16:38+00:00
S21_0007_20141201_214642_M112_EM122.all,39262.34,40204636,https://hs.pangaea.de/bathy/M112/EM122/S21_0007_20141201_214642_M112_EM122.all,2014-12-01 21:46:42+00:00
S21_0008_20141201_221639_M112_EM122.all,34676.383,35508616,https://hs.pangaea.de/bathy/M112/EM122/S21_0008_20141201_221639_M112_EM122.all,2014-12-01 22:16:39+00:00
S21_0009_20141201_224641_M112_EM122.all,33092.406,33886624,https://hs.pangaea.de/bathy/M112/EM122/S21_0009_20141201_224641_M112_EM122.all,2014-12-01 22:46:41+00:00
S21_0010_20141201_231647_M112_EM122.all,33429.453,34231760,https://hs.pangaea.de/bathy/M112/EM122/S21_0010_20141201_231647_M112_EM122.all,2014-12-01 23:16:47+00:00
S21_0011_20141201_234640_M112_EM122.all,32739.662,33525414,https://hs.pangaea.de/bathy/M112/EM122/S21_0011_20141201_234640_M112_EM122.all,2014-12-01 23:46:40+00:00
S21_0012_20141202_001640_M112_EM122.all,33289.02,34087956,https://hs.pangaea.de/bathy/M112/EM122/S21_0012_20141202_001640_M112_EM122.all,2014-12-02 00:16:40+00:00
S21_0013_20141202_004639_M112_EM122.all,33262.363,34060660,https://hs.pangaea.de/bathy/M112/EM122/S21_0013_20141202_004639_M112_EM122.all,2014-12-02 00:46:39+00:00
S21_0014_20141202_011642_M112_EM122.all,33314.969,34114528,https://hs.pangaea.de/bathy/M112/EM122/S21_0014_20141202_011642_M112_EM122.all,2014-12-02 01:16:42+00:00
S21_0015_20141202_014640_M112_EM122.all,33642.492,34449912,https://hs.pangaea.de/bathy/M112/EM122/S21_0015_20141202_014640_M112_EM122.all,2014-12-02 01:46:40+00:00
S21_0016_20141202_021640_M112_EM122.all,38729.172,39658672,https://hs.pangaea.de/bathy/M112/EM122/S21_0016_20141202_021640_M112_EM122.all,2014-12-02 02:16:40+00:00
S21_0017_20141202_024644_M112_EM122.all,40637.965,41613276,https://hs.pangaea.de/bathy/M112/EM122/S21_0017_20141202_024644_M112_EM122.all,2014-12-02 02:46:44+00:00
S21_0018_20141202_031639_M112_EM122.all,41893.492,42898936,https://hs.pangaea.de/bathy/M112/EM122/S21_0018_20141202_031639_M112_EM122.all,2014-12-02 03:16:39+00:00
S21_0019_20141202_034640_M112_EM122.all,39595.539,40545832,https://hs.pangaea.de/bathy/M112/EM122/S21_0019_20141202_034640_M112_EM122.all,2014-12-02 03:46:40+00:00
S21_0020_20141202_041638_M112_EM122.all,41788.672,42791600,https://hs.pangaea.de/bathy/M112/EM122/S21_0020_20141202_041638_M112_EM122.all,2014-12-02 04:16:38+00:00
S21_0021_20141202_044640_M112_EM122.all,40585.41,41559460,https://hs.pangaea.de/bathy/M112/EM122/S21_0021_20141202_044640_M112_EM122.all,2014-12-02 04:46:40+00:00
S21_0022_20141202_051639_M112_EM122.all,42177.438,43189697,https://hs.pangaea.de/bathy/M112/EM122/S21_0022_20141202_051639_M112_EM122.all,2014-12-02 05:16:39+00:00
S21_0023_20141202_054643_M112_EM122.all,41442.125,42436736,https://hs.pangaea.de/bathy/M112/EM122/S21_0023_20141202_054643_M112_EM122.all,2014-12-02 05:46:43+00:00
S21_0025_20141202_062939_M112_EM122.all,22916.342,23466334,https://hs.pangaea.de/bathy/M112/EM122/S21_0025_20141202_062939_M112_EM122.all,2014-12-02 06:29:39+00:00
S21_0026_20141202_064530_M112_EM122.all,15742.785,16120612,https://hs.pangaea.de/bathy/M112/EM122/S21_0026_20141202_064530_M112_EM122.all,2014-12-02 06:45:30+00:00
S21_0027_20141202_075615_M112_EM122.all,32468.871,33248124,https://hs.pangaea.de/bathy/M112/EM122/S21_0027_20141202_075615_M112_EM122.all,2014-12-02 07:56:15+00:00
S21_0028_20141202_081925_M112_EM122.all,24620.367,25211256,https://hs.pangaea.de/bathy/M112/EM122/S21_0028_20141202_081925_M112_EM122.all,2014-12-02 08:19:25+00:00
S21_0029_20141202_112629_M112_EM122.all,42762.078,43788368,https://hs.pangaea.de/bathy/M112/EM122/S21_0029_20141202_112629_M112_EM122.all,2014-12-02 11:26:29+00:00
S21_0030_20141202_115631_M112_EM122.all,42786.969,43813856,https://hs.pangaea.de/bathy/M112/EM122/S21_0030_20141202_115631_M112_EM122.all,2014-12-02 11:56:31+00:00
S21_0031_20141202_122631_M112_EM122.all,43075.336,44109144,https://hs.pangaea.de/bathy/M112/EM122/S21_0031_20141202_122631_M112_EM122.all,2014-12-02 12:26:31+00:00
S21_0032_20141202_125632_M112_EM122.all,42976.273,44007704,https://hs.pangaea.de/bathy/M112/EM122/S21_0032_20141202_125632_M112_EM122.all,2014-12-02 12:56:32+00:00
S21_0033_20141202_132629_M112_EM122.all,42989.883,44021640,https://hs.pangaea.de/bathy/M112/EM122/S21_0033_20141202_132629_M112_EM122.all,2014-12-02 13:26:29+00:00
S21_0034_20141202_135627_M112_EM122.all,43260.926,44299188,https://hs.pangaea.de/bathy/M112/EM122/S21_0034_20141202_135627_M112_EM122.all,2014-12-02 13:56:27+00:00
S21_0035_20141202_142627_M112_EM122.all,43112.953,44147664,https://hs.pangaea.de/bathy/M112/EM122/S21_0035_20141202_142627_M112_EM122.all,2014-12-02 14:26:27+00:00
S21_0036_20141202_145631_M112_EM122.all,42975.531,44006944,https://hs.pangaea.de/bathy/M112/EM122/S21_0036_20141202_145631_M112_EM122.all,2014-12-02 14:56:31+00:00
S21_0037_20141202_152630_M112_EM122.all,42958.43,43989432,https://hs.pangaea.de/bathy/M112/EM122/S21_0037_20141202_152630_M112_EM122.all,2014-12-02 15:26:30+00:00
S21_0038_20141202_155630_M112_EM122.all,42838.941,43867076,https://hs.pangaea.de/bathy/M112/EM122/S21_0038_20141202_155630_M112_EM122.all,2014-12-02 15:56:30+00:00
S21_0039_20141202_162629_M112_EM122.all,42909.914,43939752,https://hs.pangaea.de/bathy/M112/EM122/S21_0039_20141202_162629_M112_EM122.all,2014-12-02 16:26:29+00:00
S21_0040_20141202_165632_M112_EM122.all,41560.203,42557648,https://hs.pangaea.de/bathy/M112/EM122/S21_0040_20141202_165632_M112_EM122.all,2014-12-02 16:56:32+00:00
S21_0041_20141202_172632_M112_EM122.all,42527.641,43548304,https://hs.pangaea.de/bathy/M112/EM122/S21_0041_20141202_172632_M112_EM122.all,2014-12-02 17:26:32+00:00
S21_0042_20141202_175629_M112_EM122.all,42655.172,43678896,https://hs.pangaea.de/bathy/M112/EM122/S21_0042_20141202_175629_M112_EM122.all,2014-12-02 17:56:29+00:00
S21_0043_20141202_182633_M112_EM122.all,25936.984,26559472,https://hs.pangaea.de/bathy/M112/EM122/S21_0043_20141202_182633_M112_EM122.all,2014-12-02 18:26:33+00:00
S22_0000_20141202_184526_M112_EM122.all,43665.086,44713048,https://hs.pangaea.de/bathy/M112/EM122/S22_0000_20141202_184526_M112_EM122.all,2014-12-02 18:45:26+00:00
S22_0001_20141202_191527_M112_EM122.all,43340.703,44380880,https://hs.pangaea.de/bathy/M112/EM122/S22_0001_20141202_191527_M112_EM122.all,2014-12-02 19:15:27+00:00
S22_0002_20141202_194526_M112_EM122.all,43080.852,44114792,https://hs.pangaea.de/bathy/M112/EM122/S22_0002_20141202_194526_M112_EM122.all,2014-12-02 19:45:26+00:00
S22_0003_20141202_201529_M112_EM122.all,42661.484,43685360,https://hs.pangaea.de/bathy/M112/EM122/S22_0003_20141202_201529_M112_EM122.all,2014-12-02 20:15:29+00:00
S22_0004_20141202_204527_M112_EM122.all,13099.662,13414054,https://hs.pangaea.de/bathy/M112/EM122/S22_0004_20141202_204527_M112_EM122.all,2014-12-02 20:45:27+00:00
S23_0000_20141202_205748_M112_EM122.all,43486.434,44530108,https://hs.pangaea.de/bathy/M112/EM122/S23_0000_20141202_205748_M112_EM122.all,2014-12-02 20:57:48+00:00
S23_0001_20141202_212748_M112_EM122.all,42092.945,43103176,https://hs.pangaea.de/bathy/M112/EM122/S23_0001_20141202_212748_M112_EM122.all,2014-12-02 21:27:48+00:00
S23_0002_20141202_215752_M112_EM122.all,45853.594,46954080,https://hs.pangaea.de/bathy/M112/EM122/S23_0002_20141202_215752_M112_EM122.all,2014-12-02 21:57:52+00:00
S23_0003_20141202_222750_M112_EM122.all,49733.109,50926704,https://hs.pangaea.de/bathy/M112/EM122/S23_0003_20141202_222750_M112_EM122.all,2014-12-02 22:27:50+00:00
S23_0004_20141202_225750_M112_EM122.all,44255.188,45317313,https://hs.pangaea.de/bathy/M112/EM122/S23_0004_20141202_225750_M112_EM122.all,2014-12-02 22:57:50+00:00
S23_0005_20141202_232748_M112_EM122.all,28731.088,29420634,https://hs.pangaea.de/bathy/M112/EM122/S23_0005_20141202_232748_M112_EM122.all,2014-12-02 23:27:48+00:00
S23_0006_20141202_234827_M112_EM122.all,2681.846,2746210,https://hs.pangaea.de/bathy/M112/EM122/S23_0006_20141202_234827_M112_EM122.all,2014-12-02 23:48:27+00:00
S23_0007_20141202_235022_M112_EM122.all,3308.951,3388366,https://hs.pangaea.de/bathy/M112/EM122/S23_0007_20141202_235022_M112_EM122.all,2014-12-02 23:50:22+00:00
S23_0008_20141202_235244_M112_EM122.all,4238.695,4340424,https://hs.pangaea.de/bathy/M112/EM122/S23_0008_20141202_235244_M112_EM122.all,2014-12-02 23:52:44+00:00
S23_0009_20141202_235547_M112_EM122.all,41753.555,42755640,https://hs.pangaea.de/bathy/M112/EM122/S23_0009_20141202_235547_M112_EM122.all,2014-12-02 23:55:47+00:00
S23_0010_20141203_002550_M112_EM122.all,20897.275,21398810,https://hs.pangaea.de/bathy/M112/EM122/S23_0010_20141203_002550_M112_EM122.all,2014-12-03 00:25:50+00:00
S23_0011_20141203_004102_M112_EM122.all,6388.924,6542258,https://hs.pangaea.de/bathy/M112/EM122/S23_0011_20141203_004102_M112_EM122.all,2014-12-03 00:41:02+00:00
S23_0012_20141203_004551_M112_EM122.all,10721.418,10978732,https://hs.pangaea.de/bathy/M112/EM122/S23_0012_20141203_004551_M112_EM122.all,2014-12-03 00:45:51+00:00
S23_0013_20141203_005335_M112_EM122.all,6885.178,7050422,https://hs.pangaea.de/bathy/M112/EM122/S23_0013_20141203_005335_M112_EM122.all,2014-12-03 00:53:35+00:00
S23_0014_20141203_005830_M112_EM122.all,41544.281,42541344,https://hs.pangaea.de/bathy/M112/EM122/S23_0014_20141203_005830_M112_EM122.all,2014-12-03 00:58:30+00:00
S23_0015_20141203_012829_M112_EM122.all,26006.07,26630216,https://hs.pangaea.de/bathy/M112/EM122/S23_0015_20141203_012829_M112_EM122.all,2014-12-03 01:28:29+00:00
S23_0016_20141203_014716_M112_EM122.all,7108.877,7279490,https://hs.pangaea.de/bathy/M112/EM122/S23_0016_20141203_014716_M112_EM122.all,2014-12-03 01:47:16+00:00
S23_0017_20141203_015224_M112_EM122.all,24705.648,25298584,https://hs.pangaea.de/bathy/M112/EM122/S23_0017_20141203_015224_M112_EM122.all,2014-12-03 01:52:24+00:00
S23_0018_20141203_021019_M112_EM122.all,5637.574,5772876,https://hs.pangaea.de/bathy/M112/EM122/S23_0018_20141203_021019_M112_EM122.all,2014-12-03 02:10:19+00:00
S23_0019_20141203_021416_M112_EM122.all,41738.637,42740364,https://hs.pangaea.de/bathy/M112/EM122/S23_0019_20141203_021416_M112_EM122.all,2014-12-03 02:14:16+00:00
S23_0020_20141203_024414_M112_EM122.all,41203.773,42192664,https://hs.pangaea.de/bathy/M112/EM122/S23_0020_20141203_024414_M112_EM122.all,2014-12-03 02:44:14+00:00
S23_0021_20141203_031418_M112_EM122.all,42370.852,43387752,https://hs.pangaea.de/bathy/M112/EM122/S23_0021_20141203_031418_M112_EM122.all,2014-12-03 03:14:18+00:00
S23_0022_20141203_034416_M112_EM122.all,41964.969,42972128,https://hs.pangaea.de/bathy/M112/EM122/S23_0022_20141203_034416_M112_EM122.all,2014-12-03 03:44:16+00:00
S23_0023_20141203_041413_M112_EM122.all,42734.781,43760416,https://hs.pangaea.de/bathy/M112/EM122/S23_0023_20141203_041413_M112_EM122.all,2014-12-03 04:14:13+00:00
S23_0024_20141203_044414_M112_EM122.all,21671.938,22192065,https://hs.pangaea.de/bathy/M112/EM122/S23_0024_20141203_044414_M112_EM122.all,2014-12-03 04:44:14+00:00
S24_0000_20141203_071344_M112_EM122.all,30413.445,31143368,https://hs.pangaea.de/bathy/M112/EM122/S24_0000_20141203_071344_M112_EM122.all,2014-12-03 07:13:44+00:00
S24_0001_20141203_073516_M112_EM122.all,6671.986,6832114,https://hs.pangaea.de/bathy/M112/EM122/S24_0001_20141203_073516_M112_EM122.all,2014-12-03 07:35:16+00:00
S24_0002_20141203_073956_M112_EM122.all,42769.398,43795864,https://hs.pangaea.de/bathy/M112/EM122/S24_0002_20141203_073956_M112_EM122.all,2014-12-03 07:39:56+00:00
S24_0003_20141203_080952_M112_EM122.all,18872.527,19325468,https://hs.pangaea.de/bathy/M112/EM122/S24_0003_20141203_080952_M112_EM122.all,2014-12-03 08:09:52+00:00
S24_0004_20141203_082301_M112_EM122.all,16371.303,16764214,https://hs.pangaea.de/bathy/M112/EM122/S24_0004_20141203_082301_M112_EM122.all,2014-12-03 08:23:01+00:00
S24_0005_20141203_083432_M112_EM122.all,43140.0,44175360,https://hs.pangaea.de/bathy/M112/EM122/S24_0005_20141203_083432_M112_EM122.all,2014-12-03 08:34:32+00:00
S24_0006_20141203_090435_M112_EM122.all,42728.469,43753952,https://hs.pangaea.de/bathy/M112/EM122/S24_0006_20141203_090435_M112_EM122.all,2014-12-03 09:04:35+00:00
S24_0007_20141203_093434_M112_EM122.all,43215.691,44252868,https://hs.pangaea.de/bathy/M112/EM122/S24_0007_20141203_093434_M112_EM122.all,2014-12-03 09:34:34+00:00
S24_0008_20141203_100433_M112_EM122.all,43571.555,44617272,https://hs.pangaea.de/bathy/M112/EM122/S24_0008_20141203_100433_M112_EM122.all,2014-12-03 10:04:33+00:00
S24_0009_20141203_103434_M112_EM122.all,43721.375,44770688,https://hs.pangaea.de/bathy/M112/EM122/S24_0009_20141203_103434_M112_EM122.all,2014-12-03 10:34:34+00:00
S24_0010_20141203_110434_M112_EM122.all,43682.969,44731360,https://hs.pangaea.de/bathy/M112/EM122/S24_0010_20141203_110434_M112_EM122.all,2014-12-03 11:04:34+00:00
S24_0011_20141203_113432_M112_EM122.all,34836.477,35672552,https://hs.pangaea.de/bathy/M112/EM122/S24_0011_20141203_113432_M112_EM122.all,2014-12-03 11:34:32+00:00
S25_0000_20141203_210221_M112_EM122.all,42957.25,43988224,https://hs.pangaea.de/bathy/M112/EM122/S25_0000_20141203_210221_M112_EM122.all,2014-12-03 21:02:21+00:00
S25_0001_20141203_213223_M112_EM122.all,42653.043,43676716,https://hs.pangaea.de/bathy/M112/EM122/S25_0001_20141203_213223_M112_EM122.all,2014-12-03 21:32:23+00:00
S25_0002_20141203_220223_M112_EM122.all,42312.555,43328056,https://hs.pangaea.de/bathy/M112/EM122/S25_0002_20141203_220223_M112_EM122.all,2014-12-03 22:02:23+00:00
S25_0003_20141203_223223_M112_EM122.all,41977.844,42985312,https://hs.pangaea.de/bathy/M112/EM122/S25_0003_20141203_223223_M112_EM122.all,2014-12-03 22:32:23+00:00
S25_0004_20141203_230222_M112_EM122.all,42747.727,43773672,https://hs.pangaea.de/bathy/M112/EM122/S25_0004_20141203_230222_M112_EM122.all,2014-12-03 23:02:22+00:00
S25_0005_20141203_233221_M112_EM122.all,42700.43,43725240,https://hs.pangaea.de/bathy/M112/EM122/S25_0005_20141203_233221_M112_EM122.all,2014-12-03 23:32:21+00:00
S25_0006_20141204_000220_M112_EM122.all,42009.828,43018064,https://hs.pangaea.de/bathy/M112/EM122/S25_0006_20141204_000220_M112_EM122.all,2014-12-04 00:02:20+00:00
S25_0007_20141204_003223_M112_EM122.all,42930.148,43960472,https://hs.pangaea.de/bathy/M112/EM122/S25_0007_20141204_003223_M112_EM122.all,2014-12-04 00:32:23+00:00
S25_0008_20141204_010220_M112_EM122.all,13173.441,13489604,https://hs.pangaea.de/bathy/M112/EM122/S25_0008_20141204_010220_M112_EM122.all,2014-12-04 01:02:20+00:00
S25_0009_20141204_011151_M112_EM122.all,7844.697,8032970,https://hs.pangaea.de/bathy/M112/EM122/S25_0009_20141204_011151_M112_EM122.all,2014-12-04 01:11:51+00:00
S25_0010_20141204_011741_M112_EM122.all,6197.541,6346282,https://hs.pangaea.de/bathy/M112/EM122/S25_0010_20141204_011741_M112_EM122.all,2014-12-04 01:17:41+00:00
S25_0011_20141204_012213_M112_EM122.all,19458.742,19925752,https://hs.pangaea.de/bathy/M112/EM122/S25_0011_20141204_012213_M112_EM122.all,2014-12-04 01:22:13+00:00
S25_0012_20141204_013617_M112_EM122.all,2971.82,3043144,https://hs.pangaea.de/bathy/M112/EM122/S25_0012_20141204_013617_M112_EM122.all,2014-12-04 01:36:17+00:00
S25_0013_20141204_013826_M112_EM122.all,41657.133,42656904,https://hs.pangaea.de/bathy/M112/EM122/S25_0013_20141204_013826_M112_EM122.all,2014-12-04 01:38:26+00:00
S25_0014_20141204_020828_M112_EM122.all,42034.973,43043812,https://hs.pangaea.de/bathy/M112/EM122/S25_0014_20141204_020828_M112_EM122.all,2014-12-04 02:08:28+00:00
S25_0015_20141204_023826_M112_EM122.all,31854.195,32618696,https://hs.pangaea.de/bathy/M112/EM122/S25_0015_20141204_023826_M112_EM122.all,2014-12-04 02:38:26+00:00
S25_0016_20141204_030103_M112_EM122.all,1306.67,1338030,https://hs.pangaea.de/bathy/M112/EM122/S25_0016_20141204_030103_M112_EM122.all,2014-12-04 03:01:03+00:00
S25_0017_20141204_030200_M112_EM122.all,41679.723,42680036,https://hs.pangaea.de/bathy/M112/EM122/S25_0017_20141204_030200_M112_EM122.all,2014-12-04 03:02:00+00:00
S25_0018_20141204_033159_M112_EM122.all,42769.723,43796196,https://hs.pangaea.de/bathy/M112/EM122/S25_0018_20141204_033159_M112_EM122.all,2014-12-04 03:31:59+00:00
S25_0019_20141204_040203_M112_EM122.all,41881.508,42886664,https://hs.pangaea.de/bathy/M112/EM122/S25_0019_20141204_040203_M112_EM122.all,2014-12-04 04:02:03+00:00
S25_0020_20141204_043201_M112_EM122.all,42707.953,43732944,https://hs.pangaea.de/bathy/M112/EM122/S25_0020_20141204_043201_M112_EM122.all,2014-12-04 04:32:01+00:00
S25_0021_20141204_050200_M112_EM122.all,20509.193,21001414,https://hs.pangaea.de/bathy/M112/EM122/S25_0021_20141204_050200_M112_EM122.all,2014-12-04 05:02:00+00:00
S25_0022_20141204_091243_M112_EM122.all,43074.898,44108696,https://hs.pangaea.de/bathy/M112/EM122/S25_0022_20141204_091243_M112_EM122.all,2014-12-04 09:12:43+00:00
S25_0023_20141204_094243_M112_EM122.all,43606.492,44653048,https://hs.pangaea.de/bathy/M112/EM122/S25_0023_20141204_094243_M112_EM122.all,2014-12-04 09:42:43+00:00
S25_0024_20141204_101247_M112_EM122.all,39005.059,39941180,https://hs.pangaea.de/bathy/M112/EM122/S25_0024_20141204_101247_M112_EM122.all,2014-12-04 10:12:47+00:00
S26_0000_20141204_203237_M112_EM122.all,42072.73,43082476,https://hs.pangaea.de/bathy/M112/EM122/S26_0000_20141204_203237_M112_EM122.all,2014-12-04 20:32:37+00:00
S26_0001_20141204_210236_M112_EM122.all,42421.648,43439768,https://hs.pangaea.de/bathy/M112/EM122/S26_0001_20141204_210236_M112_EM122.all,2014-12-04 21:02:36+00:00
S26_0002_20141204_213239_M112_EM122.all,41677.313,42677569,https://hs.pangaea.de/bathy/M112/EM122/S26_0002_20141204_213239_M112_EM122.all,2014-12-04 21:32:39+00:00
S26_0003_20141204_220237_M112_EM122.all,40648.191,41623748,https://hs.pangaea.de/bathy/M112/EM122/S26_0003_20141204_220237_M112_EM122.all,2014-12-04 22:02:37+00:00
S26_0004_20141204_223240_M112_EM122.all,40310.914,41278376,https://hs.pangaea.de/bathy/M112/EM122/S26_0004_20141204_223240_M112_EM122.all,2014-12-04 22:32:40+00:00
S26_0005_20141204_230239_M112_EM122.all,39068.789,40006440,https://hs.pangaea.de/bathy/M112/EM122/S26_0005_20141204_230239_M112_EM122.all,2014-12-04 23:02:39+00:00
S26_0006_20141204_233236_M112_EM122.all,33951.031,34765856,https://hs.pangaea.de/bathy/M112/EM122/S26_0006_20141204_233236_M112_EM122.all,2014-12-04 23:32:36+00:00
S26_0007_20141205_000237_M112_EM122.all,27942.393,28613010,https://hs.pangaea.de/bathy/M112/EM122/S26_0007_20141205_000237_M112_EM122.all,2014-12-05 00:02:37+00:00
S26_0008_20141205_002758_M112_EM122.all,956.666,979626,https://hs.pangaea.de/bathy/M112/EM122/S26_0008_20141205_002758_M112_EM122.all,2014-12-05 00:27:58+00:00
S26_0009_20141205_002849_M112_EM122.all,33184.23,33980652,https://hs.pangaea.de/bathy/M112/EM122/S26_0009_20141205_002849_M112_EM122.all,2014-12-05 00:28:49+00:00
S26_0010_20141205_005849_M112_EM122.all,32288.527,33063452,https://hs.pangaea.de/bathy/M112/EM122/S26_0010_20141205_005849_M112_EM122.all,2014-12-05 00:58:49+00:00
S26_0011_20141205_012850_M112_EM122.all,16528.289,16924968,https://hs.pangaea.de/bathy/M112/EM122/S26_0011_20141205_012850_M112_EM122.all,2014-12-05 01:28:50+00:00
S26_0012_20141205_014418_M112_EM122.all,5595.564,5729858,https://hs.pangaea.de/bathy/M112/EM122/S26_0012_20141205_014418_M112_EM122.all,2014-12-05 01:44:18+00:00
S26_0013_20141205_014932_M112_EM122.all,20123.488,20606452,https://hs.pangaea.de/bathy/M112/EM122/S26_0013_20141205_014932_M112_EM122.all,2014-12-05 01:49:32+00:00
S26_0014_20141205_020753_M112_EM122.all,4612.385,4723082,https://hs.pangaea.de/bathy/M112/EM122/S26_0014_20141205_020753_M112_EM122.all,2014-12-05 02:07:53+00:00
S26_0015_20141205_021204_M112_EM122.all,32188.258,32960776,https://hs.pangaea.de/bathy/M112/EM122/S26_0015_20141205_021204_M112_EM122.all,2014-12-05 02:12:04+00:00
S26_0016_20141205_024201_M112_EM122.all,33010.039,33802280,https://hs.pangaea.de/bathy/M112/EM122/S26_0016_20141205_024201_M112_EM122.all,2014-12-05 02:42:01+00:00
S26_0017_20141205_031158_M112_EM122.all,21896.086,22421592,https://hs.pangaea.de/bathy/M112/EM122/S26_0017_20141205_031158_M112_EM122.all,2014-12-05 03:11:58+00:00
S26_0018_20141205_033210_M112_EM122.all,2457.477,2516456,https://hs.pangaea.de/bathy/M112/EM122/S26_0018_20141205_033210_M112_EM122.all,2014-12-05 03:32:10+00:00
S26_0019_20141205_033422_M112_EM122.all,25124.693,25727686,https://hs.pangaea.de/bathy/M112/EM122/S26_0019_20141205_033422_M112_EM122.all,2014-12-05 03:34:22+00:00
S26_0020_20141205_035658_M112_EM122.all,2787.346,2854242,https://hs.pangaea.de/bathy/M112/EM122/S26_0020_20141205_035658_M112_EM122.all,2014-12-05 03:56:58+00:00
S26_0021_20141205_035925_M112_EM122.all,33362.895,34163604,https://hs.pangaea.de/bathy/M112/EM122/S26_0021_20141205_035925_M112_EM122.all,2014-12-05 03:59:25+00:00
S26_0022_20141205_042917_M112_EM122.all,33421.07,34223176,https://hs.pangaea.de/bathy/M112/EM122/S26_0022_20141205_042917_M112_EM122.all,2014-12-05 04:29:17+00:00
S26_0023_20141205_045921_M112_EM122.all,33421.715,34223836,https://hs.pangaea.de/bathy/M112/EM122/S26_0023_20141205_045921_M112_EM122.all,2014-12-05 04:59:21+00:00
S26_0024_20141205_052925_M112_EM122.all,33223.547,34020912,https://hs.pangaea.de/bathy/M112/EM122/S26_0024_20141205_052925_M112_EM122.all,2014-12-05 05:29:25+00:00
S26_0025_20141205_055924_M112_EM122.all,33108.816,33903428,https://hs.pangaea.de/bathy/M112/EM122/S26_0025_20141205_055924_M112_EM122.all,2014-12-05 05:59:24+00:00
S26_0026_20141205_062921_M112_EM122.all,31214.613,31963764,https://hs.pangaea.de/bathy/M112/EM122/S26_0026_20141205_062921_M112_EM122.all,2014-12-05 06:29:21+00:00
S26_0027_20141205_065923_M112_EM122.all,31501.621,32257660,https://hs.pangaea.de/bathy/M112/EM122/S26_0027_20141205_065923_M112_EM122.all,2014-12-05 06:59:23+00:00
S26_0028_20141205_072917_M112_EM122.all,31933.666,32700074,https://hs.pangaea.de/bathy/M112/EM122/S26_0028_20141205_072917_M112_EM122.all,2014-12-05 07:29:17+00:00
S26_0029_20141205_075923_M112_EM122.all,31730.807,32492346,https://hs.pangaea.de/bathy/M112/EM122/S26_0029_20141205_075923_M112_EM122.all,2014-12-05 07:59:23+00:00
S26_0030_20141205_082925_M112_EM122.all,10881.578,11142736,https://hs.pangaea.de/bathy/M112/EM122/S26_0030_20141205_082925_M112_EM122.all,2014-12-05 08:29:25+00:00
S26_0031_20141205_083917_M112_EM122.all,8171.105,8367212,https://hs.pangaea.de/bathy/M112/EM122/S26_0031_20141205_083917_M112_EM122.all,2014-12-05 08:39:17+00:00
S27_0000_20141205_230654_M112_EM122.all,35146.242,35989752,https://hs.pangaea.de/bathy/M112/EM122/S27_0000_20141205_230654_M112_EM122.all,2014-12-05 23:06:54+00:00
S27_0001_20141205_233654_M112_EM122.all,34005.965,34822108,https://hs.pangaea.de/bathy/M112/EM122/S27_0001_20141205_233654_M112_EM122.all,2014-12-05 23:36:54+00:00
S27_0002_20141206_000657_M112_EM122.all,36938.785,37825316,https://hs.pangaea.de/bathy/M112/EM122/S27_0002_20141206_000657_M112_EM122.all,2014-12-06 00:06:57+00:00
S27_0003_20141206_003656_M112_EM122.all,9900.211,10137816,https://hs.pangaea.de/bathy/M112/EM122/S27_0003_20141206_003656_M112_EM122.all,2014-12-06 00:36:56+00:00
S27_0004_20141206_004506_M112_EM122.all,10855.752,11116290,https://hs.pangaea.de/bathy/M112/EM122/S27_0004_20141206_004506_M112_EM122.all,2014-12-06 00:45:06+00:00
S27_0005_20141206_005411_M112_EM122.all,27069.994,27719674,https://hs.pangaea.de/bathy/M112/EM122/S27_0005_20141206_005411_M112_EM122.all,2014-12-06 00:54:11+00:00
S27_0006_20141206_011700_M112_EM122.all,9096.289,9314600,https://hs.pangaea.de/bathy/M112/EM122/S27_0006_20141206_011700_M112_EM122.all,2014-12-06 01:17:00+00:00
S27_0007_20141206_012439_M112_EM122.all,3861.105,3953772,https://hs.pangaea.de/bathy/M112/EM122/S27_0007_20141206_012439_M112_EM122.all,2014-12-06 01:24:39+00:00
S27_0008_20141206_012753_M112_EM122.all,5548.586,5681752,https://hs.pangaea.de/bathy/M112/EM122/S27_0008_20141206_012753_M112_EM122.all,2014-12-06 01:27:53+00:00
S27_0009_20141206_013231_M112_EM122.all,37458.102,38357096,https://hs.pangaea.de/bathy/M112/EM122/S27_0009_20141206_013231_M112_EM122.all,2014-12-06 01:32:31+00:00
S27_0010_20141206_020227_M112_EM122.all,37726.656,38632096,https://hs.pangaea.de/bathy/M112/EM122/S27_0010_20141206_020227_M112_EM122.all,2014-12-06 02:02:27+00:00
S27_0011_20141206_023228_M112_EM122.all,38124.004,39038980,https://hs.pangaea.de/bathy/M112/EM122/S27_0011_20141206_023228_M112_EM122.all,2014-12-06 02:32:28+00:00
S27_0012_20141206_030228_M112_EM122.all,39027.887,39964556,https://hs.pangaea.de/bathy/M112/EM122/S27_0012_20141206_030228_M112_EM122.all,2014-12-06 03:02:28+00:00
S27_0013_20141206_033230_M112_EM122.all,37790.461,38697432,https://hs.pangaea.de/bathy/M112/EM122/S27_0013_20141206_033230_M112_EM122.all,2014-12-06 03:32:30+00:00
S27_0014_20141206_040228_M112_EM122.all,39305.879,40249220,https://hs.pangaea.de/bathy/M112/EM122/S27_0014_20141206_040228_M112_EM122.all,2014-12-06 04:02:28+00:00
S27_0015_20141206_043230_M112_EM122.all,37715.027,38620188,https://hs.pangaea.de/bathy/M112/EM122/S27_0015_20141206_043230_M112_EM122.all,2014-12-06 04:32:30+00:00
S27_0016_20141206_050228_M112_EM122.all,35026.234,35866864,https://hs.pangaea.de/bathy/M112/EM122/S27_0016_20141206_050228_M112_EM122.all,2014-12-06 05:02:28+00:00
S27_0017_20141206_053229_M112_EM122.all,33395.574,34197068,https://hs.pangaea.de/bathy/M112/EM122/S27_0017_20141206_053229_M112_EM122.all,2014-12-06 05:32:29+00:00
S27_0018_20141206_060231_M112_EM122.all,32305.098,33080420,https://hs.pangaea.de/bathy/M112/EM122/S27_0018_20141206_060231_M112_EM122.all,2014-12-06 06:02:31+00:00
S27_0019_20141206_063230_M112_EM122.all,32123.445,32894408,https://hs.pangaea.de/bathy/M112/EM122/S27_0019_20141206_063230_M112_EM122.all,2014-12-06 06:32:30+00:00
S27_0020_20141206_070227_M112_EM122.all,33042.605,33835628,https://hs.pangaea.de/bathy/M112/EM122/S27_0020_20141206_070227_M112_EM122.all,2014-12-06 07:02:27+00:00
S27_0021_20141206_073231_M112_EM122.all,6543.502,6700546,https://hs.pangaea.de/bathy/M112/EM122/S27_0021_20141206_073231_M112_EM122.all,2014-12-06 07:32:31+00:00
S27_0022_20141206_073828_M112_EM122.all,4448.031,4554784,https://hs.pangaea.de/bathy/M112/EM122/S27_0022_20141206_073828_M112_EM122.all,2014-12-06 07:38:28+00:00
S27_0023_20141206_074228_M112_EM122.all,12878.068,13187142,https://hs.pangaea.de/bathy/M112/EM122/S27_0023_20141206_074228_M112_EM122.all,2014-12-06 07:42:28+00:00
S27_0024_20141206_075347_M112_EM122.all,25930.021,26552342,https://hs.pangaea.de/bathy/M112/EM122/S27_0024_20141206_075347_M112_EM122.all,2014-12-06 07:53:47+00:00
S27_0025_20141206_081716_M112_EM122.all,8048.975,8242150,https://hs.pangaea.de/bathy/M112/EM122/S27_0025_20141206_081716_M112_EM122.all,2014-12-06 08:17:16+00:00
S27_0026_20141206_082427_M112_EM122.all,27683.867,28348280,https://hs.pangaea.de/bathy/M112/EM122/S27_0026_20141206_082427_M112_EM122.all,2014-12-06 08:24:27+00:00
S27_0027_20141206_084922_M112_EM122.all,5527.379,5660036,https://hs.pangaea.de/bathy/M112/EM122/S27_0027_20141206_084922_M112_EM122.all,2014-12-06 08:49:22+00:00
S27_0028_20141206_085420_M112_EM122.all,9503.564,9731650,https://hs.pangaea.de/bathy/M112/EM122/S27_0028_20141206_085420_M112_EM122.all,2014-12-06 08:54:20+00:00
S28_0000_20141206_201529_M112_EM122.all,32880.711,33669848,https://hs.pangaea.de/bathy/M112/EM122/S28_0000_20141206_201529_M112_EM122.all,2014-12-06 20:15:29+00:00
S28_0001_20141206_204528_M112_EM122.all,33847.367,34659704,https://hs.pangaea.de/bathy/M112/EM122/S28_0001_20141206_204528_M112_EM122.all,2014-12-06 20:45:28+00:00
S28_0002_20141206_211529_M112_EM122.all,33700.969,34509792,https://hs.pangaea.de/bathy/M112/EM122/S28_0002_20141206_211529_M112_EM122.all,2014-12-06 21:15:29+00:00
S28_0003_20141206_214532_M112_EM122.all,33739.32,34549064,https://hs.pangaea.de/bathy/M112/EM122/S28_0003_20141206_214532_M112_EM122.all,2014-12-06 21:45:32+00:00
S28_0004_20141206_221529_M112_EM122.all,33175.414,33971624,https://hs.pangaea.de/bathy/M112/EM122/S28_0004_20141206_221529_M112_EM122.all,2014-12-06 22:15:29+00:00
S28_0005_20141206_224525_M112_EM122.all,33809.102,34620520,https://hs.pangaea.de/bathy/M112/EM122/S28_0005_20141206_224525_M112_EM122.all,2014-12-06 22:45:25+00:00
S28_0006_20141206_231531_M112_EM122.all,33548.305,34353464,https://hs.pangaea.de/bathy/M112/EM122/S28_0006_20141206_231531_M112_EM122.all,2014-12-06 23:15:31+00:00
S28_0007_20141206_234525_M112_EM122.all,33295.375,34094464,https://hs.pangaea.de/bathy/M112/EM122/S28_0007_20141206_234525_M112_EM122.all,2014-12-06 23:45:25+00:00
S28_0008_20141207_001529_M112_EM122.all,32736.504,33522180,https://hs.pangaea.de/bathy/M112/EM122/S28_0008_20141207_001529_M112_EM122.all,2014-12-07 00:15:29+00:00
S28_0009_20141207_004533_M112_EM122.all,33000.23,33792236,https://hs.pangaea.de/bathy/M112/EM122/S28_0009_20141207_004533_M112_EM122.all,2014-12-07 00:45:33+00:00
S28_0010_20141207_011528_M112_EM122.all,33563.289,34368808,https://hs.pangaea.de/bathy/M112/EM122/S28_0010_20141207_011528_M112_EM122.all,2014-12-07 01:15:28+00:00
S28_0011_20141207_014529_M112_EM122.all,34837.977,35674088,https://hs.pangaea.de/bathy/M112/EM122/S28_0011_20141207_014529_M112_EM122.all,2014-12-07 01:45:29+00:00
S28_0012_20141207_021533_M112_EM122.all,38723.742,39653112,https://hs.pangaea.de/bathy/M112/EM122/S28_0012_20141207_021533_M112_EM122.all,2014-12-07 02:15:33+00:00
S28_0013_20141207_024527_M112_EM122.all,41334.047,42326064,https://hs.pangaea.de/bathy/M112/EM122/S28_0013_20141207_024527_M112_EM122.all,2014-12-07 02:45:27+00:00
S28_0014_20141207_031530_M112_EM122.all,41316.668,42308268,https://hs.pangaea.de/bathy/M112/EM122/S28_0014_20141207_031530_M112_EM122.all,2014-12-07 03:15:30+00:00
S28_0015_20141207_034526_M112_EM122.all,41655.992,42655736,https://hs.pangaea.de/bathy/M112/EM122/S28_0015_20141207_034526_M112_EM122.all,2014-12-07 03:45:26+00:00
S28_0016_20141207_041529_M112_EM122.all,42564.484,43586032,https://hs.pangaea.de/bathy/M112/EM122/S28_0016_20141207_041529_M112_EM122.all,2014-12-07 04:15:29+00:00
S28_0017_20141207_044531_M112_EM122.all,14752.967,15107038,https://hs.pangaea.de/bathy/M112/EM122/S28_0017_20141207_044531_M112_EM122.all,2014-12-07 04:45:31+00:00
S28_0019_20141207_071353_M112_EM122.all,37366.242,38263032,https://hs.pangaea.de/bathy/M112/EM122/S28_0019_20141207_071353_M112_EM122.all,2014-12-07 07:13:53+00:00
S28_0020_20141207_092305_M112_EM122.all,24143.855,24723308,https://hs.pangaea.de/bathy/M112/EM122/S28_0020_20141207_092305_M112_EM122.all,2014-12-07 09:23:05+00:00
S29_0000_20141207_231221_M112_EM122.all,42455.547,43474480,https://hs.pangaea.de/bathy/M112/EM122/S29_0000_20141207_231221_M112_EM122.all,2014-12-07 23:12:21+00:00
S29_0001_20141207_234216_M112_EM122.all,41864.027,42868764,https://hs.pangaea.de/bathy/M112/EM122/S29_0001_20141207_234216_M112_EM122.all,2014-12-07 23:42:16+00:00
S29_0002_20141208_001217_M112_EM122.all,41847.082,42851412,https://hs.pangaea.de/bathy/M112/EM122/S29_0002_20141208_001217_M112_EM122.all,2014-12-08 00:12:17+00:00
S29_0003_20141208_004219_M112_EM122.all,41588.75,42586880,https://hs.pangaea.de/bathy/M112/EM122/S29_0003_20141208_004219_M112_EM122.all,2014-12-08 00:42:19+00:00
S29_0004_20141208_011215_M112_EM122.all,41614.117,42612856,https://hs.pangaea.de/bathy/M112/EM122/S29_0004_20141208_011215_M112_EM122.all,2014-12-08 01:12:15+00:00
S29_0005_20141208_014214_M112_EM122.all,2836.908,2904994,https://hs.pangaea.de/bathy/M112/EM122/S29_0005_20141208_014214_M112_EM122.all,2014-12-08 01:42:14+00:00
S29_0006_20141208_014418_M112_EM122.all,14532.979,14881770,https://hs.pangaea.de/bathy/M112/EM122/S29_0006_20141208_014418_M112_EM122.all,2014-12-08 01:44:18+00:00
S29_0007_20141208_015502_M112_EM122.all,26379.125,27012224,https://hs.pangaea.de/bathy/M112/EM122/S29_0007_20141208_015502_M112_EM122.all,2014-12-08 01:55:02+00:00
S29_0008_20141208_021440_M112_EM122.all,5809.768,5949202,https://hs.pangaea.de/bathy/M112/EM122/S29_0008_20141208_021440_M112_EM122.all,2014-12-08 02:14:40+00:00
S29_0009_20141208_021857_M112_EM122.all,11762.916,12045226,https://hs.pangaea.de/bathy/M112/EM122/S29_0009_20141208_021857_M112_EM122.all,2014-12-08 02:18:57+00:00
S29_0010_20141208_022736_M112_EM122.all,9392.104,9617514,https://hs.pangaea.de/bathy/M112/EM122/S29_0010_20141208_022736_M112_EM122.all,2014-12-08 02:27:36+00:00
S29_0011_20141208_023426_M112_EM122.all,41467.152,42462364,https://hs.pangaea.de/bathy/M112/EM122/S29_0011_20141208_023426_M112_EM122.all,2014-12-08 02:34:26+00:00
S29_0012_20141208_030430_M112_EM122.all,40958.023,41941016,https://hs.pangaea.de/bathy/M112/EM122/S29_0012_20141208_030430_M112_EM122.all,2014-12-08 03:04:30+00:00
S29_0013_20141208_033426_M112_EM122.all,41112.242,42098936,https://hs.pangaea.de/bathy/M112/EM122/S29_0013_20141208_033426_M112_EM122.all,2014-12-08 03:34:26+00:00
S29_0014_20141208_040426_M112_EM122.all,41201.469,42190304,https://hs.pangaea.de/bathy/M112/EM122/S29_0014_20141208_040426_M112_EM122.all,2014-12-08 04:04:26+00:00
S29_0015_20141208_043427_M112_EM122.all,42114.621,43125372,https://hs.pangaea.de/bathy/M112/EM122/S29_0015_20141208_043427_M112_EM122.all,2014-12-08 04:34:27+00:00
S29_0016_20141208_050428_M112_EM122.all,42443.969,43462624,https://hs.pangaea.de/bathy/M112/EM122/S29_0016_20141208_050428_M112_EM122.all,2014-12-08 05:04:28+00:00
S29_0017_20141208_053430_M112_EM122.all,28372.137,29053068,https://hs.pangaea.de/bathy/M112/EM122/S29_0017_20141208_053430_M112_EM122.all,2014-12-08 05:34:30+00:00
S30_0000_20141208_184446_M112_EM122.all,43575.164,44620968,https://hs.pangaea.de/bathy/M112/EM122/S30_0000_20141208_184446_M112_EM122.all,2014-12-08 18:44:46+00:00
S30_0001_20141208_191444_M112_EM122.all,43528.773,44573464,https://hs.pangaea.de/bathy/M112/EM122/S30_0001_20141208_191444_M112_EM122.all,2014-12-08 19:14:44+00:00
S30_0002_20141208_194448_M112_EM122.all,42819.02,43846676,https://hs.pangaea.de/bathy/M112/EM122/S30_0002_20141208_194448_M112_EM122.all,2014-12-08 19:44:48+00:00
S30_0003_20141208_201448_M112_EM122.all,23655.865,24223606,https://hs.pangaea.de/bathy/M112/EM122/S30_0003_20141208_201448_M112_EM122.all,2014-12-08 20:14:48+00:00
S31_0000_20141208_203331_M112_EM122.all,43604.699,44651212,https://hs.pangaea.de/bathy/M112/EM122/S31_0000_20141208_203331_M112_EM122.all,2014-12-08 20:33:31+00:00
S31_0001_20141208_210332_M112_EM122.all,42499.5,43519488,https://hs.pangaea.de/bathy/M112/EM122/S31_0001_20141208_210332_M112_EM122.all,2014-12-08 21:03:32+00:00
S31_0002_20141208_213329_M112_EM122.all,46423.898,47538072,https://hs.pangaea.de/bathy/M112/EM122/S31_0002_20141208_213329_M112_EM122.all,2014-12-08 21:33:29+00:00
S31_0003_20141208_220330_M112_EM122.all,53880.383,55173512,https://hs.pangaea.de/bathy/M112/EM122/S31_0003_20141208_220330_M112_EM122.all,2014-12-08 22:03:30+00:00
S31_0004_20141208_223329_M112_EM122.all,50266.965,51473372,https://hs.pangaea.de/bathy/M112/EM122/S31_0004_20141208_223329_M112_EM122.all,2014-12-08 22:33:29+00:00
S31_0005_20141208_230332_M112_EM122.all,41432.07,42426440,https://hs.pangaea.de/bathy/M112/EM122/S31_0005_20141208_230332_M112_EM122.all,2014-12-08 23:03:32+00:00
S31_0006_20141208_233331_M112_EM122.all,41374.023,42367000,https://hs.pangaea.de/bathy/M112/EM122/S31_0006_20141208_233331_M112_EM122.all,2014-12-08 23:33:31+00:00
S31_0007_20141209_000328_M112_EM122.all,8379.654,8580766,https://hs.pangaea.de/bathy/M112/EM122/S31_0007_20141209_000328_M112_EM122.all,2014-12-09 00:03:28+00:00
S31_0008_20141209_000935_M112_EM122.all,2344.564,2400834,https://hs.pangaea.de/bathy/M112/EM122/S31_0008_20141209_000935_M112_EM122.all,2014-12-09 00:09:35+00:00
S31_0009_20141209_001117_M112_EM122.all,18950.611,19405426,https://hs.pangaea.de/bathy/M112/EM122/S31_0009_20141209_001117_M112_EM122.all,2014-12-09 00:11:17+00:00
S31_0010_20141209_002456_M112_EM122.all,5496.814,5628738,https://hs.pangaea.de/bathy/M112/EM122/S31_0010_20141209_002456_M112_EM122.all,2014-12-09 00:24:56+00:00
S31_0011_20141209_002850_M112_EM122.all,41448.473,42443236,https://hs.pangaea.de/bathy/M112/EM122/S31_0011_20141209_002850_M112_EM122.all,2014-12-09 00:28:50+00:00
S31_0012_20141209_005851_M112_EM122.all,42857.68,43886264,https://hs.pangaea.de/bathy/M112/EM122/S31_0012_20141209_005851_M112_EM122.all,2014-12-09 00:58:51+00:00
S31_0013_20141209_012848_M112_EM122.all,51539.863,52776820,https://hs.pangaea.de/bathy/M112/EM122/S31_0013_20141209_012848_M112_EM122.all,2014-12-09 01:28:48+00:00
S31_0014_20141209_015847_M112_EM122.all,59436.203,60862672,https://hs.pangaea.de/bathy/M112/EM122/S31_0014_20141209_015847_M112_EM122.all,2014-12-09 01:58:47+00:00
S31_0015_20141209_022846_M112_EM122.all,49917.516,51115536,https://hs.pangaea.de/bathy/M112/EM122/S31_0015_20141209_022846_M112_EM122.all,2014-12-09 02:28:46+00:00
S31_0016_20141209_025849_M112_EM122.all,42302.82,43318088,https://hs.pangaea.de/bathy/M112/EM122/S31_0016_20141209_025849_M112_EM122.all,2014-12-09 02:58:49+00:00
S31_0017_20141209_032848_M112_EM122.all,43052.117,44085368,https://hs.pangaea.de/bathy/M112/EM122/S31_0017_20141209_032848_M112_EM122.all,2014-12-09 03:28:48+00:00
S31_0018_20141209_035846_M112_EM122.all,43466.313,44509505,https://hs.pangaea.de/bathy/M112/EM122/S31_0018_20141209_035846_M112_EM122.all,2014-12-09 03:58:46+00:00
S31_0019_20141209_042846_M112_EM122.all,19835.912,20311974,https://hs.pangaea.de/bathy/M112/EM122/S31_0019_20141209_042846_M112_EM122.all,2014-12-09 04:28:46+00:00
S32_0000_20141210_053419_M112_EM122.all,42796.195,43823304,https://hs.pangaea.de/bathy/M112/EM122/S32_0000_20141210_053419_M112_EM122.all,2014-12-10 05:34:19+00:00
S32_0001_20141210_060415_M112_EM122.all,43604.902,44651420,https://hs.pangaea.de/bathy/M112/EM122/S32_0001_20141210_060415_M112_EM122.all,2014-12-10 06:04:15+00:00
S32_0002_20141210_063416_M112_EM122.all,25835.088,26455130,https://hs.pangaea.de/bathy/M112/EM122/S32_0002_20141210_063416_M112_EM122.all,2014-12-10 06:34:16+00:00
S32_0003_20141210_212055_M112_EM122.all,263.734,270064,https://hs.pangaea.de/bathy/M112/EM122/S32_0003_20141210_212055_M112_EM122.all,2014-12-10 21:20:55+00:00
S33_0000_20141210_212230_M112_EM122.all,42283.727,43298536,https://hs.pangaea.de/bathy/M112/EM122/S33_0000_20141210_212230_M112_EM122.all,2014-12-10 21:22:30+00:00
S33_0001_20141210_215224_M112_EM122.all,42850.285,43878692,https://hs.pangaea.de/bathy/M112/EM122/S33_0001_20141210_215224_M112_EM122.all,2014-12-10 21:52:24+00:00
S33_0002_20141210_222224_M112_EM122.all,43332.387,44372364,https://hs.pangaea.de/bathy/M112/EM122/S33_0002_20141210_222224_M112_EM122.all,2014-12-10 22:22:24+00:00
S33_0003_20141210_225223_M112_EM122.all,42897.125,43926656,https://hs.pangaea.de/bathy/M112/EM122/S33_0003_20141210_225223_M112_EM122.all,2014-12-10 22:52:23+00:00
S33_0004_20141210_232223_M112_EM122.all,23265.719,23824096,https://hs.pangaea.de/bathy/M112/EM122/S33_0004_20141210_232223_M112_EM122.all,2014-12-10 23:22:23+00:00
S33_0005_20141210_233905_M112_EM122.all,42222.656,43236000,https://hs.pangaea.de/bathy/M112/EM122/S33_0005_20141210_233905_M112_EM122.all,2014-12-10 23:39:05+00:00
S33_0006_20141211_000903_M112_EM122.all,42987.582,44019284,https://hs.pangaea.de/bathy/M112/EM122/S33_0006_20141211_000903_M112_EM122.all,2014-12-11 00:09:03+00:00
S33_0007_20141211_003906_M112_EM122.all,13410.436,13732286,https://hs.pangaea.de/bathy/M112/EM122/S33_0007_20141211_003906_M112_EM122.all,2014-12-11 00:39:06+00:00
S33_0008_20141211_004828_M112_EM122.all,9722.621,9955964,https://hs.pangaea.de/bathy/M112/EM122/S33_0008_20141211_004828_M112_EM122.all,2014-12-11 00:48:28+00:00
S33_0009_20141211_005515_M112_EM122.all,25952.18,26575032,https://hs.pangaea.de/bathy/M112/EM122/S33_0009_20141211_005515_M112_EM122.all,2014-12-11 00:55:15+00:00
S33_0010_20141211_011302_M112_EM122.all,9168.855,9388908,https://hs.pangaea.de/bathy/M112/EM122/S33_0010_20141211_011302_M112_EM122.all,2014-12-11 01:13:02+00:00
S33_0011_20141211_011913_M112_EM122.all,43559.527,44604956,https://hs.pangaea.de/bathy/M112/EM122/S33_0011_20141211_011913_M112_EM122.all,2014-12-11 01:19:13+00:00
S33_0012_20141211_014912_M112_EM122.all,2302.664,2357928,https://hs.pangaea.de/bathy/M112/EM122/S33_0012_20141211_014912_M112_EM122.all,2014-12-11 01:49:12+00:00
S34_0000_20141211_015131_M112_EM122.all,43082.543,44116524,https://hs.pangaea.de/bathy/M112/EM122/S34_0000_20141211_015131_M112_EM122.all,2014-12-11 01:51:31+00:00
S34_0001_20141211_022127_M112_EM122.all,42597.953,43620304,https://hs.pangaea.de/bathy/M112/EM122/S34_0001_20141211_022127_M112_EM122.all,2014-12-11 02:21:27+00:00
S34_0002_20141211_025124_M112_EM122.all,42171.914,43184040,https://hs.pangaea.de/bathy/M112/EM122/S34_0002_20141211_025124_M112_EM122.all,2014-12-11 02:51:24+00:00
S34_0003_20141211_032127_M112_EM122.all,41723.398,42724760,https://hs.pangaea.de/bathy/M112/EM122/S34_0003_20141211_032127_M112_EM122.all,2014-12-11 03:21:27+00:00
S34_0004_20141211_035126_M112_EM122.all,42238.137,43251852,https://hs.pangaea.de/bathy/M112/EM122/S34_0004_20141211_035126_M112_EM122.all,2014-12-11 03:51:26+00:00
S34_0005_20141211_042127_M112_EM122.all,42595.273,43617560,https://hs.pangaea.de/bathy/M112/EM122/S34_0005_20141211_042127_M112_EM122.all,2014-12-11 04:21:27+00:00
S34_0006_20141211_045128_M112_EM122.all,42187.785,43200292,https://hs.pangaea.de/bathy/M112/EM122/S34_0006_20141211_045128_M112_EM122.all,2014-12-11 04:51:28+00:00
S34_0007_20141211_052124_M112_EM122.all,42434.656,43453088,https://hs.pangaea.de/bathy/M112/EM122/S34_0007_20141211_052124_M112_EM122.all,2014-12-11 05:21:24+00:00
S34_0008_20141211_055128_M112_EM122.all,41066.992,42052600,https://hs.pangaea.de/bathy/M112/EM122/S34_0008_20141211_055128_M112_EM122.all,2014-12-11 05:51:28+00:00
S34_0009_20141211_062130_M112_EM122.all,35168.773,36012824,https://hs.pangaea.de/bathy/M112/EM122/S34_0009_20141211_062130_M112_EM122.all,2014-12-11 06:21:30+00:00
S35_0000_20141211_174630_M112_EM122.all,29999.297,30719280,https://hs.pangaea.de/bathy/M112/EM122/S35_0000_20141211_174630_M112_EM122.all,2014-12-11 17:46:30+00:00
S35_0001_20141211_181626_M112_EM122.all,23462.332,24025428,https://hs.pangaea.de/bathy/M112/EM122/S35_0001_20141211_181626_M112_EM122.all,2014-12-11 18:16:26+00:00
S35_0002_20141211_184633_M112_EM122.all,23546.369,24111482,https://hs.pangaea.de/bathy/M112/EM122/S35_0002_20141211_184633_M112_EM122.all,2014-12-11 18:46:33+00:00
S35_0003_20141211_191629_M112_EM122.all,23632.771,24199958,https://hs.pangaea.de/bathy/M112/EM122/S35_0003_20141211_191629_M112_EM122.all,2014-12-11 19:16:29+00:00
S35_0004_20141211_194631_M112_EM122.all,23766.359,24336752,https://hs.pangaea.de/bathy/M112/EM122/S35_0004_20141211_194631_M112_EM122.all,2014-12-11 19:46:31+00:00
S35_0005_20141211_201630_M112_EM122.all,24004.002,24580098,https://hs.pangaea.de/bathy/M112/EM122/S35_0005_20141211_201630_M112_EM122.all,2014-12-11 20:16:30+00:00
S35_0006_20141211_204631_M112_EM122.all,24074.6,24652390,https://hs.pangaea.de/bathy/M112/EM122/S35_0006_20141211_204631_M112_EM122.all,2014-12-11 20:46:31+00:00
S35_0007_20141211_211630_M112_EM122.all,23815.094,24386656,https://hs.pangaea.de/bathy/M112/EM122/S35_0007_20141211_211630_M112_EM122.all,2014-12-11 21:16:30+00:00
S35_0008_20141211_214627_M112_EM122.all,26936.146,27582614,https://hs.pangaea.de/bathy/M112/EM122/S35_0008_20141211_214627_M112_EM122.all,2014-12-11 21:46:27+00:00
S35_0009_20141211_221626_M112_EM122.all,24396.783,24982306,https://hs.pangaea.de/bathy/M112/EM122/S35_0009_20141211_221626_M112_EM122.all,2014-12-11 22:16:26+00:00
S35_0010_20141211_224633_M112_EM122.all,23964.148,24539288,https://hs.pangaea.de/bathy/M112/EM122/S35_0010_20141211_224633_M112_EM122.all,2014-12-11 22:46:33+00:00
S35_0011_20141211_231625_M112_EM122.all,24147.982,24727534,https://hs.pangaea.de/bathy/M112/EM122/S35_0011_20141211_231625_M112_EM122.all,2014-12-11 23:16:25+00:00
S35_0012_20141211_234630_M112_EM122.all,136.367,139640,https://hs.pangaea.de/bathy/M112/EM122/S35_0012_20141211_234630_M112_EM122.all,2014-12-11 23:46:30+00:00
S35_0013_20141211_234640_M112_EM122.all,24115.545,24694318,https://hs.pangaea.de/bathy/M112/EM122/S35_0013_20141211_234640_M112_EM122.all,2014-12-11 23:46:40+00:00
S35_0014_20141212_001647_M112_EM122.all,28051.453,28724688,https://hs.pangaea.de/bathy/M112/EM122/S35_0014_20141212_001647_M112_EM122.all,2014-12-12 00:16:47+00:00
S35_0015_20141212_004642_M112_EM122.all,31055.6,31800934,https://hs.pangaea.de/bathy/M112/EM122/S35_0015_20141212_004642_M112_EM122.all,2014-12-12 00:46:42+00:00
S35_0016_20141212_011641_M112_EM122.all,29569.018,30278674,https://hs.pangaea.de/bathy/M112/EM122/S35_0016_20141212_011641_M112_EM122.all,2014-12-12 01:16:41+00:00
S35_0017_20141212_014640_M112_EM122.all,32521.426,33301940,https://hs.pangaea.de/bathy/M112/EM122/S35_0017_20141212_014640_M112_EM122.all,2014-12-12 01:46:40+00:00
S35_0018_20141212_021645_M112_EM122.all,33100.516,33894928,https://hs.pangaea.de/bathy/M112/EM122/S35_0018_20141212_021645_M112_EM122.all,2014-12-12 02:16:45+00:00
S35_0019_20141212_024640_M112_EM122.all,37154.23,38045932,https://hs.pangaea.de/bathy/M112/EM122/S35_0019_20141212_024640_M112_EM122.all,2014-12-12 02:46:40+00:00
S35_0020_20141212_031646_M112_EM122.all,39834.688,40790721,https://hs.pangaea.de/bathy/M112/EM122/S35_0020_20141212_031646_M112_EM122.all,2014-12-12 03:16:46+00:00
S35_0021_20141212_034640_M112_EM122.all,39795.949,40751052,https://hs.pangaea.de/bathy/M112/EM122/S35_0021_20141212_034640_M112_EM122.all,2014-12-12 03:46:40+00:00
S35_0022_20141212_041642_M112_EM122.all,40426.258,41396488,https://hs.pangaea.de/bathy/M112/EM122/S35_0022_20141212_041642_M112_EM122.all,2014-12-12 04:16:42+00:00
S35_0023_20141212_044641_M112_EM122.all,41044.98,42030060,https://hs.pangaea.de/bathy/M112/EM122/S35_0023_20141212_044641_M112_EM122.all,2014-12-12 04:46:41+00:00
S35_0024_20141212_051640_M112_EM122.all,33701.648,34510488,https://hs.pangaea.de/bathy/M112/EM122/S35_0024_20141212_051640_M112_EM122.all,2014-12-12 05:16:40+00:00
S35_0025_20141212_100852_M112_EM122.all,41232.91,42222500,https://hs.pangaea.de/bathy/M112/EM122/S35_0025_20141212_100852_M112_EM122.all,2014-12-12 10:08:52+00:00
S35_0026_20141212_103854_M112_EM122.all,41216.695,42205896,https://hs.pangaea.de/bathy/M112/EM122/S35_0026_20141212_103854_M112_EM122.all,2014-12-12 10:38:54+00:00
S35_0027_20141212_110853_M112_EM122.all,40682.211,41658584,https://hs.pangaea.de/bathy/M112/EM122/S35_0027_20141212_110853_M112_EM122.all,2014-12-12 11:08:53+00:00
S35_0028_20141212_113856_M112_EM122.all,38929.57,39863880,https://hs.pangaea.de/bathy/M112/EM122/S35_0028_20141212_113856_M112_EM122.all,2014-12-12 11:38:56+00:00
S35_0029_20141212_120851_M112_EM122.all,38884.941,39818180,https://hs.pangaea.de/bathy/M112/EM122/S35_0029_20141212_120851_M112_EM122.all,2014-12-12 12:08:51+00:00
S35_0030_20141212_123853_M112_EM122.all,40247.461,41213400,https://hs.pangaea.de/bathy/M112/EM122/S35_0030_20141212_123853_M112_EM122.all,2014-12-12 12:38:53+00:00
S35_0031_20141212_130856_M112_EM122.all,2385.945,2443208,https://hs.pangaea.de/bathy/M112/EM122/S35_0031_20141212_130856_M112_EM122.all,2014-12-12 13:08:56+00:00
S36_0000_20141212_164658_M112_EM122.all,32318.867,33094520,https://hs.pangaea.de/bathy/M112/EM122/S36_0000_20141212_164658_M112_EM122.all,2014-12-12 16:46:58+00:00
S36_0001_20141212_171311_M112_EM122.all,34797.898,35633048,https://hs.pangaea.de/bathy/M112/EM122/S36_0001_20141212_171311_M112_EM122.all,2014-12-12 17:13:11+00:00
S36_0002_20141212_174305_M112_EM122.all,29197.283,29898018,https://hs.pangaea.de/bathy/M112/EM122/S36_0002_20141212_174305_M112_EM122.all,2014-12-12 17:43:05+00:00
S36_0003_20141212_181304_M112_EM122.all,23907.037,24480806,https://hs.pangaea.de/bathy/M112/EM122/S36_0003_20141212_181304_M112_EM122.all,2014-12-12 18:13:04+00:00
S36_0004_20141212_184308_M112_EM122.all,23623.633,24190600,https://hs.pangaea.de/bathy/M112/EM122/S36_0004_20141212_184308_M112_EM122.all,2014-12-12 18:43:08+00:00
S36_0005_20141212_191307_M112_EM122.all,27629.525,28292634,https://hs.pangaea.de/bathy/M112/EM122/S36_0005_20141212_191307_M112_EM122.all,2014-12-12 19:13:07+00:00
S36_0006_20141212_194313_M112_EM122.all,33764.52,34574868,https://hs.pangaea.de/bathy/M112/EM122/S36_0006_20141212_194313_M112_EM122.all,2014-12-12 19:43:13+00:00
S36_0007_20141212_201312_M112_EM122.all,32935.883,33726344,https://hs.pangaea.de/bathy/M112/EM122/S36_0007_20141212_201312_M112_EM122.all,2014-12-12 20:13:12+00:00
S36_0008_20141212_204310_M112_EM122.all,32793.164,33580200,https://hs.pangaea.de/bathy/M112/EM122/S36_0008_20141212_204310_M112_EM122.all,2014-12-12 20:43:10+00:00
S36_0009_20141212_211307_M112_EM122.all,25843.961,26464216,https://hs.pangaea.de/bathy/M112/EM122/S36_0009_20141212_211307_M112_EM122.all,2014-12-12 21:13:07+00:00
S36_0010_20141212_214306_M112_EM122.all,29860.348,30576996,https://hs.pangaea.de/bathy/M112/EM122/S36_0010_20141212_214306_M112_EM122.all,2014-12-12 21:43:06+00:00
S36_0011_20141212_221312_M112_EM122.all,29162.021,29861910,https://hs.pangaea.de/bathy/M112/EM122/S36_0011_20141212_221312_M112_EM122.all,2014-12-12 22:13:12+00:00
S36_0012_20141212_224022_M112_EM122.all,23814.947,24386506,https://hs.pangaea.de/bathy/M112/EM122/S36_0012_20141212_224022_M112_EM122.all,2014-12-12 22:40:22+00:00
S36_0013_20141212_231026_M112_EM122.all,840.855,861036,https://hs.pangaea.de/bathy/M112/EM122/S36_0013_20141212_231026_M112_EM122.all,2014-12-12 23:10:26+00:00
S36_0014_20141212_231130_M112_EM122.all,23903.461,24477144,https://hs.pangaea.de/bathy/M112/EM122/S36_0014_20141212_231130_M112_EM122.all,2014-12-12 23:11:30+00:00
S36_0015_20141212_234129_M112_EM122.all,24177.775,24758042,https://hs.pangaea.de/bathy/M112/EM122/S36_0015_20141212_234129_M112_EM122.all,2014-12-12 23:41:29+00:00
S36_0016_20141213_001130_M112_EM122.all,24041.826,24618830,https://hs.pangaea.de/bathy/M112/EM122/S36_0016_20141213_001130_M112_EM122.all,2014-12-13 00:11:30+00:00
S36_0017_20141213_004126_M112_EM122.all,23987.988,24563700,https://hs.pangaea.de/bathy/M112/EM122/S36_0017_20141213_004126_M112_EM122.all,2014-12-13 00:41:26+00:00
S36_0018_20141213_011129_M112_EM122.all,24622.857,25213806,https://hs.pangaea.de/bathy/M112/EM122/S36_0018_20141213_011129_M112_EM122.all,2014-12-13 01:11:29+00:00
S36_0019_20141213_014126_M112_EM122.all,34044.094,34861152,https://hs.pangaea.de/bathy/M112/EM122/S36_0019_20141213_014126_M112_EM122.all,2014-12-13 01:41:26+00:00
S36_0020_20141213_021130_M112_EM122.all,33701.23,34510060,https://hs.pangaea.de/bathy/M112/EM122/S36_0020_20141213_021130_M112_EM122.all,2014-12-13 02:11:30+00:00
S36_0021_20141213_024128_M112_EM122.all,32745.434,33531324,https://hs.pangaea.de/bathy/M112/EM122/S36_0021_20141213_024128_M112_EM122.all,2014-12-13 02:41:28+00:00
S36_0022_20141213_031125_M112_EM122.all,24745.438,25339329,https://hs.pangaea.de/bathy/M112/EM122/S36_0022_20141213_031125_M112_EM122.all,2014-12-13 03:11:25+00:00
S36_0023_20141213_034125_M112_EM122.all,24068.039,24645672,https://hs.pangaea.de/bathy/M112/EM122/S36_0023_20141213_034125_M112_EM122.all,2014-12-13 03:41:25+00:00
S36_0024_20141213_041131_M112_EM122.all,24091.135,24669322,https://hs.pangaea.de/bathy/M112/EM122/S36_0024_20141213_041131_M112_EM122.all,2014-12-13 04:11:31+00:00
S36_0025_20141213_044133_M112_EM122.all,23591.096,24157282,https://hs.pangaea.de/bathy/M112/EM122/S36_0025_20141213_044133_M112_EM122.all,2014-12-13 04:41:33+00:00
S36_0026_20141213_051128_M112_EM122.all,23289.729,23848682,https://hs.pangaea.de/bathy/M112/EM122/S36_0026_20141213_051128_M112_EM122.all,2014-12-13 05:11:28+00:00
S36_0027_20141213_054129_M112_EM122.all,23475.969,24039392,https://hs.pangaea.de/bathy/M112/EM122/S36_0027_20141213_054129_M112_EM122.all,2014-12-13 05:41:29+00:00
S36_0028_20141213_061133_M112_EM122.all,23060.475,23613926,https://hs.pangaea.de/bathy/M112/EM122/S36_0028_20141213_061133_M112_EM122.all,2014-12-13 06:11:33+00:00
S36_0029_20141213_064134_M112_EM122.all,23306.383,23865736,https://hs.pangaea.de/bathy/M112/EM122/S36_0029_20141213_064134_M112_EM122.all,2014-12-13 06:41:34+00:00
S36_0030_20141213_071124_M112_EM122.all,23775.348,24345956,https://hs.pangaea.de/bathy/M112/EM122/S36_0030_20141213_071124_M112_EM122.all,2014-12-13 07:11:24+00:00
S36_0031_20141213_074126_M112_EM122.all,23668.994,24237050,https://hs.pangaea.de/bathy/M112/EM122/S36_0031_20141213_074126_M112_EM122.all,2014-12-13 07:41:26+00:00
S36_0032_20141213_081126_M112_EM122.all,23695.221,24263906,https://hs.pangaea.de/bathy/M112/EM122/S36_0032_20141213_081126_M112_EM122.all,2014-12-13 08:11:26+00:00
S36_0033_20141213_084124_M112_EM122.all,23391.846,23953250,https://hs.pangaea.de/bathy/M112/EM122/S36_0033_20141213_084124_M112_EM122.all,2014-12-13 08:41:24+00:00
S36_0034_20141213_091124_M112_EM122.all,27839.523,28507672,https://hs.pangaea.de/bathy/M112/EM122/S36_0034_20141213_091124_M112_EM122.all,2014-12-13 09:11:24+00:00
S36_0035_20141213_094127_M112_EM122.all,23452.863,24015732,https://hs.pangaea.de/bathy/M112/EM122/S36_0035_20141213_094127_M112_EM122.all,2014-12-13 09:41:27+00:00
S36_0036_20141213_101124_M112_EM122.all,23688.127,24256642,https://hs.pangaea.de/bathy/M112/EM122/S36_0036_20141213_101124_M112_EM122.all,2014-12-13 10:11:24+00:00
S36_0037_20141213_104130_M112_EM122.all,23581.68,24147640,https://hs.pangaea.de/bathy/M112/EM122/S36_0037_20141213_104130_M112_EM122.all,2014-12-13 10:41:30+00:00
S36_0038_20141213_111132_M112_EM122.all,23849.76,24422154,https://hs.pangaea.de/bathy/M112/EM122/S36_0038_20141213_111132_M112_EM122.all,2014-12-13 11:11:32+00:00
S36_0039_20141213_114134_M112_EM122.all,23732.639,24302222,https://hs.pangaea.de/bathy/M112/EM122/S36_0039_20141213_114134_M112_EM122.all,2014-12-13 11:41:34+00:00
S36_0040_20141213_121131_M112_EM122.all,23365.205,23925970,https://hs.pangaea.de/bathy/M112/EM122/S36_0040_20141213_121131_M112_EM122.all,2014-12-13 12:11:31+00:00
S36_0041_20141213_124129_M112_EM122.all,23183.168,23739564,https://hs.pangaea.de/bathy/M112/EM122/S36_0041_20141213_124129_M112_EM122.all,2014-12-13 12:41:29+00:00
S36_0042_20141213_131126_M112_EM122.all,23396.529,23958046,https://hs.pangaea.de/bathy/M112/EM122/S36_0042_20141213_131126_M112_EM122.all,2014-12-13 13:11:26+00:00
S36_0043_20141213_134125_M112_EM122.all,23711.082,24280148,https://hs.pangaea.de/bathy/M112/EM122/S36_0043_20141213_134125_M112_EM122.all,2014-12-13 13:41:25+00:00
S36_0044_20141213_141125_M112_EM122.all,24023.396,24599958,https://hs.pangaea.de/bathy/M112/EM122/S36_0044_20141213_141125_M112_EM122.all,2014-12-13 14:11:25+00:00
S36_0045_20141213_144134_M112_EM122.all,23516.24,24080630,https://hs.pangaea.de/bathy/M112/EM122/S36_0045_20141213_144134_M112_EM122.all,2014-12-13 14:41:34+00:00
S36_0046_20141213_151124_M112_EM122.all,23535.152,24099996,https://hs.pangaea.de/bathy/M112/EM122/S36_0046_20141213_151124_M112_EM122.all,2014-12-13 15:11:24+00:00
S36_0047_20141213_154130_M112_EM122.all,23374.182,23935162,https://hs.pangaea.de/bathy/M112/EM122/S36_0047_20141213_154130_M112_EM122.all,2014-12-13 15:41:30+00:00
S36_0048_20141213_161127_M112_EM122.all,22976.379,23527812,https://hs.pangaea.de/bathy/M112/EM122/S36_0048_20141213_161127_M112_EM122.all,2014-12-13 16:11:27+00:00
S36_0049_20141213_164128_M112_EM122.all,23055.012,23608332,https://hs.pangaea.de/bathy/M112/EM122/S36_0049_20141213_164128_M112_EM122.all,2014-12-13 16:41:28+00:00
S36_0050_20141213_171133_M112_EM122.all,23384.654,23945886,https://hs.pangaea.de/bathy/M112/EM122/S36_0050_20141213_171133_M112_EM122.all,2014-12-13 17:11:33+00:00
S36_0051_20141213_174134_M112_EM122.all,23744.645,24314516,https://hs.pangaea.de/bathy/M112/EM122/S36_0051_20141213_174134_M112_EM122.all,2014-12-13 17:41:34+00:00
S36_0052_20141213_181127_M112_EM122.all,24183.176,24763572,https://hs.pangaea.de/bathy/M112/EM122/S36_0052_20141213_181127_M112_EM122.all,2014-12-13 18:11:27+00:00
S36_0053_20141213_184127_M112_EM122.all,24015.768,24592146,https://hs.pangaea.de/bathy/M112/EM122/S36_0053_20141213_184127_M112_EM122.all,2014-12-13 18:41:27+00:00
S36_0054_20141213_191129_M112_EM122.all,23721.508,24290824,https://hs.pangaea.de/bathy/M112/EM122/S36_0054_20141213_191129_M112_EM122.all,2014-12-13 19:11:29+00:00
S36_0055_20141213_194129_M112_EM122.all,23429.836,23992152,https://hs.pangaea.de/bathy/M112/EM122/S36_0055_20141213_194129_M112_EM122.all,2014-12-13 19:41:29+00:00
S36_0056_20141213_201134_M112_EM122.all,23552.852,24118120,https://hs.pangaea.de/bathy/M112/EM122/S36_0056_20141213_201134_M112_EM122.all,2014-12-13 20:11:34+00:00
S36_0057_20141213_204134_M112_EM122.all,23598.641,24165008,https://hs.pangaea.de/bathy/M112/EM122/S36_0057_20141213_204134_M112_EM122.all,2014-12-13 20:41:34+00:00
S36_0058_20141213_211130_M112_EM122.all,24220.445,24801736,https://hs.pangaea.de/bathy/M112/EM122/S36_0058_20141213_211130_M112_EM122.all,2014-12-13 21:11:30+00:00
S36_0059_20141213_214130_M112_EM122.all,23550.529,24115742,https://hs.pangaea.de/bathy/M112/EM122/S36_0059_20141213_214130_M112_EM122.all,2014-12-13 21:41:30+00:00
S36_0060_20141213_221128_M112_EM122.all,23204.639,23761550,https://hs.pangaea.de/bathy/M112/EM122/S36_0060_20141213_221128_M112_EM122.all,2014-12-13 22:11:28+00:00
S36_0061_20141213_224133_M112_EM122.all,15376.363,15745396,https://hs.pangaea.de/bathy/M112/EM122/S36_0061_20141213_224133_M112_EM122.all,2014-12-13 22:41:33+00:00
S36_0062_20141213_230136_M112_EM122.all,22512.773,23053080,https://hs.pangaea.de/bathy/M112/EM122/S36_0062_20141213_230136_M112_EM122.all,2014-12-13 23:01:36+00:00
S36_0063_20141213_233142_M112_EM122.all,20090.664,20572840,https://hs.pangaea.de/bathy/M112/EM122/S36_0063_20141213_233142_M112_EM122.all,2014-12-13 23:31:42+00:00
S36_0064_20141213_235826_M112_EM122.all,4131.93,4231096,https://hs.pangaea.de/bathy/M112/EM122/S36_0064_20141213_235826_M112_EM122.all,2014-12-13 23:58:26+00:00
S36_0066_20141214_000413_M112_EM122.all,22494.619,23034490,https://hs.pangaea.de/bathy/M112/EM122/S36_0066_20141214_000413_M112_EM122.all,2014-12-14 00:04:13+00:00
S36_0067_20141214_003411_M112_EM122.all,22327.248,22863102,https://hs.pangaea.de/bathy/M112/EM122/S36_0067_20141214_003411_M112_EM122.all,2014-12-14 00:34:11+00:00
S36_0068_20141214_010405_M112_EM122.all,22574.67,23116462,https://hs.pangaea.de/bathy/M112/EM122/S36_0068_20141214_010405_M112_EM122.all,2014-12-14 01:04:05+00:00
S36_0069_20141214_013413_M112_EM122.all,22552.656,23093920,https://hs.pangaea.de/bathy/M112/EM122/S36_0069_20141214_013413_M112_EM122.all,2014-12-14 01:34:13+00:00
S36_0070_20141214_020405_M112_EM122.all,23198.072,23754826,https://hs.pangaea.de/bathy/M112/EM122/S36_0070_20141214_020405_M112_EM122.all,2014-12-14 02:04:05+00:00
S36_0071_20141214_023412_M112_EM122.all,23335.277,23895324,https://hs.pangaea.de/bathy/M112/EM122/S36_0071_20141214_023412_M112_EM122.all,2014-12-14 02:34:12+00:00
S36_0072_20141214_030412_M112_EM122.all,23754.078,24324176,https://hs.pangaea.de/bathy/M112/EM122/S36_0072_20141214_030412_M112_EM122.all,2014-12-14 03:04:12+00:00
S36_0073_20141214_033408_M112_EM122.all,24077.658,24655522,https://hs.pangaea.de/bathy/M112/EM122/S36_0073_20141214_033408_M112_EM122.all,2014-12-14 03:34:08+00:00
S36_0074_20141214_040409_M112_EM122.all,23375.965,23936988,https://hs.pangaea.de/bathy/M112/EM122/S36_0074_20141214_040409_M112_EM122.all,2014-12-14 04:04:09+00:00
S36_0075_20141214_043413_M112_EM122.all,23772.922,24343472,https://hs.pangaea.de/bathy/M112/EM122/S36_0075_20141214_043413_M112_EM122.all,2014-12-14 04:34:13+00:00
S36_0076_20141214_050409_M112_EM122.all,23375.986,23937010,https://hs.pangaea.de/bathy/M112/EM122/S36_0076_20141214_050409_M112_EM122.all,2014-12-14 05:04:09+00:00
S36_0077_20141214_053411_M112_EM122.all,23425.674,23987890,https://hs.pangaea.de/bathy/M112/EM122/S36_0077_20141214_053411_M112_EM122.all,2014-12-14 05:34:11+00:00
S36_0078_20141214_060405_M112_EM122.all,24149.91,24729508,https://hs.pangaea.de/bathy/M112/EM122/S36_0078_20141214_060405_M112_EM122.all,2014-12-14 06:04:05+00:00
S36_0079_20141214_063408_M112_EM122.all,23310.422,23869872,https://hs.pangaea.de/bathy/M112/EM122/S36_0079_20141214_063408_M112_EM122.all,2014-12-14 06:34:08+00:00
S36_0080_20141214_070404_M112_EM122.all,23173.594,23729760,https://hs.pangaea.de/bathy/M112/EM122/S36_0080_20141214_070404_M112_EM122.all,2014-12-14 07:04:04+00:00
S36_0081_20141214_073408_M112_EM122.all,22891.434,23440828,https://hs.pangaea.de/bathy/M112/EM122/S36_0081_20141214_073408_M112_EM122.all,2014-12-14 07:34:08+00:00
S36_0082_20141214_080412_M112_EM122.all,22288.248,22823166,https://hs.pangaea.de/bathy/M112/EM122/S36_0082_20141214_080412_M112_EM122.all,2014-12-14 08:04:12+00:00
S36_0083_20141214_083403_M112_EM122.all,22446.338,22985050,https://hs.pangaea.de/bathy/M112/EM122/S36_0083_20141214_083403_M112_EM122.all,2014-12-14 08:34:03+00:00
S36_0084_20141214_090407_M112_EM122.all,22464.377,23003522,https://hs.pangaea.de/bathy/M112/EM122/S36_0084_20141214_090407_M112_EM122.all,2014-12-14 09:04:07+00:00
S36_0085_20141214_093412_M112_EM122.all,22614.389,23157134,https://hs.pangaea.de/bathy/M112/EM122/S36_0085_20141214_093412_M112_EM122.all,2014-12-14 09:34:12+00:00
S36_0086_20141214_100412_M112_EM122.all,23046.297,23599408,https://hs.pangaea.de/bathy/M112/EM122/S36_0086_20141214_100412_M112_EM122.all,2014-12-14 10:04:12+00:00
S36_0087_20141214_103404_M112_EM122.all,23631.607,24198766,https://hs.pangaea.de/bathy/M112/EM122/S36_0087_20141214_103404_M112_EM122.all,2014-12-14 10:34:04+00:00
S36_0088_20141214_110409_M112_EM122.all,24118.291,24697130,https://hs.pangaea.de/bathy/M112/EM122/S36_0088_20141214_110409_M112_EM122.all,2014-12-14 11:04:09+00:00
S36_0089_20141214_113412_M112_EM122.all,23652.439,24220098,https://hs.pangaea.de/bathy/M112/EM122/S36_0089_20141214_113412_M112_EM122.all,2014-12-14 11:34:12+00:00
S36_0090_20141214_120404_M112_EM122.all,23804.531,24375840,https://hs.pangaea.de/bathy/M112/EM122/S36_0090_20141214_120404_M112_EM122.all,2014-12-14 12:04:04+00:00
S36_0091_20141214_123406_M112_EM122.all,23894.059,24467516,https://hs.pangaea.de/bathy/M112/EM122/S36_0091_20141214_123406_M112_EM122.all,2014-12-14 12:34:06+00:00
S36_0092_20141214_130406_M112_EM122.all,23583.004,24148996,https://hs.pangaea.de/bathy/M112/EM122/S36_0092_20141214_130406_M112_EM122.all,2014-12-14 13:04:06+00:00
S36_0093_20141214_133410_M112_EM122.all,22946.678,23497398,https://hs.pangaea.de/bathy/M112/EM122/S36_0093_20141214_133410_M112_EM122.all,2014-12-14 13:34:10+00:00
S36_0094_20141214_140408_M112_EM122.all,22680.541,23224874,https://hs.pangaea.de/bathy/M112/EM122/S36_0094_20141214_140408_M112_EM122.all,2014-12-14 14:04:08+00:00
S36_0095_20141214_143414_M112_EM122.all,20452.48,20943340,https://hs.pangaea.de/bathy/M112/EM122/S36_0095_20141214_143414_M112_EM122.all,2014-12-14 14:34:14+00:00
S36_0096_20141214_150131_M112_EM122.all,22551.725,23092966,https://hs.pangaea.de/bathy/M112/EM122/S36_0096_20141214_150131_M112_EM122.all,2014-12-14 15:01:31+00:00
S36_0097_20141214_153134_M112_EM122.all,22381.969,22919136,https://hs.pangaea.de/bathy/M112/EM122/S36_0097_20141214_153134_M112_EM122.all,2014-12-14 15:31:34+00:00
S36_0098_20141214_160128_M112_EM122.all,22852.883,23401352,https://hs.pangaea.de/bathy/M112/EM122/S36_0098_20141214_160128_M112_EM122.all,2014-12-14 16:01:28+00:00
S36_0099_20141214_163138_M112_EM122.all,22562.512,23104012,https://hs.pangaea.de/bathy/M112/EM122/S36_0099_20141214_163138_M112_EM122.all,2014-12-14 16:31:38+00:00
S36_0100_20141214_170134_M112_EM122.all,23100.785,23655204,https://hs.pangaea.de/bathy/M112/EM122/S36_0100_20141214_170134_M112_EM122.all,2014-12-14 17:01:34+00:00
S36_0101_20141214_173135_M112_EM122.all,23633.246,24200444,https://hs.pangaea.de/bathy/M112/EM122/S36_0101_20141214_173135_M112_EM122.all,2014-12-14 17:31:35+00:00
S36_0102_20141214_180132_M112_EM122.all,24076.535,24654372,https://hs.pangaea.de/bathy/M112/EM122/S36_0102_20141214_180132_M112_EM122.all,2014-12-14 18:01:32+00:00
S36_0103_20141214_183130_M112_EM122.all,32192.041,32964650,https://hs.pangaea.de/bathy/M112/EM122/S36_0103_20141214_183130_M112_EM122.all,2014-12-14 18:31:30+00:00
S36_0104_20141214_190128_M112_EM122.all,33729.75,34539264,https://hs.pangaea.de/bathy/M112/EM122/S36_0104_20141214_190128_M112_EM122.all,2014-12-14 19:01:28+00:00
S36_0105_20141214_193133_M112_EM122.all,34062.094,34879584,https://hs.pangaea.de/bathy/M112/EM122/S36_0105_20141214_193133_M112_EM122.all,2014-12-14 19:31:33+00:00
S36_0106_20141214_200133_M112_EM122.all,33713.742,34522872,https://hs.pangaea.de/bathy/M112/EM122/S36_0106_20141214_200133_M112_EM122.all,2014-12-14 20:01:33+00:00
S36_0107_20141214_203129_M112_EM122.all,33332.996,34132988,https://hs.pangaea.de/bathy/M112/EM122/S36_0107_20141214_203129_M112_EM122.all,2014-12-14 20:31:29+00:00
S36_0108_20141214_210137_M112_EM122.all,33201.188,33998017,https://hs.pangaea.de/bathy/M112/EM122/S36_0108_20141214_210137_M112_EM122.all,2014-12-14 21:01:37+00:00
S36_0109_20141214_213130_M112_EM122.all,32683.832,33468244,https://hs.pangaea.de/bathy/M112/EM122/S36_0109_20141214_213130_M112_EM122.all,2014-12-14 21:31:30+00:00
S36_0110_20141214_220131_M112_EM122.all,33098.539,33892904,https://hs.pangaea.de/bathy/M112/EM122/S36_0110_20141214_220131_M112_EM122.all,2014-12-14 22:01:31+00:00
S36_0111_20141214_223135_M112_EM122.all,33635.215,34442460,https://hs.pangaea.de/bathy/M112/EM122/S36_0111_20141214_223135_M112_EM122.all,2014-12-14 22:31:35+00:00
S36_0112_20141214_230137_M112_EM122.all,35272.578,36119120,https://hs.pangaea.de/bathy/M112/EM122/S36_0112_20141214_230137_M112_EM122.all,2014-12-14 23:01:37+00:00
S36_0113_20141214_233136_M112_EM122.all,35307.086,36154456,https://hs.pangaea.de/bathy/M112/EM122/S36_0113_20141214_233136_M112_EM122.all,2014-12-14 23:31:36+00:00
S36_0114_20141214_235830_M112_EM122.all,39532.676,40481460,https://hs.pangaea.de/bathy/M112/EM122/S36_0114_20141214_235830_M112_EM122.all,2014-12-14 23:58:30+00:00
S36_0115_20141215_002835_M112_EM122.all,39193.953,40134608,https://hs.pangaea.de/bathy/M112/EM122/S36_0115_20141215_002835_M112_EM122.all,2014-12-15 00:28:35+00:00
S36_0116_20141215_005835_M112_EM122.all,35188.375,36032896,https://hs.pangaea.de/bathy/M112/EM122/S36_0116_20141215_005835_M112_EM122.all,2014-12-15 00:58:35+00:00
S36_0117_20141215_012830_M112_EM122.all,35908.48,36770284,https://hs.pangaea.de/bathy/M112/EM122/S36_0117_20141215_012830_M112_EM122.all,2014-12-15 01:28:30+00:00
S36_0118_20141215_015836_M112_EM122.all,35653.309,36508988,https://hs.pangaea.de/bathy/M112/EM122/S36_0118_20141215_015836_M112_EM122.all,2014-12-15 01:58:36+00:00
S36_0119_20141215_022834_M112_EM122.all,34477.281,35304736,https://hs.pangaea.de/bathy/M112/EM122/S36_0119_20141215_022834_M112_EM122.all,2014-12-15 02:28:34+00:00
S36_0120_20141215_025837_M112_EM122.all,34798.66,35633828,https://hs.pangaea.de/bathy/M112/EM122/S36_0120_20141215_025837_M112_EM122.all,2014-12-15 02:58:37+00:00
S36_0121_20141215_032833_M112_EM122.all,33121.262,33916172,https://hs.pangaea.de/bathy/M112/EM122/S36_0121_20141215_032833_M112_EM122.all,2014-12-15 03:28:33+00:00
