cruise,filename,url,advertised,kind,mode,head_content_length,http_status,status,received,sha256,gzip_ok
EX1202L2,EX1202L2_EX03192012_2012-079_0001_20120319_215653_EX1202L2_MB.txt.mb162,https://data.ngdc.noaa.gov/platforms/ocean/ships/okeanos_explorer/EX1202Leg2/multibeam/data/version2/MB/EX1202L2_EX03192012_2012-079_0001_20120319_215653_EX1202L2_MB.txt.mb162,218103808,swath,whole,217583048.0,200,skip_present,217583048,2cf315b1244965a6b36af78fc8660a4579fdc69f8887ea0bb71c9125a4eb9f72,True
EX1202L2,EX1202L2_EX03192012_2012-079_0002_20120319_225703_EX1202L2_MB.txt.mb162,https://data.ngdc.noaa.gov/platforms/ocean/ships/okeanos_explorer/EX1202Leg2/multibeam/data/version2/MB/EX1202L2_EX03192012_2012-079_0002_20120319_225703_EX1202L2_MB.txt.mb162,178257920,swath,whole,177863988.0,200,skip_present,177863988,2dbed8757c0e9a3594685e8d9f6cc891d67ae6a98adfd4fc05d6f082a0a8efa6,True
EX1202L2,EX1202L2_EX03192012_2012-080_0003_20120319_235959_EX1202L2_MB.txt.mb162,https://data.ngdc.noaa.gov/platforms/ocean/ships/okeanos_explorer/EX1202Leg2/multibeam/data/version2/MB/EX1202L2_EX03192012_2012-080_0003_20120319_235959_EX1202L2_MB.txt.mb162,195035136,swath,whole,194875238.0,200,skip_present,194875238,230b1d1ccc716e5c0ebdfda6947af5eafda25d4242509f1f4eba5bdc1b0fb8d1,True
EX1202L2,EX1202L2_EX03192012_2012-080_0004_20120320_011858_EX1202L2_MB.txt.mb162,https://data.ngdc.noaa.gov/platforms/ocean/ships/okeanos_explorer/EX1202Leg2/multibeam/data/version2/MB/EX1202L2_EX03192012_2012-080_0004_20120320_011858_EX1202L2_MB.txt.mb162,153092096,swath,whole,153241463.0,200,skip_present,153241463,ad30a18fd9eb3702f632ac4b813ff609bd82b3e2dee7a7d5603466f6ca4db6e2,True
EX1202L2,EX1202L2_EX03192012_2012-080_0005_20120320_023432_EX1202L2_MB.txt.mb162,https://data.ngdc.noaa.gov/platforms/ocean/ships/okeanos_explorer/EX1202Leg2/multibeam/data/version2/MB/EX1202L2_EX03192012_2012-080_0005_20120320_023432_EX1202L2_MB.txt.mb162,142606336,swath,whole,143036182.0,200,skip_present,143036182,93c64dfdde734ea912f090c67767a9ecea29a3008d07c37a35a3354352a51aa2,True
EX1202L2,EX1202L2_EX03192012_2012-080_0006_20120320_041340_EX1202L2_MB.txt.mb162,https://data.ngdc.noaa.gov/platforms/ocean/ships/okeanos_explorer/EX1202Leg2/multibeam/data/version2/MB/EX1202L2_EX03192012_2012-080_0006_20120320_041340_EX1202L2_MB.txt.mb162,82837504,swath,whole,82888160.0,200,skip_present,82888160,f63897b7ff21b94e372277ace3004231f0acee4c81c1d1d154bc8d58c2f1966a,True
EX1202L2,EX1202L2_EX03192012_2012-080_0007_20120320_054145_EX1202L2_MB.txt.mb162,https://data.ngdc.noaa.gov/platforms/ocean/ships/okeanos_explorer/EX1202Leg2/multibeam/data/version2/MB/EX1202L2_EX03192012_2012-080_0007_20120320_054145_EX1202L2_MB.txt.mb162,78643200,swath,whole,78649056.0,200,skip_present,78649056,3ceb13d47e85f060f72e5fe6e56b26172e6fbc6f34567bbd8fec56d97d61303e,True
EX1202L2,EX1202L2_EX03192012_2012-080_0008_20120320_074146_EX1202L2_MB.txt.mb162,https://data.ngdc.noaa.gov/platforms/ocean/ships/okeanos_explorer/EX1202Leg2/multibeam/data/version2/MB/EX1202L2_EX03192012_2012-080_0008_20120320_074146_EX1202L2_MB.txt.mb162,1572864,swath,whole,1588160.0,200,skip_present,1588160,d0685b43ef6d201bc51f28cab4822b4b8d07b7cb3dfa0ed717896443af905f6a,True
EX1202L2,EX1202L2_EX03192012_2012-080_0009_20120320_074549_EX1202L2_MB.txt.mb162,https://data.ngdc.noaa.gov/platforms/ocean/ships/okeanos_explorer/EX1202Leg2/multibeam/data/version2/MB/EX1202L2_EX03192012_2012-080_0009_20120320_074549_EX1202L2_MB.txt.mb162,2306867,swath,whole,2269952.0,200,skip_present,2269952,153302d9042caa8b996ff60328c8e17b9ff913f995760807d724abcaec5e37c1,True
EX1202L2,EX1202L2_EX03192012_2012-080_0010_20120320_075145_EX1202L2_MB.txt.mb162,https://data.ngdc.noaa.gov/platforms/ocean/ships/okeanos_explorer/EX1202Leg2/multibeam/data/version2/MB/EX1202L2_EX03192012_2012-080_0010_20120320_075145_EX1202L2_MB.txt.mb162,9856614,swath,whole,9819360.0,200,skip_present,9819360,3c6ee71e99bb3c1abf88fe3d758efa46d3063982c45f10b241a9742307dd2024,True
EX1202L2,EX1202L2_EX03192012_2012-080_0011_20120320_081759_EX1202L2_MB.txt.mb162,https://data.ngdc.noaa.gov/platforms/ocean/ships/okeanos_explorer/EX1202Leg2/multibeam/data/version2/MB/EX1202L2_EX03192012_2012-080_0011_20120320_081759_EX1202L2_MB.txt.mb162,7759462,swath,whole,7807296.0,200,skip_present,7807296,0af8444715601262eda1e69299e22423bc41214af156402891f373a91c7719fb,True
EX1202L2,EX1202L2_EX03192012_2012-080_0012_20120320_084214_EX1202L2_MB.txt.mb162,https://data.ngdc.noaa.gov/platforms/ocean/ships/okeanos_explorer/EX1202Leg2/multibeam/data/version2/MB/EX1202L2_EX03192012_2012-080_0012_20120320_084214_EX1202L2_MB.txt.mb162,8388608,swath,whole,8368512.0,200,skip_present,8368512,b1dfa7cfeb5f83f6cdde5bbd43aa0159ee4fe66336cd71023b0b7146a429ff0b,True
EX1202L2,EX1202L2_EX03192012_2012-080_0013_20120320_221935_EX1202L2_MB.txt.mb162,https://data.ngdc.noaa.gov/platforms/ocean/ships/okeanos_explorer/EX1202Leg2/multibeam/data/version2/MB/EX1202L2_EX03192012_2012-080_0013_20120320_221935_EX1202L2_MB.txt.mb162,25165824,swath,whole,25225792.0,200,skip_present,25225792,c0c53baede3d94b659d7e7aa478c0f461293d4270cde6592dd6379fb4aff1731,True
EX1202L2,EX1202L2_EX03192012_2012-081_0014_20120321_000000_EX1202L2_MB.txt.mb162,https://data.ngdc.noaa.gov/platforms/ocean/ships/okeanos_explorer/EX1202Leg2/multibeam/data/version2/MB/EX1202L2_EX03192012_2012-081_0014_20120321_000000_EX1202L2_MB.txt.mb162,23068672,swath,whole,22763552.0,200,skip_present,22763552,58204bfa8744c5f56162ac257a70d155d83a4cdab2a9df541484cd1f51c0a514,True
EX1202L2,EX1202L2_EX03192012_2012-081_0015_20120321_014538_EX1202L2_MB.txt.mb162,https://data.ngdc.noaa.gov/platforms/ocean/ships/okeanos_explorer/EX1202Leg2/multibeam/data/version2/MB/EX1202L2_EX03192012_2012-081_0015_20120321_014538_EX1202L2_MB.txt.mb162,12582912,swath,whole,12567712.0,200,skip_present,12567712,6652c6f2d05b0e7d1459e3fad315842ac05468e48348e1252f3904931c40679f,True
EX1202L2,EX1202L2_EX03192012_2012-081_0016_20120321_034538_EX1202L2_MB.txt.mb162,https://data.ngdc.noaa.gov/platforms/ocean/ships/okeanos_explorer/EX1202Leg2/multibeam/data/version2/MB/EX1202L2_EX03192012_2012-081_0016_20120321_034538_EX1202L2_MB.txt.mb162,1363149,swath,whole,1371360.0,200,skip_present,1371360,18bc93b3dabfac947e9e56c6ebfa2e484915977d7ea9964a0cde613646ac6425,True
EX1202L2,EX1202L2_EX03192012_2012-081_0017_20120321_035709_EX1202L2_MB.txt.mb162,https://data.ngdc.noaa.gov/platforms/ocean/ships/okeanos_explorer/EX1202Leg2/multibeam/data/version2/MB/EX1202L2_EX03192012_2012-081_0017_20120321_035709_EX1202L2_MB.txt.mb162,6081741,swath,whole,6127392.0,200,skip_present,6127392,f20a866fa75d913c3d3525b7df3b954b327fb6cd178e7185ce20e72ce61dd933,True
EX1202L2,EX1202L2_EX03192012_2012-081_0018_20120321_042523_EX1202L2_MB.txt.mb162,https://data.ngdc.noaa.gov/platforms/ocean/ships/okeanos_explorer/EX1202Leg2/multibeam/data/version2/MB/EX1202L2_EX03192012_2012-081_0018_20120321_042523_EX1202L2_MB.txt.mb162,38797312,swath,whole,38445568.0,200,skip_present,38445568,e3d7c05938886f6bfe0ccf9cdbacf9720681f50593f6b9a06aaaa5681bf997a4,True
EX1202L2,EX1202L2_EX03192012_2012-081_0019_20120321_062523_EX1202L2_MB.txt.mb162,https://data.ngdc.noaa.gov/platforms/ocean/ships/okeanos_explorer/EX1202Leg2/multibeam/data/version2/MB/EX1202L2_EX03192012_2012-081_0019_20120321_062523_EX1202L2_MB.txt.mb162,36700160,swath,whole,36211616.0,200,skip_present,36211616,e13020127f98981431a1e1287e1e60daa2091e6db06a51c5724986f5889cb955,True
EX1202L2,EX1202L2_EX03192012_2012-081_0020_20120321_082524_EX1202L2_MB.txt.mb162,https://data.ngdc.noaa.gov/platforms/ocean/ships/okeanos_explorer/EX1202Leg2/multibeam/data/version2/MB/EX1202L2_EX03192012_2012-081_0020_20120321_082524_EX1202L2_MB.txt.mb162,1572864,swath,whole,1583456.0,200,skip_present,1583456,5bc9360f4e0c0bbd83c7531fe109f1547cbb9486a95894915b31e3001597b3b4,True
EX1202L2,EX1202L2_EX03192012_2012-081_0021_20120321_083007_EX1202L2_MB.txt.mb162,https://data.ngdc.noaa.gov/platforms/ocean/ships/okeanos_explorer/EX1202Leg2/multibeam/data/version2/MB/EX1202L2_EX03192012_2012-081_0021_20120321_083007_EX1202L2_MB.txt.mb162,20971520,swath,whole,21464444.0,200,skip_present,21464444,ab9403395777652c5df0868799b01048ab81e9619436146ab642e9d753337bd3,True
EX1202L2,EX1202L2_EX03192012_2012-081_0022_20120321_103011_EX1202L2_MB.txt.mb162,https://data.ngdc.noaa.gov/platforms/ocean/ships/okeanos_explorer/EX1202Leg2/multibeam/data/version2/MB/EX1202L2_EX03192012_2012-081_0022_20120321_103011_EX1202L2_MB.txt.mb162,4508877,swath,whole,4473183.0,200,skip_present,4473183,7d79bf90b42f8ada52d90f922240b6e958c5b0a3ed5d9ad610fb7274ae663e10,True
EX1202L2,EX1202L2_EX03192012_2012-081_0023_20120321_133836_EX1202L2_MB.txt.mb162,https://data.ngdc.noaa.gov/platforms/ocean/ships/okeanos_explorer/EX1202Leg2/multibeam/data/version2/MB/EX1202L2_EX03192012_2012-081_0023_20120321_133836_EX1202L2_MB.txt.mb162,28311552,swath,whole,28747558.0,200,skip_present,28747558,8196d4f8fe6b1dd44ac1f841efca4bd02c2e3a535bedc3051534d7d1f986187c,True
EX1202L2,EX1202L2_EX03192012_2012-081_0024_20120321_153833_EX1202L2_MB.txt.mb162,https://data.ngdc.noaa.gov/platforms/ocean/ships/okeanos_explorer/EX1202Leg2/multibeam/data/version2/MB/EX1202L2_EX03192012_2012-081_0024_20120321_153833_EX1202L2_MB.txt.mb162,27262976,swath,whole,27179456.0,200,skip_present,27179456,579e8125f78baff65ba6d42f2e8a8935fadf160fa56d262900c43e7dc21009ec,True
EX1202L2,EX1202L2_EX03192012_2012-081_0025_20120321_173833_EX1202L2_MB.txt.mb162,https://data.ngdc.noaa.gov/platforms/ocean/ships/okeanos_explorer/EX1202Leg2/multibeam/data/version2/MB/EX1202L2_EX03192012_2012-081_0025_20120321_173833_EX1202L2_MB.txt.mb162,26214400,swath,whole,26294621.0,200,skip_present,26294621,f6915b26132e17265663f9a84d595d8f2241ee98a3b90794150708c16e332a3a,True
EX1202L2,EX1202L2_EX03192012_2012-081_0026_20120321_193834_EX1202L2_MB.txt.mb162,https://data.ngdc.noaa.gov/platforms/ocean/ships/okeanos_explorer/EX1202Leg2/multibeam/data/version2/MB/EX1202L2_EX03192012_2012-081_0026_20120321_193834_EX1202L2_MB.txt.mb162,18874368,swath,whole,18945829.0,200,skip_present,18945829,6c14c033d0ff6309523c07719eb8139624c83cf747b7a1f2f9f1e61247718a1c,True
EX1202L2,EX1202L2_EX03192012_2012-081_0027_20120321_213834_EX1202L2_MB.txt.mb162,https://data.ngdc.noaa.gov/platforms/ocean/ships/okeanos_explorer/EX1202Leg2/multibeam/data/version2/MB/EX1202L2_EX03192012_2012-081_0027_20120321_213834_EX1202L2_MB.txt.mb162,3670016,swath,whole,3709120.0,200,skip_present,3709120,91e21cd97bf7e6f16f9ca01525897e0f9c05f7c35faeb005ac46f512db966d1a,True
EX1202L2,EX1202L2_EX03192012_2012-081_0028_20120321_215513_EX1202L2_MB.txt.mb162,https://data.ngdc.noaa.gov/platforms/ocean/ships/okeanos_explorer/EX1202Leg2/multibeam/data/version2/MB/EX1202L2_EX03192012_2012-081_0028_20120321_215513_EX1202L2_MB.txt.mb162,26214400,swath,whole,26206193.0,200,skip_present,26206193,f3be5ac874b305d797506f7c8a160c82cc94b4cedcace469aa899a37e6d211a4,True
EX1202L2,EX1202L2_EX03192012_2012-082_0029_20120321_235513_EX1202L2_MB.txt.mb162,https://data.ngdc.noaa.gov/platforms/ocean/ships/okeanos_explorer/EX1202Leg2/multibeam/data/version2/MB/EX1202L2_EX03192012_2012-082_0029_20120321_235513_EX1202L2_MB.txt.mb162,29360128,swath,whole,29515683.0,200,skip_present,29515683,59c817a23dc659e7110e963325d48a54cf7dafbcaa4cbb81f4f6df4e6ae697b1,True
EX1202L2,EX1202L2_EX03192012_2012-082_0030_20120322_015512_EX1202L2_MB.txt.mb162,https://data.ngdc.noaa.gov/platforms/ocean/ships/okeanos_explorer/EX1202Leg2/multibeam/data/version2/MB/EX1202L2_EX03192012_2012-082_0030_20120322_015512_EX1202L2_MB.txt.mb162,23068672,swath,whole,23107648.0,200,skip_present,23107648,98a7eb7f78ecbfe1c7a04fca00360b5930fc94332d1a95d3145a757196c10e20,True
EX1202L2,EX1202L2_EX03192012_2012-082_0031_20120322_025803_EX1202L2_MB.txt.mb162,https://data.ngdc.noaa.gov/platforms/ocean/ships/okeanos_explorer/EX1202Leg2/multibeam/data/version2/MB/EX1202L2_EX03192012_2012-082_0031_20120322_025803_EX1202L2_MB.txt.mb162,2936013,swath,whole,2932384.0,200,skip_present,2932384,b0066dc38b0cd05dd3ea787d8ee16e54c0f4f7b330e8f0c5c077a5e90ebd6422,True
EX1202L2,EX1202L2_EX03192012_2012-082_0032_20120322_030543_EX1202L2_MB.txt.mb162,https://data.ngdc.noaa.gov/platforms/ocean/ships/okeanos_explorer/EX1202Leg2/multibeam/data/version2/MB/EX1202L2_EX03192012_2012-082_0032_20120322_030543_EX1202L2_MB.txt.mb162,17825792,swath,whole,18013408.0,200,skip_present,18013408,cd1c6856108d20d18c4f448ab1d6bf29e84181714f3fd5011834f2159e8ef389,True
EX1202L2,EX1202L2_EX03192012_2012-082_0033_20120322_035319_EX1202L2_MB.txt.mb162,https://data.ngdc.noaa.gov/platforms/ocean/ships/okeanos_explorer/EX1202Leg2/multibeam/data/version2/MB/EX1202L2_EX03192012_2012-082_0033_20120322_035319_EX1202L2_MB.txt.mb162,4089446,swath,whole,4038880.0,200,skip_present,4038880,de77e0434cb04b99e17964648ea972261812415832dd5213e5982c5c2f46eb4b,True
EX1202L2,EX1202L2_EX03192012_2012-082_0034_20120322_040527_EX1202L2_MB.txt.mb162,https://data.ngdc.noaa.gov/platforms/ocean/ships/okeanos_explorer/EX1202Leg2/multibeam/data/version2/MB/EX1202L2_EX03192012_2012-082_0034_20120322_040527_EX1202L2_MB.txt.mb162,39845888,swath,whole,39815089.0,200,skip_present,39815089,4a52843082b2922f3be36fac0677ebd17cd30b998337ea5e747fe1fc18806004,True
EX1202L2,EX1202L2_EX03192012_2012-082_0035_20120322_060526_EX1202L2_MB.txt.mb162,https://data.ngdc.noaa.gov/platforms/ocean/ships/okeanos_explorer/EX1202Leg2/multibeam/data/version2/MB/EX1202L2_EX03192012_2012-082_0035_20120322_060526_EX1202L2_MB.txt.mb162,11534336,swath,whole,11196108.0,200,skip_present,11196108,e52313cf4e57b02945a14d53561a547fa61c692da360cef1f91264baf5ea00ac,True
EX1202L2,EX1202L2_EX03192012_2012-082_0036_20120322_080509_EX1202L2_MB.txt.mb162,https://data.ngdc.noaa.gov/platforms/ocean/ships/okeanos_explorer/EX1202Leg2/multibeam/data/version2/MB/EX1202L2_EX03192012_2012-082_0036_20120322_080509_EX1202L2_MB.txt.mb162,25165824,swath,whole,24826455.0,200,skip_present,24826455,bf65731325ebb9189c14300b92cd84739381d820d649a979915ae82482f23faf,True
EX1202L2,EX1202L2_EX03192012_2012-082_0037_20120322_100458_EX1202L2_MB.txt.mb162,https://data.ngdc.noaa.gov/platforms/ocean/ships/okeanos_explorer/EX1202Leg2/multibeam/data/version2/MB/EX1202L2_EX03192012_2012-082_0037_20120322_100458_EX1202L2_MB.txt.mb162,47185920,swath,whole,47295176.0,200,skip_present,47295176,66d7b896d4a931021670faaa086b7b5001ec5c35f342298329239ac13a5dc821,True
EX1202L2,EX1202L2_EX03192012_2012-082_0038_20120322_212800_EX1202L2_MB.txt.mb162,https://data.ngdc.noaa.gov/platforms/ocean/ships/okeanos_explorer/EX1202Leg2/multibeam/data/version2/MB/EX1202L2_EX03192012_2012-082_0038_20120322_212800_EX1202L2_MB.txt.mb162,88080384,swath,whole,88441312.0,200,skip_present,88441312,0a0abc03e12197170f0a51b2643bd97729f2304218087ff57e0ef752348fc918,True
EX1202L2,EX1202L2_EX03192012_2012-082_0039_20120322_232800_EX1202L2_MB.txt.mb162,https://data.ngdc.noaa.gov/platforms/ocean/ships/okeanos_explorer/EX1202Leg2/multibeam/data/version2/MB/EX1202L2_EX03192012_2012-082_0039_20120322_232800_EX1202L2_MB.txt.mb162,8074035,swath,whole,8033279.0,200,skip_present,8033279,67fafcb44f1c38f253d8ef1bc1f6f95b235efdbaef2c093bb820b9cf57c4b931,True
EX1202L2,EX1202L2_EX03192012_2012-082_0040_20120322_235238_EX1202L2_MB.txt.mb162,https://data.ngdc.noaa.gov/platforms/ocean/ships/okeanos_explorer/EX1202Leg2/multibeam/data/version2/MB/EX1202L2_EX03192012_2012-082_0040_20120322_235238_EX1202L2_MB.txt.mb162,249856,swath,whole,250074.0,200,skip_present,250074,2a0f47d3d31ad543b6a3595ac1682c15998f1ccd3e781d0a5f7b5e80dafe0427,True
EX1202L2,EX1202L2_EX03192012_2012-082_0041_20120322_235413_EX1202L2_MB.txt.mb162,https://data.ngdc.noaa.gov/platforms/ocean/ships/okeanos_explorer/EX1202Leg2/multibeam/data/version2/MB/EX1202L2_EX03192012_2012-082_0041_20120322_235413_EX1202L2_MB.txt.mb162,1468006,swath,whole,1439130.0,200,skip_present,1439130,d80bdea834ac6d36f56e08ce5f8895d3f1d6e9eefc0fca27127806ef036470b1,True
EX1202L2,EX1202L2_EX03192012_2012-082_0042_20120323_000004_EX1202L2_MB.txt.mb162,https://data.ngdc.noaa.gov/platforms/ocean/ships/okeanos_explorer/EX1202Leg2/multibeam/data/version2/MB/EX1202L2_EX03192012_2012-082_0042_20120323_000004_EX1202L2_MB.txt.mb162,16777216,swath,whole,16575768.0,200,skip_present,16575768,397cde03ebf8c74741207b092444f0319d811ed23e5c01cbcf8333429a6e8f63,True
EX1202L2,EX1202L2_EX03192012_2012-082_0043_20120323_011306_EX1202L2_MB.txt.mb162,https://data.ngdc.noaa.gov/platforms/ocean/ships/okeanos_explorer/EX1202Leg2/multibeam/data/version2/MB/EX1202L2_EX03192012_2012-082_0043_20120323_011306_EX1202L2_MB.txt.mb162,552960,swath,whole,552981.0,200,skip_present,552981,632f104008fda9561fec1cf2cc9879205abb85fd072c103e6d1b5d2524600552,True
EX1202L2,EX1202L2_EX03192012_2012-082_0044_20120323_011532_EX1202L2_MB.txt.mb162,https://data.ngdc.noaa.gov/platforms/ocean/ships/okeanos_explorer/EX1202Leg2/multibeam/data/version2/MB/EX1202L2_EX03192012_2012-082_0044_20120323_011532_EX1202L2_MB.txt.mb162,5767168,swath,whole,5748105.0,200,skip_present,5748105,ecb05f1206a449502b0fa74599218833968351f6e1859a4e53b80fc0bbc9c2a6,True
EX1202L2,EX1202L2_EX03192012_2012-082_0045_20120323_015919_EX1202L2_MB.txt.mb162,https://data.ngdc.noaa.gov/platforms/ocean/ships/okeanos_explorer/EX1202Leg2/multibeam/data/version2/MB/EX1202L2_EX03192012_2012-082_0045_20120323_015919_EX1202L2_MB.txt.mb162,315392,swath,whole,315513.0,200,skip_present,315513,208cd5fbddb8216f120bf5e3a64adf35a0927f1e272c25a62a34c01116ceadd9,True
EX1202L2,EX1202L2_EX03192012_2012-083_0046_20120323_020240_EX1202L2_MB.txt.mb162,https://data.ngdc.noaa.gov/platforms/ocean/ships/okeanos_explorer/EX1202Leg2/multibeam/data/version2/MB/EX1202L2_EX03192012_2012-083_0046_20120323_020240_EX1202L2_MB.txt.mb162,14680064,swath,whole,14189076.0,200,skip_present,14189076,fee2803578c805f858e9e1eebaa682100ee1ae128876b1287172f3a9413d6d2e,True
EX1202L2,EX1202L2_EX03192012_2012-083_0047_20120323_040243_EX1202L2_MB.txt.mb162,https://data.ngdc.noaa.gov/platforms/ocean/ships/okeanos_explorer/EX1202Leg2/multibeam/data/version2/MB/EX1202L2_EX03192012_2012-083_0047_20120323_040243_EX1202L2_MB.txt.mb162,13631488,swath,whole,13416183.0,200,skip_present,13416183,ea8f28a4d336b16a6dcc490b17b42a37b6fcf284455526e610e0c50fd0787d56,True
EX1202L2,EX1202L2_EX03192012_2012-083_0048_20120323_060242_EX1202L2_MB.txt.mb162,https://data.ngdc.noaa.gov/platforms/ocean/ships/okeanos_explorer/EX1202Leg2/multibeam/data/version2/MB/EX1202L2_EX03192012_2012-083_0048_20120323_060242_EX1202L2_MB.txt.mb162,10485760,swath,whole,10494561.0,200,skip_present,10494561,321c2786fb272fc510d5c4c0f89b316a6cfdf7174d5f3edae2261253e5915702,True
EX1202L2,EX1202L2_EX03192012_2012-083_0049_20120323_080246_EX1202L2_MB.txt.mb162,https://data.ngdc.noaa.gov/platforms/ocean/ships/okeanos_explorer/EX1202Leg2/multibeam/data/version2/MB/EX1202L2_EX03192012_2012-083_0049_20120323_080246_EX1202L2_MB.txt.mb162,4928307,swath,whole,4895352.0,200,skip_present,4895352,9eadd6176ffb008bb659c615e2af563a3b40422e56c2b3e690b79abfe647c21a,True
EX1202L2,EX1202L2_EX03192012_2012-083_0050_20120323_085906_EX1202L2_MB.txt.mb162,https://data.ngdc.noaa.gov/platforms/ocean/ships/okeanos_explorer/EX1202Leg2/multibeam/data/version2/MB/EX1202L2_EX03192012_2012-083_0050_20120323_085906_EX1202L2_MB.txt.mb162,304128,swath,whole,303864.0,200,skip_present,303864,2c74b36b0b34981fe1ab682b75fa4145b0b2b05b49ba0c1ef12ed02aa5d14403,True
EX1202L2,EX1202L2_EX03192012_2012-083_0051_20120323_090236_EX1202L2_MB.txt.mb162,https://data.ngdc.noaa.gov/platforms/ocean/ships/okeanos_explorer/EX1202Leg2/multibeam/data/version2/MB/EX1202L2_EX03192012_2012-083_0051_20120323_090236_EX1202L2_MB.txt.mb162,7340032,swath,whole,7287852.0,200,skip_present,7287852,71264e204ec5384920095d740328eebb1612e502bc6888fdcc006d7324efba91,True
EX1202L2,EX1202L2_EX03192012_2012-083_0052_20120323_100251_EX1202L2_MB.txt.mb162,https://data.ngdc.noaa.gov/platforms/ocean/ships/okeanos_explorer/EX1202Leg2/multibeam/data/version2/MB/EX1202L2_EX03192012_2012-083_0052_20120323_100251_EX1202L2_MB.txt.mb162,437248,swath,whole,437745.0,200,skip_present,437745,334aa2a2c40b41922abb1eadc027033296d974cba98236fab0307f6d9a7df9ff,True
EX1202L2,EX1202L2_EX03192012_2012-083_0053_20120323_100454_EX1202L2_MB.txt.mb162,https://data.ngdc.noaa.gov/platforms/ocean/ships/okeanos_explorer/EX1202Leg2/multibeam/data/version2/MB/EX1202L2_EX03192012_2012-083_0053_20120323_100454_EX1202L2_MB.txt.mb162,14680064,swath,whole,14402796.0,200,skip_present,14402796,470146d290bc29af6fae2fc9070e19c811a45927a495bdb58817b85e1c06cda8,True
EX1202L2,EX1202L2_EX03192012_2012-083_0054_20120323_224127_EX1202L2_MB.txt.mb162,https://data.ngdc.noaa.gov/platforms/ocean/ships/okeanos_explorer/EX1202Leg2/multibeam/data/version2/MB/EX1202L2_EX03192012_2012-083_0054_20120323_224127_EX1202L2_MB.txt.mb162,2202010,swath,whole,2214993.0,200,skip_present,2214993,abce82ad30749284e3bf976346f9843ab6aee4a7b3fbce51ebf6102621bc68b2,True
EX1202L2,EX1202L2_EX03192012_2012-083_0055_20120323_225549_EX1202L2_MB.txt.mb162,https://data.ngdc.noaa.gov/platforms/ocean/ships/okeanos_explorer/EX1202Leg2/multibeam/data/version2/MB/EX1202L2_EX03192012_2012-083_0055_20120323_225549_EX1202L2_MB.txt.mb162,3040870,swath,whole,3033426.0,200,skip_present,3033426,9b454c616a68c24d317e46703c44868b7f847a01d54f595661c895dc4e1bebc8,True
EX1202L2,EX1202L2_EX03192012_2012-083_0056_20120323_231347_EX1202L2_MB.txt.mb162,https://data.ngdc.noaa.gov/platforms/ocean/ships/okeanos_explorer/EX1202Leg2/multibeam/data/version2/MB/EX1202L2_EX03192012_2012-083_0056_20120323_231347_EX1202L2_MB.txt.mb162,9332326,swath,whole,9375300.0,200,skip_present,9375300,2decab07394a07c59ab0349886bbbedcdc3af285ba1ce7735132c2920ee51af1,True
EX1202L2,EX1202L2_EX03192012_2012-084_0057_20120324_000018_EX1202L2_MB.txt.mb162,https://data.ngdc.noaa.gov/platforms/ocean/ships/okeanos_explorer/EX1202Leg2/multibeam/data/version2/MB/EX1202L2_EX03192012_2012-084_0057_20120324_000018_EX1202L2_MB.txt.mb162,9227469,swath,whole,9192117.0,200,skip_present,9192117,4871be5da292f3bfbac85ea2fd9bf15f427d5e5f210e561d03d753dbca5317b6,True
EX1202L2,EX1202L2_EX03192012_2012-084_0058_20120324_004321_EX1202L2_MB.txt.mb162,https://data.ngdc.noaa.gov/platforms/ocean/ships/okeanos_explorer/EX1202Leg2/multibeam/data/version2/MB/EX1202L2_EX03192012_2012-084_0058_20120324_004321_EX1202L2_MB.txt.mb162,785408,swath,whole,784905.0,200,skip_present,784905,9fbfa0673523e9923af88b21dd3b5850a090c60d274efbaa1b498929c4b8dc87,True
EX1202L2,EX1202L2_EX03192012_2012-084_0059_20120324_004603_EX1202L2_MB.txt.mb162,https://data.ngdc.noaa.gov/platforms/ocean/ships/okeanos_explorer/EX1202Leg2/multibeam/data/version2/MB/EX1202L2_EX03192012_2012-084_0059_20120324_004603_EX1202L2_MB.txt.mb162,3984589,swath,whole,3977127.0,200,skip_present,3977127,b4bd7d7278a88b93dbc3a3230dcef90a0f6e46bdbad77a086568a506d66c79ba,True
EX1202L2,EX1202L2_EX03192012_2012-084_0060_20120324_010613_EX1202L2_MB.txt.mb162,https://data.ngdc.noaa.gov/platforms/ocean/ships/okeanos_explorer/EX1202Leg2/multibeam/data/version2/MB/EX1202L2_EX03192012_2012-084_0060_20120324_010613_EX1202L2_MB.txt.mb162,497664,swath,whole,497706.0,200,skip_present,497706,3645549ecf496f6bc850490579ba690889b68c6cfda3e9fbb491d615fe742f0b,True
EX1202L2,EX1202L2_EX03192012_2012-084_0061_20120324_010953_EX1202L2_MB.txt.mb162,https://data.ngdc.noaa.gov/platforms/ocean/ships/okeanos_explorer/EX1202Leg2/multibeam/data/version2/MB/EX1202L2_EX03192012_2012-084_0061_20120324_010953_EX1202L2_MB.txt.mb162,19922944,swath,whole,19457328.0,200,skip_present,19457328,8e399e6e2c29413935cc935b723e691e0d2cc52776a7c0c7a73b8f638603e0d9,True
EX1202L2,EX1202L2_EX03192012_2012-084_0062_20120324_025755_EX1202L2_MB.txt.mb162,https://data.ngdc.noaa.gov/platforms/ocean/ships/okeanos_explorer/EX1202Leg2/multibeam/data/version2/MB/EX1202L2_EX03192012_2012-084_0062_20120324_025755_EX1202L2_MB.txt.mb162,664576,swath,whole,664785.0,200,skip_present,664785,496526d03f73a5ee395514907b4c1ea2a2cb0b8cf15b3e76e19d9db5f97eec4f,True
EX1202L2,EX1202L2_EX03192012_2012-084_0063_20120324_030152_EX1202L2_MB.txt.mb162,https://data.ngdc.noaa.gov/platforms/ocean/ships/okeanos_explorer/EX1202Leg2/multibeam/data/version2/MB/EX1202L2_EX03192012_2012-084_0063_20120324_030152_EX1202L2_MB.txt.mb162,2831155,swath,whole,2816484.0,200,skip_present,2816484,c33d36fede8d333f8f1f79e214d89c12ccf5a0bd5eb3aeb5964fada1c3dd1570,True
EX1202L2,EX1202L2_EX03192012_2012-084_0064_20120324_031744_EX1202L2_MB.txt.mb162,https://data.ngdc.noaa.gov/platforms/ocean/ships/okeanos_explorer/EX1202Leg2/multibeam/data/version2/MB/EX1202L2_EX03192012_2012-084_0064_20120324_031744_EX1202L2_MB.txt.mb162,992256,swath,whole,991947.0,200,skip_present,991947,92964cf03f48c1a34ad79ec26c4b765659567173e3f2171e8d7ad885fde16aca,True
EX1202L2,EX1202L2_EX03192012_2012-084_0065_20120324_032312_EX1202L2_MB.txt.mb162,https://data.ngdc.noaa.gov/platforms/ocean/ships/okeanos_explorer/EX1202Leg2/multibeam/data/version2/MB/EX1202L2_EX03192012_2012-084_0065_20120324_032312_EX1202L2_MB.txt.mb162,22020096,swath,whole,21952689.0,200,skip_present,21952689,84a5b23591ffdb254bb75e91a4dac59aaf3dc0096971be1bd0b7c20ba7085fea,True
EX1202L2,EX1202L2_EX03192012_2012-084_0066_20120324_052319_EX1202L2_MB.txt.mb162,https://data.ngdc.noaa.gov/platforms/ocean/ships/okeanos_explorer/EX1202Leg2/multibeam/data/version2/MB/EX1202L2_EX03192012_2012-084_0066_20120324_052319_EX1202L2_MB.txt.mb162,22020096,swath,whole,21574344.0,200,skip_present,21574344,6d67b8adb524b6b035e68deba5571db3634b8bcf0223559473a787b654f3d7e1,True
EX1202L2,EX1202L2_EX03192012_2012-084_0067_20120324_071747_EX1202L2_MB.txt.mb162,https://data.ngdc.noaa.gov/platforms/ocean/ships/okeanos_explorer/EX1202Leg2/multibeam/data/version2/MB/EX1202L2_EX03192012_2012-084_0067_20120324_071747_EX1202L2_MB.txt.mb162,18874368,swath,whole,19129242.0,200,skip_present,19129242,694691083ade83c3ddf0a6d8ee3eccafedfa41019e63aa0b006afed9dab2da07,True
EX1202L2,EX1202L2_EX03192012_2012-084_0068_20120324_085701_EX1202L2_MB.txt.mb162,https://data.ngdc.noaa.gov/platforms/ocean/ships/okeanos_explorer/EX1202Leg2/multibeam/data/version2/MB/EX1202L2_EX03192012_2012-084_0068_20120324_085701_EX1202L2_MB.txt.mb162,557056,swath,whole,557073.0,200,skip_present,557073,039c3e3468585f92a8d0c32154c072202a2f0d829fe483123a2a5be8e3a427b6,True
EX1202L2,EX1202L2_EX03192012_2012-084_0069_20120324_085952_EX1202L2_MB.txt.mb162,https://data.ngdc.noaa.gov/platforms/ocean/ships/okeanos_explorer/EX1202Leg2/multibeam/data/version2/MB/EX1202L2_EX03192012_2012-084_0069_20120324_085952_EX1202L2_MB.txt.mb162,185344,swath,whole,185328.0,200,skip_present,185328,41c60bd5a8d0c99f150e8fd1d8bb23f0cf0538d8c029af6a55437c523b412b5b,True
EX1202L2,EX1202L2_EX03192012_2012-084_0070_20120324_090051_EX1202L2_MB.txt.mb162,https://data.ngdc.noaa.gov/platforms/ocean/ships/okeanos_explorer/EX1202Leg2/multibeam/data/version2/MB/EX1202L2_EX03192012_2012-084_0070_20120324_090051_EX1202L2_MB.txt.mb162,22020096,swath,whole,21933681.0,200,skip_present,21933681,1effc02da8c0e994acd0d4d430d75a58ee64bf0e6f0f5b0727c05f45e524ce3e,True
EX1202L2,EX1202L2_EX03192012_2012-084_0072_20120324_212811_EX1202L2_MB.txt.mb162,https://data.ngdc.noaa.gov/platforms/ocean/ships/okeanos_explorer/EX1202Leg2/multibeam/data/version2/MB/EX1202L2_EX03192012_2012-084_0072_20120324_212811_EX1202L2_MB.txt.mb162,14680064,swath,whole,14545773.0,200,skip_present,14545773,d9dd0babff1ca8cb772ef3aff73421222ac6516838bb3f6df3a7e43aae69c72d,True
EX1202L2,EX1202L2_EX03192012_2012-084_0073_20120324_224834_EX1202L2_MB.txt.mb162,https://data.ngdc.noaa.gov/platforms/ocean/ships/okeanos_explorer/EX1202Leg2/multibeam/data/version2/MB/EX1202L2_EX03192012_2012-084_0073_20120324_224834_EX1202L2_MB.txt.mb162,440320,swath,whole,440385.0,200,skip_present,440385,1ec7f05a271af30280f3eb0f765a56f2ac551a3627b936dc12e5c7166a49fccb,True
EX1202L2,EX1202L2_EX03192012_2012-084_0074_20120324_225049_EX1202L2_MB.txt.mb162,https://data.ngdc.noaa.gov/platforms/ocean/ships/okeanos_explorer/EX1202Leg2/multibeam/data/version2/MB/EX1202L2_EX03192012_2012-084_0074_20120324_225049_EX1202L2_MB.txt.mb162,13631488,swath,whole,13604184.0,200,skip_present,13604184,c1051d06bae3ef2a98eda1a1c45282ebf1118b0d96784cfbf7ac50f27e58c1ea,True
EX1202L2,EX1202L2_EX03192012_2012-085_0075_20120325_000003_EX1202L2_MB.txt.mb162,https://data.ngdc.noaa.gov/platforms/ocean/ships/okeanos_explorer/EX1202Leg2/multibeam/data/version2/MB/EX1202L2_EX03192012_2012-085_0075_20120325_000003_EX1202L2_MB.txt.mb162,23068672,swath,whole,23082048.0,200,skip_present,23082048,99a26d24f519689370f43b9da767c6de82c9b350d3b5b1f2f973163287d371d0,True
EX1202L2,EX1202L2_EX03192012_2012-085_0076_20120325_020002_EX1202L2_MB.txt.mb162,https://data.ngdc.noaa.gov/platforms/ocean/ships/okeanos_explorer/EX1202Leg2/multibeam/data/version2/MB/EX1202L2_EX03192012_2012-085_0076_20120325_020002_EX1202L2_MB.txt.mb162,22020096,swath,whole,22531674.0,200,skip_present,22531674,84b39b29a5f96a1e78a2708579016b966918943e8d74c9a40b3b7451288d09d3,True
EX1202L2,EX1202L2_EX03192012_2012-085_0077_20120325_040005_EX1202L2_MB.txt.mb162,https://data.ngdc.noaa.gov/platforms/ocean/ships/okeanos_explorer/EX1202Leg2/multibeam/data/version2/MB/EX1202L2_EX03192012_2012-085_0077_20120325_040005_EX1202L2_MB.txt.mb162,3145728,swath,whole,3173643.0,200,skip_present,3173643,3ee75bdf96f74f53681e1420f96f2e4e1f69a1660accbdd30077957cc2aa8d62,True
EX1202L2,EX1202L2_EX03192012_2012-085_0078_20120325_041636_EX1202L2_MB.txt.mb162,https://data.ngdc.noaa.gov/platforms/ocean/ships/okeanos_explorer/EX1202Leg2/multibeam/data/version2/MB/EX1202L2_EX03192012_2012-085_0078_20120325_041636_EX1202L2_MB.txt.mb162,534528,swath,whole,534237.0,200,skip_present,534237,bb6cf620632358719f5a334c7db1446821ad8eac71b3786a188eb28c0efcd4b8,True
EX1202L2,EX1202L2_EX03192012_2012-085_0079_20120325_041927_EX1202L2_MB.txt.mb162,https://data.ngdc.noaa.gov/platforms/ocean/ships/okeanos_explorer/EX1202Leg2/multibeam/data/version2/MB/EX1202L2_EX03192012_2012-085_0079_20120325_041927_EX1202L2_MB.txt.mb162,3040870,swath,whole,3033756.0,200,skip_present,3033756,79c97254738e25cf632346d38ac6ec0a1d634dcc6f785e59debe931d6f083a06,True
EX1202L2,EX1202L2_EX03192012_2012-085_0080_20120325_043557_EX1202L2_MB.txt.mb162,https://data.ngdc.noaa.gov/platforms/ocean/ships/okeanos_explorer/EX1202Leg2/multibeam/data/version2/MB/EX1202L2_EX03192012_2012-085_0080_20120325_043557_EX1202L2_MB.txt.mb162,22020096,swath,whole,22388982.0,200,skip_present,22388982,10304368e642d529266771219a68b3a1047b5af1b434556be6202beafd61630a,True
EX1202L2,EX1202L2_EX03192012_2012-085_0081_20120325_063558_EX1202L2_MB.txt.mb162,https://data.ngdc.noaa.gov/platforms/ocean/ships/okeanos_explorer/EX1202Leg2/multibeam/data/version2/MB/EX1202L2_EX03192012_2012-085_0081_20120325_063558_EX1202L2_MB.txt.mb162,24117248,swath,whole,24150522.0,200,skip_present,24150522,b2e5388810ae99535c95719c5358ad38791410ae26f5fc1c8475c1752ec3dd50,True
EX1202L2,EX1202L2_EX03192012_2012-085_0082_20120325_083557_EX1202L2_MB.txt.mb162,https://data.ngdc.noaa.gov/platforms/ocean/ships/okeanos_explorer/EX1202Leg2/multibeam/data/version2/MB/EX1202L2_EX03192012_2012-085_0082_20120325_083557_EX1202L2_MB.txt.mb162,6710886,swath,whole,6751536.0,200,skip_present,6751536,dd6faf7ef29f5f11609710de78e21b963fc1a55f6afee02b612bfde4a8dbfd8a,True
EX1202L2,EX1202L2_EX03192012_2012-085_0083_20120325_090809_EX1202L2_MB.txt.mb162,https://data.ngdc.noaa.gov/platforms/ocean/ships/okeanos_explorer/EX1202Leg2/multibeam/data/version2/MB/EX1202L2_EX03192012_2012-085_0083_20120325_090809_EX1202L2_MB.txt.mb162,18874368,swath,whole,19176894.0,200,skip_present,19176894,c74bea4cb5e8d3046651135a7a1d4002dc8ccf6edf84be6ebb14f71d7b514f5f,True
EX1202L2,EX1202L2_EX03192012_2012-085_0084_20120325_231737_EX1202L2_MB.txt.mb162,https://data.ngdc.noaa.gov/platforms/ocean/ships/okeanos_explorer/EX1202Leg2/multibeam/data/version2/MB/EX1202L2_EX03192012_2012-085_0084_20120325_231737_EX1202L2_MB.txt.mb162,7025459,swath,whole,6989037.0,200,skip_present,6989037,9c0fcb48e16f76590faf8db92e115c29ce9d2b2a338de2da975af99e99bd9e70,True
EX1202L2,EX1202L2_EX03192012_2012-085_0085_20120325_234757_EX1202L2_MB.txt.mb162,https://data.ngdc.noaa.gov/platforms/ocean/ships/okeanos_explorer/EX1202Leg2/multibeam/data/version2/MB/EX1202L2_EX03192012_2012-085_0085_20120325_234757_EX1202L2_MB.txt.mb162,3355443,swath,whole,3317853.0,200,skip_present,3317853,88292096d982b8e17b07ab6fbe50f6f68cc055cbbd3fb1b8cbbe8208b9efe571,True
EX1202L2,EX1202L2_EX03192012_2012-086_0086_20120326_000101_EX1202L2_MB.txt.mb162,https://data.ngdc.noaa.gov/platforms/ocean/ships/okeanos_explorer/EX1202Leg2/multibeam/data/version2/MB/EX1202L2_EX03192012_2012-086_0086_20120326_000101_EX1202L2_MB.txt.mb162,30408704,swath,whole,30127977.0,200,skip_present,30127977,35d020fe234783a439f1f4569a6927e6e4b98edb40e5cfb4f6a5fe56a621fc82,True
EX1202L2,EX1202L2_EX03192012_2012-086_0087_20120326_020103_EX1202L2_MB.txt.mb162,https://data.ngdc.noaa.gov/platforms/ocean/ships/okeanos_explorer/EX1202Leg2/multibeam/data/version2/MB/EX1202L2_EX03192012_2012-086_0087_20120326_020103_EX1202L2_MB.txt.mb162,6501171,swath,whole,6553074.0,200,skip_present,6553074,fcf870c111081fda0fcf3f3fa884cf6e8155e00e152c8516a542560c58c104f5,True
EX1202L2,EX1202L2_EX03192012_2012-086_0088_20120326_023059_EX1202L2_MB.txt.mb162,https://data.ngdc.noaa.gov/platforms/ocean/ships/okeanos_explorer/EX1202Leg2/multibeam/data/version2/MB/EX1202L2_EX03192012_2012-086_0088_20120326_023059_EX1202L2_MB.txt.mb162,4508877,swath,whole,4533771.0,200,skip_present,4533771,91e81fa7c367c23e09f55d33c94cd56cf2445af27b3698dc6d322f8205a26129,True
EX1202L2,EX1202L2_EX03192012_2012-086_0089_20120326_025228_EX1202L2_MB.txt.mb162,https://data.ngdc.noaa.gov/platforms/ocean/ships/okeanos_explorer/EX1202Leg2/multibeam/data/version2/MB/EX1202L2_EX03192012_2012-086_0089_20120326_025228_EX1202L2_MB.txt.mb162,30408704,swath,whole,30170646.0,200,skip_present,30170646,21eab9da514858a72dedc8fa4a1585b4677424d8d9ca1353edaa05e2272dc4a1,True
EX1202L2,EX1202L2_EX03192012_2012-086_0090_20120326_045228_EX1202L2_MB.txt.mb162,https://data.ngdc.noaa.gov/platforms/ocean/ships/okeanos_explorer/EX1202Leg2/multibeam/data/version2/MB/EX1202L2_EX03192012_2012-086_0090_20120326_045228_EX1202L2_MB.txt.mb162,6501171,swath,whole,6503607.0,200,skip_present,6503607,fa683bb05e3df00874ca9e83547bef71b7f97141ba288df5170e24736ba3673b,True
EX1202L2,EX1202L2_EX03192012_2012-086_0091_20120326_051723_EX1202L2_MB.txt.mb162,https://data.ngdc.noaa.gov/platforms/ocean/ships/okeanos_explorer/EX1202Leg2/multibeam/data/version2/MB/EX1202L2_EX03192012_2012-086_0091_20120326_051723_EX1202L2_MB.txt.mb162,7130317,swath,whole,7175058.0,200,skip_present,7175058,d942a10622118b6da068458c6988aafdf36ed035b1049733139d81dd36db87e0,True
EX1202L2,EX1202L2_EX03192012_2012-086_0092_20120326_054441_EX1202L2_MB.txt.mb162,https://data.ngdc.noaa.gov/platforms/ocean/ships/okeanos_explorer/EX1202Leg2/multibeam/data/version2/MB/EX1202L2_EX03192012_2012-086_0092_20120326_054441_EX1202L2_MB.txt.mb162,3460301,swath,whole,3493677.0,200,skip_present,3493677,196db4a2741c668be8f16a1bb392a423093a1b9343619d3d0ce8fa87f078888b,True
EX1202L2,EX1202L2_EX03192012_2012-086_0093_20120326_055707_EX1202L2_MB.txt.mb162,https://data.ngdc.noaa.gov/platforms/ocean/ships/okeanos_explorer/EX1202Leg2/multibeam/data/version2/MB/EX1202L2_EX03192012_2012-086_0093_20120326_055707_EX1202L2_MB.txt.mb162,33554432,swath,whole,33831369.0,200,skip_present,33831369,8e60a9db3a2bd5895eb95f7eef45b109306d8f180b0a109b0ce24d23c3bcf474,True
EX1202L2,EX1202L2_EX03192012_2012-086_0094_20120326_075708_EX1202L2_MB.txt.mb162,https://data.ngdc.noaa.gov/platforms/ocean/ships/okeanos_explorer/EX1202Leg2/multibeam/data/version2/MB/EX1202L2_EX03192012_2012-086_0094_20120326_075708_EX1202L2_MB.txt.mb162,27262976,swath,whole,27679971.0,200,skip_present,27679971,5350cb5b1e0b600244ff53a7299f160b2c3f5d295400b71f17fbd711bb41f582,True
EX1202L2,EX1202L2_EX03192012_2012-086_0095_20120326_094404_EX1202L2_MB.txt.mb162,https://data.ngdc.noaa.gov/platforms/ocean/ships/okeanos_explorer/EX1202Leg2/multibeam/data/version2/MB/EX1202L2_EX03192012_2012-086_0095_20120326_094404_EX1202L2_MB.txt.mb162,817152,swath,whole,816882.0,200,skip_present,816882,e763dc454da804125b8e013bd306f28c6c394a10ce9379af37832b352bd2dfcc,True
EX1202L2,EX1202L2_EX03192012_2012-086_0096_20120326_094755_EX1202L2_MB.txt.mb162,https://data.ngdc.noaa.gov/platforms/ocean/ships/okeanos_explorer/EX1202Leg2/multibeam/data/version2/MB/EX1202L2_EX03192012_2012-086_0096_20120326_094755_EX1202L2_MB.txt.mb162,12582912,swath,whole,12173568.0,200,skip_present,12173568,e284e7a59162a39785438e68ffa168f2cb8e1cfd82a2fb5f389886fccbfbad94,True
EX1202L2,EX1202L2_EX03192012_2012-086_0099_20120326_211449_EX1202L2_MB.txt.mb162,https://data.ngdc.noaa.gov/platforms/ocean/ships/okeanos_explorer/EX1202Leg2/multibeam/data/version2/MB/EX1202L2_EX03192012_2012-086_0099_20120326_211449_EX1202L2_MB.txt.mb162,5452595,swath,whole,5479782.0,200,skip_present,5479782,db77c198c4af8f139fb2702ca847d3c71d788fd367c0a95159606d63570aad7b,True
EX1202L2,EX1202L2_EX03192012_2012-086_0100_20120326_214208_EX1202L2_MB.txt.mb162,https://data.ngdc.noaa.gov/platforms/ocean/ships/okeanos_explorer/EX1202Leg2/multibeam/data/version2/MB/EX1202L2_EX03192012_2012-086_0100_20120326_214208_EX1202L2_MB.txt.mb162,1468006,swath,whole,1496715.0,200,skip_present,1496715,ca38c4c066ba115cf51174d2c1583fdde1109c5f04fc166afd9aaebf987457e5,True
EX1202L2,EX1202L2_EX03192012_2012-086_0101_20120326_214917_EX1202L2_MB.txt.mb162,https://data.ngdc.noaa.gov/platforms/ocean/ships/okeanos_explorer/EX1202Leg2/multibeam/data/version2/MB/EX1202L2_EX03192012_2012-086_0101_20120326_214917_EX1202L2_MB.txt.mb162,12582912,swath,whole,12385857.0,200,skip_present,12385857,edc8e8ed2a3b93c18294fc0c582fb85457082dddb4ab425528f197e9f13cdf54,True
EX1202L2,EX1202L2_EX03192012_2012-086_0102_20120326_225018_EX1202L2_MB.txt.mb162,https://data.ngdc.noaa.gov/platforms/ocean/ships/okeanos_explorer/EX1202Leg2/multibeam/data/version2/MB/EX1202L2_EX03192012_2012-086_0102_20120326_225018_EX1202L2_MB.txt.mb162,743424,swath,whole,743556.0,200,skip_present,743556,e75759de3938d73e453b2853ab61b6f8176db7208bd2390b0a64a99a587e9ad0,True
EX1202L2,EX1202L2_EX03192012_2012-086_0103_20120326_225406_EX1202L2_MB.txt.mb162,https://data.ngdc.noaa.gov/platforms/ocean/ships/okeanos_explorer/EX1202Leg2/multibeam/data/version2/MB/EX1202L2_EX03192012_2012-086_0103_20120326_225406_EX1202L2_MB.txt.mb162,12582912,swath,whole,13022559.0,200,skip_present,13022559,7345cb0f610a3e411a793596081481b1782b7e17f80198c608ee4e3edd76c0de,True
EX1202L2,EX1202L2_EX03192012_2012-087_0104_20120327_000006_EX1202L2_MB.txt.mb162,https://data.ngdc.noaa.gov/platforms/ocean/ships/okeanos_explorer/EX1202Leg2/multibeam/data/version2/MB/EX1202L2_EX03192012_2012-087_0104_20120327_000006_EX1202L2_MB.txt.mb162,887808,swath,whole,887634.0,200,skip_present,887634,9d6e140cf7916ac282c28e71e8c424e29d55abdbd11d2c956637adf8557d5d3f,True
EX1202L2,EX1202L2_EX03192012_2012-087_0105_20120327_000437_EX1202L2_MB.txt.mb162,https://data.ngdc.noaa.gov/platforms/ocean/ships/okeanos_explorer/EX1202Leg2/multibeam/data/version2/MB/EX1202L2_EX03192012_2012-087_0105_20120327_000437_EX1202L2_MB.txt.mb162,14680064,swath,whole,14163468.0,200,skip_present,14163468,114b7d346f1e9ce646654226d37ddafd8f47e71f33d8b977fde19521ca915f57,True
EX1202L2,EX1202L2_EX03192012_2012-087_0106_20120327_011625_EX1202L2_MB.txt.mb162,https://data.ngdc.noaa.gov/platforms/ocean/ships/okeanos_explorer/EX1202Leg2/multibeam/data/version2/MB/EX1202L2_EX03192012_2012-087_0106_20120327_011625_EX1202L2_MB.txt.mb162,1153434,swath,whole,1156155.0,200,skip_present,1156155,1c7c694a9f31111eb55e7ba059ecdf0a12297071438e5dd964d7cac1e318304b,True
EX1202L2,EX1202L2_EX03192012_2012-087_0107_20120327_012212_EX1202L2_MB.txt.mb162,https://data.ngdc.noaa.gov/platforms/ocean/ships/okeanos_explorer/EX1202Leg2/multibeam/data/version2/MB/EX1202L2_EX03192012_2012-087_0107_20120327_012212_EX1202L2_MB.txt.mb162,6710886,swath,whole,6688968.0,200,skip_present,6688968,b12c9c196c7f7178699a663e94ff130ccef429e2677201168503c08d479dcad2,True
EX1202L2,EX1202L2_EX03192012_2012-087_0108_20120327_015542_EX1202L2_MB.txt.mb162,https://data.ngdc.noaa.gov/platforms/ocean/ships/okeanos_explorer/EX1202Leg2/multibeam/data/version2/MB/EX1202L2_EX03192012_2012-087_0108_20120327_015542_EX1202L2_MB.txt.mb162,15728640,swath,whole,15488385.0,200,skip_present,15488385,c20e08c3250be03e6c4ae2212bddef96582d2b020e995448c281917b2f3533ea,True
EX1202L2,EX1202L2_EX03192012_2012-087_0109_20120327_031311_EX1202L2_MB.txt.mb162,https://data.ngdc.noaa.gov/platforms/ocean/ships/okeanos_explorer/EX1202Leg2/multibeam/data/version2/MB/EX1202L2_EX03192012_2012-087_0109_20120327_031311_EX1202L2_MB.txt.mb162,4718592,swath,whole,4687551.0,200,skip_present,4687551,0283333c5d651f4d9f99c66f8a6d6783836c9fc25da06227aeebbe5a5c9eadf8,True
EX1202L2,EX1202L2_EX03192012_2012-087_0110_20120327_033658_EX1202L2_MB.txt.mb162,https://data.ngdc.noaa.gov/platforms/ocean/ships/okeanos_explorer/EX1202Leg2/multibeam/data/version2/MB/EX1202L2_EX03192012_2012-087_0110_20120327_033658_EX1202L2_MB.txt.mb162,23068672,swath,whole,23544411.0,200,skip_present,23544411,411199c28499957254a90641210c8209625ada8c02e914a05ea00b3e0e373892,True
EX1202L2,EX1202L2_EX03192012_2012-087_0111_20120327_053658_EX1202L2_MB.txt.mb162,https://data.ngdc.noaa.gov/platforms/ocean/ships/okeanos_explorer/EX1202Leg2/multibeam/data/version2/MB/EX1202L2_EX03192012_2012-087_0111_20120327_053658_EX1202L2_MB.txt.mb162,685056,swath,whole,684618.0,200,skip_present,684618,a9ed4611db0b151472d06aa623a34eff0b5fae5c6bada5b450c247fa4c1ea9af,True
EX1202L2,EX1202L2_EX03192012_2012-087_0112_20120327_054022_EX1202L2_MB.txt.mb162,https://data.ngdc.noaa.gov/platforms/ocean/ships/okeanos_explorer/EX1202Leg2/multibeam/data/version2/MB/EX1202L2_EX03192012_2012-087_0112_20120327_054022_EX1202L2_MB.txt.mb162,829440,swath,whole,829125.0,200,skip_present,829125,5e1f3dfdc4dffa2ce728352b5b6350021debe08426b9992a53239a80381ea823,True
EX1202L2,EX1202L2_EX03192012_2012-087_0113_20120327_054434_EX1202L2_MB.txt.mb162,https://data.ngdc.noaa.gov/platforms/ocean/ships/okeanos_explorer/EX1202Leg2/multibeam/data/version2/MB/EX1202L2_EX03192012_2012-087_0113_20120327_054434_EX1202L2_MB.txt.mb162,12582912,swath,whole,12889503.0,200,skip_present,12889503,f1de2c5eacac4303e36969476b178382eae5895e845817662c072e93dfed0140,True
EX1202L2,EX1202L2_EX03192012_2012-087_0114_20120327_064919_EX1202L2_MB.txt.mb162,https://data.ngdc.noaa.gov/platforms/ocean/ships/okeanos_explorer/EX1202Leg2/multibeam/data/version2/MB/EX1202L2_EX03192012_2012-087_0114_20120327_064919_EX1202L2_MB.txt.mb162,5033165,swath,whole,5034513.0,200,skip_present,5034513,2c2ac16cf47c0ca8cff71af7270200658d734801e664e83aebf43f21f02c37fd,True
EX1202L2,EX1202L2_EX03192012_2012-087_0115_20120327_071427_EX1202L2_MB.txt.mb162,https://data.ngdc.noaa.gov/platforms/ocean/ships/okeanos_explorer/EX1202Leg2/multibeam/data/version2/MB/EX1202L2_EX03192012_2012-087_0115_20120327_071427_EX1202L2_MB.txt.mb162,16777216,swath,whole,16764627.0,200,skip_present,16764627,be811778500658408c53efd3fca62903b6deaac9234d662d85cb66d396f7a929,True
EX1202L2,EX1202L2_EX03192012_2012-087_0116_20120327_083853_EX1202L2_MB.txt.mb162,https://data.ngdc.noaa.gov/platforms/ocean/ships/okeanos_explorer/EX1202Leg2/multibeam/data/version2/MB/EX1202L2_EX03192012_2012-087_0116_20120327_083853_EX1202L2_MB.txt.mb162,923648,swath,whole,923472.0,200,skip_present,923472,0e741872c64acb4892be0f0cf187c884fd9b36bc45c0af19365140986b37ad09,True
EX1202L2,EX1202L2_EX03192012_2012-087_0117_20120327_084323_EX1202L2_MB.txt.mb162,https://data.ngdc.noaa.gov/platforms/ocean/ships/okeanos_explorer/EX1202Leg2/multibeam/data/version2/MB/EX1202L2_EX03192012_2012-087_0117_20120327_084323_EX1202L2_MB.txt.mb162,14680064,swath,whole,14905572.0,200,skip_present,14905572,7bf2c12fe657d468df20b069c249ba241892546c6fe152fd97223c5328d429b2,True
EX1202L2,EX1202L2_EX03192012_2012-087_0118_20120327_095922_EX1202L2_MB.txt.mb162,https://data.ngdc.noaa.gov/platforms/ocean/ships/okeanos_explorer/EX1202Leg2/multibeam/data/version2/MB/EX1202L2_EX03192012_2012-087_0118_20120327_095922_EX1202L2_MB.txt.mb162,1572864,swath,whole,1543179.0,200,skip_present,1543179,f6c19976ccd1d79eb0efa43b5d7394d55ecdaf8b9fa3070f4cefdea5d81ffdca,True
EX1202L2,EX1202L2_EX03192012_2012-087_0119_20120327_100708_EX1202L2_MB.txt.mb162,https://data.ngdc.noaa.gov/platforms/ocean/ships/okeanos_explorer/EX1202Leg2/multibeam/data/version2/MB/EX1202L2_EX03192012_2012-087_0119_20120327_100708_EX1202L2_MB.txt.mb162,6501171,swath,whole,6451401.0,200,skip_present,6451401,e7364b93c694259c976f57486da78a497addce1e19b95e8c6f092984d7f6ea86,True
EX1202L2,EX1202L2_EX03192012_2012-087_0120_20120327_104018_EX1202L2_MB.txt.mb162,https://data.ngdc.noaa.gov/platforms/ocean/ships/okeanos_explorer/EX1202Leg2/multibeam/data/version2/MB/EX1202L2_EX03192012_2012-087_0120_20120327_104018_EX1202L2_MB.txt.mb162,4404019,swath,whole,4405467.0,200,skip_present,4405467,8cab75124d32c1e1ec59d0042495bcf6cd095af895c2dfda048aa33c09440eee,True
EX1202L2,EX1202L2_EX03192012_2012-087_0121_20120327_212008_EX1202L2_MB.txt.mb162,https://data.ngdc.noaa.gov/platforms/ocean/ships/okeanos_explorer/EX1202Leg2/multibeam/data/version2/MB/EX1202L2_EX03192012_2012-087_0121_20120327_212008_EX1202L2_MB.txt.mb162,8808038,swath,whole,8814762.0,200,skip_present,8814762,69d141d62ba83544a0cbb0bbaac1d2d1ed82850ac08b85dba39cc6d3ff781a0d,True
EX1202L2,EX1202L2_EX03192012_2012-087_0122_20120327_220420_EX1202L2_MB.txt.mb162,https://data.ngdc.noaa.gov/platforms/ocean/ships/okeanos_explorer/EX1202Leg2/multibeam/data/version2/MB/EX1202L2_EX03192012_2012-087_0122_20120327_220420_EX1202L2_MB.txt.mb162,950272,swath,whole,950070.0,200,skip_present,950070,d27459166293434de85d9a5e9f25f1ca9d6aaa1ff4be7bf3981ea305983e7635,True
EX1202L2,EX1202L2_EX03192012_2012-087_0123_20120327_221321_EX1202L2_MB.txt.mb162,https://data.ngdc.noaa.gov/platforms/ocean/ships/okeanos_explorer/EX1202Leg2/multibeam/data/version2/MB/EX1202L2_EX03192012_2012-087_0123_20120327_221321_EX1202L2_MB.txt.mb162,20971520,swath,whole,20875800.0,200,skip_present,20875800,7ccd446fdd4fce526f5eabff995d7a670c462fdb34d0310b265d7b5f52217481,True
EX1202L2,EX1202L2_EX03192012_2012-088_0124_20120328_000003_EX1202L2_MB.txt.mb162,https://data.ngdc.noaa.gov/platforms/ocean/ships/okeanos_explorer/EX1202Leg2/multibeam/data/version2/MB/EX1202L2_EX03192012_2012-088_0124_20120328_000003_EX1202L2_MB.txt.mb162,32505856,swath,whole,32581725.0,200,skip_present,32581725,1db32ca8c1ab2c009a9c3914d486b5c93305f810cf611fbe6f453d2c5d0128f2,True
EX1202L2,EX1202L2_EX03192012_2012-088_0125_20120328_020005_EX1202L2_MB.txt.mb162,https://data.ngdc.noaa.gov/platforms/ocean/ships/okeanos_explorer/EX1202Leg2/multibeam/data/version2/MB/EX1202L2_EX03192012_2012-088_0125_20120328_020005_EX1202L2_MB.txt.mb162,28311552,swath,whole,28639446.0,200,skip_present,28639446,7f7ed543d57e313bc56f9b35a43f5de28501ba8eea0ec229d95aca4f291a5893,True
EX1202L2,EX1202L2_EX03192012_2012-088_0126_20120328_033445_EX1202L2_MB.txt.mb162,https://data.ngdc.noaa.gov/platforms/ocean/ships/okeanos_explorer/EX1202Leg2/multibeam/data/version2/MB/EX1202L2_EX03192012_2012-088_0126_20120328_033445_EX1202L2_MB.txt.mb162,5033165,swath,whole,5071351.0,200,skip_present,5071351,15ca7224ce28effd1a7d32f0ff77b10211050c48a48c3fc6e93f971a774e9f70,True
EX1202L2,EX1202L2_EX03192012_2012-088_0127_20120328_035456_EX1202L2_MB.txt.mb162,https://data.ngdc.noaa.gov/platforms/ocean/ships/okeanos_explorer/EX1202Leg2/multibeam/data/version2/MB/EX1202L2_EX03192012_2012-088_0127_20120328_035456_EX1202L2_MB.txt.mb162,20971520,swath,whole,20468879.0,200,skip_present,20468879,0cb2c9c71b60140b91f865f70c52b440777846471cb9697420ae413aa28799c6,True
EX1202L2,EX1202L2_EX03192012_2012-088_0128_20120328_050220_EX1202L2_MB.txt.mb162,https://data.ngdc.noaa.gov/platforms/ocean/ships/okeanos_explorer/EX1202Leg2/multibeam/data/version2/MB/EX1202L2_EX03192012_2012-088_0128_20120328_050220_EX1202L2_MB.txt.mb162,6710886,swath,whole,6703752.0,200,skip_present,6703752,1064f91eae60679d1b88cbabaff1cf9bd38969b30edc93688fd17caff0c1d05d,True
EX1202L2,EX1202L2_EX03192012_2012-088_0129_20120328_052528_EX1202L2_MB.txt.mb162,https://data.ngdc.noaa.gov/platforms/ocean/ships/okeanos_explorer/EX1202Leg2/multibeam/data/version2/MB/EX1202L2_EX03192012_2012-088_0129_20120328_052528_EX1202L2_MB.txt.mb162,14680064,swath,whole,14414400.0,200,skip_present,14414400,92369c695697115c8854f496d3c3934139e477420db1590b9a63cce8c82d1155,True
EX1202L2,EX1202L2_EX03192012_2012-088_0130_20120328_061356_EX1202L2_MB.txt.mb162,https://data.ngdc.noaa.gov/platforms/ocean/ships/okeanos_explorer/EX1202Leg2/multibeam/data/version2/MB/EX1202L2_EX03192012_2012-088_0130_20120328_061356_EX1202L2_MB.txt.mb162,12582912,swath,whole,12693327.0,200,skip_present,12693327,10606ca4653be6af015e3fe74011a826650182f7ac1f07a7edd8f06d61d187f4,True
EX1202L2,EX1202L2_EX03192012_2012-088_0131_20120328_065536_EX1202L2_MB.txt.mb162,https://data.ngdc.noaa.gov/platforms/ocean/ships/okeanos_explorer/EX1202Leg2/multibeam/data/version2/MB/EX1202L2_EX03192012_2012-088_0131_20120328_065536_EX1202L2_MB.txt.mb162,54525952,swath,whole,54530624.0,200,skip_present,54530624,f5651c3521fb3698631d1a2ccc56b5fd8dead8d1b63529145ece627fe9751363,True
EX1202L2,EX1202L2_EX03192012_2012-088_0132_20120328_085536_EX1202L2_MB.txt.mb162,https://data.ngdc.noaa.gov/platforms/ocean/ships/okeanos_explorer/EX1202Leg2/multibeam/data/version2/MB/EX1202L2_EX03192012_2012-088_0132_20120328_085536_EX1202L2_MB.txt.mb162,28311552,swath,whole,27855296.0,200,skip_present,27855296,4737d0ec43801ea48fa4b112b45e7a16ae4a65058955f7033a50137b3147c0f4,True
EX1202L2,EX1202L2_EX03192012_2012-088_0133_20120328_094114_EX1202L2_MB.txt.mb162,https://data.ngdc.noaa.gov/platforms/ocean/ships/okeanos_explorer/EX1202Leg2/multibeam/data/version2/MB/EX1202L2_EX03192012_2012-088_0133_20120328_094114_EX1202L2_MB.txt.mb162,1572864,swath,whole,1570944.0,200,skip_present,1570944,b6edafb5bf5e248800fb59569b707b787619c1e099fd3a840b38b6ff972cfd9c,True
EX1202L2,EX1202L2_EX03192012_2012-088_0134_20120328_094335_EX1202L2_MB.txt.mb162,https://data.ngdc.noaa.gov/platforms/ocean/ships/okeanos_explorer/EX1202Leg2/multibeam/data/version2/MB/EX1202L2_EX03192012_2012-088_0134_20120328_094335_EX1202L2_MB.txt.mb162,50331648,swath,whole,50072096.0,200,skip_present,50072096,ef47e7ecb6ba6eebe02f7361d4ac52755a61e5947b77cd613447a81cc65927f0,True
EX1202L2,EX1202L2_EX03192012_2012-088_0136_20120328_224936_EX1202L2_MB.txt.mb162,https://data.ngdc.noaa.gov/platforms/ocean/ships/okeanos_explorer/EX1202Leg2/multibeam/data/version2/MB/EX1202L2_EX03192012_2012-088_0136_20120328_224936_EX1202L2_MB.txt.mb162,59768832,swath,whole,59481792.0,200,skip_present,59481792,0b3a9e41877c909f4b759a795dec0ceb3a17dcb4aa81874489bd62e4f74b0d15,True
EX1202L2,EX1202L2_EX03192012_2012-089_0137_20120329_000257_EX1202L2_MB.txt.mb162,https://data.ngdc.noaa.gov/platforms/ocean/ships/okeanos_explorer/EX1202Leg2/multibeam/data/version2/MB/EX1202L2_EX03192012_2012-089_0137_20120329_000257_EX1202L2_MB.txt.mb162,98566144,swath,whole,98531488.0,200,skip_present,98531488,4b89182a8094ca6e0fbc3a45648885072c6a304e7ed43284b4806d7437acebce,True
EX1202L2,EX1202L2_EX03192012_2012-089_0138_20120329_020258_EX1202L2_MB.txt.mb162,https://data.ngdc.noaa.gov/platforms/ocean/ships/okeanos_explorer/EX1202Leg2/multibeam/data/version2/MB/EX1202L2_EX03192012_2012-089_0138_20120329_020258_EX1202L2_MB.txt.mb162,106954752,swath,whole,106593344.0,200,skip_present,106593344,47e86ec4bcdf4fc4276b8b2d0d7880abe6f26c899117ec5f8f98412c7ad4c135,True
EX1202L2,EX1202L2_EX03192012_2012-089_0139_20120329_040259_EX1202L2_MB.txt.mb162,https://data.ngdc.noaa.gov/platforms/ocean/ships/okeanos_explorer/EX1202Leg2/multibeam/data/version2/MB/EX1202L2_EX03192012_2012-089_0139_20120329_040259_EX1202L2_MB.txt.mb162,15728640,swath,whole,15474688.0,200,skip_present,15474688,cb8626a46fe5c97a79680bb42edbc6001248a570575b16c8065a52fa7fe2ea91,True
EX1202L2,EX1202L2_EX03192012_2012-089_0140_20120329_042432_EX1202L2_MB.txt.mb162,https://data.ngdc.noaa.gov/platforms/ocean/ships/okeanos_explorer/EX1202Leg2/multibeam/data/version2/MB/EX1202L2_EX03192012_2012-089_0140_20120329_042432_EX1202L2_MB.txt.mb162,39845888,swath,whole,39558859.0,200,skip_present,39558859,fe6abdf332d348efd4e39796a20f2bea50ed88dece99014cae818dbc7bfe3436,True
EX1202L2,EX1202L2_EX03192012_2012-089_0141_20120329_062434_EX1202L2_MB.txt.mb162,https://data.ngdc.noaa.gov/platforms/ocean/ships/okeanos_explorer/EX1202Leg2/multibeam/data/version2/MB/EX1202L2_EX03192012_2012-089_0141_20120329_062434_EX1202L2_MB.txt.mb162,19922944,swath,whole,20103072.0,200,skip_present,20103072,e73e2db5ce829cf55c26274bc66f28295e0b96336a6039f669b0a38837e49878,True
EX1202L2,EX1202L2_EX03192012_2012-089_0142_20120329_074105_EX1202L2_MB.txt.mb162,https://data.ngdc.noaa.gov/platforms/ocean/ships/okeanos_explorer/EX1202Leg2/multibeam/data/version2/MB/EX1202L2_EX03192012_2012-089_0142_20120329_074105_EX1202L2_MB.txt.mb162,12582912,swath,whole,12116379.0,200,skip_present,12116379,9741cba2075f00c615de1ec58d1b7d4eb9891f4af963ef599022cc491112e09c,True
EX1202L2,EX1202L2_EX03192012_2012-089_0143_20120329_082638_EX1202L2_MB.txt.mb162,https://data.ngdc.noaa.gov/platforms/ocean/ships/okeanos_explorer/EX1202Leg2/multibeam/data/version2/MB/EX1202L2_EX03192012_2012-089_0143_20120329_082638_EX1202L2_MB.txt.mb162,15728640,swath,whole,15346947.0,200,skip_present,15346947,398bd3e314cc60d33814443758bd419d72af507d278a462304e7b6a8dab06036,True
EX1202L2,EX1202L2_EX03192012_2012-089_0144_20120329_092050_EX1202L2_MB.txt.mb162,https://data.ngdc.noaa.gov/platforms/ocean/ships/okeanos_explorer/EX1202Leg2/multibeam/data/version2/MB/EX1202L2_EX03192012_2012-089_0144_20120329_092050_EX1202L2_MB.txt.mb162,19922944,swath,whole,19578775.0,200,skip_present,19578775,60b1dd5e38d46939901631897fb0be0054d2ab96fe033d30da7433de87358225,True
EX1202L2,EX1202L2_EX03192012_2012-089_0150_20120329_225040_EX1202L2_MB.txt.mb162,https://data.ngdc.noaa.gov/platforms/ocean/ships/okeanos_explorer/EX1202Leg2/multibeam/data/version2/MB/EX1202L2_EX03192012_2012-089_0150_20120329_225040_EX1202L2_MB.txt.mb162,2726298,swath,whole,2763648.0,200,skip_present,2763648,288a32effca4042b4044c68ab8d1797b18b14c3460cc1c2e7e45b24f01d92187,True
EX1202L2,EX1202L2_EX03192012_2012-089_0151_20120329_225805_EX1202L2_MB.txt.mb162,https://data.ngdc.noaa.gov/platforms/ocean/ships/okeanos_explorer/EX1202Leg2/multibeam/data/version2/MB/EX1202L2_EX03192012_2012-089_0151_20120329_225805_EX1202L2_MB.txt.mb162,677888,swath,whole,677955.0,200,skip_present,677955,07c644b460a18a48007245abdd9f5f5bfe20be4d068af574a4abbbeb11b0239b,True
EX1202L2,EX1202L2_EX03192012_2012-089_0152_20120329_225951_EX1202L2_MB.txt.mb162,https://data.ngdc.noaa.gov/platforms/ocean/ships/okeanos_explorer/EX1202Leg2/multibeam/data/version2/MB/EX1202L2_EX03192012_2012-089_0152_20120329_225951_EX1202L2_MB.txt.mb162,20971520,swath,whole,20750377.0,200,skip_present,20750377,f8e001d762b38bae550d8bbca1f85adf92b5873823dff79b757c4d2e59cc7939,True
EX1202L2,EX1202L2_EX03192012_2012-090_0153_20120330_000009_EX1202L2_MB.txt.mb162,https://data.ngdc.noaa.gov/platforms/ocean/ships/okeanos_explorer/EX1202Leg2/multibeam/data/version2/MB/EX1202L2_EX03192012_2012-090_0153_20120330_000009_EX1202L2_MB.txt.mb162,45088768,swath,whole,45516125.0,200,skip_present,45516125,3b33366f3545251a771be123f544db559be4e12b4629383d817bdb67d861d3df,True
EX1202L2,EX1202L2_EX03192012_2012-090_0154_20120330_020010_EX1202L2_MB.txt.mb162,https://data.ngdc.noaa.gov/platforms/ocean/ships/okeanos_explorer/EX1202Leg2/multibeam/data/version2/MB/EX1202L2_EX03192012_2012-090_0154_20120330_020010_EX1202L2_MB.txt.mb162,1153434,swath,whole,1154944.0,200,skip_present,1154944,b3354886bab003bb8b00be75d03c5b3ffdc7d060f7a0adaca84cc5376e408c9a,True
EX1202L2,EX1202L2_EX03192012_2012-090_0155_20120330_020316_EX1202L2_MB.txt.mb162,https://data.ngdc.noaa.gov/platforms/ocean/ships/okeanos_explorer/EX1202Leg2/multibeam/data/version2/MB/EX1202L2_EX03192012_2012-090_0155_20120330_020316_EX1202L2_MB.txt.mb162,954368,swath,whole,954721.0,200,skip_present,954721,19e0b909df92f506abc86fb5f4768f430a55cc1e7bdcfcf2e68277e24bafa754,True
EX1202L2,EX1202L2_EX03192012_2012-090_0156_20120330_020618_EX1202L2_MB.txt.mb162,https://data.ngdc.noaa.gov/platforms/ocean/ships/okeanos_explorer/EX1202Leg2/multibeam/data/version2/MB/EX1202L2_EX03192012_2012-090_0156_20120330_020618_EX1202L2_MB.txt.mb162,31457280,swath,whole,31973222.0,200,skip_present,31973222,3fd3b5d69c827c8fff2f14343b9d7b7e71aa5dd25c7d1d5269e9f57e458c8150,True
EX1202L2,EX1202L2_EX03192012_2012-090_0157_20120330_040615_EX1202L2_MB.txt.mb162,https://data.ngdc.noaa.gov/platforms/ocean/ships/okeanos_explorer/EX1202Leg2/multibeam/data/version2/MB/EX1202L2_EX03192012_2012-090_0157_20120330_040615_EX1202L2_MB.txt.mb162,23068672,swath,whole,23065647.0,200,skip_present,23065647,5984a9478daeedbe535ea8bcd3d5ca42b5c4f537b36cc9cb23c322df7d3ec4cf,True
EX1202L2,EX1202L2_EX03192012_2012-090_0158_20120330_054601_EX1202L2_MB.txt.mb162,https://data.ngdc.noaa.gov/platforms/ocean/ships/okeanos_explorer/EX1202Leg2/multibeam/data/version2/MB/EX1202L2_EX03192012_2012-090_0158_20120330_054601_EX1202L2_MB.txt.mb162,4508877,swath,whole,4533441.0,200,skip_present,4533441,af853596a7daef1cba40ca8b1f97c2f236f4ba379f7660c3be843aee2d38529b,True
EX1202L2,EX1202L2_EX03192012_2012-090_0159_20120330_060546_EX1202L2_MB.txt.mb162,https://data.ngdc.noaa.gov/platforms/ocean/ships/okeanos_explorer/EX1202Leg2/multibeam/data/version2/MB/EX1202L2_EX03192012_2012-090_0159_20120330_060546_EX1202L2_MB.txt.mb162,28311552,swath,whole,28177875.0,200,skip_present,28177875,e0b3fbc0ca0c10b6b7e4f8384954e651b59e5e108e2afa8ad3f0fd819e242795,True
EX1202L2,EX1202L2_EX03192012_2012-090_0160_20120330_080544_EX1202L2_MB.txt.mb162,https://data.ngdc.noaa.gov/platforms/ocean/ships/okeanos_explorer/EX1202Leg2/multibeam/data/version2/MB/EX1202L2_EX03192012_2012-090_0160_20120330_080544_EX1202L2_MB.txt.mb162,41943040,swath,whole,41636548.0,200,skip_present,41636548,901f2875d4a4fa45b8878b2611205b8d547f185f389bc944ae1f3f6a6f69e071,True
EX1202L2,EX1202L2_EX03192012_2012-090_0161_20120330_100541_EX1202L2_MB.txt.mb162,https://data.ngdc.noaa.gov/platforms/ocean/ships/okeanos_explorer/EX1202Leg2/multibeam/data/version2/MB/EX1202L2_EX03192012_2012-090_0161_20120330_100541_EX1202L2_MB.txt.mb162,16777216,swath,whole,17075104.0,200,skip_present,17075104,98dbaec11f29e10d243ff0620abebf920655fa7e921604eaed74fde1f9b7b353,True
EX1202L2,EX1202L2_EX03192012_2012-091_0168_20120330_224645_EX1202L2_MB.txt.mb162,https://data.ngdc.noaa.gov/platforms/ocean/ships/okeanos_explorer/EX1202Leg2/multibeam/data/version2/MB/EX1202L2_EX03192012_2012-091_0168_20120330_224645_EX1202L2_MB.txt.mb162,58720256,swath,whole,59020857.0,200,skip_present,59020857,43e7da85a792e48fbaf84cc005cdb46ce9ee760b0b497391b81dfac89f595c92,True
EX1202L2,EX1202L2_EX03192012_2012-091_0169_20120331_002103_EX1202L2_MB.txt.mb162,https://data.ngdc.noaa.gov/platforms/ocean/ships/okeanos_explorer/EX1202Leg2/multibeam/data/version2/MB/EX1202L2_EX03192012_2012-091_0169_20120331_002103_EX1202L2_MB.txt.mb162,30408704,swath,whole,30871151.0,200,skip_present,30871151,1092ea28bdf5ea4424137d9da7b848816fe8bf6c64e1b69bf39aa397cc501b1b,True
EX1202L2,EX1202L2_EX03192012_2012-091_0170_20120331_022105_EX1202L2_MB.txt.mb162,https://data.ngdc.noaa.gov/platforms/ocean/ships/okeanos_explorer/EX1202Leg2/multibeam/data/version2/MB/EX1202L2_EX03192012_2012-091_0170_20120331_022105_EX1202L2_MB.txt.mb162,11534336,swath,whole,11338635.0,200,skip_present,11338635,0d02e7b41085ad0b85ff6a0a392fe8b4bd30f6b9ec49d6f4e1ede66d0666066d,True
EX1202L2,EX1202L2_EX03192012_2012-091_0171_20120331_030823_EX1202L2_MB.txt.mb162,https://data.ngdc.noaa.gov/platforms/ocean/ships/okeanos_explorer/EX1202Leg2/multibeam/data/version2/MB/EX1202L2_EX03192012_2012-091_0171_20120331_030823_EX1202L2_MB.txt.mb162,382976,swath,whole,382602.0,200,skip_present,382602,2520f5e4e1eb4b76e7c54768ff9a7b219158b915ccbc4882651ba922310dd03c,True
EX1202L2,EX1202L2_EX03192012_2012-091_0172_20120331_030955_EX1202L2_MB.txt.mb162,https://data.ngdc.noaa.gov/platforms/ocean/ships/okeanos_explorer/EX1202Leg2/multibeam/data/version2/MB/EX1202L2_EX03192012_2012-091_0172_20120331_030955_EX1202L2_MB.txt.mb162,9542042,swath,whole,9544986.0,200,skip_present,9544986,420b656a3dedb1df66021def25257a08ec291523b9c2185334b7e786f4d903bb,True
EX1202L2,EX1202L2_EX03192012_2012-091_0173_20120331_035210_EX1202L2_MB.txt.mb162,https://data.ngdc.noaa.gov/platforms/ocean/ships/okeanos_explorer/EX1202Leg2/multibeam/data/version2/MB/EX1202L2_EX03192012_2012-091_0173_20120331_035210_EX1202L2_MB.txt.mb162,708608,swath,whole,708807.0,200,skip_present,708807,9d1dd131b3c6136ed02eb853033bc836dcbb4b447c78fca46ff7b80b6129bbc5,True
EX1202L2,EX1202L2_EX03192012_2012-091_0174_20120331_035516_EX1202L2_MB.txt.mb162,https://data.ngdc.noaa.gov/platforms/ocean/ships/okeanos_explorer/EX1202Leg2/multibeam/data/version2/MB/EX1202L2_EX03192012_2012-091_0174_20120331_035516_EX1202L2_MB.txt.mb162,3355443,swath,whole,3372105.0,200,skip_present,3372105,1bc03aa947905e985be8481b8e708be3df2f320c0eb57bbf833ca80b0d5354fd,True
EX1202L2,EX1202L2_EX03192012_2012-091_0175_20120331_041202_EX1202L2_MB.txt.mb162,https://data.ngdc.noaa.gov/platforms/ocean/ships/okeanos_explorer/EX1202Leg2/multibeam/data/version2/MB/EX1202L2_EX03192012_2012-091_0175_20120331_041202_EX1202L2_MB.txt.mb162,14680064,swath,whole,14189934.0,200,skip_present,14189934,1074ee534de6a798bccad2f5907cc438bdaecbf3f5175e11146bbf944e7a2cbe,True
EX1202L2,EX1202L2_EX03192012_2012-091_0176_20120331_051418_EX1202L2_MB.txt.mb162,https://data.ngdc.noaa.gov/platforms/ocean/ships/okeanos_explorer/EX1202Leg2/multibeam/data/version2/MB/EX1202L2_EX03192012_2012-091_0176_20120331_051418_EX1202L2_MB.txt.mb162,528384,swath,whole,528264.0,200,skip_present,528264,8a6398ecc65c2543c489792e015ee190b75e21cc44a4f55a588d24069017b08d,True
EX1202L2,EX1202L2_EX03192012_2012-091_0177_20120331_051630_EX1202L2_MB.txt.mb162,https://data.ngdc.noaa.gov/platforms/ocean/ships/okeanos_explorer/EX1202Leg2/multibeam/data/version2/MB/EX1202L2_EX03192012_2012-091_0177_20120331_051630_EX1202L2_MB.txt.mb162,30408704,swath,whole,29932617.0,200,skip_present,29932617,718f5ef34efcda2c0c0032bf0137a3d18f2b2ce3f1f206fb0fac64934a490fe3,True
EX1202L2,EX1202L2_EX03192012_2012-091_0178_20120331_071628_EX1202L2_MB.txt.mb162,https://data.ngdc.noaa.gov/platforms/ocean/ships/okeanos_explorer/EX1202Leg2/multibeam/data/version2/MB/EX1202L2_EX03192012_2012-091_0178_20120331_071628_EX1202L2_MB.txt.mb162,16777216,swath,whole,17241477.0,200,skip_present,17241477,c03b96529f729dde79f3270abd1a172bc8f29990c2cf7cad001b7973a96ecaf0,True
EX1202L2,EX1202L2_EX03192012_2012-091_0179_20120331_081830_EX1202L2_MB.txt.mb162,https://data.ngdc.noaa.gov/platforms/ocean/ships/okeanos_explorer/EX1202Leg2/multibeam/data/version2/MB/EX1202L2_EX03192012_2012-091_0179_20120331_081830_EX1202L2_MB.txt.mb162,1363149,swath,whole,1341912.0,200,skip_present,1341912,d8fd3f33a8216d9b658bfbc6f63a23602740babcd35c0a5d0cb855fe60b54060,True
EX1202L2,EX1202L2_EX03192012_2012-091_0180_20120331_082300_EX1202L2_MB.txt.mb162,https://data.ngdc.noaa.gov/platforms/ocean/ships/okeanos_explorer/EX1202Leg2/multibeam/data/version2/MB/EX1202L2_EX03192012_2012-091_0180_20120331_082300_EX1202L2_MB.txt.mb162,33554432,swath,whole,33088425.0,200,skip_present,33088425,e24ecb4817384047cc9fce15ccee5aca46c4fc60c8da64fe8b8c767503c2845a,True
EX1202L2,EX1202L2_EX03192012_2012-091_0181_20120331_101519_EX1202L2_MB.txt.mb162,https://data.ngdc.noaa.gov/platforms/ocean/ships/okeanos_explorer/EX1202Leg2/multibeam/data/version2/MB/EX1202L2_EX03192012_2012-091_0181_20120331_101519_EX1202L2_MB.txt.mb162,9437184,swath,whole,9394704.0,200,skip_present,9394704,011444223a8d18f167216974e55eda86147f3bc295ca8a2486f614b56918a8b6,True
EX1202L2,EX1202L2_EX03192012_2012-091_0182_20120331_224359_EX1202L2_MB.txt.mb162,https://data.ngdc.noaa.gov/platforms/ocean/ships/okeanos_explorer/EX1202Leg2/multibeam/data/version2/MB/EX1202L2_EX03192012_2012-091_0182_20120331_224359_EX1202L2_MB.txt.mb162,9961472,swath,whole,9990552.0,200,skip_present,9990552,711d314f0354d697cb87333e0c2251336e6ea7def6dc572d7474389518e419f5,True
EX1202L2,EX1202L2_EX03192012_2012-091_0183_20120331_232448_EX1202L2_MB.txt.mb162,https://data.ngdc.noaa.gov/platforms/ocean/ships/okeanos_explorer/EX1202Leg2/multibeam/data/version2/MB/EX1202L2_EX03192012_2012-091_0183_20120331_232448_EX1202L2_MB.txt.mb162,1468006,swath,whole,1416657.0,200,skip_present,1416657,cc5fa89d5f4eb5326883d6c41de31257e5a6f97ea1420fe49268068cd28eb94c,True
EX1202L2,EX1202L2_EX03192012_2012-091_0184_20120331_233106_EX1202L2_MB.txt.mb162,https://data.ngdc.noaa.gov/platforms/ocean/ships/okeanos_explorer/EX1202Leg2/multibeam/data/version2/MB/EX1202L2_EX03192012_2012-091_0184_20120331_233106_EX1202L2_MB.txt.mb162,12582912,swath,whole,12635040.0,200,skip_present,12635040,ff549e63bec45e7a60c4ef9874fa4a093ee19ca859a480b755987df0a33ad8d1,True
EX1202L2,EX1202L2_EX03192012_2012-092_0185_20120401_002018_EX1202L2_MB.txt.mb162,https://data.ngdc.noaa.gov/platforms/ocean/ships/okeanos_explorer/EX1202Leg2/multibeam/data/version2/MB/EX1202L2_EX03192012_2012-092_0185_20120401_002018_EX1202L2_MB.txt.mb162,1363149,swath,whole,1318515.0,200,skip_present,1318515,9c34ae5cc6f8f5db71f0a13e9c350d5f6120d4ffb4fe6947bde0945c40d28605,True
EX1202L2,EX1202L2_EX03192012_2012-092_0186_20120401_002526_EX1202L2_MB.txt.mb162,https://data.ngdc.noaa.gov/platforms/ocean/ships/okeanos_explorer/EX1202Leg2/multibeam/data/version2/MB/EX1202L2_EX03192012_2012-092_0186_20120401_002526_EX1202L2_MB.txt.mb162,23068672,swath,whole,23526789.0,200,skip_present,23526789,7a675f5f68d67a687a15f40b32dc1b562ba7dbfaac2f784bb4056424cd352cdf,True
EX1202L2,EX1202L2_EX03192012_2012-092_0187_20120401_014858_EX1202L2_MB.txt.mb162,https://data.ngdc.noaa.gov/platforms/ocean/ships/okeanos_explorer/EX1202Leg2/multibeam/data/version2/MB/EX1202L2_EX03192012_2012-092_0187_20120401_014858_EX1202L2_MB.txt.mb162,798720,swath,whole,799128.0,200,skip_present,799128,d22233c4405025eed42c1853b622922818918e17465432b79cfa3d162b4ba6b5,True
EX1202L2,EX1202L2_EX03192012_2012-092_0188_20120401_015202_EX1202L2_MB.txt.mb162,https://data.ngdc.noaa.gov/platforms/ocean/ships/okeanos_explorer/EX1202Leg2/multibeam/data/version2/MB/EX1202L2_EX03192012_2012-092_0188_20120401_015202_EX1202L2_MB.txt.mb162,31457280,swath,whole,31898790.0,200,skip_present,31898790,d3af44ad1cf0b06e539c6a8d9e673abfd4fd28f31c8d64c27d2b749ecac81cc6,True
EX1202L2,EX1202L2_EX03192012_2012-092_0189_20120401_035202_EX1202L2_MB.txt.mb162,https://data.ngdc.noaa.gov/platforms/ocean/ships/okeanos_explorer/EX1202Leg2/multibeam/data/version2/MB/EX1202L2_EX03192012_2012-092_0189_20120401_035202_EX1202L2_MB.txt.mb162,6710886,swath,whole,6744936.0,200,skip_present,6744936,c44cb61dbd549d0b385196dcfe5e41d1c19d5bc372830fc9ad814434b20751f8,True
EX1202L2,EX1202L2_EX03192012_2012-092_0190_20120401_042008_EX1202L2_MB.txt.mb162,https://data.ngdc.noaa.gov/platforms/ocean/ships/okeanos_explorer/EX1202Leg2/multibeam/data/version2/MB/EX1202L2_EX03192012_2012-092_0190_20120401_042008_EX1202L2_MB.txt.mb162,4089446,swath,whole,4141434.0,200,skip_present,4141434,53d22f6dcfcccdf50fe49150a97dbd7826849861aaf4ed25c5aadf06565f7346,True
EX1202L2,EX1202L2_EX03192012_2012-092_0191_20120401_043710_EX1202L2_MB.txt.mb162,https://data.ngdc.noaa.gov/platforms/ocean/ships/okeanos_explorer/EX1202Leg2/multibeam/data/version2/MB/EX1202L2_EX03192012_2012-092_0191_20120401_043710_EX1202L2_MB.txt.mb162,1468006,swath,whole,1494768.0,200,skip_present,1494768,89cdda138fa67b0b0542bb6949b9681336ff6f0d93efb33361bf3ece1e81cdc3,True
EX1202L2,EX1202L2_EX03192012_2012-092_0192_20120401_044316_EX1202L2_MB.txt.mb162,https://data.ngdc.noaa.gov/platforms/ocean/ships/okeanos_explorer/EX1202Leg2/multibeam/data/version2/MB/EX1202L2_EX03192012_2012-092_0192_20120401_044316_EX1202L2_MB.txt.mb162,31457280,swath,whole,31399698.0,200,skip_present,31399698,2b16105c65160c373f5f9422322b37dc5805eb93015b007e5341803e20b05c01,True
EX1202L2,EX1202L2_EX03192012_2012-092_0193_20120401_064317_EX1202L2_MB.txt.mb162,https://data.ngdc.noaa.gov/platforms/ocean/ships/okeanos_explorer/EX1202Leg2/multibeam/data/version2/MB/EX1202L2_EX03192012_2012-092_0193_20120401_064317_EX1202L2_MB.txt.mb162,4404019,swath,whole,4356990.0,200,skip_present,4356990,0cf880b480def496e6e831aec879b755d2a772429a4e5c27c332da7423e41d22,True
EX1202L2,EX1202L2_EX03192012_2012-092_0194_20120401_065835_EX1202L2_MB.txt.mb162,https://data.ngdc.noaa.gov/platforms/ocean/ships/okeanos_explorer/EX1202Leg2/multibeam/data/version2/MB/EX1202L2_EX03192012_2012-092_0194_20120401_065835_EX1202L2_MB.txt.mb162,2621440,swath,whole,2594755.0,200,skip_present,2594755,9bbfbff04d6d3a3d5b9f1be4c64d858ee3879e5c10c241f1885ff4aae44c06e7,True
EX1202L2,EX1202L2_EX03192012_2012-092_0195_20120401_070644_EX1202L2_MB.txt.mb162,https://data.ngdc.noaa.gov/platforms/ocean/ships/okeanos_explorer/EX1202Leg2/multibeam/data/version2/MB/EX1202L2_EX03192012_2012-092_0195_20120401_070644_EX1202L2_MB.txt.mb162,33554432,swath,whole,33166964.0,200,skip_present,33166964,bd7b28448dd53b50dfaec11806b5c1eef14605c3eb1406ace5b96f8493926368,True
EX1202L2,EX1202L2_EX03192012_2012-092_0196_20120401_090640_EX1202L2_MB.txt.mb162,https://data.ngdc.noaa.gov/platforms/ocean/ships/okeanos_explorer/EX1202Leg2/multibeam/data/version2/MB/EX1202L2_EX03192012_2012-092_0196_20120401_090640_EX1202L2_MB.txt.mb162,7130317,swath,whole,7105956.0,200,skip_present,7105956,52f9b99034e359452772305a747a27b02bb70ff79a48d06f458df1a384dce365,True
EX1202L2,EX1202L2_EX03192012_2012-092_0197_20120401_093528_EX1202L2_MB.txt.mb162,https://data.ngdc.noaa.gov/platforms/ocean/ships/okeanos_explorer/EX1202Leg2/multibeam/data/version2/MB/EX1202L2_EX03192012_2012-092_0197_20120401_093528_EX1202L2_MB.txt.mb162,735232,swath,whole,735174.0,200,skip_present,735174,056f6f78875bfbafc193d6d682d0ad65e46f6176672e37c6c046a537d5808f88,True
EX1202L2,EX1202L2_EX03192012_2012-092_0198_20120401_093817_EX1202L2_MB.txt.mb162,https://data.ngdc.noaa.gov/platforms/ocean/ships/okeanos_explorer/EX1202Leg2/multibeam/data/version2/MB/EX1202L2_EX03192012_2012-092_0198_20120401_093817_EX1202L2_MB.txt.mb162,1887437,swath,whole,1854864.0,200,skip_present,1854864,72b1ec2c5e5ccc35c4178e68910beefad9c0bfcc25e1b48d888f965652160f17,True
EX1202L2,EX1202L2_EX03192012_2012-092_0199_20120401_094542_EX1202L2_MB.txt.mb162,https://data.ngdc.noaa.gov/platforms/ocean/ships/okeanos_explorer/EX1202Leg2/multibeam/data/version2/MB/EX1202L2_EX03192012_2012-092_0199_20120401_094542_EX1202L2_MB.txt.mb162,968704,swath,whole,969177.0,200,skip_present,969177,39bbcdd5ee86a2c18a9b9da99c9ea6d9e860dc7b5fd7d12c5a3481da2874d1ee,True
EX1202L2,EX1202L2_EX03192012_2012-092_0200_20120401_094939_EX1202L2_MB.txt.mb162,https://data.ngdc.noaa.gov/platforms/ocean/ships/okeanos_explorer/EX1202Leg2/multibeam/data/version2/MB/EX1202L2_EX03192012_2012-092_0200_20120401_094939_EX1202L2_MB.txt.mb162,3460301,swath,whole,3500046.0,200,skip_present,3500046,92e63bed56059987c30b4e790f071f4c5de6fb7ff68dfbaa67cf7d62adbba59c,True
EX1202L2,EX1202L2_EX03192012_2012-092_0201_20120401_100346_EX1202L2_MB.txt.mb162,https://data.ngdc.noaa.gov/platforms/ocean/ships/okeanos_explorer/EX1202Leg2/multibeam/data/version2/MB/EX1202L2_EX03192012_2012-092_0201_20120401_100346_EX1202L2_MB.txt.mb162,1782579,swath,whole,1786422.0,200,skip_present,1786422,7186e76916dff1811b0fb13345a03e7b6b64fc4a11a3e88c2667ba0a1db012d1,True
EX1202L2,EX1202L2_EX03192012_2012-092_0202_20120401_101107_EX1202L2_MB.txt.mb162,https://data.ngdc.noaa.gov/platforms/ocean/ships/okeanos_explorer/EX1202Leg2/multibeam/data/version2/MB/EX1202L2_EX03192012_2012-092_0202_20120401_101107_EX1202L2_MB.txt.mb162,10485760,swath,whole,10884291.0,200,skip_present,10884291,4a61553259f84965165296cccc3b8707a0564fa6791c77abee083d0d82d85410,True
EX1202L2,EX1202L2_EX03192012_2012-092_0203_20120401_210803_EX1202L2_MB.txt.mb162,https://data.ngdc.noaa.gov/platforms/ocean/ships/okeanos_explorer/EX1202Leg2/multibeam/data/version2/MB/EX1202L2_EX03192012_2012-092_0203_20120401_210803_EX1202L2_MB.txt.mb162,4299162,swath,whole,4282179.0,200,skip_present,4282179,7315b6c2ea63432d4b368090f0a8c2852976d5c00fd2cbaa4d89a15a30a0ca77,True
EX1202L2,EX1202L2_EX03192012_2012-092_0204_20120401_212531_EX1202L2_MB.txt.mb162,https://data.ngdc.noaa.gov/platforms/ocean/ships/okeanos_explorer/EX1202Leg2/multibeam/data/version2/MB/EX1202L2_EX03192012_2012-092_0204_20120401_212531_EX1202L2_MB.txt.mb162,553984,swath,whole,553905.0,200,skip_present,553905,95a96c0320ddb6f815434938f517aaccecd58e9696c07cb8e973fcc116481f85,True
EX1202L2,EX1202L2_EX03192012_2012-092_0205_20120401_213226_EX1202L2_MB.txt.mb162,https://data.ngdc.noaa.gov/platforms/ocean/ships/okeanos_explorer/EX1202Leg2/multibeam/data/version2/MB/EX1202L2_EX03192012_2012-092_0205_20120401_213226_EX1202L2_MB.txt.mb162,3250586,swath,whole,3203244.0,200,skip_present,3203244,56b1e13b9dd34f40c0bc19bac8e3749e812c5565a567414f5d36eb9c6f154a12,True
EX1202L2,EX1202L2_EX03192012_2012-092_0206_20120401_214539_EX1202L2_MB.txt.mb162,https://data.ngdc.noaa.gov/platforms/ocean/ships/okeanos_explorer/EX1202Leg2/multibeam/data/version2/MB/EX1202L2_EX03192012_2012-092_0206_20120401_214539_EX1202L2_MB.txt.mb162,1677722,swath,whole,1653069.0,200,skip_present,1653069,64d4ac0563abea799f82f2cd29d55f7ca5505ce0ed3e0dbbddca28649f69b66e,True
EX1202L2,EX1202L2_EX03192012_2012-092_0207_20120401_215216_EX1202L2_MB.txt.mb162,https://data.ngdc.noaa.gov/platforms/ocean/ships/okeanos_explorer/EX1202Leg2/multibeam/data/version2/MB/EX1202L2_EX03192012_2012-092_0207_20120401_215216_EX1202L2_MB.txt.mb162,2306867,swath,whole,2319603.0,200,skip_present,2319603,8c6586fee05d786cac33161c7329e8b3a46feb1b7cf88f46573b4332aac6e37c,True
EX1202L2,EX1202L2_EX03192012_2012-092_0208_20120401_220130_EX1202L2_MB.txt.mb162,https://data.ngdc.noaa.gov/platforms/ocean/ships/okeanos_explorer/EX1202Leg2/multibeam/data/version2/MB/EX1202L2_EX03192012_2012-092_0208_20120401_220130_EX1202L2_MB.txt.mb162,1363149,swath,whole,1341714.0,200,skip_present,1341714,1d10473692ae399d49d05db65e88a4ea474a8c1327871e7cdbe1a5ba4a0ae82c,True
EX1202L2,EX1202L2_EX03192012_2012-092_0209_20120401_220643_EX1202L2_MB.txt.mb162,https://data.ngdc.noaa.gov/platforms/ocean/ships/okeanos_explorer/EX1202Leg2/multibeam/data/version2/MB/EX1202L2_EX03192012_2012-092_0209_20120401_220643_EX1202L2_MB.txt.mb162,3145728,swath,whole,3150939.0,200,skip_present,3150939,2db7dd64fb8b8ca2e2150cf76c9f16c861505e877088c28c4e760561ed6a32d1,True
EX1202L2,EX1202L2_EX03192012_2012-092_0210_20120401_221907_EX1202L2_MB.txt.mb162,https://data.ngdc.noaa.gov/platforms/ocean/ships/okeanos_explorer/EX1202Leg2/multibeam/data/version2/MB/EX1202L2_EX03192012_2012-092_0210_20120401_221907_EX1202L2_MB.txt.mb162,1258291,swath,whole,1247301.0,200,skip_present,1247301,6f8b98a032f8dc3e84ab0cdb348d2a628091655f6bfa5203beb325cf9b60e42d,True
EX1202L2,EX1202L2_EX03192012_2012-092_0211_20120401_222409_EX1202L2_MB.txt.mb162,https://data.ngdc.noaa.gov/platforms/ocean/ships/okeanos_explorer/EX1202Leg2/multibeam/data/version2/MB/EX1202L2_EX03192012_2012-092_0211_20120401_222409_EX1202L2_MB.txt.mb162,3040870,swath,whole,3008709.0,200,skip_present,3008709,54cad02bd27512f23a724559abe82218b9b63a18564ea1c4f885b190f7f6a2c1,True
EX1202L2,EX1202L2_EX03192012_2012-092_0212_20120401_223612_EX1202L2_MB.txt.mb162,https://data.ngdc.noaa.gov/platforms/ocean/ships/okeanos_explorer/EX1202Leg2/multibeam/data/version2/MB/EX1202L2_EX03192012_2012-092_0212_20120401_223612_EX1202L2_MB.txt.mb162,2202010,swath,whole,2243274.0,200,skip_present,2243274,331ec7648e919f6e9878df7ba0e51f74fb851fae9413a85bbb567c48e8492a31,True
EX1202L2,EX1202L2_EX03192012_2012-092_0213_20120401_224514_EX1202L2_MB.txt.mb162,https://data.ngdc.noaa.gov/platforms/ocean/ships/okeanos_explorer/EX1202Leg2/multibeam/data/version2/MB/EX1202L2_EX03192012_2012-092_0213_20120401_224514_EX1202L2_MB.txt.mb162,2936013,swath,whole,2888127.0,200,skip_present,2888127,fcd430abe4510329fb568403b7d1ddd09699833e2f81aa2cd71d1d402df5aa0d,True
EX1202L2,EX1202L2_EX03192012_2012-092_0214_20120401_225714_EX1202L2_MB.txt.mb162,https://data.ngdc.noaa.gov/platforms/ocean/ships/okeanos_explorer/EX1202Leg2/multibeam/data/version2/MB/EX1202L2_EX03192012_2012-092_0214_20120401_225714_EX1202L2_MB.txt.mb162,1258291,swath,whole,1296537.0,200,skip_present,1296537,25b011b355e45c6de40f61f30b91353763f641e49093b9fa63c12a508220f8f8,True
EX1202L2,EX1202L2_EX03192012_2012-092_0215_20120401_230221_EX1202L2_MB.txt.mb162,https://data.ngdc.noaa.gov/platforms/ocean/ships/okeanos_explorer/EX1202Leg2/multibeam/data/version2/MB/EX1202L2_EX03192012_2012-092_0215_20120401_230221_EX1202L2_MB.txt.mb162,2411725,swath,whole,2451966.0,200,skip_present,2451966,c32a220151e87c72af7835736394ee1d95a0cd8b921852b4452a48cb082330cb,True
EX1202L2,EX1202L2_EX03192012_2012-092_0216_20120401_231159_EX1202L2_MB.txt.mb162,https://data.ngdc.noaa.gov/platforms/ocean/ships/okeanos_explorer/EX1202Leg2/multibeam/data/version2/MB/EX1202L2_EX03192012_2012-092_0216_20120401_231159_EX1202L2_MB.txt.mb162,1782579,swath,whole,1816782.0,200,skip_present,1816782,a02da9bd7e60a99d0830d2f735daa7360ecc3ed1c2cee6c7d7b9ee9ace2f603e,True
EX1202L2,EX1202L2_EX03192012_2012-092_0217_20120401_231903_EX1202L2_MB.txt.mb162,https://data.ngdc.noaa.gov/platforms/ocean/ships/okeanos_explorer/EX1202Leg2/multibeam/data/version2/MB/EX1202L2_EX03192012_2012-092_0217_20120401_231903_EX1202L2_MB.txt.mb162,2831155,swath,whole,2802294.0,200,skip_present,2802294,d2dd38245afd6a0f3c88bbd6784e9b6b53643f8c4623f506793d7e4b527441da,True
EX1202L2,EX1202L2_EX03192012_2012-092_0218_20120401_233007_EX1202L2_MB.txt.mb162,https://data.ngdc.noaa.gov/platforms/ocean/ships/okeanos_explorer/EX1202Leg2/multibeam/data/version2/MB/EX1202L2_EX03192012_2012-092_0218_20120401_233007_EX1202L2_MB.txt.mb162,1468006,swath,whole,1471635.0,200,skip_present,1471635,d88be2c639116605a9d6447a85ead997b9d46f61cf50f0675bb705c7e439dd27,True
EX1202L2,EX1202L2_EX03192012_2012-092_0219_20120401_233558_EX1202L2_MB.txt.mb162,https://data.ngdc.noaa.gov/platforms/ocean/ships/okeanos_explorer/EX1202Leg2/multibeam/data/version2/MB/EX1202L2_EX03192012_2012-092_0219_20120401_233558_EX1202L2_MB.txt.mb162,2936013,swath,whole,2951487.0,200,skip_present,2951487,9ed65ccb4b27d401b94e483772818d9dc994d9d9688ddc2b3dec88e82267bf06,True
EX1202L2,EX1202L2_EX03192012_2012-092_0220_20120401_234746_EX1202L2_MB.txt.mb162,https://data.ngdc.noaa.gov/platforms/ocean/ships/okeanos_explorer/EX1202Leg2/multibeam/data/version2/MB/EX1202L2_EX03192012_2012-092_0220_20120401_234746_EX1202L2_MB.txt.mb162,598016,swath,whole,598191.0,200,skip_present,598191,b1ca4198091d35e4c3fccd9e010766e488e9e52bdef7f064113c2af768cf149a,True
EX1202L2,EX1202L2_EX03192012_2012-092_0221_20120401_235006_EX1202L2_MB.txt.mb162,https://data.ngdc.noaa.gov/platforms/ocean/ships/okeanos_explorer/EX1202Leg2/multibeam/data/version2/MB/EX1202L2_EX03192012_2012-092_0221_20120401_235006_EX1202L2_MB.txt.mb162,3145728,swath,whole,3160410.0,200,skip_present,3160410,6e1dc8d103819930f51a812bc27995a12ad6d07dd5e7fc359d045d81acf8c73b,True
EX1202L2,EX1202L2_EX03192012_2012-093_0222_20120402_000228_EX1202L2_MB.txt.mb162,https://data.ngdc.noaa.gov/platforms/ocean/ships/okeanos_explorer/EX1202Leg2/multibeam/data/version2/MB/EX1202L2_EX03192012_2012-093_0222_20120402_000228_EX1202L2_MB.txt.mb162,6606029,swath,whole,6587460.0,200,skip_present,6587460,5b160cd32b77d4f1fbfc01aee4e8598a4b70810a03f6c9a66f4af2853d5104dd,True
EX1202L2,EX1202L2_EX03192012_2012-093_0223_20120402_002736_EX1202L2_MB.txt.mb162,https://data.ngdc.noaa.gov/platforms/ocean/ships/okeanos_explorer/EX1202Leg2/multibeam/data/version2/MB/EX1202L2_EX03192012_2012-093_0223_20120402_002736_EX1202L2_MB.txt.mb162,1782579,swath,whole,1739826.0,200,skip_present,1739826,4aa8f1fcc1f5a29b46ec447b88f103ae506d9b68b70eeddd4a75e43e79f45d00,True
EX1202L2,EX1202L2_EX03192012_2012-093_0224_20120402_003346_EX1202L2_MB.txt.mb162,https://data.ngdc.noaa.gov/platforms/ocean/ships/okeanos_explorer/EX1202Leg2/multibeam/data/version2/MB/EX1202L2_EX03192012_2012-093_0224_20120402_003346_EX1202L2_MB.txt.mb162,14680064,swath,whole,14761329.0,200,skip_present,14761329,dc5060bc8f166155dc0944547748766231852dce1017a1d7c25ec5b4107c15cf,True
EX1202L2,EX1202L2_EX03192012_2012-093_0225_20120402_013215_EX1202L2_MB.txt.mb162,https://data.ngdc.noaa.gov/platforms/ocean/ships/okeanos_explorer/EX1202Leg2/multibeam/data/version2/MB/EX1202L2_EX03192012_2012-093_0225_20120402_013215_EX1202L2_MB.txt.mb162,0,swath,whole,,200,empty_file,0,,
EX1202L2,EX1202L2_EX03192012_2012-093_0226_20120402_013325_EX1202L2_MB.txt.mb162,https://data.ngdc.noaa.gov/platforms/ocean/ships/okeanos_explorer/EX1202Leg2/multibeam/data/version2/MB/EX1202L2_EX03192012_2012-093_0226_20120402_013325_EX1202L2_MB.txt.mb162,26214400,swath,whole,26238927.0,200,skip_present,26238927,e643cd3d1858d670edf3c1f9da5593ee7da919c679c316aa37de8e1a58442fe4,True
EX1202L2,EX1202L2_EX03192012_2012-093_0227_20120402_033324_EX1202L2_MB.txt.mb162,https://data.ngdc.noaa.gov/platforms/ocean/ships/okeanos_explorer/EX1202Leg2/multibeam/data/version2/MB/EX1202L2_EX03192012_2012-093_0227_20120402_033324_EX1202L2_MB.txt.mb162,24117248,swath,whole,24505206.0,200,skip_present,24505206,ec280648b3fbd56dd7ecf8d143a55316c43c2f63920331b694c861f3d36d7676,True
EX1202L2,EX1202L2_EX03192012_2012-093_0228_20120402_053325_EX1202L2_MB.txt.mb162,https://data.ngdc.noaa.gov/platforms/ocean/ships/okeanos_explorer/EX1202Leg2/multibeam/data/version2/MB/EX1202L2_EX03192012_2012-093_0228_20120402_053325_EX1202L2_MB.txt.mb162,4613734,swath,whole,4635444.0,200,skip_present,4635444,46b6d702e87a15b14aec268c9894b2c9db94423ef042c3deeaee9a1505b4dfdd,True
EX1202L2,EX1202L2_EX03192012_2012-093_0229_20120402_060318_EX1202L2_MB.txt.mb162,https://data.ngdc.noaa.gov/platforms/ocean/ships/okeanos_explorer/EX1202Leg2/multibeam/data/version2/MB/EX1202L2_EX03192012_2012-093_0229_20120402_060318_EX1202L2_MB.txt.mb162,14680064,swath,whole,15035130.0,200,skip_present,15035130,fd603091085dcc7fb5255d3a87a4277a8b04344d7ebccdfa6a2d02b978575e4b,True
EX1202L2,EX1202L2_EX03192012_2012-093_0230_20120402_072034_EX1202L2_MB.txt.mb162,https://data.ngdc.noaa.gov/platforms/ocean/ships/okeanos_explorer/EX1202Leg2/multibeam/data/version2/MB/EX1202L2_EX03192012_2012-093_0230_20120402_072034_EX1202L2_MB.txt.mb162,2202010,swath,whole,2168727.0,200,skip_present,2168727,eda97ad54a99acbd234dbbb92aafaa89490cb60f1b4b75de48ab18d9d6be51a1,True
EX1202L2,EX1202L2_EX03192012_2012-093_0231_20120402_073128_EX1202L2_MB.txt.mb162,https://data.ngdc.noaa.gov/platforms/ocean/ships/okeanos_explorer/EX1202Leg2/multibeam/data/version2/MB/EX1202L2_EX03192012_2012-093_0231_20120402_073128_EX1202L2_MB.txt.mb162,24117248,swath,whole,23933778.0,200,skip_present,23933778,8404908942dee53877881a30c3f66a91cdd36789b59478b9e1c34200c51c6c4f,True
EX1202L2,EX1202L2_EX03192012_2012-093_0232_20120402_093123_EX1202L2_MB.txt.mb162,https://data.ngdc.noaa.gov/platforms/ocean/ships/okeanos_explorer/EX1202Leg2/multibeam/data/version2/MB/EX1202L2_EX03192012_2012-093_0232_20120402_093123_EX1202L2_MB.txt.mb162,20971520,swath,whole,21436404.0,200,skip_present,21436404,e6eaacfbcd33c5ab9f1e09757302ab5fa3616cf584d343ee63c68d7c7ef32ee0,True
EX1202L2,EX1202L2_EX03192012_2012-093_0233_20120402_210147_EX1202L2_MB.txt.mb162,https://data.ngdc.noaa.gov/platforms/ocean/ships/okeanos_explorer/EX1202Leg2/multibeam/data/version2/MB/EX1202L2_EX03192012_2012-093_0233_20120402_210147_EX1202L2_MB.txt.mb162,25165824,swath,whole,25467849.0,200,skip_present,25467849,10188f53c27616da120b178d89610b2dd0449d922ca22fd8fbf87e60d8f7087c,True
EX1202L2,EX1202L2_EX03192012_2012-093_0234_20120402_230144_EX1202L2_MB.txt.mb162,https://data.ngdc.noaa.gov/platforms/ocean/ships/okeanos_explorer/EX1202Leg2/multibeam/data/version2/MB/EX1202L2_EX03192012_2012-093_0234_20120402_230144_EX1202L2_MB.txt.mb162,11534336,swath,whole,11480469.0,200,skip_present,11480469,6fcf2a1b6344e4a038cc6cc1e9e473e93243fc82a1950f5c36945b16acbb06b6,True
EX1202L2,EX1202L2_EX03192012_2012-094_0235_20120403_000003_EX1202L2_MB.txt.mb162,https://data.ngdc.noaa.gov/platforms/ocean/ships/okeanos_explorer/EX1202Leg2/multibeam/data/version2/MB/EX1202L2_EX03192012_2012-094_0235_20120403_000003_EX1202L2_MB.txt.mb162,7654605,swath,whole,7628115.0,200,skip_present,7628115,0b3ea61d1f61af64cb760fe6002762326dc95a96ad6671c8627a0b7f47f7051d,True
EX1202L2,EX1202L2_EX03192012_2012-094_0236_20120403_003935_EX1202L2_MB.txt.mb162,https://data.ngdc.noaa.gov/platforms/ocean/ships/okeanos_explorer/EX1202Leg2/multibeam/data/version2/MB/EX1202L2_EX03192012_2012-094_0236_20120403_003935_EX1202L2_MB.txt.mb162,338944,swath,whole,339273.0,200,skip_present,339273,d6b6cc86c2d68a4f977df1dd13183209a37597d4249239a30398bfd71dc1cda7,True
EX1202L2,EX1202L2_EX03192012_2012-094_0237_20120403_004123_EX1202L2_MB.txt.mb162,https://data.ngdc.noaa.gov/platforms/ocean/ships/okeanos_explorer/EX1202Leg2/multibeam/data/version2/MB/EX1202L2_EX03192012_2012-094_0237_20120403_004123_EX1202L2_MB.txt.mb162,2726298,swath,whole,2728110.0,200,skip_present,2728110,6da9e3ed1e40cbd6fb0e3cdc5ec88120da19908e56b8b73dfe8da46ed6021614,True
EX1202L2,EX1202L2_EX03192012_2012-094_0238_20120403_005517_EX1202L2_MB.txt.mb162,https://data.ngdc.noaa.gov/platforms/ocean/ships/okeanos_explorer/EX1202Leg2/multibeam/data/version2/MB/EX1202L2_EX03192012_2012-094_0238_20120403_005517_EX1202L2_MB.txt.mb162,194560,swath,whole,194601.0,200,skip_present,194601,6db25a70a552cabc9bb66e101d1ad01305872923c595eef539a8043c6b261621,True
EX1202L2,EX1202L2_EX03192012_2012-094_0239_20120403_005616_EX1202L2_MB.txt.mb162,https://data.ngdc.noaa.gov/platforms/ocean/ships/okeanos_explorer/EX1202Leg2/multibeam/data/version2/MB/EX1202L2_EX03192012_2012-094_0239_20120403_005616_EX1202L2_MB.txt.mb162,11534336,swath,whole,11755788.0,200,skip_present,11755788,90418107e1709085ce175d9caf79945f05256b9b23765691d9741d0b04023ce2,True
EX1202L2,EX1202L2_EX03192012_2012-094_0240_20120403_020506_EX1202L2_MB.txt.mb162,https://data.ngdc.noaa.gov/platforms/ocean/ships/okeanos_explorer/EX1202Leg2/multibeam/data/version2/MB/EX1202L2_EX03192012_2012-094_0240_20120403_020506_EX1202L2_MB.txt.mb162,3250586,swath,whole,3233670.0,200,skip_present,3233670,e0f9d96edc0f886c561686a529bfed9b4a3e96f15db228dddfc19cf87175be6c,True
EX1202L2,EX1202L2_EX03192012_2012-094_0241_20120403_022248_EX1202L2_MB.txt.mb162,https://data.ngdc.noaa.gov/platforms/ocean/ships/okeanos_explorer/EX1202Leg2/multibeam/data/version2/MB/EX1202L2_EX03192012_2012-094_0241_20120403_022248_EX1202L2_MB.txt.mb162,15728640,swath,whole,15398328.0,200,skip_present,15398328,bbe68349c49c62b086ac60a71e749d35139317164ba5659c076564133be4ee73,True
EX1202L2,EX1202L2_EX03192012_2012-094_0242_20120403_035145_EX1202L2_MB.txt.mb162,https://data.ngdc.noaa.gov/platforms/ocean/ships/okeanos_explorer/EX1202Leg2/multibeam/data/version2/MB/EX1202L2_EX03192012_2012-094_0242_20120403_035145_EX1202L2_MB.txt.mb162,606208,swath,whole,606540.0,200,skip_present,606540,34e8c7d53275a898ae4edfa189e4111a37dc5858fc3361dfc4f6f22d2d0dac52,True
EX1202L2,EX1202L2_EX03192012_2012-094_0243_20120403_035445_EX1202L2_MB.txt.mb162,https://data.ngdc.noaa.gov/platforms/ocean/ships/okeanos_explorer/EX1202Leg2/multibeam/data/version2/MB/EX1202L2_EX03192012_2012-094_0243_20120403_035445_EX1202L2_MB.txt.mb162,4299162,swath,whole,4293498.0,200,skip_present,4293498,967b0822852db7e346668b63993ac6407f07db1b1ea63924f8cf6f99e7b7e519,True
EX1202L2,EX1202L2_EX03192012_2012-094_0244_20120403_041647_EX1202L2_MB.txt.mb162,https://data.ngdc.noaa.gov/platforms/ocean/ships/okeanos_explorer/EX1202Leg2/multibeam/data/version2/MB/EX1202L2_EX03192012_2012-094_0244_20120403_041647_EX1202L2_MB.txt.mb162,11534336,swath,whole,11269830.0,200,skip_present,11269830,c7fc9d53a12464b855ce9ec0f9ab12d6805acf9a5537915e4969a297d8ba284d,True
EX1202L2,EX1202L2_EX03192012_2012-094_0245_20120403_052021_EX1202L2_MB.txt.mb162,https://data.ngdc.noaa.gov/platforms/ocean/ships/okeanos_explorer/EX1202Leg2/multibeam/data/version2/MB/EX1202L2_EX03192012_2012-094_0245_20120403_052021_EX1202L2_MB.txt.mb162,3250586,swath,whole,3261951.0,200,skip_present,3261951,8e69cffb1ffd045517c07ce57e13757f03ee8aec4a7f2f82bba131caa1b97648,True
EX1202L2,EX1202L2_EX03192012_2012-094_0246_20120403_053728_EX1202L2_MB.txt.mb162,https://data.ngdc.noaa.gov/platforms/ocean/ships/okeanos_explorer/EX1202Leg2/multibeam/data/version2/MB/EX1202L2_EX03192012_2012-094_0246_20120403_053728_EX1202L2_MB.txt.mb162,9542042,swath,whole,9534129.0,200,skip_present,9534129,41792c5528f6765e2b4cac6141f29f790fe626a04683e4074ee967810e0a56b6,True
EX1202L2,EX1202L2_EX03192012_2012-094_0247_20120403_063117_EX1202L2_MB.txt.mb162,https://data.ngdc.noaa.gov/platforms/ocean/ships/okeanos_explorer/EX1202Leg2/multibeam/data/version2/MB/EX1202L2_EX03192012_2012-094_0247_20120403_063117_EX1202L2_MB.txt.mb162,250880,swath,whole,250767.0,200,skip_present,250767,8cf302ea2c810c23db945cc7110e70505bea9322bea3219d8a36fc20c938722d,True
EX1202L2,EX1202L2_EX03192012_2012-094_0248_20120403_063229_EX1202L2_MB.txt.mb162,https://data.ngdc.noaa.gov/platforms/ocean/ships/okeanos_explorer/EX1202Leg2/multibeam/data/version2/MB/EX1202L2_EX03192012_2012-094_0248_20120403_063229_EX1202L2_MB.txt.mb162,2306867,swath,whole,2320065.0,200,skip_present,2320065,dc4749fe5e52d65084688ed0a0e8374fbfe56dd1ce0ba55def248bcfb80396fb,True
EX1202L2,EX1202L2_EX03192012_2012-094_0249_20120403_064411_EX1202L2_MB.txt.mb162,https://data.ngdc.noaa.gov/platforms/ocean/ships/okeanos_explorer/EX1202Leg2/multibeam/data/version2/MB/EX1202L2_EX03192012_2012-094_0249_20120403_064411_EX1202L2_MB.txt.mb162,654336,swath,whole,654357.0,200,skip_present,654357,0d301bebea1efe667f52c1b0d463d00c2f238eaa9bfc55ed18e7a1bbd6f0e1c1,True
EX1202L2,EX1202L2_EX03192012_2012-094_0250_20120403_064741_EX1202L2_MB.txt.mb162,https://data.ngdc.noaa.gov/platforms/ocean/ships/okeanos_explorer/EX1202Leg2/multibeam/data/version2/MB/EX1202L2_EX03192012_2012-094_0250_20120403_064741_EX1202L2_MB.txt.mb162,0,swath,whole,,200,empty_file,0,,
EX1202L2,EX1202L2_EX03192012_2012-094_0251_20120403_083537_EX1202L2_MB.txt.mb162,https://data.ngdc.noaa.gov/platforms/ocean/ships/okeanos_explorer/EX1202Leg2/multibeam/data/version2/MB/EX1202L2_EX03192012_2012-094_0251_20120403_083537_EX1202L2_MB.txt.mb162,315392,swath,whole,315513.0,200,skip_present,315513,f1eda8df34793b3f6b875ed668b29e47f16a53db1e46d4cb49d4ab5575ff7f9a,True
EX1202L2,EX1202L2_EX03192012_2012-094_0252_20120403_083713_EX1202L2_MB.txt.mb162,https://data.ngdc.noaa.gov/platforms/ocean/ships/okeanos_explorer/EX1202Leg2/multibeam/data/version2/MB/EX1202L2_EX03192012_2012-094_0252_20120403_083713_EX1202L2_MB.txt.mb162,25165824,swath,whole,25445046.0,200,skip_present,25445046,1d463d8d95b9e7e6bd54f59f362d6e88849e225e978480780784e1f170aa3d36,True
EX1202L2,EX1202L2_EX03192012_2012-094_0253_20120403_103707_EX1202L2_MB.txt.mb162,https://data.ngdc.noaa.gov/platforms/ocean/ships/okeanos_explorer/EX1202Leg2/multibeam/data/version2/MB/EX1202L2_EX03192012_2012-094_0253_20120403_103707_EX1202L2_MB.txt.mb162,486400,swath,whole,486090.0,200,skip_present,486090,82522d293b30153df854acfebb79ba2daf6dac92a02c2946aff948fbe52eb3e7,True
EX1202L2,EX1202L2_EX03192012_2012-094_0254_20120403_210432_EX1202L2_MB.txt.mb162,https://data.ngdc.noaa.gov/platforms/ocean/ships/okeanos_explorer/EX1202Leg2/multibeam/data/version2/MB/EX1202L2_EX03192012_2012-094_0254_20120403_210432_EX1202L2_MB.txt.mb162,30408704,swath,whole,30357921.0,200,skip_present,30357921,32408a063423a8473ccec58f1ccf73897ff815dfd489c020562bb85b99251c7a,True
EX1202L2,EX1202L2_EX03192012_2012-094_0255_20120403_230428_EX1202L2_MB.txt.mb162,https://data.ngdc.noaa.gov/platforms/ocean/ships/okeanos_explorer/EX1202Leg2/multibeam/data/version2/MB/EX1202L2_EX03192012_2012-094_0255_20120403_230428_EX1202L2_MB.txt.mb162,15728640,swath,whole,16002030.0,200,skip_present,16002030,cba2ebacaa00da0009647f8b0d79e5d566d6b79ed3c7438648f813b260177d2c,True
EX1202L2,EX1202L2_EX03192012_2012-095_0256_20120404_000149_EX1202L2_MB.txt.mb162,https://data.ngdc.noaa.gov/platforms/ocean/ships/okeanos_explorer/EX1202Leg2/multibeam/data/version2/MB/EX1202L2_EX03192012_2012-095_0256_20120404_000149_EX1202L2_MB.txt.mb162,16777216,swath,whole,17131912.0,200,skip_present,17131912,ead3ab984bec76891f8c3237f658be3980c542ebe4e83f4b9b64fc34767788cd,True
EX1202L2,EX1202L2_EX03192012_2012-095_0257_20120404_005713_EX1202L2_MB.txt.mb162,https://data.ngdc.noaa.gov/platforms/ocean/ships/okeanos_explorer/EX1202Leg2/multibeam/data/version2/MB/EX1202L2_EX03192012_2012-095_0257_20120404_005713_EX1202L2_MB.txt.mb162,711680,swath,whole,711264.0,200,skip_present,711264,cdaee7c5c9210a9d868d0ea673c729fd793e24c7e077d5c691ebde82f7528943,True
EX1202L2,EX1202L2_EX03192012_2012-095_0258_20120404_005913_EX1202L2_MB.txt.mb162,https://data.ngdc.noaa.gov/platforms/ocean/ships/okeanos_explorer/EX1202Leg2/multibeam/data/version2/MB/EX1202L2_EX03192012_2012-095_0258_20120404_005913_EX1202L2_MB.txt.mb162,7130317,swath,whole,7127104.0,200,skip_present,7127104,25f0ae59da32f6a88130ea79570256aa183b921e3d8250a50cb8d7cd2d9bd3ed,True
EX1202L2,EX1202L2_EX03192012_2012-095_0259_20120404_011733_EX1202L2_MB.txt.mb162,https://data.ngdc.noaa.gov/platforms/ocean/ships/okeanos_explorer/EX1202Leg2/multibeam/data/version2/MB/EX1202L2_EX03192012_2012-095_0259_20120404_011733_EX1202L2_MB.txt.mb162,39845888,swath,whole,40220583.0,200,skip_present,40220583,3c7150166e05b5bc2833b5a62cbc6d6f2bb4bb08727b42df86a60e20d0705cb2,True
EX1202L2,EX1202L2_EX03192012_2012-095_0260_20120404_031734_EX1202L2_MB.txt.mb162,https://data.ngdc.noaa.gov/platforms/ocean/ships/okeanos_explorer/EX1202Leg2/multibeam/data/version2/MB/EX1202L2_EX03192012_2012-095_0260_20120404_031734_EX1202L2_MB.txt.mb162,6396314,swath,whole,6443646.0,200,skip_present,6443646,e61b4331ceb72ce782671b8c14232f1ce4a0c880672c956e3db9724c5554a1d3,True
EX1202L2,EX1202L2_EX03192012_2012-095_0261_20120404_034034_EX1202L2_MB.txt.mb162,https://data.ngdc.noaa.gov/platforms/ocean/ships/okeanos_explorer/EX1202Leg2/multibeam/data/version2/MB/EX1202L2_EX03192012_2012-095_0261_20120404_034034_EX1202L2_MB.txt.mb162,5033165,swath,whole,5002206.0,200,skip_present,5002206,fa449530662d3346f969abfbcc78503c46863f3d538667390ecdbcdbf0352f3d,True
EX1202L2,EX1202L2_EX03192012_2012-095_0262_20120404_035851_EX1202L2_MB.txt.mb162,https://data.ngdc.noaa.gov/platforms/ocean/ships/okeanos_explorer/EX1202Leg2/multibeam/data/version2/MB/EX1202L2_EX03192012_2012-095_0262_20120404_035851_EX1202L2_MB.txt.mb162,46137344,swath,whole,46335825.0,200,skip_present,46335825,f264dd383fc7fb8bac84ecfc5a60b0ce66ca9004602fe5710cb888462cdf2a7e,True
EX1202L2,EX1202L2_EX03192012_2012-095_0263_20120404_055847_EX1202L2_MB.txt.mb162,https://data.ngdc.noaa.gov/platforms/ocean/ships/okeanos_explorer/EX1202Leg2/multibeam/data/version2/MB/EX1202L2_EX03192012_2012-095_0263_20120404_055847_EX1202L2_MB.txt.mb162,1048576,swath,whole,1029216.0,200,skip_present,1029216,fcf8ff084aae98b4fbd0bd3ffe97488c9de92d428380b3cb8268b9dffebf7067,True
EX1202L2,EX1202L2_EX03192012_2012-095_0264_20120404_060021_EX1202L2_MB.txt.mb162,https://data.ngdc.noaa.gov/platforms/ocean/ships/okeanos_explorer/EX1202Leg2/multibeam/data/version2/MB/EX1202L2_EX03192012_2012-095_0264_20120404_060021_EX1202L2_MB.txt.mb162,6081741,swath,whole,6105024.0,200,skip_present,6105024,da20004d5dd0b3bd7a2374ac45de80347be950c01e57b918697bd5a4f6b6c208,True
EX1202L2,EX1202L2_EX03192012_2012-095_0265_20120404_060823_EX1202L2_MB.txt.mb162,https://data.ngdc.noaa.gov/platforms/ocean/ships/okeanos_explorer/EX1202Leg2/multibeam/data/version2/MB/EX1202L2_EX03192012_2012-095_0265_20120404_060823_EX1202L2_MB.txt.mb162,28311552,swath,whole,28398400.0,200,skip_present,28398400,2847b078f0bd9ccad183c1d59299c91a5a9b7b8af0413d2e382d34cb431929ed,True
EX1202L2,EX1202L2_EX03192012_2012-095_0266_20120404_065009_EX1202L2_MB.txt.mb162,https://data.ngdc.noaa.gov/platforms/ocean/ships/okeanos_explorer/EX1202Leg2/multibeam/data/version2/MB/EX1202L2_EX03192012_2012-095_0266_20120404_065009_EX1202L2_MB.txt.mb162,31457280,swath,whole,31556925.0,200,skip_present,31556925,abc33f780a0cb50443489ca3928d6c969cc3242109e38488b5ca9cc9977f61eb,True
EX1202L2,EX1202L2_EX03192012_2012-095_0267_20120404_080615_EX1202L2_MB.txt.mb162,https://data.ngdc.noaa.gov/platforms/ocean/ships/okeanos_explorer/EX1202Leg2/multibeam/data/version2/MB/EX1202L2_EX03192012_2012-095_0267_20120404_080615_EX1202L2_MB.txt.mb162,35651584,swath,whole,36064567.0,200,skip_present,36064567,44a22058d1be6e8ea9a6dc4490a434598d8e2f2ea5a85efcf848849a6adbb73f,True
EX1202L2,EX1202L2_EX03192012_2012-095_0268_20120404_100618_EX1202L2_MB.txt.mb162,https://data.ngdc.noaa.gov/platforms/ocean/ships/okeanos_explorer/EX1202Leg2/multibeam/data/version2/MB/EX1202L2_EX03192012_2012-095_0268_20120404_100618_EX1202L2_MB.txt.mb162,12582912,swath,whole,12324147.0,200,skip_present,12324147,0638e6e0680f1b1a9337fd015aa1b4fd1cc8c72a6d303858c81620dbd290f3e0,True
EX1202L2,EX1202L2_EX03192012_2012-095_0269_20120404_182140_EX1202L2_MB.txt.mb162,https://data.ngdc.noaa.gov/platforms/ocean/ships/okeanos_explorer/EX1202Leg2/multibeam/data/version2/MB/EX1202L2_EX03192012_2012-095_0269_20120404_182140_EX1202L2_MB.txt.mb162,30408704,swath,whole,30459402.0,200,skip_present,30459402,5ef4f976f72ed2789c580b0ae71b15dacf2fb2a2d2917c5ac957962db64c88ff,True
EX1202L2,EX1202L2_EX03192012_2012-095_0270_20120404_202144_EX1202L2_MB.txt.mb162,https://data.ngdc.noaa.gov/platforms/ocean/ships/okeanos_explorer/EX1202Leg2/multibeam/data/version2/MB/EX1202L2_EX03192012_2012-095_0270_20120404_202144_EX1202L2_MB.txt.mb162,26214400,swath,whole,25838901.0,200,skip_present,25838901,2ee26e4ad63e367441bd81803426cf22bcb49daffd0b3b154e8ea4a7803ddbed,True
EX1202L2,EX1202L2_EX03192012_2012-095_0271_20120404_222143_EX1202L2_MB.txt.mb162,https://data.ngdc.noaa.gov/platforms/ocean/ships/okeanos_explorer/EX1202Leg2/multibeam/data/version2/MB/EX1202L2_EX03192012_2012-095_0271_20120404_222143_EX1202L2_MB.txt.mb162,10485760,swath,whole,10433643.0,200,skip_present,10433643,0eebf6e3d317df54f1eebc2a1682a4e8fb90726b9fa4ddb15fea63d587c659c7,True
EX1202L2,EX1202L2_EX03192012_2012-095_0272_20120404_230301_EX1202L2_MB.txt.mb162,https://data.ngdc.noaa.gov/platforms/ocean/ships/okeanos_explorer/EX1202Leg2/multibeam/data/version2/MB/EX1202L2_EX03192012_2012-095_0272_20120404_230301_EX1202L2_MB.txt.mb162,5347738,swath,whole,5388306.0,200,skip_present,5388306,73fad00aeda9c366824bd276fd5ad7644951e321564030545b526d2d7568ad33,True
EX1202L2,EX1202L2_EX03192012_2012-095_0273_20120404_232441_EX1202L2_MB.txt.mb162,https://data.ngdc.noaa.gov/platforms/ocean/ships/okeanos_explorer/EX1202Leg2/multibeam/data/version2/MB/EX1202L2_EX03192012_2012-095_0273_20120404_232441_EX1202L2_MB.txt.mb162,1782579,swath,whole,1820412.0,200,skip_present,1820412,1e887f137d67ac2d3923df56c07908b77c535a6c8a5179bc239ee8bf549c62cd,True
EX1202L2,EX1202L2_EX03192012_2012-095_0274_20120404_233424_EX1202L2_MB.txt.mb162,https://data.ngdc.noaa.gov/platforms/ocean/ships/okeanos_explorer/EX1202Leg2/multibeam/data/version2/MB/EX1202L2_EX03192012_2012-095_0274_20120404_233424_EX1202L2_MB.txt.mb162,6815744,swath,whole,6799947.0,200,skip_present,6799947,bda84eeb0e7d272d3920ca1ec33d676ce0edc79c733fcf90a11da1af3edd9e77,True
EX1202L2,EX1202L2_EX03192012_2012-096_0275_20120405_000139_EX1202L2_MB.txt.mb162,https://data.ngdc.noaa.gov/platforms/ocean/ships/okeanos_explorer/EX1202Leg2/multibeam/data/version2/MB/EX1202L2_EX03192012_2012-096_0275_20120405_000139_EX1202L2_MB.txt.mb162,14680064,swath,whole,14346255.0,200,skip_present,14346255,a41e17e4237e41d1835150d72410fd5ca9b69141b8adc82a41aa620fef0ab61a,True
EX1202L2,EX1202L2_EX03192012_2012-096_0276_20120405_005632_EX1202L2_MB.txt.mb162,https://data.ngdc.noaa.gov/platforms/ocean/ships/okeanos_explorer/EX1202Leg2/multibeam/data/version2/MB/EX1202L2_EX03192012_2012-096_0276_20120405_005632_EX1202L2_MB.txt.mb162,1782579,swath,whole,1759461.0,200,skip_present,1759461,824f987da19160dbebf09dc76cbde473047fcb7ca6cab3c253da2dcf13658470,True
EX1202L2,EX1202L2_EX03192012_2012-096_0277_20120405_010316_EX1202L2_MB.txt.mb162,https://data.ngdc.noaa.gov/platforms/ocean/ships/okeanos_explorer/EX1202Leg2/multibeam/data/version2/MB/EX1202L2_EX03192012_2012-096_0277_20120405_010316_EX1202L2_MB.txt.mb162,2306867,swath,whole,2306172.0,200,skip_present,2306172,c91466b20d6045093f3eab8272202756e0c5dd314b4844ebd72896190a270b8f,True
EX1202L2,EX1202L2_EX03192012_2012-096_0278_20120405_011142_EX1202L2_MB.txt.mb162,https://data.ngdc.noaa.gov/platforms/ocean/ships/okeanos_explorer/EX1202Leg2/multibeam/data/version2/MB/EX1202L2_EX03192012_2012-096_0278_20120405_011142_EX1202L2_MB.txt.mb162,761856,swath,whole,761442.0,200,skip_present,761442,08f8ac2ddd07863367dba707f5f6f8eb1ff312e17ec267cff2fddf73a6d48d48,True
EX1202L2,EX1202L2_EX03192012_2012-096_0279_20120405_011426_EX1202L2_MB.txt.mb162,https://data.ngdc.noaa.gov/platforms/ocean/ships/okeanos_explorer/EX1202Leg2/multibeam/data/version2/MB/EX1202L2_EX03192012_2012-096_0279_20120405_011426_EX1202L2_MB.txt.mb162,22020096,swath,whole,22259325.0,200,skip_present,22259325,d773c7a7ec9c79f08b635e5267e66e9cf0eb387c86cbf7a3ecd0f299679e5b40,True
EX1202L2,EX1202L2_EX03192012_2012-096_0280_20120405_023258_EX1202L2_MB.txt.mb162,https://data.ngdc.noaa.gov/platforms/ocean/ships/okeanos_explorer/EX1202Leg2/multibeam/data/version2/MB/EX1202L2_EX03192012_2012-096_0280_20120405_023258_EX1202L2_MB.txt.mb162,1677722,swath,whole,1648152.0,200,skip_present,1648152,868fa49fae4144b9a99d2da2be11c4ec2b32bdf0e5a923a4a0bc443b123e6722,True
EX1202L2,EX1202L2_EX03192012_2012-096_0281_20120405_023847_EX1202L2_MB.txt.mb162,https://data.ngdc.noaa.gov/platforms/ocean/ships/okeanos_explorer/EX1202Leg2/multibeam/data/version2/MB/EX1202L2_EX03192012_2012-096_0281_20120405_023847_EX1202L2_MB.txt.mb162,2516582,swath,whole,2520408.0,200,skip_present,2520408,adc44668a53b0d5732c52758330186633a2e469e7ebca4c3e8246a46ac201ecf,True
EX1202L2,EX1202L2_EX03192012_2012-096_0282_20120405_024738_EX1202L2_MB.txt.mb162,https://data.ngdc.noaa.gov/platforms/ocean/ships/okeanos_explorer/EX1202Leg2/multibeam/data/version2/MB/EX1202L2_EX03192012_2012-096_0282_20120405_024738_EX1202L2_MB.txt.mb162,564224,swath,whole,564729.0,200,skip_present,564729,bbf67ed59d393885af376f3b969146afdaabd347ed1c873f66cd67f8a704fd52,True
EX1202L2,EX1202L2_EX03192012_2012-096_0283_20120405_024935_EX1202L2_MB.txt.mb162,https://data.ngdc.noaa.gov/platforms/ocean/ships/okeanos_explorer/EX1202Leg2/multibeam/data/version2/MB/EX1202L2_EX03192012_2012-096_0283_20120405_024935_EX1202L2_MB.txt.mb162,31457280,swath,whole,31830876.0,200,skip_present,31830876,f56d5e6d21c8216a82c0ae17bb25ef5fb479c092c52b749d1f2872180a65b17a,True
EX1202L2,EX1202L2_EX03192012_2012-096_0284_20120405_044052_EX1202L2_MB.txt.mb162,https://data.ngdc.noaa.gov/platforms/ocean/ships/okeanos_explorer/EX1202Leg2/multibeam/data/version2/MB/EX1202L2_EX03192012_2012-096_0284_20120405_044052_EX1202L2_MB.txt.mb162,1153434,swath,whole,1108074.0,200,skip_present,1108074,c4350fa234f4b83714fa66c5c1e8b1f667dbafe8f2708ddfb2cdbaa47f039b95,True
EX1202L2,EX1202L2_EX03192012_2012-096_0285_20120405_044450_EX1202L2_MB.txt.mb162,https://data.ngdc.noaa.gov/platforms/ocean/ships/okeanos_explorer/EX1202Leg2/multibeam/data/version2/MB/EX1202L2_EX03192012_2012-096_0285_20120405_044450_EX1202L2_MB.txt.mb162,2621440,swath,whole,2600037.0,200,skip_present,2600037,e94b04e357585d9e75057919306b9908b5789bba0428bf3043eb7b25e4fac702,True
EX1202L2,EX1202L2_EX03192012_2012-096_0286_20120405_045408_EX1202L2_MB.txt.mb162,https://data.ngdc.noaa.gov/platforms/ocean/ships/okeanos_explorer/EX1202Leg2/multibeam/data/version2/MB/EX1202L2_EX03192012_2012-096_0286_20120405_045408_EX1202L2_MB.txt.mb162,17825792,swath,whole,17982162.0,200,skip_present,17982162,10a158ff789adc142a99a4ad5140231c8accb0014700f4074e4a8280f8daede9,True
EX1202L2,EX1202L2_EX03192012_2012-096_0287_20120405_055306_EX1202L2_MB.txt.mb162,https://data.ngdc.noaa.gov/platforms/ocean/ships/okeanos_explorer/EX1202Leg2/multibeam/data/version2/MB/EX1202L2_EX03192012_2012-096_0287_20120405_055306_EX1202L2_MB.txt.mb162,2097152,swath,whole,2103222.0,200,skip_present,2103222,81d9c8f40a9f2200a3f1ed38aa39c7ab6576b6aea48319fbec252f3ede47fba3,True
EX1202L2,EX1202L2_EX03192012_2012-096_0288_20120405_055955_EX1202L2_MB.txt.mb162,https://data.ngdc.noaa.gov/platforms/ocean/ships/okeanos_explorer/EX1202Leg2/multibeam/data/version2/MB/EX1202L2_EX03192012_2012-096_0288_20120405_055955_EX1202L2_MB.txt.mb162,14680064,swath,whole,15137430.0,200,skip_present,15137430,78019af6fbbcacbc1cf8c1ea920aad7e201065bf7ca0b8a984dafa557844dee0,True
EX1202L2,EX1202L2_EX03192012_2012-096_0289_20120405_065443_EX1202L2_MB.txt.mb162,https://data.ngdc.noaa.gov/platforms/ocean/ships/okeanos_explorer/EX1202Leg2/multibeam/data/version2/MB/EX1202L2_EX03192012_2012-096_0289_20120405_065443_EX1202L2_MB.txt.mb162,26214400,swath,whole,26223945.0,200,skip_present,26223945,758c5e3e3e1fc5ed8b198f47ac85487dbb966284ed44a3359ceb17b151cbccd9,True
EX1202L2,EX1202L2_EX03192012_2012-096_0290_20120405_085445_EX1202L2_MB.txt.mb162,https://data.ngdc.noaa.gov/platforms/ocean/ships/okeanos_explorer/EX1202Leg2/multibeam/data/version2/MB/EX1202L2_EX03192012_2012-096_0290_20120405_085445_EX1202L2_MB.txt.mb162,29360128,swath,whole,29530677.0,200,skip_present,29530677,2512992eeb1ba3b969d9c9c5aba5a29d2d73d553fa249a2efdf93e83c77f1a68,True
EX1202L2,EX1202L2_EX03192012_2012-096_0291_20120405_105442_EX1202L2_MB.txt.mb162,https://data.ngdc.noaa.gov/platforms/ocean/ships/okeanos_explorer/EX1202Leg2/multibeam/data/version2/MB/EX1202L2_EX03192012_2012-096_0291_20120405_105442_EX1202L2_MB.txt.mb162,4613734,swath,whole,4619868.0,200,skip_present,4619868,519ed18d8e9268356a439e6c3822454e2970d71bda3edf01efd7f37b5005d0a7,True
EX1202L2,EX1202L2_EX03192012_2012-096_0292_20120405_234547_EX1202L2_MB.txt.mb162,https://data.ngdc.noaa.gov/platforms/ocean/ships/okeanos_explorer/EX1202Leg2/multibeam/data/version2/MB/EX1202L2_EX03192012_2012-096_0292_20120405_234547_EX1202L2_MB.txt.mb162,4823450,swath,whole,4801797.0,200,skip_present,4801797,649955b4cc22daa98a22a65be6c8de650c9217cf358276f8b63a5c197224f94f,True
EX1202L2,EX1202L2_EX03192012_2012-097_0293_20120406_000158_EX1202L2_MB.txt.mb162,https://data.ngdc.noaa.gov/platforms/ocean/ships/okeanos_explorer/EX1202Leg2/multibeam/data/version2/MB/EX1202L2_EX03192012_2012-097_0293_20120406_000158_EX1202L2_MB.txt.mb162,13631488,swath,whole,13787895.0,200,skip_present,13787895,846ffac0e2b97549485c617ac9aca1436bf2470c66d3e7bae58334f8004865a4,True
EX1202L2,EX1202L2_EX03192012_2012-097_0294_20120406_005237_EX1202L2_MB.txt.mb162,https://data.ngdc.noaa.gov/platforms/ocean/ships/okeanos_explorer/EX1202Leg2/multibeam/data/version2/MB/EX1202L2_EX03192012_2012-097_0294_20120406_005237_EX1202L2_MB.txt.mb162,2726298,swath,whole,2762034.0,200,skip_present,2762034,8311aa386b16b76dfc7aa88def5568b65eaa661b8e0fdbf581c255db723506f1,True
EX1202L2,EX1202L2_EX03192012_2012-097_0295_20120406_010238_EX1202L2_MB.txt.mb162,https://data.ngdc.noaa.gov/platforms/ocean/ships/okeanos_explorer/EX1202Leg2/multibeam/data/version2/MB/EX1202L2_EX03192012_2012-097_0295_20120406_010238_EX1202L2_MB.txt.mb162,2306867,swath,whole,2347224.0,200,skip_present,2347224,80337a5e8d13f2098a2a12c122b0f9f619bda434598f1793abdfddbfb2aec546,True
EX1202L2,EX1202L2_EX03192012_2012-097_0296_20120406_011033_EX1202L2_MB.txt.mb162,https://data.ngdc.noaa.gov/platforms/ocean/ships/okeanos_explorer/EX1202Leg2/multibeam/data/version2/MB/EX1202L2_EX03192012_2012-097_0296_20120406_011033_EX1202L2_MB.txt.mb162,3250586,swath,whole,3209646.0,200,skip_present,3209646,991eff3e88d0c73f7f3fcb213c04f7c1bae5d307e21c03466cd8973583ece882,True
EX1202L2,EX1202L2_EX03192012_2012-097_0297_20120406_012216_EX1202L2_MB.txt.mb162,https://data.ngdc.noaa.gov/platforms/ocean/ships/okeanos_explorer/EX1202Leg2/multibeam/data/version2/MB/EX1202L2_EX03192012_2012-097_0297_20120406_012216_EX1202L2_MB.txt.mb162,1992294,swath,whole,2028147.0,200,skip_present,2028147,95068df213b0c5472b49dcd0afd5d2153eab795c17fe7b3bfb48f9d0fc2487a4,True
EX1202L2,EX1202L2_EX03192012_2012-097_0298_20120406_013001_EX1202L2_MB.txt.mb162,https://data.ngdc.noaa.gov/platforms/ocean/ships/okeanos_explorer/EX1202Leg2/multibeam/data/version2/MB/EX1202L2_EX03192012_2012-097_0298_20120406_013001_EX1202L2_MB.txt.mb162,2831155,swath,whole,2794143.0,200,skip_present,2794143,43dc4ca93e321a86d5446318ba5ef70401651528ab7c3b7511559f1aac52dc49,True
EX1202L2,EX1202L2_EX03192012_2012-097_0299_20120406_014036_EX1202L2_MB.txt.mb162,https://data.ngdc.noaa.gov/platforms/ocean/ships/okeanos_explorer/EX1202Leg2/multibeam/data/version2/MB/EX1202L2_EX03192012_2012-097_0299_20120406_014036_EX1202L2_MB.txt.mb162,1677722,swath,whole,1729068.0,200,skip_present,1729068,7b1827376f7ead5c47e3fbce2b8312a090309c607a0133c4fc4c876c9c9729be,True
EX1202L2,EX1202L2_EX03192012_2012-097_0300_20120406_014711_EX1202L2_MB.txt.mb162,https://data.ngdc.noaa.gov/platforms/ocean/ships/okeanos_explorer/EX1202Leg2/multibeam/data/version2/MB/EX1202L2_EX03192012_2012-097_0300_20120406_014711_EX1202L2_MB.txt.mb162,111616,swath,whole,111639.0,200,skip_present,111639,2f77e49fa5024736145e42f0e9ffe61037951e5f4d771d933cd578a9fa494765,True
EX1202L2,EX1202L2_EX03192012_2012-097_0301_20120406_014733_EX1202L2_MB.txt.mb162,https://data.ngdc.noaa.gov/platforms/ocean/ships/okeanos_explorer/EX1202Leg2/multibeam/data/version2/MB/EX1202L2_EX03192012_2012-097_0301_20120406_014733_EX1202L2_MB.txt.mb162,2726298,swath,whole,2750121.0,200,skip_present,2750121,99a949816f5f1c0fa24c6abf63d18c1aaeca8b7ef459aca46b5177579df61959,True
EX1202L2,EX1202L2_EX03192012_2012-097_0302_20120406_015805_EX1202L2_MB.txt.mb162,https://data.ngdc.noaa.gov/platforms/ocean/ships/okeanos_explorer/EX1202Leg2/multibeam/data/version2/MB/EX1202L2_EX03192012_2012-097_0302_20120406_015805_EX1202L2_MB.txt.mb162,2516582,swath,whole,2515887.0,200,skip_present,2515887,a862dca68bafb3bbd59c211a278cd716b1fd8d83c73404cdc2e2f4aed2b814a8,True
EX1202L2,EX1202L2_EX03192012_2012-097_0303_20120406_020717_EX1202L2_MB.txt.mb162,https://data.ngdc.noaa.gov/platforms/ocean/ships/okeanos_explorer/EX1202Leg2/multibeam/data/version2/MB/EX1202L2_EX03192012_2012-097_0303_20120406_020717_EX1202L2_MB.txt.mb162,2411725,swath,whole,2443650.0,200,skip_present,2443650,26db10244687bc9de63eb87ef495353f79632d801fd1c4f8dc52bd8621e37d51,True
EX1202L2,EX1202L2_EX03192012_2012-097_0304_20120406_021634_EX1202L2_MB.txt.mb162,https://data.ngdc.noaa.gov/platforms/ocean/ships/okeanos_explorer/EX1202Leg2/multibeam/data/version2/MB/EX1202L2_EX03192012_2012-097_0304_20120406_021634_EX1202L2_MB.txt.mb162,1258291,swath,whole,1234134.0,200,skip_present,1234134,cf905ea2096aa62b4a441e47ef750bbdadc3ae43cbddaad6f4790ff91d5a2856,True
EX1202L2,EX1202L2_EX03192012_2012-097_0305_20120406_022122_EX1202L2_MB.txt.mb162,https://data.ngdc.noaa.gov/platforms/ocean/ships/okeanos_explorer/EX1202Leg2/multibeam/data/version2/MB/EX1202L2_EX03192012_2012-097_0305_20120406_022122_EX1202L2_MB.txt.mb162,9017754,swath,whole,9018240.0,200,skip_present,9018240,c44bf6c0999dd78d930f2e10434262898df1554008f5204bef4034f66fd8fbe5,True
EX1202L2,EX1202L2_EX03192012_2012-097_0306_20120406_025653_EX1202L2_MB.txt.mb162,https://data.ngdc.noaa.gov/platforms/ocean/ships/okeanos_explorer/EX1202Leg2/multibeam/data/version2/MB/EX1202L2_EX03192012_2012-097_0306_20120406_025653_EX1202L2_MB.txt.mb162,424960,swath,whole,424644.0,200,skip_present,424644,00d149a4a53672b94f326a4731a68a658e8f6292bbf949c56f94f5a5167ed27c,True
EX1202L2,EX1202L2_EX03192012_2012-097_0307_20120406_025844_EX1202L2_MB.txt.mb162,https://data.ngdc.noaa.gov/platforms/ocean/ships/okeanos_explorer/EX1202Leg2/multibeam/data/version2/MB/EX1202L2_EX03192012_2012-097_0307_20120406_025844_EX1202L2_MB.txt.mb162,31457280,swath,whole,31379568.0,200,skip_present,31379568,01edbc03a1da0791aa093ce225e8bac2ea98d40284ad5bb99f0d49438162c83a,True
EX1202L2,EX1202L2_EX03192012_2012-097_0308_20120406_045845_EX1202L2_MB.txt.mb162,https://data.ngdc.noaa.gov/platforms/ocean/ships/okeanos_explorer/EX1202Leg2/multibeam/data/version2/MB/EX1202L2_EX03192012_2012-097_0308_20120406_045845_EX1202L2_MB.txt.mb162,2516582,swath,whole,2480379.0,200,skip_present,2480379,465c39b0d2d7d290c6d4f1eb3321b450b957ad379263902d2e1f7a09d52050a5,True
EX1202L2,EX1202L2_EX03192012_2012-097_0309_20120406_050715_EX1202L2_MB.txt.mb162,https://data.ngdc.noaa.gov/platforms/ocean/ships/okeanos_explorer/EX1202Leg2/multibeam/data/version2/MB/EX1202L2_EX03192012_2012-097_0309_20120406_050715_EX1202L2_MB.txt.mb162,1048576,swath,whole,1063425.0,200,skip_present,1063425,d8996e2d80623c143282bd23746fa16d9f40b732352835b35fc32179c88d127e,True
EX1202L2,EX1202L2_EX03192012_2012-097_0310_20120406_051045_EX1202L2_MB.txt.mb162,https://data.ngdc.noaa.gov/platforms/ocean/ships/okeanos_explorer/EX1202Leg2/multibeam/data/version2/MB/EX1202L2_EX03192012_2012-097_0310_20120406_051045_EX1202L2_MB.txt.mb162,32505856,swath,whole,32367965.0,200,skip_present,32367965,29d58fb7289edeb934e0582a75c8b0ad26af49622ac295fb4588f7da5ddf42b5,True
EX1202L2,EX1202L2_EX03192012_2012-097_0311_20120406_061354_EX1202L2_MB.txt.mb162,https://data.ngdc.noaa.gov/platforms/ocean/ships/okeanos_explorer/EX1202Leg2/multibeam/data/version2/MB/EX1202L2_EX03192012_2012-097_0311_20120406_061354_EX1202L2_MB.txt.mb162,8493466,swath,whole,8504992.0,200,skip_present,8504992,f08622162eaf65483c8973dadf627cf0a5f56e23cd7db8ff37c8526d6fdeec4d,True
EX1202L2,EX1202L2_EX03192012_2012-097_0312_20120406_062338_EX1202L2_MB.txt.mb162,https://data.ngdc.noaa.gov/platforms/ocean/ships/okeanos_explorer/EX1202Leg2/multibeam/data/version2/MB/EX1202L2_EX03192012_2012-097_0312_20120406_062338_EX1202L2_MB.txt.mb162,75497472,swath,whole,75880224.0,200,skip_present,75880224,41db0cd18ea54369cae615b662cfec87287e62f2358b2edad32fb455157553a5,True
EX1202L2,EX1202L2_EX03192012_2012-097_0313_20120406_082340_EX1202L2_MB.txt.mb162,https://data.ngdc.noaa.gov/platforms/ocean/ships/okeanos_explorer/EX1202Leg2/multibeam/data/version2/MB/EX1202L2_EX03192012_2012-097_0313_20120406_082340_EX1202L2_MB.txt.mb162,11534336,swath,whole,11089838.0,200,skip_present,11089838,6b01f756bfd952d32d2b32166e8e5ab20c91e64170687eb568348e58bc0584fe,True
EX1202L2,EX1202L2_EX03192012_2012-097_0314_20120406_085143_EX1202L2_MB.txt.mb162,https://data.ngdc.noaa.gov/platforms/ocean/ships/okeanos_explorer/EX1202Leg2/multibeam/data/version2/MB/EX1202L2_EX03192012_2012-097_0314_20120406_085143_EX1202L2_MB.txt.mb162,22020096,swath,whole,22030245.0,200,skip_present,22030245,9dbc053aaf134f2ac364f44a74000fc2d7d3adb9f40594e5a6a485542c9649ba,True
EX1202L2,EX1202L2_EX03192012_2012-097_0315_20120406_094945_EX1202L2_MB.txt.mb162,https://data.ngdc.noaa.gov/platforms/ocean/ships/okeanos_explorer/EX1202Leg2/multibeam/data/version2/MB/EX1202L2_EX03192012_2012-097_0315_20120406_094945_EX1202L2_MB.txt.mb162,4299162,swath,whole,4283420.0,200,skip_present,4283420,0ee827b7527a525fe89e1df08bdd8337e92f47a8588950777928e0d3efcf137a,True
EX1202L2,EX1202L2_EX03192012_2012-097_0316_20120406_100325_EX1202L2_MB.txt.mb162,https://data.ngdc.noaa.gov/platforms/ocean/ships/okeanos_explorer/EX1202Leg2/multibeam/data/version2/MB/EX1202L2_EX03192012_2012-097_0316_20120406_100325_EX1202L2_MB.txt.mb162,1992294,swath,whole,1944830.0,200,skip_present,1944830,f8c882effbc4c6928559b5d2f23c1f21d2fcdf18cea92c6841dfd10ac8d83929,True
EX1202L2,EX1202L2_EX03192012_2012-097_0317_20120406_101001_EX1202L2_MB.txt.mb162,https://data.ngdc.noaa.gov/platforms/ocean/ships/okeanos_explorer/EX1202Leg2/multibeam/data/version2/MB/EX1202L2_EX03192012_2012-097_0317_20120406_101001_EX1202L2_MB.txt.mb162,8074035,swath,whole,8082525.0,200,skip_present,8082525,ff61b9f288f1e4e6145052483d2c846fc82a5db96431b8ea75f57e6a52844a78,True
EX1202L2,EX1202L2_EX03192012_2012-097_0318_20120406_104023_EX1202L2_MB.txt.mb162,https://data.ngdc.noaa.gov/platforms/ocean/ships/okeanos_explorer/EX1202Leg2/multibeam/data/version2/MB/EX1202L2_EX03192012_2012-097_0318_20120406_104023_EX1202L2_MB.txt.mb162,5138022,swath,whole,5092659.0,200,skip_present,5092659,e460a8990861ad5458e1989413fc78053a7edc793fde1963d48a0b1df82bf0af,True
EX1202L2,EX1202L2_EX03192012_2012-097_0320_20120406_225048_EX1202L2_MB.txt.mb162,https://data.ngdc.noaa.gov/platforms/ocean/ships/okeanos_explorer/EX1202Leg2/multibeam/data/version2/MB/EX1202L2_EX03192012_2012-097_0320_20120406_225048_EX1202L2_MB.txt.mb162,2621440,swath,whole,2573670.0,200,skip_present,2573670,98cbe8279033c422a7348b4136f9f98922d8c916580336ba61863a9349e7423b,True
EX1202L2,EX1202L2_EX03192012_2012-097_0321_20120406_225933_EX1202L2_MB.txt.mb162,https://data.ngdc.noaa.gov/platforms/ocean/ships/okeanos_explorer/EX1202Leg2/multibeam/data/version2/MB/EX1202L2_EX03192012_2012-097_0321_20120406_225933_EX1202L2_MB.txt.mb162,4299162,swath,whole,4269474.0,200,skip_present,4269474,92717296422f05b8c7d411f2ac82264fb52a0d50bf440e78004df954a7f1f608,True
EX1202L2,EX1202L2_EX03192012_2012-097_0322_20120406_231559_EX1202L2_MB.txt.mb162,https://data.ngdc.noaa.gov/platforms/ocean/ships/okeanos_explorer/EX1202Leg2/multibeam/data/version2/MB/EX1202L2_EX03192012_2012-097_0322_20120406_231559_EX1202L2_MB.txt.mb162,879616,swath,whole,879747.0,200,skip_present,879747,b80ba1459573edc56d2b39754534f19ac392937d3b6672e7e2eadf131963ffe3,True
EX1202L2,EX1202L2_EX03192012_2012-097_0323_20120406_231859_EX1202L2_MB.txt.mb162,https://data.ngdc.noaa.gov/platforms/ocean/ships/okeanos_explorer/EX1202Leg2/multibeam/data/version2/MB/EX1202L2_EX03192012_2012-097_0323_20120406_231859_EX1202L2_MB.txt.mb162,3355443,swath,whole,3394413.0,200,skip_present,3394413,388988cd137ce1ec01f8c16f718e35e8c588ad1ae3d5b552355244d10693a385,True
EX1202L2,EX1202L2_EX03192012_2012-097_0324_20120406_233204_EX1202L2_MB.txt.mb162,https://data.ngdc.noaa.gov/platforms/ocean/ships/okeanos_explorer/EX1202Leg2/multibeam/data/version2/MB/EX1202L2_EX03192012_2012-097_0324_20120406_233204_EX1202L2_MB.txt.mb162,4089446,swath,whole,4091175.0,200,skip_present,4091175,d2f6fa902df600d948a9c08cd2a460caa11c51621296018140fe075758d301b8,True
EX1202L2,EX1202L2_EX03192012_2012-097_0325_20120406_234725_EX1202L2_MB.txt.mb162,https://data.ngdc.noaa.gov/platforms/ocean/ships/okeanos_explorer/EX1202Leg2/multibeam/data/version2/MB/EX1202L2_EX03192012_2012-097_0325_20120406_234725_EX1202L2_MB.txt.mb162,3040870,swath,whole,3092166.0,200,skip_present,3092166,2b4a51a56a002cae764d252c4cea7ef4b3f34da0751fa6c4cabb8be1f2659a5f,True
EX1202L2,EX1202L2_EX03192012_2012-097_0326_20120406_235929_EX1202L2_MB.txt.mb162,https://data.ngdc.noaa.gov/platforms/ocean/ships/okeanos_explorer/EX1202Leg2/multibeam/data/version2/MB/EX1202L2_EX03192012_2012-097_0326_20120406_235929_EX1202L2_MB.txt.mb162,2411725,swath,whole,2453880.0,200,skip_present,2453880,b992781207d453aa766d73f6dfc2e6e6d81c58a4847bb4bde4461ecb14fe5928,True
EX1202L2,EX1202L2_EX03192012_2012-098_0327_20120407_000842_EX1202L2_MB.txt.mb162,https://data.ngdc.noaa.gov/platforms/ocean/ships/okeanos_explorer/EX1202Leg2/multibeam/data/version2/MB/EX1202L2_EX03192012_2012-098_0327_20120407_000842_EX1202L2_MB.txt.mb162,4823450,swath,whole,4806087.0,200,skip_present,4806087,3cfa745602457042bde178da93bad88feacd6c7eb024ee5fdcd5a26a3203fae8,True
EX1202L2,EX1202L2_EX03192012_2012-098_0328_20120407_002714_EX1202L2_MB.txt.mb162,https://data.ngdc.noaa.gov/platforms/ocean/ships/okeanos_explorer/EX1202Leg2/multibeam/data/version2/MB/EX1202L2_EX03192012_2012-098_0328_20120407_002714_EX1202L2_MB.txt.mb162,1782579,swath,whole,1822788.0,200,skip_present,1822788,ad5e1a6e9841688f50cfb227a017d3f585d0568578ecbc8a7d578e314e4c540b,True
EX1202L2,EX1202L2_EX03192012_2012-098_0329_20120407_003432_EX1202L2_MB.txt.mb162,https://data.ngdc.noaa.gov/platforms/ocean/ships/okeanos_explorer/EX1202Leg2/multibeam/data/version2/MB/EX1202L2_EX03192012_2012-098_0329_20120407_003432_EX1202L2_MB.txt.mb162,3145728,swath,whole,3195390.0,200,skip_present,3195390,29e9fcebb48df0b056dbc4dd1e8184bc6dc4249ae371dd3e6f7d2c8fe7375a71,True
EX1202L2,EX1202L2_EX03192012_2012-098_0330_20120407_004704_EX1202L2_MB.txt.mb162,https://data.ngdc.noaa.gov/platforms/ocean/ships/okeanos_explorer/EX1202Leg2/multibeam/data/version2/MB/EX1202L2_EX03192012_2012-098_0330_20120407_004704_EX1202L2_MB.txt.mb162,32505856,swath,whole,32320117.0,200,skip_present,32320117,b4c59c8a2a7459f3140901dbb0effc2bac0848c52bb420c08756c5958b7b3b95,True
EX1202L2,EX1202L2_EX03192012_2012-098_0331_20120407_024704_EX1202L2_MB.txt.mb162,https://data.ngdc.noaa.gov/platforms/ocean/ships/okeanos_explorer/EX1202Leg2/multibeam/data/version2/MB/EX1202L2_EX03192012_2012-098_0331_20120407_024704_EX1202L2_MB.txt.mb162,53477376,swath,whole,53545988.0,200,skip_present,53545988,a4b05be7aa06b7ee11e7d40f1bcfbd493edfa88ebe9008ce1d4a6dc74fdf9ed8,True
EX1202L2,EX1202L2_EX03192012_2012-098_0332_20120407_035121_EX1202L2_MB.txt.mb162,https://data.ngdc.noaa.gov/platforms/ocean/ships/okeanos_explorer/EX1202Leg2/multibeam/data/version2/MB/EX1202L2_EX03192012_2012-098_0332_20120407_035121_EX1202L2_MB.txt.mb162,198180864,swath,whole,198482271.0,200,skip_present,198482271,0ecec282093645edbe9117af318fc5091cd04feee415713cd9016595dd42ffa3,True
EX1202L2,EX1202L2_EX03192012_2012-098_0333_20120407_045115_EX1202L2_MB.txt.mb162,https://data.ngdc.noaa.gov/platforms/ocean/ships/okeanos_explorer/EX1202Leg2/multibeam/data/version2/MB/EX1202L2_EX03192012_2012-098_0333_20120407_045115_EX1202L2_MB.txt.mb162,256901120,swath,whole,256472176.0,200,skip_present,256472176,52d1dd31e8abcc361d0dce23d80fcee168c8cc6e441736d380474168d396e0c3,True
EX1202L2,EX1202L2_EX03192012_2012-098_0334_20120407_054124_EX1202L2_MB.txt.mb162,https://data.ngdc.noaa.gov/platforms/ocean/ships/okeanos_explorer/EX1202Leg2/multibeam/data/version2/MB/EX1202L2_EX03192012_2012-098_0334_20120407_054124_EX1202L2_MB.txt.mb162,318767104,swath,whole,318372108.0,200,skip_present,318372108,d2ea3524240bef571fe8bdbef505ff4a6a4ff8b8d11cd7e6719540f986c9de1f,True
EX1202L2,EX1202L2_EX03192012_2012-098_0335_20120407_063708_EX1202L2_MB.txt.mb162,https://data.ngdc.noaa.gov/platforms/ocean/ships/okeanos_explorer/EX1202Leg2/multibeam/data/version2/MB/EX1202L2_EX03192012_2012-098_0335_20120407_063708_EX1202L2_MB.txt.mb162,291504128,swath,whole,291280022.0,200,skip_present,291280022,54b10b8dc018f0c5b73cc62f683ef97265405aaf05628926ed4e75b6c994be49,True
EX1202L2,EX1202L2_EX03192012_2012-098_0336_20120407_073108_EX1202L2_MB.txt.mb162,https://data.ngdc.noaa.gov/platforms/ocean/ships/okeanos_explorer/EX1202Leg2/multibeam/data/version2/MB/EX1202L2_EX03192012_2012-098_0336_20120407_073108_EX1202L2_MB.txt.mb162,274726912,swath,whole,274546137.0,200,skip_present,274546137,1a2a01960d3c657c9d02d80e052d2238a9d75d18d82a1209fb254a7ce6870a82,True
EX1202L2,EX1202L2_EX03192012_2012-098_0337_20120407_084555_EX1202L2_MB.txt.mb162,https://data.ngdc.noaa.gov/platforms/ocean/ships/okeanos_explorer/EX1202Leg2/multibeam/data/version2/MB/EX1202L2_EX03192012_2012-098_0337_20120407_084555_EX1202L2_MB.txt.mb162,316669952,swath,whole,316973605.0,200,skip_present,316973605,11c4026ec9ea8014cab923290de010f4a1ce7bf2001169bf43e8eb92928a26d2,True
EX1202L2,EX1202L2_EX03192012_2012-098_0338_20120407_100309_EX1202L2_MB.txt.mb162,https://data.ngdc.noaa.gov/platforms/ocean/ships/okeanos_explorer/EX1202Leg2/multibeam/data/version2/MB/EX1202L2_EX03192012_2012-098_0338_20120407_100309_EX1202L2_MB.txt.mb162,484442112,swath,whole,484231637.0,200,skip_present,484231637,8a2677c78f41850cae338180c8850a76ba470df7acedae1909f0410fd8b474a3,True
EX1202L2,EX1202L2_EX03192012_2012-098_0339_20120407_111209_EX1202L2_MB.txt.mb162,https://data.ngdc.noaa.gov/platforms/ocean/ships/okeanos_explorer/EX1202Leg2/multibeam/data/version2/MB/EX1202L2_EX03192012_2012-098_0339_20120407_111209_EX1202L2_MB.txt.mb162,133169152,swath,whole,133396892.0,200,skip_present,133396892,14d911b2dd11997d9394385041d8b94d2438cfc0517a008d97d1772885b95117,True
