cruise,filename,url,advertised,kind,mode
AT37-05,0000_20161104_135423_Atlantis.all.mb58.gz,https://data.ngdc.noaa.gov/platforms/ocean/ships/atlantis/AT37-05/multibeam/data/version1/MB/em122/0000_20161104_135423_Atlantis.all.mb58.gz,23068672,swath,whole
AT37-05,0000_20161105_022306_Atlantis.all.mb58.gz,https://data.ngdc.noaa.gov/platforms/ocean/ships/atlantis/AT37-05/multibeam/data/version1/MB/em122/0000_20161105_022306_Atlantis.all.mb58.gz,24117248,swath,whole
AT37-05,0000_20161105_220617_Atlantis.all.mb58.gz,https://data.ngdc.noaa.gov/platforms/ocean/ships/atlantis/AT37-05/multibeam/data/version1/MB/em122/0000_20161105_220617_Atlantis.all.mb58.gz,8808038,swath,whole
AT37-05,0000_20161106_025548_Atlantis.all.mb58.gz,https://data.ngdc.noaa.gov/platforms/ocean/ships/atlantis/AT37-05/multibeam/data/version1/MB/em122/0000_20161106_025548_Atlantis.all.mb58.gz,316416,swath,whole
AT37-05,0000_20161106_035035_Atlantis.all.mb58.gz,https://data.ngdc.noaa.gov/platforms/ocean/ships/atlantis/AT37-05/multibeam/data/version1/MB/em122/0000_20161106_035035_Atlantis.all.mb58.gz,25165824,swath,whole
AT37-05,0000_20161107_021227_Atlantis.all.mb58.gz,https://data.ngdc.noaa.gov/platforms/ocean/ships/atlantis/AT37-05/multibeam/data/version1/MB/em122/0000_20161107_021227_Atlantis.all.mb58.gz,26214400,swath,whole
AT37-05,0000_20161109_210028_Atlantis.all.mb58.gz,https://data.ngdc.noaa.gov/platforms/ocean/ships/atlantis/AT37-05/multibeam/data/version1/MB/em122/0000_20161109_210028_Atlantis.all.mb58.gz,4928307,swath,whole
AT37-05,0000_20161109_211356_Atlantis.all.mb58.gz,https://data.ngdc.noaa.gov/platforms/ocean/ships/atlantis/AT37-05/multibeam/data/version1/MB/em122/0000_20161109_211356_Atlantis.all.mb58.gz,25165824,swath,whole
AT37-05,0000_20161110_071152_Atlantis.all.mb58.gz,https://data.ngdc.noaa.gov/platforms/ocean/ships/atlantis/AT37-05/multibeam/data/version1/MB/em122/0000_20161110_071152_Atlantis.all.mb58.gz,25165824,swath,whole
AT37-05,0000_20161116_001025_Atlantis.all.mb58.gz,https://data.ngdc.noaa.gov/platforms/ocean/ships/atlantis/AT37-05/multibeam/data/version1/MB/em122/0000_20161116_001025_Atlantis.all.mb58.gz,26214400,swath,whole
AT37-05,0000_20161121_222242_Atlantis.all.mb58.gz,https://data.ngdc.noaa.gov/platforms/ocean/ships/atlantis/AT37-05/multibeam/data/version1/MB/em122/0000_20161121_222242_Atlantis.all.mb58.gz,15728640,swath,whole
AT37-05,0000_20161124_063315_Atlantis.all.mb58.gz,https://data.ngdc.noaa.gov/platforms/ocean/ships/atlantis/AT37-05/multibeam/data/version1/MB/em122/0000_20161124_063315_Atlantis.all.mb58.gz,2411725,swath,whole
AT37-05,0000_20161201_043217_Atlantis.all.mb58.gz,https://data.ngdc.noaa.gov/platforms/ocean/ships/atlantis/AT37-05/multibeam/data/version1/MB/em122/0000_20161201_043217_Atlantis.all.mb58.gz,26214400,swath,whole
AT37-05,0000_20161201_164322_Atlantis.all.mb58.gz,https://data.ngdc.noaa.gov/platforms/ocean/ships/atlantis/AT37-05/multibeam/data/version1/MB/em122/0000_20161201_164322_Atlantis.all.mb58.gz,23068672,swath,whole
AT37-05,0001_20161104_145416_Atlantis.all.mb58.gz,https://data.ngdc.noaa.gov/platforms/ocean/ships/atlantis/AT37-05/multibeam/data/version1/MB/em122/0001_20161104_145416_Atlantis.all.mb58.gz,23068672,swath,whole
AT37-05,0001_20161105_032308_Atlantis.all.mb58.gz,https://data.ngdc.noaa.gov/platforms/ocean/ships/atlantis/AT37-05/multibeam/data/version1/MB/em122/0001_20161105_032308_Atlantis.all.mb58.gz,24117248,swath,whole
AT37-05,0001_20161105_222730_Atlantis.all.mb58.gz,https://data.ngdc.noaa.gov/platforms/ocean/ships/atlantis/AT37-05/multibeam/data/version1/MB/em122/0001_20161105_222730_Atlantis.all.mb58.gz,24117248,swath,whole
AT37-05,0001_20161106_025635_Atlantis.all.mb58.gz,https://data.ngdc.noaa.gov/platforms/ocean/ships/atlantis/AT37-05/multibeam/data/version1/MB/em122/0001_20161106_025635_Atlantis.all.mb58.gz,6186598,swath,whole
AT37-05,0001_20161106_045036_Atlantis.all.mb58.gz,https://data.ngdc.noaa.gov/platforms/ocean/ships/atlantis/AT37-05/multibeam/data/version1/MB/em122/0001_20161106_045036_Atlantis.all.mb58.gz,791552,swath,whole
AT37-05,0001_20161107_031235_Atlantis.all.mb58.gz,https://data.ngdc.noaa.gov/platforms/ocean/ships/atlantis/AT37-05/multibeam/data/version1/MB/em122/0001_20161107_031235_Atlantis.all.mb58.gz,25165824,swath,whole
AT37-05,0001_20161109_221359_Atlantis.all.mb58.gz,https://data.ngdc.noaa.gov/platforms/ocean/ships/atlantis/AT37-05/multibeam/data/version1/MB/em122/0001_20161109_221359_Atlantis.all.mb58.gz,25165824,swath,whole
AT37-05,0001_20161110_081147_Atlantis.all.mb58.gz,https://data.ngdc.noaa.gov/platforms/ocean/ships/atlantis/AT37-05/multibeam/data/version1/MB/em122/0001_20161110_081147_Atlantis.all.mb58.gz,26214400,swath,whole
AT37-05,0001_20161116_011018_Atlantis.all.mb58.gz,https://data.ngdc.noaa.gov/platforms/ocean/ships/atlantis/AT37-05/multibeam/data/version1/MB/em122/0001_20161116_011018_Atlantis.all.mb58.gz,19922944,swath,whole
AT37-05,0001_20161121_225628_Atlantis.all.mb58.gz,https://data.ngdc.noaa.gov/platforms/ocean/ships/atlantis/AT37-05/multibeam/data/version1/MB/em122/0001_20161121_225628_Atlantis.all.mb58.gz,27262976,swath,whole
AT37-05,0001_20161124_063935_Atlantis.all.mb58.gz,https://data.ngdc.noaa.gov/platforms/ocean/ships/atlantis/AT37-05/multibeam/data/version1/MB/em122/0001_20161124_063935_Atlantis.all.mb58.gz,23068672,swath,whole
AT37-05,0001_20161201_053210_Atlantis.all.mb58.gz,https://data.ngdc.noaa.gov/platforms/ocean/ships/atlantis/AT37-05/multibeam/data/version1/MB/em122/0001_20161201_053210_Atlantis.all.mb58.gz,15728640,swath,whole
AT37-05,0002_20161104_155426_Atlantis.all.mb58.gz,https://data.ngdc.noaa.gov/platforms/ocean/ships/atlantis/AT37-05/multibeam/data/version1/MB/em122/0002_20161104_155426_Atlantis.all.mb58.gz,23068672,swath,whole
AT37-05,0002_20161105_042301_Atlantis.all.mb58.gz,https://data.ngdc.noaa.gov/platforms/ocean/ships/atlantis/AT37-05/multibeam/data/version1/MB/em122/0002_20161105_042301_Atlantis.all.mb58.gz,24117248,swath,whole
AT37-05,0002_20161105_232405_Atlantis.all.mb58.gz,https://data.ngdc.noaa.gov/platforms/ocean/ships/atlantis/AT37-05/multibeam/data/version1/MB/em122/0002_20161105_232405_Atlantis.all.mb58.gz,8178893,swath,whole
AT37-05,0002_20161106_045231_Atlantis.all.mb58.gz,https://data.ngdc.noaa.gov/platforms/ocean/ships/atlantis/AT37-05/multibeam/data/version1/MB/em122/0002_20161106_045231_Atlantis.all.mb58.gz,25165824,swath,whole
AT37-05,0002_20161107_041227_Atlantis.all.mb58.gz,https://data.ngdc.noaa.gov/platforms/ocean/ships/atlantis/AT37-05/multibeam/data/version1/MB/em122/0002_20161107_041227_Atlantis.all.mb58.gz,26214400,swath,whole
AT37-05,0002_20161109_231403_Atlantis.all.mb58.gz,https://data.ngdc.noaa.gov/platforms/ocean/ships/atlantis/AT37-05/multibeam/data/version1/MB/em122/0002_20161109_231403_Atlantis.all.mb58.gz,25165824,swath,whole
AT37-05,0002_20161110_091151_Atlantis.all.mb58.gz,https://data.ngdc.noaa.gov/platforms/ocean/ships/atlantis/AT37-05/multibeam/data/version1/MB/em122/0002_20161110_091151_Atlantis.all.mb58.gz,11534336,swath,whole
AT37-05,0002_20161119_010147_Atlantis.all.mb58.gz,https://data.ngdc.noaa.gov/platforms/ocean/ships/atlantis/AT37-05/multibeam/data/version1/MB/em122/0002_20161119_010147_Atlantis.all.mb58.gz,11534336,swath,whole
AT37-05,0002_20161121_235622_Atlantis.all.mb58.gz,https://data.ngdc.noaa.gov/platforms/ocean/ships/atlantis/AT37-05/multibeam/data/version1/MB/em122/0002_20161121_235622_Atlantis.all.mb58.gz,25165824,swath,whole
AT37-05,0002_20161124_073940_Atlantis.all.mb58.gz,https://data.ngdc.noaa.gov/platforms/ocean/ships/atlantis/AT37-05/multibeam/data/version1/MB/em122/0002_20161124_073940_Atlantis.all.mb58.gz,23068672,swath,whole
AT37-05,0002_20161201_060927_Atlantis.all.mb58.gz,https://data.ngdc.noaa.gov/platforms/ocean/ships/atlantis/AT37-05/multibeam/data/version1/MB/em122/0002_20161201_060927_Atlantis.all.mb58.gz,1992294,swath,whole
AT37-05,0003_20161104_165426_Atlantis.all.mb58.gz,https://data.ngdc.noaa.gov/platforms/ocean/ships/atlantis/AT37-05/multibeam/data/version1/MB/em122/0003_20161104_165426_Atlantis.all.mb58.gz,23068672,swath,whole
AT37-05,0003_20161105_052306_Atlantis.all.mb58.gz,https://data.ngdc.noaa.gov/platforms/ocean/ships/atlantis/AT37-05/multibeam/data/version1/MB/em122/0003_20161105_052306_Atlantis.all.mb58.gz,24117248,swath,whole
AT37-05,0003_20161105_234304_Atlantis.all.mb58.gz,https://data.ngdc.noaa.gov/platforms/ocean/ships/atlantis/AT37-05/multibeam/data/version1/MB/em122/0003_20161105_234304_Atlantis.all.mb58.gz,483328,swath,whole
AT37-05,0003_20161106_055235_Atlantis.all.mb58.gz,https://data.ngdc.noaa.gov/platforms/ocean/ships/atlantis/AT37-05/multibeam/data/version1/MB/em122/0003_20161106_055235_Atlantis.all.mb58.gz,13631488,swath,whole
AT37-05,0003_20161107_051227_Atlantis.all.mb58.gz,https://data.ngdc.noaa.gov/platforms/ocean/ships/atlantis/AT37-05/multibeam/data/version1/MB/em122/0003_20161107_051227_Atlantis.all.mb58.gz,26214400,swath,whole
AT37-05,0003_20161110_001354_Atlantis.all.mb58.gz,https://data.ngdc.noaa.gov/platforms/ocean/ships/atlantis/AT37-05/multibeam/data/version1/MB/em122/0003_20161110_001354_Atlantis.all.mb58.gz,25165824,swath,whole
AT37-05,0003_20161110_093805_Atlantis.all.mb58.gz,https://data.ngdc.noaa.gov/platforms/ocean/ships/atlantis/AT37-05/multibeam/data/version1/MB/em122/0003_20161110_093805_Atlantis.all.mb58.gz,26214400,swath,whole
AT37-05,0003_20161122_005623_Atlantis.all.mb58.gz,https://data.ngdc.noaa.gov/platforms/ocean/ships/atlantis/AT37-05/multibeam/data/version1/MB/em122/0003_20161122_005623_Atlantis.all.mb58.gz,25165824,swath,whole
AT37-05,0003_20161124_083940_Atlantis.all.mb58.gz,https://data.ngdc.noaa.gov/platforms/ocean/ships/atlantis/AT37-05/multibeam/data/version1/MB/em122/0003_20161124_083940_Atlantis.all.mb58.gz,23068672,swath,whole
AT37-05,0003_20161201_061405_Atlantis.all.mb58.gz,https://data.ngdc.noaa.gov/platforms/ocean/ships/atlantis/AT37-05/multibeam/data/version1/MB/em122/0003_20161201_061405_Atlantis.all.mb58.gz,25165824,swath,whole
AT37-05,0004_20161104_175422_Atlantis.all.mb58.gz,https://data.ngdc.noaa.gov/platforms/ocean/ships/atlantis/AT37-05/multibeam/data/version1/MB/em122/0004_20161104_175422_Atlantis.all.mb58.gz,23068672,swath,whole
AT37-05,0004_20161105_062300_Atlantis.all.mb58.gz,https://data.ngdc.noaa.gov/platforms/ocean/ships/atlantis/AT37-05/multibeam/data/version1/MB/em122/0004_20161105_062300_Atlantis.all.mb58.gz,24117248,swath,whole
AT37-05,0004_20161105_234433_Atlantis.all.mb58.gz,https://data.ngdc.noaa.gov/platforms/ocean/ships/atlantis/AT37-05/multibeam/data/version1/MB/em122/0004_20161105_234433_Atlantis.all.mb58.gz,400384,swath,whole
AT37-05,0004_20161107_061235_Atlantis.all.mb58.gz,https://data.ngdc.noaa.gov/platforms/ocean/ships/atlantis/AT37-05/multibeam/data/version1/MB/em122/0004_20161107_061235_Atlantis.all.mb58.gz,25165824,swath,whole
AT37-05,0004_20161110_011357_Atlantis.all.mb58.gz,https://data.ngdc.noaa.gov/platforms/ocean/ships/atlantis/AT37-05/multibeam/data/version1/MB/em122/0004_20161110_011357_Atlantis.all.mb58.gz,25165824,swath,whole
AT37-05,0004_20161110_103810_Atlantis.all.mb58.gz,https://data.ngdc.noaa.gov/platforms/ocean/ships/atlantis/AT37-05/multibeam/data/version1/MB/em122/0004_20161110_103810_Atlantis.all.mb58.gz,26214400,swath,whole
AT37-05,0004_20161122_015627_Atlantis.all.mb58.gz,https://data.ngdc.noaa.gov/platforms/ocean/ships/atlantis/AT37-05/multibeam/data/version1/MB/em122/0004_20161122_015627_Atlantis.all.mb58.gz,5662310,swath,whole
AT37-05,0004_20161124_093939_Atlantis.all.mb58.gz,https://data.ngdc.noaa.gov/platforms/ocean/ships/atlantis/AT37-05/multibeam/data/version1/MB/em122/0004_20161124_093939_Atlantis.all.mb58.gz,24117248,swath,whole
AT37-05,0004_20161201_071415_Atlantis.all.mb58.gz,https://data.ngdc.noaa.gov/platforms/ocean/ships/atlantis/AT37-05/multibeam/data/version1/MB/em122/0004_20161201_071415_Atlantis.all.mb58.gz,25165824,swath,whole
AT37-05,0005_20161104_185426_Atlantis.all.mb58.gz,https://data.ngdc.noaa.gov/platforms/ocean/ships/atlantis/AT37-05/multibeam/data/version1/MB/em122/0005_20161104_185426_Atlantis.all.mb58.gz,23068672,swath,whole
AT37-05,0005_20161105_072303_Atlantis.all.mb58.gz,https://data.ngdc.noaa.gov/platforms/ocean/ships/atlantis/AT37-05/multibeam/data/version1/MB/em122/0005_20161105_072303_Atlantis.all.mb58.gz,24117248,swath,whole
AT37-05,0005_20161105_234808_Atlantis.all.mb58.gz,https://data.ngdc.noaa.gov/platforms/ocean/ships/atlantis/AT37-05/multibeam/data/version1/MB/em122/0005_20161105_234808_Atlantis.all.mb58.gz,8074035,swath,whole
AT37-05,0005_20161106_063320_Atlantis.all.mb58.gz,https://data.ngdc.noaa.gov/platforms/ocean/ships/atlantis/AT37-05/multibeam/data/version1/MB/em122/0005_20161106_063320_Atlantis.all.mb58.gz,25165824,swath,whole
AT37-05,0005_20161107_071233_Atlantis.all.mb58.gz,https://data.ngdc.noaa.gov/platforms/ocean/ships/atlantis/AT37-05/multibeam/data/version1/MB/em122/0005_20161107_071233_Atlantis.all.mb58.gz,26214400,swath,whole
AT37-05,0005_20161110_021358_Atlantis.all.mb58.gz,https://data.ngdc.noaa.gov/platforms/ocean/ships/atlantis/AT37-05/multibeam/data/version1/MB/em122/0005_20161110_021358_Atlantis.all.mb58.gz,25165824,swath,whole
AT37-05,0005_20161110_113809_Atlantis.all.mb58.gz,https://data.ngdc.noaa.gov/platforms/ocean/ships/atlantis/AT37-05/multibeam/data/version1/MB/em122/0005_20161110_113809_Atlantis.all.mb58.gz,26214400,swath,whole
AT37-05,0005_20161122_021009_Atlantis.all.mb58.gz,https://data.ngdc.noaa.gov/platforms/ocean/ships/atlantis/AT37-05/multibeam/data/version1/MB/em122/0005_20161122_021009_Atlantis.all.mb58.gz,2621440,swath,whole
AT37-05,0005_20161124_103940_Atlantis.all.mb58.gz,https://data.ngdc.noaa.gov/platforms/ocean/ships/atlantis/AT37-05/multibeam/data/version1/MB/em122/0005_20161124_103940_Atlantis.all.mb58.gz,24117248,swath,whole
AT37-05,0005_20161201_081407_Atlantis.all.mb58.gz,https://data.ngdc.noaa.gov/platforms/ocean/ships/atlantis/AT37-05/multibeam/data/version1/MB/em122/0005_20161201_081407_Atlantis.all.mb58.gz,26214400,swath,whole
AT37-05,0006_20161104_195419_Atlantis.all.mb58.gz,https://data.ngdc.noaa.gov/platforms/ocean/ships/atlantis/AT37-05/multibeam/data/version1/MB/em122/0006_20161104_195419_Atlantis.all.mb58.gz,23068672,swath,whole
AT37-05,0006_20161105_082300_Atlantis.all.mb58.gz,https://data.ngdc.noaa.gov/platforms/ocean/ships/atlantis/AT37-05/multibeam/data/version1/MB/em122/0006_20161105_082300_Atlantis.all.mb58.gz,24117248,swath,whole
AT37-05,0006_20161106_000728_Atlantis.all.mb58.gz,https://data.ngdc.noaa.gov/platforms/ocean/ships/atlantis/AT37-05/multibeam/data/version1/MB/em122/0006_20161106_000728_Atlantis.all.mb58.gz,22020096,swath,whole
AT37-05,0006_20161106_073325_Atlantis.all.mb58.gz,https://data.ngdc.noaa.gov/platforms/ocean/ships/atlantis/AT37-05/multibeam/data/version1/MB/em122/0006_20161106_073325_Atlantis.all.mb58.gz,25165824,swath,whole
AT37-05,0006_20161107_081234_Atlantis.all.mb58.gz,https://data.ngdc.noaa.gov/platforms/ocean/ships/atlantis/AT37-05/multibeam/data/version1/MB/em122/0006_20161107_081234_Atlantis.all.mb58.gz,26214400,swath,whole
AT37-05,0006_20161110_031358_Atlantis.all.mb58.gz,https://data.ngdc.noaa.gov/platforms/ocean/ships/atlantis/AT37-05/multibeam/data/version1/MB/em122/0006_20161110_031358_Atlantis.all.mb58.gz,26214400,swath,whole
AT37-05,0006_20161110_123806_Atlantis.all.mb58.gz,https://data.ngdc.noaa.gov/platforms/ocean/ships/atlantis/AT37-05/multibeam/data/version1/MB/em122/0006_20161110_123806_Atlantis.all.mb58.gz,26214400,swath,whole
AT37-05,0006_20161122_021614_Atlantis.all.mb58.gz,https://data.ngdc.noaa.gov/platforms/ocean/ships/atlantis/AT37-05/multibeam/data/version1/MB/em122/0006_20161122_021614_Atlantis.all.mb58.gz,6710886,swath,whole
AT37-05,0006_20161124_113937_Atlantis.all.mb58.gz,https://data.ngdc.noaa.gov/platforms/ocean/ships/atlantis/AT37-05/multibeam/data/version1/MB/em122/0006_20161124_113937_Atlantis.all.mb58.gz,23068672,swath,whole
AT37-05,0006_20161201_091409_Atlantis.all.mb58.gz,https://data.ngdc.noaa.gov/platforms/ocean/ships/atlantis/AT37-05/multibeam/data/version1/MB/em122/0006_20161201_091409_Atlantis.all.mb58.gz,26214400,swath,whole
AT37-05,0007_20161104_205415_Atlantis.all.mb58.gz,https://data.ngdc.noaa.gov/platforms/ocean/ships/atlantis/AT37-05/multibeam/data/version1/MB/em122/0007_20161104_205415_Atlantis.all.mb58.gz,23068672,swath,whole
AT37-05,0007_20161105_092312_Atlantis.all.mb58.gz,https://data.ngdc.noaa.gov/platforms/ocean/ships/atlantis/AT37-05/multibeam/data/version1/MB/em122/0007_20161105_092312_Atlantis.all.mb58.gz,22020096,swath,whole
AT37-05,0007_20161106_083316_Atlantis.all.mb58.gz,https://data.ngdc.noaa.gov/platforms/ocean/ships/atlantis/AT37-05/multibeam/data/version1/MB/em122/0007_20161106_083316_Atlantis.all.mb58.gz,25165824,swath,whole
AT37-05,0007_20161107_091233_Atlantis.all.mb58.gz,https://data.ngdc.noaa.gov/platforms/ocean/ships/atlantis/AT37-05/multibeam/data/version1/MB/em122/0007_20161107_091233_Atlantis.all.mb58.gz,26214400,swath,whole
AT37-05,0007_20161110_041359_Atlantis.all.mb58.gz,https://data.ngdc.noaa.gov/platforms/ocean/ships/atlantis/AT37-05/multibeam/data/version1/MB/em122/0007_20161110_041359_Atlantis.all.mb58.gz,25165824,swath,whole
AT37-05,0007_20161110_133808_Atlantis.all.mb58.gz,https://data.ngdc.noaa.gov/platforms/ocean/ships/atlantis/AT37-05/multibeam/data/version1/MB/em122/0007_20161110_133808_Atlantis.all.mb58.gz,27262976,swath,whole
AT37-05,0007_20161122_023141_Atlantis.all.mb58.gz,https://data.ngdc.noaa.gov/platforms/ocean/ships/atlantis/AT37-05/multibeam/data/version1/MB/em122/0007_20161122_023141_Atlantis.all.mb58.gz,25165824,swath,whole
AT37-05,0007_20161124_123943_Atlantis.all.mb58.gz,https://data.ngdc.noaa.gov/platforms/ocean/ships/atlantis/AT37-05/multibeam/data/version1/MB/em122/0007_20161124_123943_Atlantis.all.mb58.gz,23068672,swath,whole
AT37-05,0007_20161201_101414_Atlantis.all.mb58.gz,https://data.ngdc.noaa.gov/platforms/ocean/ships/atlantis/AT37-05/multibeam/data/version1/MB/em122/0007_20161201_101414_Atlantis.all.mb58.gz,3670016,swath,whole
AT37-05,0008_20161104_215419_Atlantis.all.mb58.gz,https://data.ngdc.noaa.gov/platforms/ocean/ships/atlantis/AT37-05/multibeam/data/version1/MB/em122/0008_20161104_215419_Atlantis.all.mb58.gz,22020096,swath,whole
AT37-05,0008_20161106_010210_Atlantis.all.mb58.gz,https://data.ngdc.noaa.gov/platforms/ocean/ships/atlantis/AT37-05/multibeam/data/version1/MB/em122/0008_20161106_010210_Atlantis.all.mb58.gz,5242880,swath,whole
AT37-05,0008_20161106_093322_Atlantis.all.mb58.gz,https://data.ngdc.noaa.gov/platforms/ocean/ships/atlantis/AT37-05/multibeam/data/version1/MB/em122/0008_20161106_093322_Atlantis.all.mb58.gz,25165824,swath,whole
AT37-05,0008_20161107_101231_Atlantis.all.mb58.gz,https://data.ngdc.noaa.gov/platforms/ocean/ships/atlantis/AT37-05/multibeam/data/version1/MB/em122/0008_20161107_101231_Atlantis.all.mb58.gz,26214400,swath,whole
AT37-05,0008_20161110_051354_Atlantis.all.mb58.gz,https://data.ngdc.noaa.gov/platforms/ocean/ships/atlantis/AT37-05/multibeam/data/version1/MB/em122/0008_20161110_051354_Atlantis.all.mb58.gz,26214400,swath,whole
AT37-05,0008_20161110_143810_Atlantis.all.mb58.gz,https://data.ngdc.noaa.gov/platforms/ocean/ships/atlantis/AT37-05/multibeam/data/version1/MB/em122/0008_20161110_143810_Atlantis.all.mb58.gz,26214400,swath,whole
AT37-05,0008_20161122_033138_Atlantis.all.mb58.gz,https://data.ngdc.noaa.gov/platforms/ocean/ships/atlantis/AT37-05/multibeam/data/version1/MB/em122/0008_20161122_033138_Atlantis.all.mb58.gz,25165824,swath,whole
AT37-05,0008_20161124_133936_Atlantis.all.mb58.gz,https://data.ngdc.noaa.gov/platforms/ocean/ships/atlantis/AT37-05/multibeam/data/version1/MB/em122/0008_20161124_133936_Atlantis.all.mb58.gz,24117248,swath,whole
AT37-05,0008_20161201_102248_Atlantis.all.mb58.gz,https://data.ngdc.noaa.gov/platforms/ocean/ships/atlantis/AT37-05/multibeam/data/version1/MB/em122/0008_20161201_102248_Atlantis.all.mb58.gz,25165824,swath,whole
AT37-05,0009_20161104_225052_Atlantis.all.mb58.gz,https://data.ngdc.noaa.gov/platforms/ocean/ships/atlantis/AT37-05/multibeam/data/version1/MB/em122/0009_20161104_225052_Atlantis.all.mb58.gz,24117248,swath,whole
AT37-05,0009_20161106_011723_Atlantis.all.mb58.gz,https://data.ngdc.noaa.gov/platforms/ocean/ships/atlantis/AT37-05/multibeam/data/version1/MB/em122/0009_20161106_011723_Atlantis.all.mb58.gz,11534336,swath,whole
AT37-05,0009_20161106_103324_Atlantis.all.mb58.gz,https://data.ngdc.noaa.gov/platforms/ocean/ships/atlantis/AT37-05/multibeam/data/version1/MB/em122/0009_20161106_103324_Atlantis.all.mb58.gz,25165824,swath,whole
AT37-05,0009_20161107_111233_Atlantis.all.mb58.gz,https://data.ngdc.noaa.gov/platforms/ocean/ships/atlantis/AT37-05/multibeam/data/version1/MB/em122/0009_20161107_111233_Atlantis.all.mb58.gz,26214400,swath,whole
AT37-05,0009_20161110_061402_Atlantis.all.mb58.gz,https://data.ngdc.noaa.gov/platforms/ocean/ships/atlantis/AT37-05/multibeam/data/version1/MB/em122/0009_20161110_061402_Atlantis.all.mb58.gz,23068672,swath,whole
AT37-05,0009_20161110_153815_Atlantis.all.mb58.gz,https://data.ngdc.noaa.gov/platforms/ocean/ships/atlantis/AT37-05/multibeam/data/version1/MB/em122/0009_20161110_153815_Atlantis.all.mb58.gz,26214400,swath,whole
AT37-05,0009_20161122_043146_Atlantis.all.mb58.gz,https://data.ngdc.noaa.gov/platforms/ocean/ships/atlantis/AT37-05/multibeam/data/version1/MB/em122/0009_20161122_043146_Atlantis.all.mb58.gz,24117248,swath,whole
AT37-05,0009_20161124_143943_Atlantis.all.mb58.gz,https://data.ngdc.noaa.gov/platforms/ocean/ships/atlantis/AT37-05/multibeam/data/version1/MB/em122/0009_20161124_143943_Atlantis.all.mb58.gz,24117248,swath,whole
AT37-05,0009_20161201_112245_Atlantis.all.mb58.gz,https://data.ngdc.noaa.gov/platforms/ocean/ships/atlantis/AT37-05/multibeam/data/version1/MB/em122/0009_20161201_112245_Atlantis.all.mb58.gz,25165824,swath,whole
AT37-05,0010_20161104_235034_Atlantis.all.mb58.gz,https://data.ngdc.noaa.gov/platforms/ocean/ships/atlantis/AT37-05/multibeam/data/version1/MB/em122/0010_20161104_235034_Atlantis.all.mb58.gz,6501171,swath,whole
AT37-05,0010_20161106_024236_Atlantis.all.mb58.gz,https://data.ngdc.noaa.gov/platforms/ocean/ships/atlantis/AT37-05/multibeam/data/version1/MB/em122/0010_20161106_024236_Atlantis.all.mb58.gz,1468006,swath,whole
AT37-05,0010_20161106_113323_Atlantis.all.mb58.gz,https://data.ngdc.noaa.gov/platforms/ocean/ships/atlantis/AT37-05/multibeam/data/version1/MB/em122/0010_20161106_113323_Atlantis.all.mb58.gz,25165824,swath,whole
AT37-05,0010_20161107_121229_Atlantis.all.mb58.gz,https://data.ngdc.noaa.gov/platforms/ocean/ships/atlantis/AT37-05/multibeam/data/version1/MB/em122/0010_20161107_121229_Atlantis.all.mb58.gz,26214400,swath,whole
AT37-05,0010_20161110_163809_Atlantis.all.mb58.gz,https://data.ngdc.noaa.gov/platforms/ocean/ships/atlantis/AT37-05/multibeam/data/version1/MB/em122/0010_20161110_163809_Atlantis.all.mb58.gz,25165824,swath,whole
AT37-05,0010_20161122_053146_Atlantis.all.mb58.gz,https://data.ngdc.noaa.gov/platforms/ocean/ships/atlantis/AT37-05/multibeam/data/version1/MB/em122/0010_20161122_053146_Atlantis.all.mb58.gz,24117248,swath,whole
AT37-05,0010_20161124_153939_Atlantis.all.mb58.gz,https://data.ngdc.noaa.gov/platforms/ocean/ships/atlantis/AT37-05/multibeam/data/version1/MB/em122/0010_20161124_153939_Atlantis.all.mb58.gz,24117248,swath,whole
AT37-05,0010_20161201_122251_Atlantis.all.mb58.gz,https://data.ngdc.noaa.gov/platforms/ocean/ships/atlantis/AT37-05/multibeam/data/version1/MB/em122/0010_20161201_122251_Atlantis.all.mb58.gz,26214400,swath,whole
AT37-05,0011_20161105_000648_Atlantis.all.mb58.gz,https://data.ngdc.noaa.gov/platforms/ocean/ships/atlantis/AT37-05/multibeam/data/version1/MB/em122/0011_20161105_000648_Atlantis.all.mb58.gz,24117248,swath,whole
AT37-05,0011_20161106_123315_Atlantis.all.mb58.gz,https://data.ngdc.noaa.gov/platforms/ocean/ships/atlantis/AT37-05/multibeam/data/version1/MB/em122/0011_20161106_123315_Atlantis.all.mb58.gz,25165824,swath,whole
AT37-05,0011_20161107_131232_Atlantis.all.mb58.gz,https://data.ngdc.noaa.gov/platforms/ocean/ships/atlantis/AT37-05/multibeam/data/version1/MB/em122/0011_20161107_131232_Atlantis.all.mb58.gz,26214400,swath,whole
AT37-05,0011_20161110_173810_Atlantis.all.mb58.gz,https://data.ngdc.noaa.gov/platforms/ocean/ships/atlantis/AT37-05/multibeam/data/version1/MB/em122/0011_20161110_173810_Atlantis.all.mb58.gz,25165824,swath,whole
AT37-05,0011_20161122_063141_Atlantis.all.mb58.gz,https://data.ngdc.noaa.gov/platforms/ocean/ships/atlantis/AT37-05/multibeam/data/version1/MB/em122/0011_20161122_063141_Atlantis.all.mb58.gz,9856614,swath,whole
AT37-05,0011_20161124_163939_Atlantis.all.mb58.gz,https://data.ngdc.noaa.gov/platforms/ocean/ships/atlantis/AT37-05/multibeam/data/version1/MB/em122/0011_20161124_163939_Atlantis.all.mb58.gz,25165824,swath,whole
AT37-05,0011_20161201_132243_Atlantis.all.mb58.gz,https://data.ngdc.noaa.gov/platforms/ocean/ships/atlantis/AT37-05/multibeam/data/version1/MB/em122/0011_20161201_132243_Atlantis.all.mb58.gz,25165824,swath,whole
AT37-05,0012_20161105_010645_Atlantis.all.mb58.gz,https://data.ngdc.noaa.gov/platforms/ocean/ships/atlantis/AT37-05/multibeam/data/version1/MB/em122/0012_20161105_010645_Atlantis.all.mb58.gz,17825792,swath,whole
AT37-05,0012_20161105_015604_Atlantis.all.mb58.gz,https://data.ngdc.noaa.gov/platforms/ocean/ships/atlantis/AT37-05/multibeam/data/version1/MB/em122/0012_20161105_015604_Atlantis.all.mb58.gz,5976883,swath,whole
AT37-05,0012_20161106_133324_Atlantis.all.mb58.gz,https://data.ngdc.noaa.gov/platforms/ocean/ships/atlantis/AT37-05/multibeam/data/version1/MB/em122/0012_20161106_133324_Atlantis.all.mb58.gz,25165824,swath,whole
AT37-05,0012_20161107_141230_Atlantis.all.mb58.gz,https://data.ngdc.noaa.gov/platforms/ocean/ships/atlantis/AT37-05/multibeam/data/version1/MB/em122/0012_20161107_141230_Atlantis.all.mb58.gz,26214400,swath,whole
AT37-05,0012_20161110_183809_Atlantis.all.mb58.gz,https://data.ngdc.noaa.gov/platforms/ocean/ships/atlantis/AT37-05/multibeam/data/version1/MB/em122/0012_20161110_183809_Atlantis.all.mb58.gz,24117248,swath,whole
AT37-05,0012_20161122_065524_Atlantis.all.mb58.gz,https://data.ngdc.noaa.gov/platforms/ocean/ships/atlantis/AT37-05/multibeam/data/version1/MB/em122/0012_20161122_065524_Atlantis.all.mb58.gz,25165824,swath,whole
AT37-05,0012_20161124_173946_Atlantis.all.mb58.gz,https://data.ngdc.noaa.gov/platforms/ocean/ships/atlantis/AT37-05/multibeam/data/version1/MB/em122/0012_20161124_173946_Atlantis.all.mb58.gz,25165824,swath,whole
AT37-05,0012_20161201_142243_Atlantis.all.mb58.gz,https://data.ngdc.noaa.gov/platforms/ocean/ships/atlantis/AT37-05/multibeam/data/version1/MB/em122/0012_20161201_142243_Atlantis.all.mb58.gz,26214400,swath,whole
AT37-05,0013_20161105_021038_Atlantis.all.mb58.gz,https://data.ngdc.noaa.gov/platforms/ocean/ships/atlantis/AT37-05/multibeam/data/version1/MB/em122/0013_20161105_021038_Atlantis.all.mb58.gz,1258291,swath,whole
AT37-05,0013_20161106_143322_Atlantis.all.mb58.gz,https://data.ngdc.noaa.gov/platforms/ocean/ships/atlantis/AT37-05/multibeam/data/version1/MB/em122/0013_20161106_143322_Atlantis.all.mb58.gz,25165824,swath,whole
AT37-05,0013_20161107_151234_Atlantis.all.mb58.gz,https://data.ngdc.noaa.gov/platforms/ocean/ships/atlantis/AT37-05/multibeam/data/version1/MB/em122/0013_20161107_151234_Atlantis.all.mb58.gz,25165824,swath,whole
AT37-05,0013_20161110_193807_Atlantis.all.mb58.gz,https://data.ngdc.noaa.gov/platforms/ocean/ships/atlantis/AT37-05/multibeam/data/version1/MB/em122/0013_20161110_193807_Atlantis.all.mb58.gz,25165824,swath,whole
AT37-05,0013_20161122_075521_Atlantis.all.mb58.gz,https://data.ngdc.noaa.gov/platforms/ocean/ships/atlantis/AT37-05/multibeam/data/version1/MB/em122/0013_20161122_075521_Atlantis.all.mb58.gz,25165824,swath,whole
AT37-05,0013_20161124_183941_Atlantis.all.mb58.gz,https://data.ngdc.noaa.gov/platforms/ocean/ships/atlantis/AT37-05/multibeam/data/version1/MB/em122/0013_20161124_183941_Atlantis.all.mb58.gz,24117248,swath,whole
AT37-05,0013_20161201_152248_Atlantis.all.mb58.gz,https://data.ngdc.noaa.gov/platforms/ocean/ships/atlantis/AT37-05/multibeam/data/version1/MB/em122/0013_20161201_152248_Atlantis.all.mb58.gz,26214400,swath,whole
AT37-05,0014_20161106_153325_Atlantis.all.mb58.gz,https://data.ngdc.noaa.gov/platforms/ocean/ships/atlantis/AT37-05/multibeam/data/version1/MB/em122/0014_20161106_153325_Atlantis.all.mb58.gz,25165824,swath,whole
AT37-05,0014_20161107_161236_Atlantis.all.mb58.gz,https://data.ngdc.noaa.gov/platforms/ocean/ships/atlantis/AT37-05/multibeam/data/version1/MB/em122/0014_20161107_161236_Atlantis.all.mb58.gz,25165824,swath,whole
AT37-05,0014_20161110_203805_Atlantis.all.mb58.gz,https://data.ngdc.noaa.gov/platforms/ocean/ships/atlantis/AT37-05/multibeam/data/version1/MB/em122/0014_20161110_203805_Atlantis.all.mb58.gz,25165824,swath,whole
AT37-05,0014_20161122_085525_Atlantis.all.mb58.gz,https://data.ngdc.noaa.gov/platforms/ocean/ships/atlantis/AT37-05/multibeam/data/version1/MB/em122/0014_20161122_085525_Atlantis.all.mb58.gz,26214400,swath,whole
AT37-05,0014_20161124_193937_Atlantis.all.mb58.gz,https://data.ngdc.noaa.gov/platforms/ocean/ships/atlantis/AT37-05/multibeam/data/version1/MB/em122/0014_20161124_193937_Atlantis.all.mb58.gz,15728640,swath,whole
AT37-05,0014_20161201_162250_Atlantis.all.mb58.gz,https://data.ngdc.noaa.gov/platforms/ocean/ships/atlantis/AT37-05/multibeam/data/version1/MB/em122/0014_20161201_162250_Atlantis.all.mb58.gz,8388608,swath,whole
AT37-05,0015_20161106_163315_Atlantis.all.mb58.gz,https://data.ngdc.noaa.gov/platforms/ocean/ships/atlantis/AT37-05/multibeam/data/version1/MB/em122/0015_20161106_163315_Atlantis.all.mb58.gz,26214400,swath,whole
AT37-05,0015_20161107_171228_Atlantis.all.mb58.gz,https://data.ngdc.noaa.gov/platforms/ocean/ships/atlantis/AT37-05/multibeam/data/version1/MB/em122/0015_20161107_171228_Atlantis.all.mb58.gz,25165824,swath,whole
AT37-05,0015_20161110_213811_Atlantis.all.mb58.gz,https://data.ngdc.noaa.gov/platforms/ocean/ships/atlantis/AT37-05/multibeam/data/version1/MB/em122/0015_20161110_213811_Atlantis.all.mb58.gz,25165824,swath,whole
AT37-05,0015_20161122_095530_Atlantis.all.mb58.gz,https://data.ngdc.noaa.gov/platforms/ocean/ships/atlantis/AT37-05/multibeam/data/version1/MB/em122/0015_20161122_095530_Atlantis.all.mb58.gz,16777216,swath,whole
AT37-05,0015_20161124_201652_Atlantis.all.mb58.gz,https://data.ngdc.noaa.gov/platforms/ocean/ships/atlantis/AT37-05/multibeam/data/version1/MB/em122/0015_20161124_201652_Atlantis.all.mb58.gz,7130317,swath,whole
AT37-05,0016_20161106_173320_Atlantis.all.mb58.gz,https://data.ngdc.noaa.gov/platforms/ocean/ships/atlantis/AT37-05/multibeam/data/version1/MB/em122/0016_20161106_173320_Atlantis.all.mb58.gz,25165824,swath,whole
AT37-05,0016_20161107_181232_Atlantis.all.mb58.gz,https://data.ngdc.noaa.gov/platforms/ocean/ships/atlantis/AT37-05/multibeam/data/version1/MB/em122/0016_20161107_181232_Atlantis.all.mb58.gz,25165824,swath,whole
AT37-05,0016_20161110_223809_Atlantis.all.mb58.gz,https://data.ngdc.noaa.gov/platforms/ocean/ships/atlantis/AT37-05/multibeam/data/version1/MB/em122/0016_20161110_223809_Atlantis.all.mb58.gz,5662310,swath,whole
AT37-05,0016_20161122_103309_Atlantis.all.mb58.gz,https://data.ngdc.noaa.gov/platforms/ocean/ships/atlantis/AT37-05/multibeam/data/version1/MB/em122/0016_20161122_103309_Atlantis.all.mb58.gz,25165824,swath,whole
AT37-05,0016_20161124_203432_Atlantis.all.mb58.gz,https://data.ngdc.noaa.gov/platforms/ocean/ships/atlantis/AT37-05/multibeam/data/version1/MB/em122/0016_20161124_203432_Atlantis.all.mb58.gz,26214400,swath,whole
AT37-05,0017_20161106_183323_Atlantis.all.mb58.gz,https://data.ngdc.noaa.gov/platforms/ocean/ships/atlantis/AT37-05/multibeam/data/version1/MB/em122/0017_20161106_183323_Atlantis.all.mb58.gz,222208,swath,whole
AT37-05,0017_20161107_191235_Atlantis.all.mb58.gz,https://data.ngdc.noaa.gov/platforms/ocean/ships/atlantis/AT37-05/multibeam/data/version1/MB/em122/0017_20161107_191235_Atlantis.all.mb58.gz,25165824,swath,whole
AT37-05,0017_20161110_225141_Atlantis.all.mb58.gz,https://data.ngdc.noaa.gov/platforms/ocean/ships/atlantis/AT37-05/multibeam/data/version1/MB/em122/0017_20161110_225141_Atlantis.all.mb58.gz,25165824,swath,whole
AT37-05,0017_20161122_113300_Atlantis.all.mb58.gz,https://data.ngdc.noaa.gov/platforms/ocean/ships/atlantis/AT37-05/multibeam/data/version1/MB/em122/0017_20161122_113300_Atlantis.all.mb58.gz,25165824,swath,whole
AT37-05,0017_20161124_213430_Atlantis.all.mb58.gz,https://data.ngdc.noaa.gov/platforms/ocean/ships/atlantis/AT37-05/multibeam/data/version1/MB/em122/0017_20161124_213430_Atlantis.all.mb58.gz,14680064,swath,whole
AT37-05,0018_20161106_183355_Atlantis.all.mb58.gz,https://data.ngdc.noaa.gov/platforms/ocean/ships/atlantis/AT37-05/multibeam/data/version1/MB/em122/0018_20161106_183355_Atlantis.all.mb58.gz,25165824,swath,whole
AT37-05,0018_20161107_201234_Atlantis.all.mb58.gz,https://data.ngdc.noaa.gov/platforms/ocean/ships/atlantis/AT37-05/multibeam/data/version1/MB/em122/0018_20161107_201234_Atlantis.all.mb58.gz,25165824,swath,whole
AT37-05,0018_20161110_235144_Atlantis.all.mb58.gz,https://data.ngdc.noaa.gov/platforms/ocean/ships/atlantis/AT37-05/multibeam/data/version1/MB/em122/0018_20161110_235144_Atlantis.all.mb58.gz,25165824,swath,whole
AT37-05,0018_20161122_123307_Atlantis.all.mb58.gz,https://data.ngdc.noaa.gov/platforms/ocean/ships/atlantis/AT37-05/multibeam/data/version1/MB/em122/0018_20161122_123307_Atlantis.all.mb58.gz,2202010,swath,whole
AT37-05,0018_20161124_220831_Atlantis.all.mb58.gz,https://data.ngdc.noaa.gov/platforms/ocean/ships/atlantis/AT37-05/multibeam/data/version1/MB/em122/0018_20161124_220831_Atlantis.all.mb58.gz,1048576,swath,whole
AT37-05,0019_20161106_193350_Atlantis.all.mb58.gz,https://data.ngdc.noaa.gov/platforms/ocean/ships/atlantis/AT37-05/multibeam/data/version1/MB/em122/0019_20161106_193350_Atlantis.all.mb58.gz,26214400,swath,whole
AT37-05,0019_20161107_211235_Atlantis.all.mb58.gz,https://data.ngdc.noaa.gov/platforms/ocean/ships/atlantis/AT37-05/multibeam/data/version1/MB/em122/0019_20161107_211235_Atlantis.all.mb58.gz,25165824,swath,whole
AT37-05,0019_20161111_005141_Atlantis.all.mb58.gz,https://data.ngdc.noaa.gov/platforms/ocean/ships/atlantis/AT37-05/multibeam/data/version1/MB/em122/0019_20161111_005141_Atlantis.all.mb58.gz,25165824,swath,whole
AT37-05,0019_20161122_123831_Atlantis.all.mb58.gz,https://data.ngdc.noaa.gov/platforms/ocean/ships/atlantis/AT37-05/multibeam/data/version1/MB/em122/0019_20161122_123831_Atlantis.all.mb58.gz,9017754,swath,whole
AT37-05,0019_20161125_003033_Atlantis.all.mb58.gz,https://data.ngdc.noaa.gov/platforms/ocean/ships/atlantis/AT37-05/multibeam/data/version1/MB/em122/0019_20161125_003033_Atlantis.all.mb58.gz,486400,swath,whole
AT37-05,0020_20161106_203358_Atlantis.all.mb58.gz,https://data.ngdc.noaa.gov/platforms/ocean/ships/atlantis/AT37-05/multibeam/data/version1/MB/em122/0020_20161106_203358_Atlantis.all.mb58.gz,26214400,swath,whole
AT37-05,0020_20161107_221227_Atlantis.all.mb58.gz,https://data.ngdc.noaa.gov/platforms/ocean/ships/atlantis/AT37-05/multibeam/data/version1/MB/em122/0020_20161107_221227_Atlantis.all.mb58.gz,25165824,swath,whole
AT37-05,0020_20161111_015144_Atlantis.all.mb58.gz,https://data.ngdc.noaa.gov/platforms/ocean/ships/atlantis/AT37-05/multibeam/data/version1/MB/em122/0020_20161111_015144_Atlantis.all.mb58.gz,26214400,swath,whole
AT37-05,0020_20161122_125920_Atlantis.all.mb58.gz,https://data.ngdc.noaa.gov/platforms/ocean/ships/atlantis/AT37-05/multibeam/data/version1/MB/em122/0020_20161122_125920_Atlantis.all.mb58.gz,5976883,swath,whole
AT37-05,0020_20161125_024753_Atlantis.all.mb58.gz,https://data.ngdc.noaa.gov/platforms/ocean/ships/atlantis/AT37-05/multibeam/data/version1/MB/em122/0020_20161125_024753_Atlantis.all.mb58.gz,19922944,swath,whole
AT37-05,0021_20161106_213351_Atlantis.all.mb58.gz,https://data.ngdc.noaa.gov/platforms/ocean/ships/atlantis/AT37-05/multibeam/data/version1/MB/em122/0021_20161106_213351_Atlantis.all.mb58.gz,26214400,swath,whole
AT37-05,0021_20161107_231237_Atlantis.all.mb58.gz,https://data.ngdc.noaa.gov/platforms/ocean/ships/atlantis/AT37-05/multibeam/data/version1/MB/em122/0021_20161107_231237_Atlantis.all.mb58.gz,5347738,swath,whole
AT37-05,0021_20161111_025146_Atlantis.all.mb58.gz,https://data.ngdc.noaa.gov/platforms/ocean/ships/atlantis/AT37-05/multibeam/data/version1/MB/em122/0021_20161111_025146_Atlantis.all.mb58.gz,25165824,swath,whole
AT37-05,0021_20161122_131306_Atlantis.all.mb58.gz,https://data.ngdc.noaa.gov/platforms/ocean/ships/atlantis/AT37-05/multibeam/data/version1/MB/em122/0021_20161122_131306_Atlantis.all.mb58.gz,25165824,swath,whole
AT37-05,0021_20161127_000254_Atlantis.all.mb58.gz,https://data.ngdc.noaa.gov/platforms/ocean/ships/atlantis/AT37-05/multibeam/data/version1/MB/em122/0021_20161127_000254_Atlantis.all.mb58.gz,84992,swath,whole
AT37-05,0022_20161106_223400_Atlantis.all.mb58.gz,https://data.ngdc.noaa.gov/platforms/ocean/ships/atlantis/AT37-05/multibeam/data/version1/MB/em122/0022_20161106_223400_Atlantis.all.mb58.gz,26214400,swath,whole
AT37-05,0022_20161109_063915_Atlantis.all.mb58.gz,https://data.ngdc.noaa.gov/platforms/ocean/ships/atlantis/AT37-05/multibeam/data/version1/MB/em122/0022_20161109_063915_Atlantis.all.mb58.gz,24117248,swath,whole
AT37-05,0022_20161111_035143_Atlantis.all.mb58.gz,https://data.ngdc.noaa.gov/platforms/ocean/ships/atlantis/AT37-05/multibeam/data/version1/MB/em122/0022_20161111_035143_Atlantis.all.mb58.gz,25165824,swath,whole
AT37-05,0022_20161122_141314_Atlantis.all.mb58.gz,https://data.ngdc.noaa.gov/platforms/ocean/ships/atlantis/AT37-05/multibeam/data/version1/MB/em122/0022_20161122_141314_Atlantis.all.mb58.gz,25165824,swath,whole
AT37-05,0022_20161127_000305_Atlantis.all.mb58.gz,https://data.ngdc.noaa.gov/platforms/ocean/ships/atlantis/AT37-05/multibeam/data/version1/MB/em122/0022_20161127_000305_Atlantis.all.mb58.gz,4194304,swath,whole
AT37-05,0023_20161106_233351_Atlantis.all.mb58.gz,https://data.ngdc.noaa.gov/platforms/ocean/ships/atlantis/AT37-05/multibeam/data/version1/MB/em122/0023_20161106_233351_Atlantis.all.mb58.gz,26214400,swath,whole
AT37-05,0023_20161109_073912_Atlantis.all.mb58.gz,https://data.ngdc.noaa.gov/platforms/ocean/ships/atlantis/AT37-05/multibeam/data/version1/MB/em122/0023_20161109_073912_Atlantis.all.mb58.gz,25165824,swath,whole
AT37-05,0023_20161111_045138_Atlantis.all.mb58.gz,https://data.ngdc.noaa.gov/platforms/ocean/ships/atlantis/AT37-05/multibeam/data/version1/MB/em122/0023_20161111_045138_Atlantis.all.mb58.gz,25165824,swath,whole
AT37-05,0023_20161122_151312_Atlantis.all.mb58.gz,https://data.ngdc.noaa.gov/platforms/ocean/ships/atlantis/AT37-05/multibeam/data/version1/MB/em122/0023_20161122_151312_Atlantis.all.mb58.gz,24117248,swath,whole
AT37-05,0023_20161127_231707_Atlantis.all.mb58.gz,https://data.ngdc.noaa.gov/platforms/ocean/ships/atlantis/AT37-05/multibeam/data/version1/MB/em122/0023_20161127_231707_Atlantis.all.mb58.gz,2726298,swath,whole
AT37-05,0024_20161107_003350_Atlantis.all.mb58.gz,https://data.ngdc.noaa.gov/platforms/ocean/ships/atlantis/AT37-05/multibeam/data/version1/MB/em122/0024_20161107_003350_Atlantis.all.mb58.gz,26214400,swath,whole
AT37-05,0024_20161109_083908_Atlantis.all.mb58.gz,https://data.ngdc.noaa.gov/platforms/ocean/ships/atlantis/AT37-05/multibeam/data/version1/MB/em122/0024_20161109_083908_Atlantis.all.mb58.gz,25165824,swath,whole
AT37-05,0024_20161111_055144_Atlantis.all.mb58.gz,https://data.ngdc.noaa.gov/platforms/ocean/ships/atlantis/AT37-05/multibeam/data/version1/MB/em122/0024_20161111_055144_Atlantis.all.mb58.gz,25165824,swath,whole
AT37-05,0024_20161122_161310_Atlantis.all.mb58.gz,https://data.ngdc.noaa.gov/platforms/ocean/ships/atlantis/AT37-05/multibeam/data/version1/MB/em122/0024_20161122_161310_Atlantis.all.mb58.gz,19922944,swath,whole
AT37-05,0024_20161128_233239_Atlantis.all.mb58.gz,https://data.ngdc.noaa.gov/platforms/ocean/ships/atlantis/AT37-05/multibeam/data/version1/MB/em122/0024_20161128_233239_Atlantis.all.mb58.gz,16777216,swath,whole
AT37-05,0025_20161107_013350_Atlantis.all.mb58.gz,https://data.ngdc.noaa.gov/platforms/ocean/ships/atlantis/AT37-05/multibeam/data/version1/MB/em122/0025_20161107_013350_Atlantis.all.mb58.gz,15728640,swath,whole
AT37-05,0025_20161109_093913_Atlantis.all.mb58.gz,https://data.ngdc.noaa.gov/platforms/ocean/ships/atlantis/AT37-05/multibeam/data/version1/MB/em122/0025_20161109_093913_Atlantis.all.mb58.gz,25165824,swath,whole
AT37-05,0025_20161111_065146_Atlantis.all.mb58.gz,https://data.ngdc.noaa.gov/platforms/ocean/ships/atlantis/AT37-05/multibeam/data/version1/MB/em122/0025_20161111_065146_Atlantis.all.mb58.gz,25165824,swath,whole
AT37-05,0025_20161122_170158_Atlantis.all.mb58.gz,https://data.ngdc.noaa.gov/platforms/ocean/ships/atlantis/AT37-05/multibeam/data/version1/MB/em122/0025_20161122_170158_Atlantis.all.mb58.gz,7549747,swath,whole
AT37-05,0025_20161129_222914_Atlantis.all.mb58.gz,https://data.ngdc.noaa.gov/platforms/ocean/ships/atlantis/AT37-05/multibeam/data/version1/MB/em122/0025_20161129_222914_Atlantis.all.mb58.gz,26214400,swath,whole
AT37-05,0026_20161109_103907_Atlantis.all.mb58.gz,https://data.ngdc.noaa.gov/platforms/ocean/ships/atlantis/AT37-05/multibeam/data/version1/MB/em122/0026_20161109_103907_Atlantis.all.mb58.gz,25165824,swath,whole
AT37-05,0026_20161111_075137_Atlantis.all.mb58.gz,https://data.ngdc.noaa.gov/platforms/ocean/ships/atlantis/AT37-05/multibeam/data/version1/MB/em122/0026_20161111_075137_Atlantis.all.mb58.gz,26214400,swath,whole
AT37-05,0026_20161122_172029_Atlantis.all.mb58.gz,https://data.ngdc.noaa.gov/platforms/ocean/ships/atlantis/AT37-05/multibeam/data/version1/MB/em122/0026_20161122_172029_Atlantis.all.mb58.gz,24117248,swath,whole
AT37-05,0026_20161129_232917_Atlantis.all.mb58.gz,https://data.ngdc.noaa.gov/platforms/ocean/ships/atlantis/AT37-05/multibeam/data/version1/MB/em122/0026_20161129_232917_Atlantis.all.mb58.gz,22020096,swath,whole
AT37-05,0027_20161109_113908_Atlantis.all.mb58.gz,https://data.ngdc.noaa.gov/platforms/ocean/ships/atlantis/AT37-05/multibeam/data/version1/MB/em122/0027_20161109_113908_Atlantis.all.mb58.gz,24117248,swath,whole
AT37-05,0027_20161111_085146_Atlantis.all.mb58.gz,https://data.ngdc.noaa.gov/platforms/ocean/ships/atlantis/AT37-05/multibeam/data/version1/MB/em122/0027_20161111_085146_Atlantis.all.mb58.gz,26214400,swath,whole
AT37-05,0027_20161122_182021_Atlantis.all.mb58.gz,https://data.ngdc.noaa.gov/platforms/ocean/ships/atlantis/AT37-05/multibeam/data/version1/MB/em122/0027_20161122_182021_Atlantis.all.mb58.gz,23068672,swath,whole
AT37-05,0028_20161109_123912_Atlantis.all.mb58.gz,https://data.ngdc.noaa.gov/platforms/ocean/ships/atlantis/AT37-05/multibeam/data/version1/MB/em122/0028_20161109_123912_Atlantis.all.mb58.gz,25165824,swath,whole
AT37-05,0028_20161111_095143_Atlantis.all.mb58.gz,https://data.ngdc.noaa.gov/platforms/ocean/ships/atlantis/AT37-05/multibeam/data/version1/MB/em122/0028_20161111_095143_Atlantis.all.mb58.gz,26214400,swath,whole
AT37-05,0028_20161122_192029_Atlantis.all.mb58.gz,https://data.ngdc.noaa.gov/platforms/ocean/ships/atlantis/AT37-05/multibeam/data/version1/MB/em122/0028_20161122_192029_Atlantis.all.mb58.gz,24117248,swath,whole
AT37-05,0029_20161109_133912_Atlantis.all.mb58.gz,https://data.ngdc.noaa.gov/platforms/ocean/ships/atlantis/AT37-05/multibeam/data/version1/MB/em122/0029_20161109_133912_Atlantis.all.mb58.gz,25165824,swath,whole
AT37-05,0029_20161111_105144_Atlantis.all.mb58.gz,https://data.ngdc.noaa.gov/platforms/ocean/ships/atlantis/AT37-05/multibeam/data/version1/MB/em122/0029_20161111_105144_Atlantis.all.mb58.gz,26214400,swath,whole
AT37-05,0029_20161122_202030_Atlantis.all.mb58.gz,https://data.ngdc.noaa.gov/platforms/ocean/ships/atlantis/AT37-05/multibeam/data/version1/MB/em122/0029_20161122_202030_Atlantis.all.mb58.gz,23068672,swath,whole
AT37-05,0030_20161109_143912_Atlantis.all.mb58.gz,https://data.ngdc.noaa.gov/platforms/ocean/ships/atlantis/AT37-05/multibeam/data/version1/MB/em122/0030_20161109_143912_Atlantis.all.mb58.gz,25165824,swath,whole
AT37-05,0030_20161111_115138_Atlantis.all.mb58.gz,https://data.ngdc.noaa.gov/platforms/ocean/ships/atlantis/AT37-05/multibeam/data/version1/MB/em122/0030_20161111_115138_Atlantis.all.mb58.gz,26214400,swath,whole
AT37-05,0030_20161122_212021_Atlantis.all.mb58.gz,https://data.ngdc.noaa.gov/platforms/ocean/ships/atlantis/AT37-05/multibeam/data/version1/MB/em122/0030_20161122_212021_Atlantis.all.mb58.gz,23068672,swath,whole
AT37-05,0031_20161109_153915_Atlantis.all.mb58.gz,https://data.ngdc.noaa.gov/platforms/ocean/ships/atlantis/AT37-05/multibeam/data/version1/MB/em122/0031_20161109_153915_Atlantis.all.mb58.gz,25165824,swath,whole
AT37-05,0031_20161111_125138_Atlantis.all.mb58.gz,https://data.ngdc.noaa.gov/platforms/ocean/ships/atlantis/AT37-05/multibeam/data/version1/MB/em122/0031_20161111_125138_Atlantis.all.mb58.gz,2936013,swath,whole
AT37-05,0031_20161111_130039_Atlantis.all.mb58.gz,https://data.ngdc.noaa.gov/platforms/ocean/ships/atlantis/AT37-05/multibeam/data/version1/MB/em122/0031_20161111_130039_Atlantis.all.mb58.gz,2411725,swath,whole
AT37-05,0031_20161122_222026_Atlantis.all.mb58.gz,https://data.ngdc.noaa.gov/platforms/ocean/ships/atlantis/AT37-05/multibeam/data/version1/MB/em122/0031_20161122_222026_Atlantis.all.mb58.gz,23068672,swath,whole
AT37-05,0032_20161109_163913_Atlantis.all.mb58.gz,https://data.ngdc.noaa.gov/platforms/ocean/ships/atlantis/AT37-05/multibeam/data/version1/MB/em122/0032_20161109_163913_Atlantis.all.mb58.gz,25165824,swath,whole
AT37-05,0032_20161111_130607_Atlantis.all.mb58.gz,https://data.ngdc.noaa.gov/platforms/ocean/ships/atlantis/AT37-05/multibeam/data/version1/MB/em122/0032_20161111_130607_Atlantis.all.mb58.gz,26214400,swath,whole
AT37-05,0032_20161122_232021_Atlantis.all.mb58.gz,https://data.ngdc.noaa.gov/platforms/ocean/ships/atlantis/AT37-05/multibeam/data/version1/MB/em122/0032_20161122_232021_Atlantis.all.mb58.gz,13631488,swath,whole
AT37-05,0033_20161109_173912_Atlantis.all.mb58.gz,https://data.ngdc.noaa.gov/platforms/ocean/ships/atlantis/AT37-05/multibeam/data/version1/MB/em122/0033_20161109_173912_Atlantis.all.mb58.gz,25165824,swath,whole
AT37-05,0033_20161111_140606_Atlantis.all.mb58.gz,https://data.ngdc.noaa.gov/platforms/ocean/ships/atlantis/AT37-05/multibeam/data/version1/MB/em122/0033_20161111_140606_Atlantis.all.mb58.gz,26214400,swath,whole
AT37-05,0033_20161122_235725_Atlantis.all.mb58.gz,https://data.ngdc.noaa.gov/platforms/ocean/ships/atlantis/AT37-05/multibeam/data/version1/MB/em122/0033_20161122_235725_Atlantis.all.mb58.gz,6501171,swath,whole
AT37-05,0034_20161109_183914_Atlantis.all.mb58.gz,https://data.ngdc.noaa.gov/platforms/ocean/ships/atlantis/AT37-05/multibeam/data/version1/MB/em122/0034_20161109_183914_Atlantis.all.mb58.gz,4089446,swath,whole
AT37-05,0034_20161111_150604_Atlantis.all.mb58.gz,https://data.ngdc.noaa.gov/platforms/ocean/ships/atlantis/AT37-05/multibeam/data/version1/MB/em122/0034_20161111_150604_Atlantis.all.mb58.gz,26214400,swath,whole
AT37-05,0034_20161123_001324_Atlantis.all.mb58.gz,https://data.ngdc.noaa.gov/platforms/ocean/ships/atlantis/AT37-05/multibeam/data/version1/MB/em122/0034_20161123_001324_Atlantis.all.mb58.gz,24117248,swath,whole
AT37-05,0035_20161109_185151_Atlantis.all.mb58.gz,https://data.ngdc.noaa.gov/platforms/ocean/ships/atlantis/AT37-05/multibeam/data/version1/MB/em122/0035_20161109_185151_Atlantis.all.mb58.gz,25165824,swath,whole
AT37-05,0035_20161111_160603_Atlantis.all.mb58.gz,https://data.ngdc.noaa.gov/platforms/ocean/ships/atlantis/AT37-05/multibeam/data/version1/MB/em122/0035_20161111_160603_Atlantis.all.mb58.gz,26214400,swath,whole
AT37-05,0035_20161123_011320_Atlantis.all.mb58.gz,https://data.ngdc.noaa.gov/platforms/ocean/ships/atlantis/AT37-05/multibeam/data/version1/MB/em122/0035_20161123_011320_Atlantis.all.mb58.gz,17825792,swath,whole
AT37-05,0036_20161109_195150_Atlantis.all.mb58.gz,https://data.ngdc.noaa.gov/platforms/ocean/ships/atlantis/AT37-05/multibeam/data/version1/MB/em122/0036_20161109_195150_Atlantis.all.mb58.gz,14680064,swath,whole
AT37-05,0036_20161111_170610_Atlantis.all.mb58.gz,https://data.ngdc.noaa.gov/platforms/ocean/ships/atlantis/AT37-05/multibeam/data/version1/MB/em122/0036_20161111_170610_Atlantis.all.mb58.gz,25165824,swath,whole
AT37-05,0036_20161123_015806_Atlantis.all.mb58.gz,https://data.ngdc.noaa.gov/platforms/ocean/ships/atlantis/AT37-05/multibeam/data/version1/MB/em122/0036_20161123_015806_Atlantis.all.mb58.gz,8808038,swath,whole
AT37-05,0037_20161109_203454_Atlantis.all.mb58.gz,https://data.ngdc.noaa.gov/platforms/ocean/ships/atlantis/AT37-05/multibeam/data/version1/MB/em122/0037_20161109_203454_Atlantis.all.mb58.gz,3145728,swath,whole
AT37-05,0037_20161111_180610_Atlantis.all.mb58.gz,https://data.ngdc.noaa.gov/platforms/ocean/ships/atlantis/AT37-05/multibeam/data/version1/MB/em122/0037_20161111_180610_Atlantis.all.mb58.gz,25165824,swath,whole
AT37-05,0037_20161123_022025_Atlantis.all.mb58.gz,https://data.ngdc.noaa.gov/platforms/ocean/ships/atlantis/AT37-05/multibeam/data/version1/MB/em122/0037_20161123_022025_Atlantis.all.mb58.gz,24117248,swath,whole
AT37-05,0038_20161109_204406_Atlantis.all.mb58.gz,https://data.ngdc.noaa.gov/platforms/ocean/ships/atlantis/AT37-05/multibeam/data/version1/MB/em122/0038_20161109_204406_Atlantis.all.mb58.gz,4718592,swath,whole
AT37-05,0038_20161111_190610_Atlantis.all.mb58.gz,https://data.ngdc.noaa.gov/platforms/ocean/ships/atlantis/AT37-05/multibeam/data/version1/MB/em122/0038_20161111_190610_Atlantis.all.mb58.gz,25165824,swath,whole
AT37-05,0038_20161123_032023_Atlantis.all.mb58.gz,https://data.ngdc.noaa.gov/platforms/ocean/ships/atlantis/AT37-05/multibeam/data/version1/MB/em122/0038_20161123_032023_Atlantis.all.mb58.gz,25165824,swath,whole
AT37-05,0039_20161111_200607_Atlantis.all.mb58.gz,https://data.ngdc.noaa.gov/platforms/ocean/ships/atlantis/AT37-05/multibeam/data/version1/MB/em122/0039_20161111_200607_Atlantis.all.mb58.gz,25165824,swath,whole
AT37-05,0039_20161123_042027_Atlantis.all.mb58.gz,https://data.ngdc.noaa.gov/platforms/ocean/ships/atlantis/AT37-05/multibeam/data/version1/MB/em122/0039_20161123_042027_Atlantis.all.mb58.gz,25165824,swath,whole
AT37-05,0040_20161111_210601_Atlantis.all.mb58.gz,https://data.ngdc.noaa.gov/platforms/ocean/ships/atlantis/AT37-05/multibeam/data/version1/MB/em122/0040_20161111_210601_Atlantis.all.mb58.gz,25165824,swath,whole
AT37-05,0040_20161123_052020_Atlantis.all.mb58.gz,https://data.ngdc.noaa.gov/platforms/ocean/ships/atlantis/AT37-05/multibeam/data/version1/MB/em122/0040_20161123_052020_Atlantis.all.mb58.gz,25165824,swath,whole
AT37-05,0041_20161111_220606_Atlantis.all.mb58.gz,https://data.ngdc.noaa.gov/platforms/ocean/ships/atlantis/AT37-05/multibeam/data/version1/MB/em122/0041_20161111_220606_Atlantis.all.mb58.gz,25165824,swath,whole
AT37-05,0041_20161123_062026_Atlantis.all.mb58.gz,https://data.ngdc.noaa.gov/platforms/ocean/ships/atlantis/AT37-05/multibeam/data/version1/MB/em122/0041_20161123_062026_Atlantis.all.mb58.gz,25165824,swath,whole
AT37-05,0042_20161111_230602_Atlantis.all.mb58.gz,https://data.ngdc.noaa.gov/platforms/ocean/ships/atlantis/AT37-05/multibeam/data/version1/MB/em122/0042_20161111_230602_Atlantis.all.mb58.gz,25165824,swath,whole
AT37-05,0042_20161123_072018_Atlantis.all.mb58.gz,https://data.ngdc.noaa.gov/platforms/ocean/ships/atlantis/AT37-05/multibeam/data/version1/MB/em122/0042_20161123_072018_Atlantis.all.mb58.gz,25165824,swath,whole
AT37-05,0043_20161112_000607_Atlantis.all.mb58.gz,https://data.ngdc.noaa.gov/platforms/ocean/ships/atlantis/AT37-05/multibeam/data/version1/MB/em122/0043_20161112_000607_Atlantis.all.mb58.gz,4928307,swath,whole
AT37-05,0043_20161123_082022_Atlantis.all.mb58.gz,https://data.ngdc.noaa.gov/platforms/ocean/ships/atlantis/AT37-05/multibeam/data/version1/MB/em122/0043_20161123_082022_Atlantis.all.mb58.gz,25165824,swath,whole
AT37-05,0044_20161112_001806_Atlantis.all.mb58.gz,https://data.ngdc.noaa.gov/platforms/ocean/ships/atlantis/AT37-05/multibeam/data/version1/MB/em122/0044_20161112_001806_Atlantis.all.mb58.gz,13631488,swath,whole
AT37-05,0044_20161123_092024_Atlantis.all.mb58.gz,https://data.ngdc.noaa.gov/platforms/ocean/ships/atlantis/AT37-05/multibeam/data/version1/MB/em122/0044_20161123_092024_Atlantis.all.mb58.gz,25165824,swath,whole
AT37-05,0045_20161112_011651_Atlantis.all.mb58.gz,https://data.ngdc.noaa.gov/platforms/ocean/ships/atlantis/AT37-05/multibeam/data/version1/MB/em122/0045_20161112_011651_Atlantis.all.mb58.gz,16777216,swath,whole
AT37-05,0045_20161123_102023_Atlantis.all.mb58.gz,https://data.ngdc.noaa.gov/platforms/ocean/ships/atlantis/AT37-05/multibeam/data/version1/MB/em122/0045_20161123_102023_Atlantis.all.mb58.gz,25165824,swath,whole
AT37-05,0046_20161123_112025_Atlantis.all.mb58.gz,https://data.ngdc.noaa.gov/platforms/ocean/ships/atlantis/AT37-05/multibeam/data/version1/MB/em122/0046_20161123_112025_Atlantis.all.mb58.gz,25165824,swath,whole
AT37-05,0047_20161112_015611_Atlantis.all.mb58.gz,https://data.ngdc.noaa.gov/platforms/ocean/ships/atlantis/AT37-05/multibeam/data/version1/MB/em122/0047_20161112_015611_Atlantis.all.mb58.gz,589824,swath,whole
AT37-05,0047_20161123_122026_Atlantis.all.mb58.gz,https://data.ngdc.noaa.gov/platforms/ocean/ships/atlantis/AT37-05/multibeam/data/version1/MB/em122/0047_20161123_122026_Atlantis.all.mb58.gz,25165824,swath,whole
AT37-05,0048_20161114_001240_Atlantis.all.mb58.gz,https://data.ngdc.noaa.gov/platforms/ocean/ships/atlantis/AT37-05/multibeam/data/version1/MB/em122/0048_20161114_001240_Atlantis.all.mb58.gz,24117248,swath,whole
AT37-05,0048_20161123_132018_Atlantis.all.mb58.gz,https://data.ngdc.noaa.gov/platforms/ocean/ships/atlantis/AT37-05/multibeam/data/version1/MB/em122/0048_20161123_132018_Atlantis.all.mb58.gz,25165824,swath,whole
AT37-05,0049_20161114_011246_Atlantis.all.mb58.gz,https://data.ngdc.noaa.gov/platforms/ocean/ships/atlantis/AT37-05/multibeam/data/version1/MB/em122/0049_20161114_011246_Atlantis.all.mb58.gz,20971520,swath,whole
AT37-05,0049_20161123_142022_Atlantis.all.mb58.gz,https://data.ngdc.noaa.gov/platforms/ocean/ships/atlantis/AT37-05/multibeam/data/version1/MB/em122/0049_20161123_142022_Atlantis.all.mb58.gz,25165824,swath,whole
AT37-05,0050_20161123_152020_Atlantis.all.mb58.gz,https://data.ngdc.noaa.gov/platforms/ocean/ships/atlantis/AT37-05/multibeam/data/version1/MB/em122/0050_20161123_152020_Atlantis.all.mb58.gz,5872026,swath,whole
AT37-05,0051_20161123_153435_Atlantis.all.mb58.gz,https://data.ngdc.noaa.gov/platforms/ocean/ships/atlantis/AT37-05/multibeam/data/version1/MB/em122/0051_20161123_153435_Atlantis.all.mb58.gz,25165824,swath,whole
AT37-05,0052_20161123_163438_Atlantis.all.mb58.gz,https://data.ngdc.noaa.gov/platforms/ocean/ships/atlantis/AT37-05/multibeam/data/version1/MB/em122/0052_20161123_163438_Atlantis.all.mb58.gz,6186598,swath,whole
AT37-05,0053_20161123_164954_Atlantis.all.mb58.gz,https://data.ngdc.noaa.gov/platforms/ocean/ships/atlantis/AT37-05/multibeam/data/version1/MB/em122/0053_20161123_164954_Atlantis.all.mb58.gz,24117248,swath,whole
AT37-05,0054_20161123_174953_Atlantis.all.mb58.gz,https://data.ngdc.noaa.gov/platforms/ocean/ships/atlantis/AT37-05/multibeam/data/version1/MB/em122/0054_20161123_174953_Atlantis.all.mb58.gz,24117248,swath,whole
AT37-05,0055_20161123_184949_Atlantis.all.mb58.gz,https://data.ngdc.noaa.gov/platforms/ocean/ships/atlantis/AT37-05/multibeam/data/version1/MB/em122/0055_20161123_184949_Atlantis.all.mb58.gz,23068672,swath,whole
AT37-05,0056_20161123_194953_Atlantis.all.mb58.gz,https://data.ngdc.noaa.gov/platforms/ocean/ships/atlantis/AT37-05/multibeam/data/version1/MB/em122/0056_20161123_194953_Atlantis.all.mb58.gz,24117248,swath,whole
AT37-05,0057_20161123_204947_Atlantis.all.mb58.gz,https://data.ngdc.noaa.gov/platforms/ocean/ships/atlantis/AT37-05/multibeam/data/version1/MB/em122/0057_20161123_204947_Atlantis.all.mb58.gz,24117248,swath,whole
AT37-05,0058_20161123_214952_Atlantis.all.mb58.gz,https://data.ngdc.noaa.gov/platforms/ocean/ships/atlantis/AT37-05/multibeam/data/version1/MB/em122/0058_20161123_214952_Atlantis.all.mb58.gz,23068672,swath,whole
AT37-05,0059_20161123_224946_Atlantis.all.mb58.gz,https://data.ngdc.noaa.gov/platforms/ocean/ships/atlantis/AT37-05/multibeam/data/version1/MB/em122/0059_20161123_224946_Atlantis.all.mb58.gz,23068672,swath,whole
AT37-05,0060_20161123_234952_Atlantis.all.mb58.gz,https://data.ngdc.noaa.gov/platforms/ocean/ships/atlantis/AT37-05/multibeam/data/version1/MB/em122/0060_20161123_234952_Atlantis.all.mb58.gz,23068672,swath,whole
AT37-05,0061_20161124_004948_Atlantis.all.mb58.gz,https://data.ngdc.noaa.gov/platforms/ocean/ships/atlantis/AT37-05/multibeam/data/version1/MB/em122/0061_20161124_004948_Atlantis.all.mb58.gz,23068672,swath,whole
AT37-05,0062_20161124_014953_Atlantis.all.mb58.gz,https://data.ngdc.noaa.gov/platforms/ocean/ships/atlantis/AT37-05/multibeam/data/version1/MB/em122/0062_20161124_014953_Atlantis.all.mb58.gz,23068672,swath,whole
AT37-05,0063_20161124_024950_Atlantis.all.mb58.gz,https://data.ngdc.noaa.gov/platforms/ocean/ships/atlantis/AT37-05/multibeam/data/version1/MB/em122/0063_20161124_024950_Atlantis.all.mb58.gz,23068672,swath,whole
AT37-05,0064_20161124_034945_Atlantis.all.mb58.gz,https://data.ngdc.noaa.gov/platforms/ocean/ships/atlantis/AT37-05/multibeam/data/version1/MB/em122/0064_20161124_034945_Atlantis.all.mb58.gz,23068672,swath,whole
AT37-05,0065_20161124_044948_Atlantis.all.mb58.gz,https://data.ngdc.noaa.gov/platforms/ocean/ships/atlantis/AT37-05/multibeam/data/version1/MB/em122/0065_20161124_044948_Atlantis.all.mb58.gz,23068672,swath,whole
AT37-05,0066_20161124_054950_Atlantis.all.mb58.gz,https://data.ngdc.noaa.gov/platforms/ocean/ships/atlantis/AT37-05/multibeam/data/version1/MB/em122/0066_20161124_054950_Atlantis.all.mb58.gz,6186598,swath,whole
AT37-05,0067_20161124_060602_Atlantis.all.mb58.gz,https://data.ngdc.noaa.gov/platforms/ocean/ships/atlantis/AT37-05/multibeam/data/version1/MB/em122/0067_20161124_060602_Atlantis.all.mb58.gz,8074035,swath,whole
AT42-06,0000_20181204_140428_Atlantis.all.mb58.gz,https://data.ngdc.noaa.gov/platforms/ocean/ships/atlantis/AT42-06/multibeam/data/version1/MB/em122/0000_20181204_140428_Atlantis.all.mb58.gz,24117248,swath,whole
AT42-06,0001_20181204_150430_Atlantis.all.mb58.gz,https://data.ngdc.noaa.gov/platforms/ocean/ships/atlantis/AT42-06/multibeam/data/version1/MB/em122/0001_20181204_150430_Atlantis.all.mb58.gz,24117248,swath,whole
AT42-06,0002_20181204_160433_Atlantis.all.mb58.gz,https://data.ngdc.noaa.gov/platforms/ocean/ships/atlantis/AT42-06/multibeam/data/version1/MB/em122/0002_20181204_160433_Atlantis.all.mb58.gz,24117248,swath,whole
AT42-06,0003_20181204_170429_Atlantis.all.mb58.gz,https://data.ngdc.noaa.gov/platforms/ocean/ships/atlantis/AT42-06/multibeam/data/version1/MB/em122/0003_20181204_170429_Atlantis.all.mb58.gz,24117248,swath,whole
AT42-06,0004_20181204_180429_Atlantis.all.mb58.gz,https://data.ngdc.noaa.gov/platforms/ocean/ships/atlantis/AT42-06/multibeam/data/version1/MB/em122/0004_20181204_180429_Atlantis.all.mb58.gz,24117248,swath,whole
AT42-06,0005_20181204_190434_Atlantis.all.mb58.gz,https://data.ngdc.noaa.gov/platforms/ocean/ships/atlantis/AT42-06/multibeam/data/version1/MB/em122/0005_20181204_190434_Atlantis.all.mb58.gz,23068672,swath,whole
AT42-06,0006_20181204_200427_Atlantis.all.mb58.gz,https://data.ngdc.noaa.gov/platforms/ocean/ships/atlantis/AT42-06/multibeam/data/version1/MB/em122/0006_20181204_200427_Atlantis.all.mb58.gz,23068672,swath,whole
AT42-06,0007_20181204_210428_Atlantis.all.mb58.gz,https://data.ngdc.noaa.gov/platforms/ocean/ships/atlantis/AT42-06/multibeam/data/version1/MB/em122/0007_20181204_210428_Atlantis.all.mb58.gz,23068672,swath,whole
AT42-06,0008_20181204_220427_Atlantis.all.mb58.gz,https://data.ngdc.noaa.gov/platforms/ocean/ships/atlantis/AT42-06/multibeam/data/version1/MB/em122/0008_20181204_220427_Atlantis.all.mb58.gz,23068672,swath,whole
AT42-06,0009_20181204_230431_Atlantis.all.mb58.gz,https://data.ngdc.noaa.gov/platforms/ocean/ships/atlantis/AT42-06/multibeam/data/version1/MB/em122/0009_20181204_230431_Atlantis.all.mb58.gz,23068672,swath,whole
AT42-06,0010_20181205_000435_Atlantis.all.mb58.gz,https://data.ngdc.noaa.gov/platforms/ocean/ships/atlantis/AT42-06/multibeam/data/version1/MB/em122/0010_20181205_000435_Atlantis.all.mb58.gz,23068672,swath,whole
AT42-06,0011_20181205_010427_Atlantis.all.mb58.gz,https://data.ngdc.noaa.gov/platforms/ocean/ships/atlantis/AT42-06/multibeam/data/version1/MB/em122/0011_20181205_010427_Atlantis.all.mb58.gz,23068672,swath,whole
AT42-06,0012_20181205_020435_Atlantis.all.mb58.gz,https://data.ngdc.noaa.gov/platforms/ocean/ships/atlantis/AT42-06/multibeam/data/version1/MB/em122/0012_20181205_020435_Atlantis.all.mb58.gz,23068672,swath,whole
AT42-06,0013_20181205_030427_Atlantis.all.mb58.gz,https://data.ngdc.noaa.gov/platforms/ocean/ships/atlantis/AT42-06/multibeam/data/version1/MB/em122/0013_20181205_030427_Atlantis.all.mb58.gz,23068672,swath,whole
AT42-06,0014_20181205_040429_Atlantis.all.mb58.gz,https://data.ngdc.noaa.gov/platforms/ocean/ships/atlantis/AT42-06/multibeam/data/version1/MB/em122/0014_20181205_040429_Atlantis.all.mb58.gz,23068672,swath,whole
AT42-06,0015_20181205_050433_Atlantis.all.mb58.gz,https://data.ngdc.noaa.gov/platforms/ocean/ships/atlantis/AT42-06/multibeam/data/version1/MB/em122/0015_20181205_050433_Atlantis.all.mb58.gz,23068672,swath,whole
AT42-06,0016_20181205_060434_Atlantis.all.mb58.gz,https://data.ngdc.noaa.gov/platforms/ocean/ships/atlantis/AT42-06/multibeam/data/version1/MB/em122/0016_20181205_060434_Atlantis.all.mb58.gz,23068672,swath,whole
AT42-06,0017_20181205_070427_Atlantis.all.mb58.gz,https://data.ngdc.noaa.gov/platforms/ocean/ships/atlantis/AT42-06/multibeam/data/version1/MB/em122/0017_20181205_070427_Atlantis.all.mb58.gz,23068672,swath,whole
AT42-06,0018_20181205_080426_Atlantis.all.mb58.gz,https://data.ngdc.noaa.gov/platforms/ocean/ships/atlantis/AT42-06/multibeam/data/version1/MB/em122/0018_20181205_080426_Atlantis.all.mb58.gz,23068672,swath,whole
AT42-06,0019_20181205_090433_Atlantis.all.mb58.gz,https://data.ngdc.noaa.gov/platforms/ocean/ships/atlantis/AT42-06/multibeam/data/version1/MB/em122/0019_20181205_090433_Atlantis.all.mb58.gz,23068672,swath,whole
AT42-06,0020_20181205_100428_Atlantis.all.mb58.gz,https://data.ngdc.noaa.gov/platforms/ocean/ships/atlantis/AT42-06/multibeam/data/version1/MB/em122/0020_20181205_100428_Atlantis.all.mb58.gz,24117248,swath,whole
AT42-06,0021_20181205_110429_Atlantis.all.mb58.gz,https://data.ngdc.noaa.gov/platforms/ocean/ships/atlantis/AT42-06/multibeam/data/version1/MB/em122/0021_20181205_110429_Atlantis.all.mb58.gz,24117248,swath,whole
AT42-06,0022_20181205_120426_Atlantis.all.mb58.gz,https://data.ngdc.noaa.gov/platforms/ocean/ships/atlantis/AT42-06/multibeam/data/version1/MB/em122/0022_20181205_120426_Atlantis.all.mb58.gz,26214400,swath,whole
AT42-06,0023_20181205_130432_Atlantis.all.mb58.gz,https://data.ngdc.noaa.gov/platforms/ocean/ships/atlantis/AT42-06/multibeam/data/version1/MB/em122/0023_20181205_130432_Atlantis.all.mb58.gz,24117248,swath,whole
AT42-06,0024_20181205_140432_Atlantis.all.mb58.gz,https://data.ngdc.noaa.gov/platforms/ocean/ships/atlantis/AT42-06/multibeam/data/version1/MB/em122/0024_20181205_140432_Atlantis.all.mb58.gz,24117248,swath,whole
AT42-06,0025_20181205_150432_Atlantis.all.mb58.gz,https://data.ngdc.noaa.gov/platforms/ocean/ships/atlantis/AT42-06/multibeam/data/version1/MB/em122/0025_20181205_150432_Atlantis.all.mb58.gz,18874368,swath,whole
AT42-06,0026_20181205_155444_Atlantis.all.mb58.gz,https://data.ngdc.noaa.gov/platforms/ocean/ships/atlantis/AT42-06/multibeam/data/version1/MB/em122/0026_20181205_155444_Atlantis.all.mb58.gz,24117248,swath,whole
AT42-06,0027_20181205_165445_Atlantis.all.mb58.gz,https://data.ngdc.noaa.gov/platforms/ocean/ships/atlantis/AT42-06/multibeam/data/version1/MB/em122/0027_20181205_165445_Atlantis.all.mb58.gz,24117248,swath,whole
AT42-06,0028_20181205_175440_Atlantis.all.mb58.gz,https://data.ngdc.noaa.gov/platforms/ocean/ships/atlantis/AT42-06/multibeam/data/version1/MB/em122/0028_20181205_175440_Atlantis.all.mb58.gz,24117248,swath,whole
AT42-06,0029_20181205_185439_Atlantis.all.mb58.gz,https://data.ngdc.noaa.gov/platforms/ocean/ships/atlantis/AT42-06/multibeam/data/version1/MB/em122/0029_20181205_185439_Atlantis.all.mb58.gz,25165824,swath,whole
AT42-06,0030_20181205_195442_Atlantis.all.mb58.gz,https://data.ngdc.noaa.gov/platforms/ocean/ships/atlantis/AT42-06/multibeam/data/version1/MB/em122/0030_20181205_195442_Atlantis.all.mb58.gz,24117248,swath,whole
AT42-06,0031_20181205_205444_Atlantis.all.mb58.gz,https://data.ngdc.noaa.gov/platforms/ocean/ships/atlantis/AT42-06/multibeam/data/version1/MB/em122/0031_20181205_205444_Atlantis.all.mb58.gz,24117248,swath,whole
AT42-06,0032_20181205_215443_Atlantis.all.mb58.gz,https://data.ngdc.noaa.gov/platforms/ocean/ships/atlantis/AT42-06/multibeam/data/version1/MB/em122/0032_20181205_215443_Atlantis.all.mb58.gz,24117248,swath,whole
AT42-06,0033_20181205_225441_Atlantis.all.mb58.gz,https://data.ngdc.noaa.gov/platforms/ocean/ships/atlantis/AT42-06/multibeam/data/version1/MB/em122/0033_20181205_225441_Atlantis.all.mb58.gz,24117248,swath,whole
AT42-06,0034_20181205_235439_Atlantis.all.mb58.gz,https://data.ngdc.noaa.gov/platforms/ocean/ships/atlantis/AT42-06/multibeam/data/version1/MB/em122/0034_20181205_235439_Atlantis.all.mb58.gz,24117248,swath,whole
AT42-06,0035_20181206_005445_Atlantis.all.mb58.gz,https://data.ngdc.noaa.gov/platforms/ocean/ships/atlantis/AT42-06/multibeam/data/version1/MB/em122/0035_20181206_005445_Atlantis.all.mb58.gz,24117248,swath,whole
AT42-06,0036_20181206_015443_Atlantis.all.mb58.gz,https://data.ngdc.noaa.gov/platforms/ocean/ships/atlantis/AT42-06/multibeam/data/version1/MB/em122/0036_20181206_015443_Atlantis.all.mb58.gz,10276045,swath,whole
AT42-06,0037_20181206_232010_Atlantis.all.mb58.gz,https://data.ngdc.noaa.gov/platforms/ocean/ships/atlantis/AT42-06/multibeam/data/version1/MB/em122/0037_20181206_232010_Atlantis.all.mb58.gz,25165824,swath,whole
AT42-06,0038_20181207_002009_Atlantis.all.mb58.gz,https://data.ngdc.noaa.gov/platforms/ocean/ships/atlantis/AT42-06/multibeam/data/version1/MB/em122/0038_20181207_002009_Atlantis.all.mb58.gz,24117248,swath,whole
AT42-06,0039_20181207_012012_Atlantis.all.mb58.gz,https://data.ngdc.noaa.gov/platforms/ocean/ships/atlantis/AT42-06/multibeam/data/version1/MB/em122/0039_20181207_012012_Atlantis.all.mb58.gz,945152,swath,whole
AT42-06,0040_20181209_003039_Atlantis.all.mb58.gz,https://data.ngdc.noaa.gov/platforms/ocean/ships/atlantis/AT42-06/multibeam/data/version1/MB/em122/0040_20181209_003039_Atlantis.all.mb58.gz,25165824,swath,whole
AT42-06,0041_20181209_013037_Atlantis.all.mb58.gz,https://data.ngdc.noaa.gov/platforms/ocean/ships/atlantis/AT42-06/multibeam/data/version1/MB/em122/0041_20181209_013037_Atlantis.all.mb58.gz,25165824,swath,whole
AT42-06,0042_20181209_023035_Atlantis.all.mb58.gz,https://data.ngdc.noaa.gov/platforms/ocean/ships/atlantis/AT42-06/multibeam/data/version1/MB/em122/0042_20181209_023035_Atlantis.all.mb58.gz,4718592,swath,whole
AT42-06,0043_20181209_235411_Atlantis.all.mb58.gz,https://data.ngdc.noaa.gov/platforms/ocean/ships/atlantis/AT42-06/multibeam/data/version1/MB/em122/0043_20181209_235411_Atlantis.all.mb58.gz,23068672,swath,whole
AT42-06,0044_20181210_005410_Atlantis.all.mb58.gz,https://data.ngdc.noaa.gov/platforms/ocean/ships/atlantis/AT42-06/multibeam/data/version1/MB/em122/0044_20181210_005410_Atlantis.all.mb58.gz,24117248,swath,whole
AT42-06,0045_20181210_015403_Atlantis.all.mb58.gz,https://data.ngdc.noaa.gov/platforms/ocean/ships/atlantis/AT42-06/multibeam/data/version1/MB/em122/0045_20181210_015403_Atlantis.all.mb58.gz,23068672,swath,whole
AT42-06,0046_20181210_025402_Atlantis.all.mb58.gz,https://data.ngdc.noaa.gov/platforms/ocean/ships/atlantis/AT42-06/multibeam/data/version1/MB/em122/0046_20181210_025402_Atlantis.all.mb58.gz,23068672,swath,whole
AT42-06,0047_20181210_035408_Atlantis.all.mb58.gz,https://data.ngdc.noaa.gov/platforms/ocean/ships/atlantis/AT42-06/multibeam/data/version1/MB/em122/0047_20181210_035408_Atlantis.all.mb58.gz,23068672,swath,whole
AT42-06,0048_20181210_045407_Atlantis.all.mb58.gz,https://data.ngdc.noaa.gov/platforms/ocean/ships/atlantis/AT42-06/multibeam/data/version1/MB/em122/0048_20181210_045407_Atlantis.all.mb58.gz,23068672,swath,whole
AT42-06,0049_20181210_055402_Atlantis.all.mb58.gz,https://data.ngdc.noaa.gov/platforms/ocean/ships/atlantis/AT42-06/multibeam/data/version1/MB/em122/0049_20181210_055402_Atlantis.all.mb58.gz,23068672,swath,whole
AT42-06,0050_20181210_065406_Atlantis.all.mb58.gz,https://data.ngdc.noaa.gov/platforms/ocean/ships/atlantis/AT42-06/multibeam/data/version1/MB/em122/0050_20181210_065406_Atlantis.all.mb58.gz,2411725,swath,whole
AT42-06,0051_20181213_233141_Atlantis.all.mb58.gz,https://data.ngdc.noaa.gov/platforms/ocean/ships/atlantis/AT42-06/multibeam/data/version1/MB/em122/0051_20181213_233141_Atlantis.all.mb58.gz,24117248,swath,whole
AT42-06,0052_20181214_003136_Atlantis.all.mb58.gz,https://data.ngdc.noaa.gov/platforms/ocean/ships/atlantis/AT42-06/multibeam/data/version1/MB/em122/0052_20181214_003136_Atlantis.all.mb58.gz,23068672,swath,whole
AT42-06,0053_20181214_013131_Atlantis.all.mb58.gz,https://data.ngdc.noaa.gov/platforms/ocean/ships/atlantis/AT42-06/multibeam/data/version1/MB/em122/0053_20181214_013131_Atlantis.all.mb58.gz,24117248,swath,whole
AT42-06,0054_20181214_023137_Atlantis.all.mb58.gz,https://data.ngdc.noaa.gov/platforms/ocean/ships/atlantis/AT42-06/multibeam/data/version1/MB/em122/0054_20181214_023137_Atlantis.all.mb58.gz,24117248,swath,whole
AT42-06,0055_20181214_033131_Atlantis.all.mb58.gz,https://data.ngdc.noaa.gov/platforms/ocean/ships/atlantis/AT42-06/multibeam/data/version1/MB/em122/0055_20181214_033131_Atlantis.all.mb58.gz,24117248,swath,whole
AT42-06,0056_20181214_043137_Atlantis.all.mb58.gz,https://data.ngdc.noaa.gov/platforms/ocean/ships/atlantis/AT42-06/multibeam/data/version1/MB/em122/0056_20181214_043137_Atlantis.all.mb58.gz,7654605,swath,whole
AT42-06,0057_20181214_153458_Atlantis.all.mb58.gz,https://data.ngdc.noaa.gov/platforms/ocean/ships/atlantis/AT42-06/multibeam/data/version1/MB/em122/0057_20181214_153458_Atlantis.all.mb58.gz,22020096,swath,whole
AT42-06,0058_20181214_163509_Atlantis.all.mb58.gz,https://data.ngdc.noaa.gov/platforms/ocean/ships/atlantis/AT42-06/multibeam/data/version1/MB/em122/0058_20181214_163509_Atlantis.all.mb58.gz,22020096,swath,whole
AT42-06,0059_20181214_173502_Atlantis.all.mb58.gz,https://data.ngdc.noaa.gov/platforms/ocean/ships/atlantis/AT42-06/multibeam/data/version1/MB/em122/0059_20181214_173502_Atlantis.all.mb58.gz,22020096,swath,whole
AT42-06,0060_20181214_183506_Atlantis.all.mb58.gz,https://data.ngdc.noaa.gov/platforms/ocean/ships/atlantis/AT42-06/multibeam/data/version1/MB/em122/0060_20181214_183506_Atlantis.all.mb58.gz,22020096,swath,whole
AT42-06,0061_20181214_193459_Atlantis.all.mb58.gz,https://data.ngdc.noaa.gov/platforms/ocean/ships/atlantis/AT42-06/multibeam/data/version1/MB/em122/0061_20181214_193459_Atlantis.all.mb58.gz,22020096,swath,whole
AT42-06,0062_20181214_203500_Atlantis.all.mb58.gz,https://data.ngdc.noaa.gov/platforms/ocean/ships/atlantis/AT42-06/multibeam/data/version1/MB/em122/0062_20181214_203500_Atlantis.all.mb58.gz,22020096,swath,whole
AT42-06,0063_20181214_213500_Atlantis.all.mb58.gz,https://data.ngdc.noaa.gov/platforms/ocean/ships/atlantis/AT42-06/multibeam/data/version1/MB/em122/0063_20181214_213500_Atlantis.all.mb58.gz,22020096,swath,whole
AT42-06,0064_20181214_223500_Atlantis.all.mb58.gz,https://data.ngdc.noaa.gov/platforms/ocean/ships/atlantis/AT42-06/multibeam/data/version1/MB/em122/0064_20181214_223500_Atlantis.all.mb58.gz,22020096,swath,whole
AT42-06,0065_20181214_233505_Atlantis.all.mb58.gz,https://data.ngdc.noaa.gov/platforms/ocean/ships/atlantis/AT42-06/multibeam/data/version1/MB/em122/0065_20181214_233505_Atlantis.all.mb58.gz,22020096,swath,whole
AT42-06,0066_20181215_003500_Atlantis.all.mb58.gz,https://data.ngdc.noaa.gov/platforms/ocean/ships/atlantis/AT42-06/multibeam/data/version1/MB/em122/0066_20181215_003500_Atlantis.all.mb58.gz,20971520,swath,whole
AT42-06,0067_20181215_013515_Atlantis.all.mb58.gz,https://data.ngdc.noaa.gov/platforms/ocean/ships/atlantis/AT42-06/multibeam/data/version1/MB/em122/0067_20181215_013515_Atlantis.all.mb58.gz,20971520,swath,whole
AT42-06,0068_20181215_023500_Atlantis.all.mb58.gz,https://data.ngdc.noaa.gov/platforms/ocean/ships/atlantis/AT42-06/multibeam/data/version1/MB/em122/0068_20181215_023500_Atlantis.all.mb58.gz,22020096,swath,whole
AT42-06,0069_20181215_033505_Atlantis.all.mb58.gz,https://data.ngdc.noaa.gov/platforms/ocean/ships/atlantis/AT42-06/multibeam/data/version1/MB/em122/0069_20181215_033505_Atlantis.all.mb58.gz,22020096,swath,whole
AT42-06,0070_20181215_043504_Atlantis.all.mb58.gz,https://data.ngdc.noaa.gov/platforms/ocean/ships/atlantis/AT42-06/multibeam/data/version1/MB/em122/0070_20181215_043504_Atlantis.all.mb58.gz,20971520,swath,whole
AT42-06,0071_20181215_053508_Atlantis.all.mb58.gz,https://data.ngdc.noaa.gov/platforms/ocean/ships/atlantis/AT42-06/multibeam/data/version1/MB/em122/0071_20181215_053508_Atlantis.all.mb58.gz,20971520,swath,whole
AT42-06,0072_20181215_063506_Atlantis.all.mb58.gz,https://data.ngdc.noaa.gov/platforms/ocean/ships/atlantis/AT42-06/multibeam/data/version1/MB/em122/0072_20181215_063506_Atlantis.all.mb58.gz,20971520,swath,whole
AT42-06,0073_20181215_073500_Atlantis.all.mb58.gz,https://data.ngdc.noaa.gov/platforms/ocean/ships/atlantis/AT42-06/multibeam/data/version1/MB/em122/0073_20181215_073500_Atlantis.all.mb58.gz,20971520,swath,whole
AT42-06,0074_20181215_083458_Atlantis.all.mb58.gz,https://data.ngdc.noaa.gov/platforms/ocean/ships/atlantis/AT42-06/multibeam/data/version1/MB/em122/0074_20181215_083458_Atlantis.all.mb58.gz,20971520,swath,whole
AT42-06,0075_20181215_093505_Atlantis.all.mb58.gz,https://data.ngdc.noaa.gov/platforms/ocean/ships/atlantis/AT42-06/multibeam/data/version1/MB/em122/0075_20181215_093505_Atlantis.all.mb58.gz,19922944,swath,whole
AT42-06,0076_20181215_103508_Atlantis.all.mb58.gz,https://data.ngdc.noaa.gov/platforms/ocean/ships/atlantis/AT42-06/multibeam/data/version1/MB/em122/0076_20181215_103508_Atlantis.all.mb58.gz,20971520,swath,whole
AT42-06,0077_20181215_113506_Atlantis.all.mb58.gz,https://data.ngdc.noaa.gov/platforms/ocean/ships/atlantis/AT42-06/multibeam/data/version1/MB/em122/0077_20181215_113506_Atlantis.all.mb58.gz,22020096,swath,whole
AT42-06,0078_20181215_123502_Atlantis.all.mb58.gz,https://data.ngdc.noaa.gov/platforms/ocean/ships/atlantis/AT42-06/multibeam/data/version1/MB/em122/0078_20181215_123502_Atlantis.all.mb58.gz,20971520,swath,whole
AT42-06,0079_20181215_133502_Atlantis.all.mb58.gz,https://data.ngdc.noaa.gov/platforms/ocean/ships/atlantis/AT42-06/multibeam/data/version1/MB/em122/0079_20181215_133502_Atlantis.all.mb58.gz,20971520,swath,whole
AT42-06,0080_20181215_143503_Atlantis.all.mb58.gz,https://data.ngdc.noaa.gov/platforms/ocean/ships/atlantis/AT42-06/multibeam/data/version1/MB/em122/0080_20181215_143503_Atlantis.all.mb58.gz,20971520,swath,whole
AT42-06,0081_20181215_153502_Atlantis.all.mb58.gz,https://data.ngdc.noaa.gov/platforms/ocean/ships/atlantis/AT42-06/multibeam/data/version1/MB/em122/0081_20181215_153502_Atlantis.all.mb58.gz,22020096,swath,whole
AT42-06,0082_20181215_163511_Atlantis.all.mb58.gz,https://data.ngdc.noaa.gov/platforms/ocean/ships/atlantis/AT42-06/multibeam/data/version1/MB/em122/0082_20181215_163511_Atlantis.all.mb58.gz,20971520,swath,whole
AT42-06,0083_20181215_173506_Atlantis.all.mb58.gz,https://data.ngdc.noaa.gov/platforms/ocean/ships/atlantis/AT42-06/multibeam/data/version1/MB/em122/0083_20181215_173506_Atlantis.all.mb58.gz,20971520,swath,whole
AT42-06,0084_20181215_183507_Atlantis.all.mb58.gz,https://data.ngdc.noaa.gov/platforms/ocean/ships/atlantis/AT42-06/multibeam/data/version1/MB/em122/0084_20181215_183507_Atlantis.all.mb58.gz,20971520,swath,whole
AT42-06,0085_20181215_193510_Atlantis.all.mb58.gz,https://data.ngdc.noaa.gov/platforms/ocean/ships/atlantis/AT42-06/multibeam/data/version1/MB/em122/0085_20181215_193510_Atlantis.all.mb58.gz,22020096,swath,whole
AT42-06,0086_20181215_203508_Atlantis.all.mb58.gz,https://data.ngdc.noaa.gov/platforms/ocean/ships/atlantis/AT42-06/multibeam/data/version1/MB/em122/0086_20181215_203508_Atlantis.all.mb58.gz,22020096,swath,whole
AT42-06,0087_20181215_213501_Atlantis.all.mb58.gz,https://data.ngdc.noaa.gov/platforms/ocean/ships/atlantis/AT42-06/multibeam/data/version1/MB/em122/0087_20181215_213501_Atlantis.all.mb58.gz,22020096,swath,whole
AT42-06,0088_20181215_223501_Atlantis.all.mb58.gz,https://data.ngdc.noaa.gov/platforms/ocean/ships/atlantis/AT42-06/multibeam/data/version1/MB/em122/0088_20181215_223501_Atlantis.all.mb58.gz,8808038,swath,whole
AT42-06,9999.all.mb58.gz,https://data.ngdc.noaa.gov/platforms/ocean/ships/atlantis/AT42-06/multibeam/data/version1/MB/em122/9999.all.mb58.gz,810,swath,whole
EX0909,EX0909_1_Transit_EXApril09_2009-234_0000_20090822_210611_EX.mb162,https://data.ngdc.noaa.gov/platforms/ocean/ships/okeanos_explorer/EX0909/multibeam/data/version2/MB/EX0909_1_Transit_EXApril09_2009-234_0000_20090822_210611_EX.mb162,18874368,swath,whole
EX0909,EX0909_1_Transit_EXApril09_2009-234_0001_20090823_003942_EX.mb162,https://data.ngdc.noaa.gov/platforms/ocean/ships/okeanos_explorer/EX0909/multibeam/data/version2/MB/EX0909_1_Transit_EXApril09_2009-234_0001_20090823_003942_EX.mb162,29360128,swath,whole
EX0909,EX0909_1_Transit_EXApril09_2009-235_0002_20090823_063936_EX.mb162,https://data.ngdc.noaa.gov/platforms/ocean/ships/okeanos_explorer/EX0909/multibeam/data/version2/MB/EX0909_1_Transit_EXApril09_2009-235_0002_20090823_063936_EX.mb162,9542042,swath,whole
EX0909,EX0909_1_Transit_EXApril09_2009-235_0003_20090823_085737_EX.mb162,https://data.ngdc.noaa.gov/platforms/ocean/ships/okeanos_explorer/EX0909/multibeam/data/version2/MB/EX0909_1_Transit_EXApril09_2009-235_0003_20090823_085737_EX.mb162,7025459,swath,whole
EX0909,EX0909_1_Transit_EXApril09_2009-235_0004_20090823_104217_EX.mb162,https://data.ngdc.noaa.gov/platforms/ocean/ships/okeanos_explorer/EX0909/multibeam/data/version2/MB/EX0909_1_Transit_EXApril09_2009-235_0004_20090823_104217_EX.mb162,16777216,swath,whole
EX0909,EX0909_1_Transit_EXApril09_2009-235_0005_20090823_164216_EX.mb162,https://data.ngdc.noaa.gov/platforms/ocean/ships/okeanos_explorer/EX0909/multibeam/data/version2/MB/EX0909_1_Transit_EXApril09_2009-235_0005_20090823_164216_EX.mb162,3774874,swath,whole
EX0909,EX0909_1_Transit_EXApril09_2009-235_0006_20090823_181257_EX.mb162,https://data.ngdc.noaa.gov/platforms/ocean/ships/okeanos_explorer/EX0909/multibeam/data/version2/MB/EX0909_1_Transit_EXApril09_2009-235_0006_20090823_181257_EX.mb162,1992294,swath,whole
EX0909,EX0909_1_Transit_EXApril09_2009-235_0007_20090823_190553_EX.mb162,https://data.ngdc.noaa.gov/platforms/ocean/ships/okeanos_explorer/EX0909/multibeam/data/version2/MB/EX0909_1_Transit_EXApril09_2009-235_0007_20090823_190553_EX.mb162,4089446,swath,whole
EX0909,EX0909_1_Transit_EXApril09_2009-235_0008_20090823_200418_EX.mb162,https://data.ngdc.noaa.gov/platforms/ocean/ships/okeanos_explorer/EX0909/multibeam/data/version2/MB/EX0909_1_Transit_EXApril09_2009-235_0008_20090823_200418_EX.mb162,418816,swath,whole
EX0909,EX0909_1_Transit_EXApril09_2009-235_0009_20090823_201255_EX.mb162,https://data.ngdc.noaa.gov/platforms/ocean/ships/okeanos_explorer/EX0909/multibeam/data/version2/MB/EX0909_1_Transit_EXApril09_2009-235_0009_20090823_201255_EX.mb162,24117248,swath,whole
EX0909,EX0909_1_Transit_EXApril09_2009-235_0010_20090824_021300_EX.mb162,https://data.ngdc.noaa.gov/platforms/ocean/ships/okeanos_explorer/EX0909/multibeam/data/version2/MB/EX0909_1_Transit_EXApril09_2009-235_0010_20090824_021300_EX.mb162,24117248,swath,whole
EX0909,EX0909_1_Transit_EXApril09_2009-235_0011_20090824_081259_EX.mb162,https://data.ngdc.noaa.gov/platforms/ocean/ships/okeanos_explorer/EX0909/multibeam/data/version2/MB/EX0909_1_Transit_EXApril09_2009-235_0011_20090824_081259_EX.mb162,53248,swath,whole
EX0909,EX0909_1_Transit_EXApril09_2009-235_0012_20090824_081414_EX.mb162,https://data.ngdc.noaa.gov/platforms/ocean/ships/okeanos_explorer/EX0909/multibeam/data/version2/MB/EX0909_1_Transit_EXApril09_2009-235_0012_20090824_081414_EX.mb162,4928307,swath,whole
EX0909,EX0909_1_Transit_EXApril09_2009-236_0013_20090824_193922_EX.mb162,https://data.ngdc.noaa.gov/platforms/ocean/ships/okeanos_explorer/EX0909/multibeam/data/version2/MB/EX0909_1_Transit_EXApril09_2009-236_0013_20090824_193922_EX.mb162,15728640,swath,whole
EX0909,EX0909_1_Transit_EXApril09_2009-236_0014_20090825_011530_EX.mb162,https://data.ngdc.noaa.gov/platforms/ocean/ships/okeanos_explorer/EX0909/multibeam/data/version2/MB/EX0909_1_Transit_EXApril09_2009-236_0014_20090825_011530_EX.mb162,2831155,swath,whole
EX0909,EX0909_1_Transit_EXApril09_2009-236_0015_20090825_015203_EX.mb162,https://data.ngdc.noaa.gov/platforms/ocean/ships/okeanos_explorer/EX0909/multibeam/data/version2/MB/EX0909_1_Transit_EXApril09_2009-236_0015_20090825_015203_EX.mb162,2202010,swath,whole
EX0909,EX0909_1_Transit_EXApril09_2009-236_0016_20090825_023358_EX.mb162,https://data.ngdc.noaa.gov/platforms/ocean/ships/okeanos_explorer/EX0909/multibeam/data/version2/MB/EX0909_1_Transit_EXApril09_2009-236_0016_20090825_023358_EX.mb162,17825792,swath,whole
EX0909,EX0909_1_Transit_EXApril09_2009-236_0017_20090825_063050_EX.mb162,https://data.ngdc.noaa.gov/platforms/ocean/ships/okeanos_explorer/EX0909/multibeam/data/version2/MB/EX0909_1_Transit_EXApril09_2009-236_0017_20090825_063050_EX.mb162,6815744,swath,whole
EX0909,EX0909_1_Transit_EXApril09_2009-237_0018_20090825_080244_EX.mb162,https://data.ngdc.noaa.gov/platforms/ocean/ships/okeanos_explorer/EX0909/multibeam/data/version2/MB/EX0909_1_Transit_EXApril09_2009-237_0018_20090825_080244_EX.mb162,25165824,swath,whole
EX0909,EX0909_1_Transit_EXApril09_2009-237_0019_20090825_140244_EX.mb162,https://data.ngdc.noaa.gov/platforms/ocean/ships/okeanos_explorer/EX0909/multibeam/data/version2/MB/EX0909_1_Transit_EXApril09_2009-237_0019_20090825_140244_EX.mb162,18874368,swath,whole
EX0909,EX0909_1_Transit_EXApril09_2009-244_0020_20090825_214437_EX.mb162,https://data.ngdc.noaa.gov/platforms/ocean/ships/okeanos_explorer/EX0909/multibeam/data/version2/MB/EX0909_1_Transit_EXApril09_2009-244_0020_20090825_214437_EX.mb162,36864,swath,whole
EX0909,EX0909_1_Transit_EXApril09_2009-244_0022_20090901_083014_EX.mb162,https://data.ngdc.noaa.gov/platforms/ocean/ships/okeanos_explorer/EX0909/multibeam/data/version2/MB/EX0909_1_Transit_EXApril09_2009-244_0022_20090901_083014_EX.mb162,25165824,swath,whole
EX0909,EX0909_1_Transit_EXApril09_2009-244_0023_20090901_143015_EX.mb162,https://data.ngdc.noaa.gov/platforms/ocean/ships/okeanos_explorer/EX0909/multibeam/data/version2/MB/EX0909_1_Transit_EXApril09_2009-244_0023_20090901_143015_EX.mb162,8808038,swath,whole
EX0909,EX0909_1_Transit_EXApril09_2009-244_0024_20090901_170652_EX.mb162,https://data.ngdc.noaa.gov/platforms/ocean/ships/okeanos_explorer/EX0909/multibeam/data/version2/MB/EX0909_1_Transit_EXApril09_2009-244_0024_20090901_170652_EX.mb162,2202010,swath,whole
EX0909,EX0909_1_Transit_EXApril09_2009-244_0025_20090901_174506_EX.mb162,https://data.ngdc.noaa.gov/platforms/ocean/ships/okeanos_explorer/EX0909/multibeam/data/version2/MB/EX0909_1_Transit_EXApril09_2009-244_0025_20090901_174506_EX.mb162,22020096,swath,whole
EX0909,EX0909_1_Transit_EXApril09_2009-244_0026_20090901_234500_EX.mb162,https://data.ngdc.noaa.gov/platforms/ocean/ships/okeanos_explorer/EX0909/multibeam/data/version2/MB/EX0909_1_Transit_EXApril09_2009-244_0026_20090901_234500_EX.mb162,20971520,swath,whole
EX0909,EX0909_1_Transit_EXApril09_2009-245_0027_20090902_054501_EX.mb162,https://data.ngdc.noaa.gov/platforms/ocean/ships/okeanos_explorer/EX0909/multibeam/data/version2/MB/EX0909_1_Transit_EXApril09_2009-245_0027_20090902_054501_EX.mb162,19922944,swath,whole
EX0909,EX0909_1_Transit_EXApril09_2009-245_0028_20090902_114459_EX.mb162,https://data.ngdc.noaa.gov/platforms/ocean/ships/okeanos_explorer/EX0909/multibeam/data/version2/MB/EX0909_1_Transit_EXApril09_2009-245_0028_20090902_114459_EX.mb162,11534336,swath,whole
EX0909,EX0909_2_Transit_EXApril09_2009-256_0001_20090913_040638_EX.mb162,https://data.ngdc.noaa.gov/platforms/ocean/ships/okeanos_explorer/EX0909/multibeam/data/version2/MB/EX0909_2_Transit_EXApril09_2009-256_0001_20090913_040638_EX.mb162,56623104,swath,whole
EX0909,EX0909_2_Transit_EXApril09_2009-256_0002_20090913_100644_EX.mb162,https://data.ngdc.noaa.gov/platforms/ocean/ships/okeanos_explorer/EX0909/multibeam/data/version2/MB/EX0909_2_Transit_EXApril09_2009-256_0002_20090913_100644_EX.mb162,26214400,swath,whole
EX0909,EX0909_2_Transit_EXApril09_2009-256_0003_20090913_160644_EX.mb162,https://data.ngdc.noaa.gov/platforms/ocean/ships/okeanos_explorer/EX0909/multibeam/data/version2/MB/EX0909_2_Transit_EXApril09_2009-256_0003_20090913_160644_EX.mb162,11534336,swath,whole
EX0909,EX0909_2_Transit_EXApril09_2009-256_0004_20090913_191844_EX.mb162,https://data.ngdc.noaa.gov/platforms/ocean/ships/okeanos_explorer/EX0909/multibeam/data/version2/MB/EX0909_2_Transit_EXApril09_2009-256_0004_20090913_191844_EX.mb162,17825792,swath,whole
EX0909,EX0909_2_Transit_EXApril09_2009-257_0005_20090914_000108_EX.mb162,https://data.ngdc.noaa.gov/platforms/ocean/ships/okeanos_explorer/EX0909/multibeam/data/version2/MB/EX0909_2_Transit_EXApril09_2009-257_0005_20090914_000108_EX.mb162,24117248,swath,whole
EX0909,EX0909_2_Transit_EXApril09_2009-257_0006_20090914_060107_EX.mb162,https://data.ngdc.noaa.gov/platforms/ocean/ships/okeanos_explorer/EX0909/multibeam/data/version2/MB/EX0909_2_Transit_EXApril09_2009-257_0006_20090914_060107_EX.mb162,28311552,swath,whole
EX0909,EX0909_2_Transit_EXApril09_2009-257_0007_20090914_120110_EX.mb162,https://data.ngdc.noaa.gov/platforms/ocean/ships/okeanos_explorer/EX0909/multibeam/data/version2/MB/EX0909_2_Transit_EXApril09_2009-257_0007_20090914_120110_EX.mb162,29360128,swath,whole
EX0909,EX0909_2_Transit_EXApril09_2009-264_0010_20090921_233218_EX.mb162,https://data.ngdc.noaa.gov/platforms/ocean/ships/okeanos_explorer/EX0909/multibeam/data/version2/MB/EX0909_2_Transit_EXApril09_2009-264_0010_20090921_233218_EX.mb162,3355443,swath,whole
EX0909,EX0909_2_Transit_EXApril09_2009-265_0011_20090922_000121_EX.mb162,https://data.ngdc.noaa.gov/platforms/ocean/ships/okeanos_explorer/EX0909/multibeam/data/version2/MB/EX0909_2_Transit_EXApril09_2009-265_0011_20090922_000121_EX.mb162,36700160,swath,whole
EX0909,EX0909_2_Transit_EXApril09_2009-265_0012_20090922_060127_EX.mb162,https://data.ngdc.noaa.gov/platforms/ocean/ships/okeanos_explorer/EX0909/multibeam/data/version2/MB/EX0909_2_Transit_EXApril09_2009-265_0012_20090922_060127_EX.mb162,14680064,swath,whole
EX0909,EX0909_2_Transit_EXApril09_2009-265_0013_20090922_091556_EX.mb162,https://data.ngdc.noaa.gov/platforms/ocean/ships/okeanos_explorer/EX0909/multibeam/data/version2/MB/EX0909_2_Transit_EXApril09_2009-265_0013_20090922_091556_EX.mb162,274432,swath,whole
EX0909,EX0909_2_Transit_EXApril09_2009-265_0014_20090922_092004_EX.mb162,https://data.ngdc.noaa.gov/platforms/ocean/ships/okeanos_explorer/EX0909/multibeam/data/version2/MB/EX0909_2_Transit_EXApril09_2009-265_0014_20090922_092004_EX.mb162,9332326,swath,whole
EX0909,EX0909_2_Transit_EXApril09_2009-265_0015_20090922_112616_EX.mb162,https://data.ngdc.noaa.gov/platforms/ocean/ships/okeanos_explorer/EX0909/multibeam/data/version2/MB/EX0909_2_Transit_EXApril09_2009-265_0015_20090922_112616_EX.mb162,271360,swath,whole
EX0909,EX0909_2_Transit_EXApril09_2009-265_0016_20090922_113029_EX.mb162,https://data.ngdc.noaa.gov/platforms/ocean/ships/okeanos_explorer/EX0909/multibeam/data/version2/MB/EX0909_2_Transit_EXApril09_2009-265_0016_20090922_113029_EX.mb162,28311552,swath,whole
EX0909,EX0909_2_Transit_EXApril09_2009-265_0017_20090922_173030_EX.mb162,https://data.ngdc.noaa.gov/platforms/ocean/ships/okeanos_explorer/EX0909/multibeam/data/version2/MB/EX0909_2_Transit_EXApril09_2009-265_0017_20090922_173030_EX.mb162,11534336,swath,whole
EX0909,EX0909_2_Transit_EXApril09_2009-265_0019_20090922_200956_EX.mb162,https://data.ngdc.noaa.gov/platforms/ocean/ships/okeanos_explorer/EX0909/multibeam/data/version2/MB/EX0909_2_Transit_EXApril09_2009-265_0019_20090922_200956_EX.mb162,1572864,swath,whole
EX0909,EX0909_2_Transit_EXApril09_2009-265_0020_20090922_203119_EX.mb162,https://data.ngdc.noaa.gov/platforms/ocean/ships/okeanos_explorer/EX0909/multibeam/data/version2/MB/EX0909_2_Transit_EXApril09_2009-265_0020_20090922_203119_EX.mb162,7549747,swath,whole
EX0909,EX0909_2_Transit_EXApril09_2009-265_0021_20090922_232417_EX.mb162,https://data.ngdc.noaa.gov/platforms/ocean/ships/okeanos_explorer/EX0909/multibeam/data/version2/MB/EX0909_2_Transit_EXApril09_2009-265_0021_20090922_232417_EX.mb162,2726298,swath,whole
EX0909,EX0909_2_Transit_EXApril09_2009-266_0022_20090922_235955_EX.mb162,https://data.ngdc.noaa.gov/platforms/ocean/ships/okeanos_explorer/EX0909/multibeam/data/version2/MB/EX0909_2_Transit_EXApril09_2009-266_0022_20090922_235955_EX.mb162,12582912,swath,whole
EX0909,EX0909_2_Transit_EXApril09_2009-266_0023_20090923_023822_EX.mb162,https://data.ngdc.noaa.gov/platforms/ocean/ships/okeanos_explorer/EX0909/multibeam/data/version2/MB/EX0909_2_Transit_EXApril09_2009-266_0023_20090923_023822_EX.mb162,153600,swath,whole
EX0909,EX0909_2_Transit_EXApril09_2009-266_0024_20090923_024037_EX.mb162,https://data.ngdc.noaa.gov/platforms/ocean/ships/okeanos_explorer/EX0909/multibeam/data/version2/MB/EX0909_2_Transit_EXApril09_2009-266_0024_20090923_024037_EX.mb162,2831155,swath,whole
EX0909,EX0909_2_Transit_EXApril09_2009-266_0025_20090923_031306_EX.mb162,https://data.ngdc.noaa.gov/platforms/ocean/ships/okeanos_explorer/EX0909/multibeam/data/version2/MB/EX0909_2_Transit_EXApril09_2009-266_0025_20090923_031306_EX.mb162,142336,swath,whole
EX0909,EX0909_2_Transit_EXApril09_2009-266_0026_20090923_031543_EX.mb162,https://data.ngdc.noaa.gov/platforms/ocean/ships/okeanos_explorer/EX0909/multibeam/data/version2/MB/EX0909_2_Transit_EXApril09_2009-266_0026_20090923_031543_EX.mb162,24117248,swath,whole
EX0909,EX0909_2_Transit_EXApril09_2009-266_0027_20090923_082007_EX.mb162,https://data.ngdc.noaa.gov/platforms/ocean/ships/okeanos_explorer/EX0909/multibeam/data/version2/MB/EX0909_2_Transit_EXApril09_2009-266_0027_20090923_082007_EX.mb162,325632,swath,whole
EX0909,EX0909_2_Transit_EXApril09_2009-266_0028_20090923_082408_EX.mb162,https://data.ngdc.noaa.gov/platforms/ocean/ships/okeanos_explorer/EX0909/multibeam/data/version2/MB/EX0909_2_Transit_EXApril09_2009-266_0028_20090923_082408_EX.mb162,1468006,swath,whole
EX0909,EX0909_2_Transit_EXApril09_2009-266_0029_20090923_084217_EX.mb162,https://data.ngdc.noaa.gov/platforms/ocean/ships/okeanos_explorer/EX0909/multibeam/data/version2/MB/EX0909_2_Transit_EXApril09_2009-266_0029_20090923_084217_EX.mb162,319488,swath,whole
EX0909,EX0909_2_Transit_EXApril09_2009-266_0030_20090923_084646_EX.mb162,https://data.ngdc.noaa.gov/platforms/ocean/ships/okeanos_explorer/EX0909/multibeam/data/version2/MB/EX0909_2_Transit_EXApril09_2009-266_0030_20090923_084646_EX.mb162,27262976,swath,whole
EX0909,EX0909_2_Transit_EXApril09_2009-266_0031_20090923_144638_EX.mb162,https://data.ngdc.noaa.gov/platforms/ocean/ships/okeanos_explorer/EX0909/multibeam/data/version2/MB/EX0909_2_Transit_EXApril09_2009-266_0031_20090923_144638_EX.mb162,12582912,swath,whole
EX0909,EX0909_2_Transit_EXApril09_2009-266_0032_20090923_171844_EX.mb162,https://data.ngdc.noaa.gov/platforms/ocean/ships/okeanos_explorer/EX0909/multibeam/data/version2/MB/EX0909_2_Transit_EXApril09_2009-266_0032_20090923_171844_EX.mb162,24117248,swath,whole
EX0909,EX0909_2_Transit_EXApril09_2009-266_0033_20090923_230838_EX.mb162,https://data.ngdc.noaa.gov/platforms/ocean/ships/okeanos_explorer/EX0909/multibeam/data/version2/MB/EX0909_2_Transit_EXApril09_2009-266_0033_20090923_230838_EX.mb162,4194304,swath,whole
EX0909,EX0909_2_Transit_EXApril09_2009-267_0034_20090924_000000_EX.mb162,https://data.ngdc.noaa.gov/platforms/ocean/ships/okeanos_explorer/EX0909/multibeam/data/version2/MB/EX0909_2_Transit_EXApril09_2009-267_0034_20090924_000000_EX.mb162,3040870,swath,whole
EX0909,EX0909_2_Transit_EXApril09_2009-267_0035_20090924_005421_EX.mb162,https://data.ngdc.noaa.gov/platforms/ocean/ships/okeanos_explorer/EX0909/multibeam/data/version2/MB/EX0909_2_Transit_EXApril09_2009-267_0035_20090924_005421_EX.mb162,3040870,swath,whole
EX0909,EX0909_2_Transit_EXApril09_2009-267_0036_20090924_013222_EX.mb162,https://data.ngdc.noaa.gov/platforms/ocean/ships/okeanos_explorer/EX0909/multibeam/data/version2/MB/EX0909_2_Transit_EXApril09_2009-267_0036_20090924_013222_EX.mb162,442368,swath,whole
EX0909,EX0909_2_Transit_EXApril09_2009-267_0037_20090924_013756_EX.mb162,https://data.ngdc.noaa.gov/platforms/ocean/ships/okeanos_explorer/EX0909/multibeam/data/version2/MB/EX0909_2_Transit_EXApril09_2009-267_0037_20090924_013756_EX.mb162,6606029,swath,whole
EX0909,EX0909_2_Transit_EXApril09_2009-267_0038_20090924_030105_EX.mb162,https://data.ngdc.noaa.gov/platforms/ocean/ships/okeanos_explorer/EX0909/multibeam/data/version2/MB/EX0909_2_Transit_EXApril09_2009-267_0038_20090924_030105_EX.mb162,830464,swath,whole
EX0909,EX0909_2_Transit_EXApril09_2009-267_0039_20090924_031201_EX.mb162,https://data.ngdc.noaa.gov/platforms/ocean/ships/okeanos_explorer/EX0909/multibeam/data/version2/MB/EX0909_2_Transit_EXApril09_2009-267_0039_20090924_031201_EX.mb162,1887437,swath,whole
EX0909,EX0909_2_Transit_EXApril09_2009-267_0040_20090924_033552_EX.mb162,https://data.ngdc.noaa.gov/platforms/ocean/ships/okeanos_explorer/EX0909/multibeam/data/version2/MB/EX0909_2_Transit_EXApril09_2009-267_0040_20090924_033552_EX.mb162,134144,swath,whole
EX0909,EX0909_2_Transit_EXApril09_2009-267_0041_20090924_033807_EX.mb162,https://data.ngdc.noaa.gov/platforms/ocean/ships/okeanos_explorer/EX0909/multibeam/data/version2/MB/EX0909_2_Transit_EXApril09_2009-267_0041_20090924_033807_EX.mb162,26214400,swath,whole
EX0909,EX0909_2_Transit_EXApril09_2009-267_0042_20090924_093805_EX.mb162,https://data.ngdc.noaa.gov/platforms/ocean/ships/okeanos_explorer/EX0909/multibeam/data/version2/MB/EX0909_2_Transit_EXApril09_2009-267_0042_20090924_093805_EX.mb162,26214400,swath,whole
EX0909,EX0909_2_Transit_EXApril09_2009-267_0043_20090924_153810_EX.mb162,https://data.ngdc.noaa.gov/platforms/ocean/ships/okeanos_explorer/EX0909/multibeam/data/version2/MB/EX0909_2_Transit_EXApril09_2009-267_0043_20090924_153810_EX.mb162,23068672,swath,whole
EX0909,EX0909_2_Transit_EXApril09_2009-267_0044_20090924_203516_EX.mb162,https://data.ngdc.noaa.gov/platforms/ocean/ships/okeanos_explorer/EX0909/multibeam/data/version2/MB/EX0909_2_Transit_EXApril09_2009-267_0044_20090924_203516_EX.mb162,7759462,swath,whole
EX0909,EX0909_2_Transit_EXApril09_2009-267_0045_20090924_231535_EX.mb162,https://data.ngdc.noaa.gov/platforms/ocean/ships/okeanos_explorer/EX0909/multibeam/data/version2/MB/EX0909_2_Transit_EXApril09_2009-267_0045_20090924_231535_EX.mb162,3355443,swath,whole
EX0909,EX0909_2_Transit_EXApril09_2009-268_0046_20090925_000002_EX.mb162,https://data.ngdc.noaa.gov/platforms/ocean/ships/okeanos_explorer/EX0909/multibeam/data/version2/MB/EX0909_2_Transit_EXApril09_2009-268_0046_20090925_000002_EX.mb162,28311552,swath,whole
EX0909,EX0909_4_Transit_EXApril09_2009-301_0000_20091028_055356_EX.mb162,https://data.ngdc.noaa.gov/platforms/ocean/ships/okeanos_explorer/EX0909/multibeam/data/version2/MB/EX0909_4_Transit_EXApril09_2009-301_0000_20091028_055356_EX.mb162,15728640,swath,whole
EX0909,EX0909_4_Transit_EXApril09_2009-301_0001_20091028_070324_EX.mb162,https://data.ngdc.noaa.gov/platforms/ocean/ships/okeanos_explorer/EX0909/multibeam/data/version2/MB/EX0909_4_Transit_EXApril09_2009-301_0001_20091028_070324_EX.mb162,32505856,swath,whole
EX0909,EX0909_4_Transit_EXApril09_2009-301_0002_20091028_130326_EX.mb162,https://data.ngdc.noaa.gov/platforms/ocean/ships/okeanos_explorer/EX0909/multibeam/data/version2/MB/EX0909_4_Transit_EXApril09_2009-301_0002_20091028_130326_EX.mb162,29360128,swath,whole
EX0909,EX0909_4_Transit_EXApril09_2009-301_0003_20091028_190325_EX.mb162,https://data.ngdc.noaa.gov/platforms/ocean/ships/okeanos_explorer/EX0909/multibeam/data/version2/MB/EX0909_4_Transit_EXApril09_2009-301_0003_20091028_190325_EX.mb162,25165824,swath,whole
EX0909,EX0909_4_Transit_EXApril09_2009-302_0004_20091029_000003_EX.mb162,https://data.ngdc.noaa.gov/platforms/ocean/ships/okeanos_explorer/EX0909/multibeam/data/version2/MB/EX0909_4_Transit_EXApril09_2009-302_0004_20091029_000003_EX.mb162,26214400,swath,whole
EX0909,EX0909_4_Transit_EXApril09_2009-302_0005_20091029_060028_EX.mb162,https://data.ngdc.noaa.gov/platforms/ocean/ships/okeanos_explorer/EX0909/multibeam/data/version2/MB/EX0909_4_Transit_EXApril09_2009-302_0005_20091029_060028_EX.mb162,25165824,swath,whole
EX0909,EX0909_4_Transit_EXApril09_2009-302_0006_20091029_120026_EX.mb162,https://data.ngdc.noaa.gov/platforms/ocean/ships/okeanos_explorer/EX0909/multibeam/data/version2/MB/EX0909_4_Transit_EXApril09_2009-302_0006_20091029_120026_EX.mb162,25165824,swath,whole
EX0909,EX0909_4_Transit_EXApril09_2009-302_0007_20091029_180027_EX.mb162,https://data.ngdc.noaa.gov/platforms/ocean/ships/okeanos_explorer/EX0909/multibeam/data/version2/MB/EX0909_4_Transit_EXApril09_2009-302_0007_20091029_180027_EX.mb162,2621440,swath,whole
EX0909,EX0909_4_Transit_EXApril09_2009-302_0008_20091029_190521_EX.mb162,https://data.ngdc.noaa.gov/platforms/ocean/ships/okeanos_explorer/EX0909/multibeam/data/version2/MB/EX0909_4_Transit_EXApril09_2009-302_0008_20091029_190521_EX.mb162,20971520,swath,whole
EX0909,EX0909_4_Transit_EXApril09_2009-303_0009_20091030_000005_EX.mb162,https://data.ngdc.noaa.gov/platforms/ocean/ships/okeanos_explorer/EX0909/multibeam/data/version2/MB/EX0909_4_Transit_EXApril09_2009-303_0009_20091030_000005_EX.mb162,28311552,swath,whole
EX0909,EX0909_4_Transit_EXApril09_2009-303_0010_20091030_060007_EX.mb162,https://data.ngdc.noaa.gov/platforms/ocean/ships/okeanos_explorer/EX0909/multibeam/data/version2/MB/EX0909_4_Transit_EXApril09_2009-303_0010_20091030_060007_EX.mb162,29360128,swath,whole
EX0909,EX0909_4_Transit_EXApril09_2009-303_0011_20091030_120004_EX.mb162,https://data.ngdc.noaa.gov/platforms/ocean/ships/okeanos_explorer/EX0909/multibeam/data/version2/MB/EX0909_4_Transit_EXApril09_2009-303_0011_20091030_120004_EX.mb162,29360128,swath,whole
EX0909,EX0909_4_Transit_EXApril09_2009-303_0012_20091030_180001_EX.mb162,https://data.ngdc.noaa.gov/platforms/ocean/ships/okeanos_explorer/EX0909/multibeam/data/version2/MB/EX0909_4_Transit_EXApril09_2009-303_0012_20091030_180001_EX.mb162,10276045,swath,whole
EX0909,EX0909_4_Transit_EXApril09_2009-303_0013_20091030_203503_EX.mb162,https://data.ngdc.noaa.gov/platforms/ocean/ships/okeanos_explorer/EX0909/multibeam/data/version2/MB/EX0909_4_Transit_EXApril09_2009-303_0013_20091030_203503_EX.mb162,16777216,swath,whole
EX0909,EX0909_4_Transit_EXApril09_2009-304_0014_20091031_000024_EX.mb162,https://data.ngdc.noaa.gov/platforms/ocean/ships/okeanos_explorer/EX0909/multibeam/data/version2/MB/EX0909_4_Transit_EXApril09_2009-304_0014_20091031_000024_EX.mb162,29360128,swath,whole
EX0909,EX0909_4_Transit_EXApril09_2009-304_0015_20091031_060021_EX.mb162,https://data.ngdc.noaa.gov/platforms/ocean/ships/okeanos_explorer/EX0909/multibeam/data/version2/MB/EX0909_4_Transit_EXApril09_2009-304_0015_20091031_060021_EX.mb162,29360128,swath,whole
EX0909,EX0909_4_Transit_EXApril09_2009-304_0016_20091031_120019_EX.mb162,https://data.ngdc.noaa.gov/platforms/ocean/ships/okeanos_explorer/EX0909/multibeam/data/version2/MB/EX0909_4_Transit_EXApril09_2009-304_0016_20091031_120019_EX.mb162,24117248,swath,whole
EX0909,EX0909_4_Transit_EXApril09_2009-304_0017_20091031_164748_EX.mb162,https://data.ngdc.noaa.gov/platforms/ocean/ships/okeanos_explorer/EX0909/multibeam/data/version2/MB/EX0909_4_Transit_EXApril09_2009-304_0017_20091031_164748_EX.mb162,705536,swath,whole
EX0909,EX0909_4_Transit_EXApril09_2009-315_0018_20091111_100838_EX.mb162,https://data.ngdc.noaa.gov/platforms/ocean/ships/okeanos_explorer/EX0909/multibeam/data/version2/MB/EX0909_4_Transit_EXApril09_2009-315_0018_20091111_100838_EX.mb162,53248,swath,whole
EX0909,EX0909_4_Transit_EXApril09_2009-315_0019_20091111_101559_EX.mb162,https://data.ngdc.noaa.gov/platforms/ocean/ships/okeanos_explorer/EX0909/multibeam/data/version2/MB/EX0909_4_Transit_EXApril09_2009-315_0019_20091111_101559_EX.mb162,1048576,swath,whole
EX0909,EX0909_HawaiiIsland_EXApril09_2009-275_0000_20091002_030850_EX.mb162,https://data.ngdc.noaa.gov/platforms/ocean/ships/okeanos_explorer/EX0909/multibeam/data/version2/MB/EX0909_HawaiiIsland_EXApril09_2009-275_0000_20091002_030850_EX.mb162,50331648,swath,whole
EX0909,EX0909_HawaiiIsland_EXApril09_2009-275_0001_20091002_085816_EX.mb162,https://data.ngdc.noaa.gov/platforms/ocean/ships/okeanos_explorer/EX0909/multibeam/data/version2/MB/EX0909_HawaiiIsland_EXApril09_2009-275_0001_20091002_085816_EX.mb162,55574528,swath,whole
EX0909,EX0909_HawaiiIsland_EXApril09_2009-275_0002_20091002_145817_EX.mb162,https://data.ngdc.noaa.gov/platforms/ocean/ships/okeanos_explorer/EX0909/multibeam/data/version2/MB/EX0909_HawaiiIsland_EXApril09_2009-275_0002_20091002_145817_EX.mb162,3355443,swath,whole
EX0909,EX0909_HawaiiIsland_EXApril09_2009-275_0003_20091002_171952_EX.mb162,https://data.ngdc.noaa.gov/platforms/ocean/ships/okeanos_explorer/EX0909/multibeam/data/version2/MB/EX0909_HawaiiIsland_EXApril09_2009-275_0003_20091002_171952_EX.mb162,12582912,swath,whole
EX0909,EX0909_HawaiiIsland_EXApril09_2009-275_0004_20091002_192920_EX.mb162,https://data.ngdc.noaa.gov/platforms/ocean/ships/okeanos_explorer/EX0909/multibeam/data/version2/MB/EX0909_HawaiiIsland_EXApril09_2009-275_0004_20091002_192920_EX.mb162,10171187,swath,whole
EX0909,EX0909_HawaiiIsland_EXApril09_2009-276_0005_20091002_211445_EX.mb162,https://data.ngdc.noaa.gov/platforms/ocean/ships/okeanos_explorer/EX0909/multibeam/data/version2/MB/EX0909_HawaiiIsland_EXApril09_2009-276_0005_20091002_211445_EX.mb162,44040192,swath,whole
EX0909,EX0909_HawaiiIsland_EXApril09_2009-276_0006_20091003_010549_EX.mb162,https://data.ngdc.noaa.gov/platforms/ocean/ships/okeanos_explorer/EX0909/multibeam/data/version2/MB/EX0909_HawaiiIsland_EXApril09_2009-276_0006_20091003_010549_EX.mb162,31457280,swath,whole
EX0909,EX0909_HawaiiIsland_EXApril09_2009-276_0007_20091003_034436_EX.mb162,https://data.ngdc.noaa.gov/platforms/ocean/ships/okeanos_explorer/EX0909/multibeam/data/version2/MB/EX0909_HawaiiIsland_EXApril09_2009-276_0007_20091003_034436_EX.mb162,74448896,swath,whole
EX0909,EX0909_HawaiiIsland_EXApril09_2009-276_0008_20091003_074325_EX.mb162,https://data.ngdc.noaa.gov/platforms/ocean/ships/okeanos_explorer/EX0909/multibeam/data/version2/MB/EX0909_HawaiiIsland_EXApril09_2009-276_0008_20091003_074325_EX.mb162,25165824,swath,whole
EX0909,EX0909_HawaiiIsland_EXApril09_2009-276_0009_20091003_133005_EX.mb162,https://data.ngdc.noaa.gov/platforms/ocean/ships/okeanos_explorer/EX0909/multibeam/data/version2/MB/EX0909_HawaiiIsland_EXApril09_2009-276_0009_20091003_133005_EX.mb162,7759462,swath,whole
EX0909,EX0909_HawaiiIsland_EXApril09_2009-289_0044_20091016_175732_EX.mb162,https://data.ngdc.noaa.gov/platforms/ocean/ships/okeanos_explorer/EX0909/multibeam/data/version2/MB/EX0909_HawaiiIsland_EXApril09_2009-289_0044_20091016_175732_EX.mb162,31457280,swath,whole
EX0909,EX0909_HawaiiIsland_EXApril09_2009-289_0045_20091016_235734_EX.mb162,https://data.ngdc.noaa.gov/platforms/ocean/ships/okeanos_explorer/EX0909/multibeam/data/version2/MB/EX0909_HawaiiIsland_EXApril09_2009-289_0045_20091016_235734_EX.mb162,31457280,swath,whole
EX0909,EX0909_HawaiiIsland_EXApril09_2009-290_0046_20091017_055728_EX.mb162,https://data.ngdc.noaa.gov/platforms/ocean/ships/okeanos_explorer/EX0909/multibeam/data/version2/MB/EX0909_HawaiiIsland_EXApril09_2009-290_0046_20091017_055728_EX.mb162,25165824,swath,whole
EX0909,EX0909_HawaiiIsland_EXApril09_2009-293_0047_20091020_172824_EX.mb162,https://data.ngdc.noaa.gov/platforms/ocean/ships/okeanos_explorer/EX0909/multibeam/data/version2/MB/EX0909_HawaiiIsland_EXApril09_2009-293_0047_20091020_172824_EX.mb162,219136,swath,whole
EX0909,EX0909_HawaiiIsland_EXApril09_2009-293_0048_20091020_173451_EX.mb162,https://data.ngdc.noaa.gov/platforms/ocean/ships/okeanos_explorer/EX0909/multibeam/data/version2/MB/EX0909_HawaiiIsland_EXApril09_2009-293_0048_20091020_173451_EX.mb162,33554432,swath,whole
EX0909,EX0909_HawaiiIsland_EXApril09_2009-293_0049_20091020_233451_EX.mb162,https://data.ngdc.noaa.gov/platforms/ocean/ships/okeanos_explorer/EX0909/multibeam/data/version2/MB/EX0909_HawaiiIsland_EXApril09_2009-293_0049_20091020_233451_EX.mb162,2097152,swath,whole
EX0909,EX0909_HawaiiIsland_EXApril09_2009-294_0050_20091021_000002_EX.mb162,https://data.ngdc.noaa.gov/platforms/ocean/ships/okeanos_explorer/EX0909/multibeam/data/version2/MB/EX0909_HawaiiIsland_EXApril09_2009-294_0050_20091021_000002_EX.mb162,29360128,swath,whole
EX0909,EX0909_Kealakekua_Bay_EXApril09_2009-280_0001_20091007_161656_EX.mb162,https://data.ngdc.noaa.gov/platforms/ocean/ships/okeanos_explorer/EX0909/multibeam/data/version2/MB/EX0909_Kealakekua_Bay_EXApril09_2009-280_0001_20091007_161656_EX.mb162,15728640,swath,whole
EX0909,EX0909_Kealakekua_Bay_EXApril09_2009-280_0002_20091007_190019_EX.mb162,https://data.ngdc.noaa.gov/platforms/ocean/ships/okeanos_explorer/EX0909/multibeam/data/version2/MB/EX0909_Kealakekua_Bay_EXApril09_2009-280_0002_20091007_190019_EX.mb162,18874368,swath,whole
EX0909,EX0909_Kealakekua_Bay_EXApril09_2009-281_0011_20091008_124815_EX.mb162,https://data.ngdc.noaa.gov/platforms/ocean/ships/okeanos_explorer/EX0909/multibeam/data/version2/MB/EX0909_Kealakekua_Bay_EXApril09_2009-281_0011_20091008_124815_EX.mb162,32505856,swath,whole
EX0909,EX0909_NeckerRidge_EXApril09_2009-238_0000_20090826_060627_EX.mb162,https://data.ngdc.noaa.gov/platforms/ocean/ships/okeanos_explorer/EX0909/multibeam/data/version2/MB/EX0909_NeckerRidge_EXApril09_2009-238_0000_20090826_060627_EX.mb162,7549747,swath,whole
EX0909,EX0909_NeckerRidge_EXApril09_2009-238_0001_20090826_074756_EX.mb162,https://data.ngdc.noaa.gov/platforms/ocean/ships/okeanos_explorer/EX0909/multibeam/data/version2/MB/EX0909_NeckerRidge_EXApril09_2009-238_0001_20090826_074756_EX.mb162,32505856,swath,whole
EX0909,EX0909_NeckerRidge_EXApril09_2009-238_0002_20090826_134758_EX.mb162,https://data.ngdc.noaa.gov/platforms/ocean/ships/okeanos_explorer/EX0909/multibeam/data/version2/MB/EX0909_NeckerRidge_EXApril09_2009-238_0002_20090826_134758_EX.mb162,35651584,swath,whole
EX0909,EX0909_NeckerRidge_EXApril09_2009-238_0003_20090826_194800_EX.mb162,https://data.ngdc.noaa.gov/platforms/ocean/ships/okeanos_explorer/EX0909/multibeam/data/version2/MB/EX0909_NeckerRidge_EXApril09_2009-238_0003_20090826_194800_EX.mb162,32505856,swath,whole
EX0909,EX0909_NeckerRidge_EXApril09_2009-238_0004_20090827_014801_EX.mb162,https://data.ngdc.noaa.gov/platforms/ocean/ships/okeanos_explorer/EX0909/multibeam/data/version2/MB/EX0909_NeckerRidge_EXApril09_2009-238_0004_20090827_014801_EX.mb162,2936013,swath,whole
EX0909,EX0909_NeckerRidge_EXApril09_2009-238_0005_20090827_022422_EX.mb162,https://data.ngdc.noaa.gov/platforms/ocean/ships/okeanos_explorer/EX0909/multibeam/data/version2/MB/EX0909_NeckerRidge_EXApril09_2009-238_0005_20090827_022422_EX.mb162,7864320,swath,whole
EX0909,EX0909_NeckerRidge_EXApril09_2009-238_0006_20090827_040207_EX.mb162,https://data.ngdc.noaa.gov/platforms/ocean/ships/okeanos_explorer/EX0909/multibeam/data/version2/MB/EX0909_NeckerRidge_EXApril09_2009-238_0006_20090827_040207_EX.mb162,30408704,swath,whole
EX0909,EX0909_NeckerRidge_EXApril09_2009-238_0007_20090827_100209_EX.mb162,https://data.ngdc.noaa.gov/platforms/ocean/ships/okeanos_explorer/EX0909/multibeam/data/version2/MB/EX0909_NeckerRidge_EXApril09_2009-238_0007_20090827_100209_EX.mb162,33554432,swath,whole
EX0909,EX0909_NeckerRidge_EXApril09_2009-239_0008_20090827_160209_EX.mb162,https://data.ngdc.noaa.gov/platforms/ocean/ships/okeanos_explorer/EX0909/multibeam/data/version2/MB/EX0909_NeckerRidge_EXApril09_2009-239_0008_20090827_160209_EX.mb162,17825792,swath,whole
EX0909,EX0909_NeckerRidge_EXApril09_2009-239_0009_20090827_194711_EX.mb162,https://data.ngdc.noaa.gov/platforms/ocean/ships/okeanos_explorer/EX0909/multibeam/data/version2/MB/EX0909_NeckerRidge_EXApril09_2009-239_0009_20090827_194711_EX.mb162,1887437,swath,whole
EX0909,EX0909_NeckerRidge_EXApril09_2009-239_0010_20090827_201019_EX.mb162,https://data.ngdc.noaa.gov/platforms/ocean/ships/okeanos_explorer/EX0909/multibeam/data/version2/MB/EX0909_NeckerRidge_EXApril09_2009-239_0010_20090827_201019_EX.mb162,18874368,swath,whole
EX0909,EX0909_NeckerRidge_EXApril09_2009-240_0011_20090828_000005_EX.mb162,https://data.ngdc.noaa.gov/platforms/ocean/ships/okeanos_explorer/EX0909/multibeam/data/version2/MB/EX0909_NeckerRidge_EXApril09_2009-240_0011_20090828_000005_EX.mb162,33554432,swath,whole
EX0909,EX0909_NeckerRidge_EXApril09_2009-240_0012_20090828_060009_EX.mb162,https://data.ngdc.noaa.gov/platforms/ocean/ships/okeanos_explorer/EX0909/multibeam/data/version2/MB/EX0909_NeckerRidge_EXApril09_2009-240_0012_20090828_060009_EX.mb162,28311552,swath,whole
EX0909,EX0909_NeckerRidge_EXApril09_2009-240_0013_20090828_120001_EX.mb162,https://data.ngdc.noaa.gov/platforms/ocean/ships/okeanos_explorer/EX0909/multibeam/data/version2/MB/EX0909_NeckerRidge_EXApril09_2009-240_0013_20090828_120001_EX.mb162,30408704,swath,whole
EX0909,EX0909_NeckerRidge_EXApril09_2009-240_0014_20090828_180003_EX.mb162,https://data.ngdc.noaa.gov/platforms/ocean/ships/okeanos_explorer/EX0909/multibeam/data/version2/MB/EX0909_NeckerRidge_EXApril09_2009-240_0014_20090828_180003_EX.mb162,31457280,swath,whole
EX0909,EX0909_NeckerRidge_EXApril09_2009-241_0015_20090828_235954_EX.mb162,https://data.ngdc.noaa.gov/platforms/ocean/ships/okeanos_explorer/EX0909/multibeam/data/version2/MB/EX0909_NeckerRidge_EXApril09_2009-241_0015_20090828_235954_EX.mb162,30408704,swath,whole
EX0909,EX0909_NeckerRidge_EXApril09_2009-241_0016_20090829_060000_EX.mb162,https://data.ngdc.noaa.gov/platforms/ocean/ships/okeanos_explorer/EX0909/multibeam/data/version2/MB/EX0909_NeckerRidge_EXApril09_2009-241_0016_20090829_060000_EX.mb162,5138022,swath,whole
EX0909,EX0909_NeckerRidge_EXApril09_2009-241_0017_20090829_071403_EX.mb162,https://data.ngdc.noaa.gov/platforms/ocean/ships/okeanos_explorer/EX0909/multibeam/data/version2/MB/EX0909_NeckerRidge_EXApril09_2009-241_0017_20090829_071403_EX.mb162,2936013,swath,whole
EX0909,EX0909_NeckerRidge_EXApril09_2009-241_0018_20090829_075708_EX.mb162,https://data.ngdc.noaa.gov/platforms/ocean/ships/okeanos_explorer/EX0909/multibeam/data/version2/MB/EX0909_NeckerRidge_EXApril09_2009-241_0018_20090829_075708_EX.mb162,30408704,swath,whole
EX0909,EX0909_NeckerRidge_EXApril09_2009-241_0019_20090829_135707_EX.mb162,https://data.ngdc.noaa.gov/platforms/ocean/ships/okeanos_explorer/EX0909/multibeam/data/version2/MB/EX0909_NeckerRidge_EXApril09_2009-241_0019_20090829_135707_EX.mb162,30408704,swath,whole
EX0909,EX0909_NeckerRidge_EXApril09_2009-241_0020_20090829_195712_EX.mb162,https://data.ngdc.noaa.gov/platforms/ocean/ships/okeanos_explorer/EX0909/multibeam/data/version2/MB/EX0909_NeckerRidge_EXApril09_2009-241_0020_20090829_195712_EX.mb162,15728640,swath,whole
EX0909,EX0909_NeckerRidge_EXApril09_2009-241_0021_20090829_225506_EX.mb162,https://data.ngdc.noaa.gov/platforms/ocean/ships/okeanos_explorer/EX0909/multibeam/data/version2/MB/EX0909_NeckerRidge_EXApril09_2009-241_0021_20090829_225506_EX.mb162,6815744,swath,whole
EX0909,EX0909_NeckerRidge_EXApril09_2009-242_0022_20090830_001857_EX.mb162,https://data.ngdc.noaa.gov/platforms/ocean/ships/okeanos_explorer/EX0909/multibeam/data/version2/MB/EX0909_NeckerRidge_EXApril09_2009-242_0022_20090830_001857_EX.mb162,23068672,swath,whole
EX0909,EX0909_NeckerRidge_EXApril09_2009-242_0023_20090830_045121_EX.mb162,https://data.ngdc.noaa.gov/platforms/ocean/ships/okeanos_explorer/EX0909/multibeam/data/version2/MB/EX0909_NeckerRidge_EXApril09_2009-242_0023_20090830_045121_EX.mb162,31457280,swath,whole
EX0909,EX0909_NeckerRidge_EXApril09_2009-242_0024_20090830_105121_EX.mb162,https://data.ngdc.noaa.gov/platforms/ocean/ships/okeanos_explorer/EX0909/multibeam/data/version2/MB/EX0909_NeckerRidge_EXApril09_2009-242_0024_20090830_105121_EX.mb162,23068672,swath,whole
EX0909,EX0909_NeckerRidge_EXApril09_2009-242_0025_20090830_152556_EX.mb162,https://data.ngdc.noaa.gov/platforms/ocean/ships/okeanos_explorer/EX0909/multibeam/data/version2/MB/EX0909_NeckerRidge_EXApril09_2009-242_0025_20090830_152556_EX.mb162,2097152,swath,whole
EX0909,EX0909_NeckerRidge_EXApril09_2009-242_0026_20090830_155314_EX.mb162,https://data.ngdc.noaa.gov/platforms/ocean/ships/okeanos_explorer/EX0909/multibeam/data/version2/MB/EX0909_NeckerRidge_EXApril09_2009-242_0026_20090830_155314_EX.mb162,29360128,swath,whole
EX0909,EX0909_NeckerRidge_EXApril09_2009-242_0027_20090830_215315_EX.mb162,https://data.ngdc.noaa.gov/platforms/ocean/ships/okeanos_explorer/EX0909/multibeam/data/version2/MB/EX0909_NeckerRidge_EXApril09_2009-242_0027_20090830_215315_EX.mb162,10380902,swath,whole
EX0909,EX0909_NeckerRidge_EXApril09_2009-243_0028_20090831_000200_EX.mb162,https://data.ngdc.noaa.gov/platforms/ocean/ships/okeanos_explorer/EX0909/multibeam/data/version2/MB/EX0909_NeckerRidge_EXApril09_2009-243_0028_20090831_000200_EX.mb162,26214400,swath,whole
EX0909,EX0909_NeckerRidge_EXApril09_2009-259_0003_20090916_000008_EX.mb162,https://data.ngdc.noaa.gov/platforms/ocean/ships/okeanos_explorer/EX0909/multibeam/data/version2/MB/EX0909_NeckerRidge_EXApril09_2009-259_0003_20090916_000008_EX.mb162,27262976,swath,whole
EX0909,EX0909_NeckerRidge_EXApril09_2009-259_0004_20090916_060005_EX.mb162,https://data.ngdc.noaa.gov/platforms/ocean/ships/okeanos_explorer/EX0909/multibeam/data/version2/MB/EX0909_NeckerRidge_EXApril09_2009-259_0004_20090916_060005_EX.mb162,13631488,swath,whole
EX0909,EX0909_NeckerRidge_EXApril09_2009-259_0005_20090916_090305_EX.mb162,https://data.ngdc.noaa.gov/platforms/ocean/ships/okeanos_explorer/EX0909/multibeam/data/version2/MB/EX0909_NeckerRidge_EXApril09_2009-259_0005_20090916_090305_EX.mb162,7759462,swath,whole
EX0909,EX0909_NeckerRidge_EXApril09_2009-259_0007_20090916_105216_EX.mb162,https://data.ngdc.noaa.gov/platforms/ocean/ships/okeanos_explorer/EX0909/multibeam/data/version2/MB/EX0909_NeckerRidge_EXApril09_2009-259_0007_20090916_105216_EX.mb162,2936013,swath,whole
EX0909,EX0909_NeckerRidge_EXApril09_2009-259_0009_20090916_112751_EX.mb162,https://data.ngdc.noaa.gov/platforms/ocean/ships/okeanos_explorer/EX0909/multibeam/data/version2/MB/EX0909_NeckerRidge_EXApril09_2009-259_0009_20090916_112751_EX.mb162,29360128,swath,whole
EX0909,EX0909_NeckerRidge_EXApril09_2009-259_0010_20090916_172750_EX.mb162,https://data.ngdc.noaa.gov/platforms/ocean/ships/okeanos_explorer/EX0909/multibeam/data/version2/MB/EX0909_NeckerRidge_EXApril09_2009-259_0010_20090916_172750_EX.mb162,3250586,swath,whole
EX0909,EX0909_NeckerRidge_EXApril09_2009-259_0012_20090916_191853_EX.mb162,https://data.ngdc.noaa.gov/platforms/ocean/ships/okeanos_explorer/EX0909/multibeam/data/version2/MB/EX0909_NeckerRidge_EXApril09_2009-259_0012_20090916_191853_EX.mb162,13631488,swath,whole
EX0909,EX0909_NeckerRidge_EXApril09_2009-259_0014_20090916_233127_EX.mb162,https://data.ngdc.noaa.gov/platforms/ocean/ships/okeanos_explorer/EX0909/multibeam/data/version2/MB/EX0909_NeckerRidge_EXApril09_2009-259_0014_20090916_233127_EX.mb162,29360128,swath,whole
EX0909,EX0909_NeckerRidge_EXApril09_2009-260_0015_20090917_053129_EX.mb162,https://data.ngdc.noaa.gov/platforms/ocean/ships/okeanos_explorer/EX0909/multibeam/data/version2/MB/EX0909_NeckerRidge_EXApril09_2009-260_0015_20090917_053129_EX.mb162,3250586,swath,whole
EX0909,EX0909_NeckerRidge_EXApril09_2009-260_0016_20090917_061300_EX.mb162,https://data.ngdc.noaa.gov/platforms/ocean/ships/okeanos_explorer/EX0909/multibeam/data/version2/MB/EX0909_NeckerRidge_EXApril09_2009-260_0016_20090917_061300_EX.mb162,34603008,swath,whole
EX0909,EX0909_NeckerRidge_EXApril09_2009-260_0017_20090917_121306_EX.mb162,https://data.ngdc.noaa.gov/platforms/ocean/ships/okeanos_explorer/EX0909/multibeam/data/version2/MB/EX0909_NeckerRidge_EXApril09_2009-260_0017_20090917_121306_EX.mb162,20971520,swath,whole
EX0909,EX0909_NeckerRidge_EXApril09_2009-260_0018_20090917_161621_EX.mb162,https://data.ngdc.noaa.gov/platforms/ocean/ships/okeanos_explorer/EX0909/multibeam/data/version2/MB/EX0909_NeckerRidge_EXApril09_2009-260_0018_20090917_161621_EX.mb162,181248,swath,whole
EX0909,EX0909_NeckerRidge_EXApril09_2009-260_0019_20090917_161841_EX.mb162,https://data.ngdc.noaa.gov/platforms/ocean/ships/okeanos_explorer/EX0909/multibeam/data/version2/MB/EX0909_NeckerRidge_EXApril09_2009-260_0019_20090917_161841_EX.mb162,6501171,swath,whole
EX0909,EX0909_NeckerRidge_EXApril09_2009-260_0020_20090917_174411_EX.mb162,https://data.ngdc.noaa.gov/platforms/ocean/ships/okeanos_explorer/EX0909/multibeam/data/version2/MB/EX0909_NeckerRidge_EXApril09_2009-260_0020_20090917_174411_EX.mb162,452608,swath,whole
EX0909,EX0909_NeckerRidge_EXApril09_2009-260_0021_20090917_175028_EX.mb162,https://data.ngdc.noaa.gov/platforms/ocean/ships/okeanos_explorer/EX0909/multibeam/data/version2/MB/EX0909_NeckerRidge_EXApril09_2009-260_0021_20090917_175028_EX.mb162,22020096,swath,whole
EX0909,EX0909_NeckerRidge_EXApril09_2009-260_0022_20090917_225134_EX.mb162,https://data.ngdc.noaa.gov/platforms/ocean/ships/okeanos_explorer/EX0909/multibeam/data/version2/MB/EX0909_NeckerRidge_EXApril09_2009-260_0022_20090917_225134_EX.mb162,6710886,swath,whole
EX0909,EX0909_NeckerRidge_EXApril09_2009-261_0023_20090918_000006_EX.mb162,https://data.ngdc.noaa.gov/platforms/ocean/ships/okeanos_explorer/EX0909/multibeam/data/version2/MB/EX0909_NeckerRidge_EXApril09_2009-261_0023_20090918_000006_EX.mb162,31457280,swath,whole
EX0909,EX0909_NeckerRidge_EXApril09_2009-261_0024_20090918_060010_EX.mb162,https://data.ngdc.noaa.gov/platforms/ocean/ships/okeanos_explorer/EX0909/multibeam/data/version2/MB/EX0909_NeckerRidge_EXApril09_2009-261_0024_20090918_060010_EX.mb162,10485760,swath,whole
EX0909,EX0909_NeckerRidge_EXApril09_2009-261_0025_20090918_080622_EX.mb162,https://data.ngdc.noaa.gov/platforms/ocean/ships/okeanos_explorer/EX0909/multibeam/data/version2/MB/EX0909_NeckerRidge_EXApril09_2009-261_0025_20090918_080622_EX.mb162,399360,swath,whole
EX0909,EX0909_NeckerRidge_EXApril09_2009-261_0026_20090918_081059_EX.mb162,https://data.ngdc.noaa.gov/platforms/ocean/ships/okeanos_explorer/EX0909/multibeam/data/version2/MB/EX0909_NeckerRidge_EXApril09_2009-261_0026_20090918_081059_EX.mb162,5872026,swath,whole
EX0909,EX0909_NeckerRidge_EXApril09_2009-261_0027_20090918_093101_EX.mb162,https://data.ngdc.noaa.gov/platforms/ocean/ships/okeanos_explorer/EX0909/multibeam/data/version2/MB/EX0909_NeckerRidge_EXApril09_2009-261_0027_20090918_093101_EX.mb162,282624,swath,whole
EX0909,EX0909_NeckerRidge_EXApril09_2009-261_0028_20090918_093549_EX.mb162,https://data.ngdc.noaa.gov/platforms/ocean/ships/okeanos_explorer/EX0909/multibeam/data/version2/MB/EX0909_NeckerRidge_EXApril09_2009-261_0028_20090918_093549_EX.mb162,34603008,swath,whole
EX0909,EX0909_NeckerRidge_EXApril09_2009-261_0029_20090918_153550_EX.mb162,https://data.ngdc.noaa.gov/platforms/ocean/ships/okeanos_explorer/EX0909/multibeam/data/version2/MB/EX0909_NeckerRidge_EXApril09_2009-261_0029_20090918_153550_EX.mb162,27262976,swath,whole
EX0909,EX0909_NeckerRidge_EXApril09_2009-261_0030_20090918_210712_EX.mb162,https://data.ngdc.noaa.gov/platforms/ocean/ships/okeanos_explorer/EX0909/multibeam/data/version2/MB/EX0909_NeckerRidge_EXApril09_2009-261_0030_20090918_210712_EX.mb162,61440,swath,whole
EX0909,EX0909_NeckerRidge_EXApril09_2009-261_0031_20090918_210834_EX.mb162,https://data.ngdc.noaa.gov/platforms/ocean/ships/okeanos_explorer/EX0909/multibeam/data/version2/MB/EX0909_NeckerRidge_EXApril09_2009-261_0031_20090918_210834_EX.mb162,247808,swath,whole
EX0909,EX0909_NeckerRidge_EXApril09_2009-261_0032_20090918_211256_EX.mb162,https://data.ngdc.noaa.gov/platforms/ocean/ships/okeanos_explorer/EX0909/multibeam/data/version2/MB/EX0909_NeckerRidge_EXApril09_2009-261_0032_20090918_211256_EX.mb162,3774874,swath,whole
EX0909,EX0909_NeckerRidge_EXApril09_2009-261_0033_20090918_231052_EX.mb162,https://data.ngdc.noaa.gov/platforms/ocean/ships/okeanos_explorer/EX0909/multibeam/data/version2/MB/EX0909_NeckerRidge_EXApril09_2009-261_0033_20090918_231052_EX.mb162,4089446,swath,whole
EX0909,EX0909_NeckerRidge_EXApril09_2009-261_0034_20090918_235957_EX.mb162,https://data.ngdc.noaa.gov/platforms/ocean/ships/okeanos_explorer/EX0909/multibeam/data/version2/MB/EX0909_NeckerRidge_EXApril09_2009-261_0034_20090918_235957_EX.mb162,2306867,swath,whole
EX0909,EX0909_NeckerRidge_EXApril09_2009-262_0035_20090919_002823_EX.mb162,https://data.ngdc.noaa.gov/platforms/ocean/ships/okeanos_explorer/EX0909/multibeam/data/version2/MB/EX0909_NeckerRidge_EXApril09_2009-262_0035_20090919_002823_EX.mb162,30408704,swath,whole
EX0909,EX0909_NeckerRidge_EXApril09_2009-262_0036_20090919_062816_EX.mb162,https://data.ngdc.noaa.gov/platforms/ocean/ships/okeanos_explorer/EX0909/multibeam/data/version2/MB/EX0909_NeckerRidge_EXApril09_2009-262_0036_20090919_062816_EX.mb162,3355443,swath,whole
EX0909,EX0909_NeckerRidge_EXApril09_2009-262_0037_20090919_070208_EX.mb162,https://data.ngdc.noaa.gov/platforms/ocean/ships/okeanos_explorer/EX0909/multibeam/data/version2/MB/EX0909_NeckerRidge_EXApril09_2009-262_0037_20090919_070208_EX.mb162,30408704,swath,whole
EX0909,EX0909_NeckerRidge_EXApril09_2009-262_0038_20090919_130211_EX.mb162,https://data.ngdc.noaa.gov/platforms/ocean/ships/okeanos_explorer/EX0909/multibeam/data/version2/MB/EX0909_NeckerRidge_EXApril09_2009-262_0038_20090919_130211_EX.mb162,13631488,swath,whole
EX0909,EX0909_NeckerRidge_EXApril09_2009-262_0039_20090919_153938_EX.mb162,https://data.ngdc.noaa.gov/platforms/ocean/ships/okeanos_explorer/EX0909/multibeam/data/version2/MB/EX0909_NeckerRidge_EXApril09_2009-262_0039_20090919_153938_EX.mb162,149504,swath,whole
EX0909,EX0909_NeckerRidge_EXApril09_2009-262_0040_20090919_154221_EX.mb162,https://data.ngdc.noaa.gov/platforms/ocean/ships/okeanos_explorer/EX0909/multibeam/data/version2/MB/EX0909_NeckerRidge_EXApril09_2009-262_0040_20090919_154221_EX.mb162,12582912,swath,whole
EX0909,EX0909_NeckerRidge_EXApril09_2009-262_0041_20090919_182357_EX.mb162,https://data.ngdc.noaa.gov/platforms/ocean/ships/okeanos_explorer/EX0909/multibeam/data/version2/MB/EX0909_NeckerRidge_EXApril09_2009-262_0041_20090919_182357_EX.mb162,18874368,swath,whole
EX0909,EX0909_NeckerRidge_EXApril09_2009-262_0042_20090919_231617_EX.mb162,https://data.ngdc.noaa.gov/platforms/ocean/ships/okeanos_explorer/EX0909/multibeam/data/version2/MB/EX0909_NeckerRidge_EXApril09_2009-262_0042_20090919_231617_EX.mb162,3565158,swath,whole
EX0909,EX0909_NeckerRidge_EXApril09_2009-263_0043_20090920_000004_EX.mb162,https://data.ngdc.noaa.gov/platforms/ocean/ships/okeanos_explorer/EX0909/multibeam/data/version2/MB/EX0909_NeckerRidge_EXApril09_2009-263_0043_20090920_000004_EX.mb162,30408704,swath,whole
EX0909,EX0909_NeckerRidge_EXApril09_2009-263_0050_20090920_164527_EX.mb162,https://data.ngdc.noaa.gov/platforms/ocean/ships/okeanos_explorer/EX0909/multibeam/data/version2/MB/EX0909_NeckerRidge_EXApril09_2009-263_0050_20090920_164527_EX.mb162,7340032,swath,whole
EX0909,EX0909_NeckerRidge_EXApril09_2009-263_0051_20090920_215028_EX.mb162,https://data.ngdc.noaa.gov/platforms/ocean/ships/okeanos_explorer/EX0909/multibeam/data/version2/MB/EX0909_NeckerRidge_EXApril09_2009-263_0051_20090920_215028_EX.mb162,10276045,swath,whole
EX0909,EX0909_NeckerRidge_EXApril09_2009-263_0052_20090920_235955_EX.mb162,https://data.ngdc.noaa.gov/platforms/ocean/ships/okeanos_explorer/EX0909/multibeam/data/version2/MB/EX0909_NeckerRidge_EXApril09_2009-263_0052_20090920_235955_EX.mb162,32505856,swath,whole
EX0909,EX0909_NeckerRidge_EXApril09_2009-264_0053_20090921_055954_EX.mb162,https://data.ngdc.noaa.gov/platforms/ocean/ships/okeanos_explorer/EX0909/multibeam/data/version2/MB/EX0909_NeckerRidge_EXApril09_2009-264_0053_20090921_055954_EX.mb162,25165824,swath,whole
EX0909,EX0909_NeckerRidge_EXApril09_2009-264_0054_20090921_104918_EX.mb162,https://data.ngdc.noaa.gov/platforms/ocean/ships/okeanos_explorer/EX0909/multibeam/data/version2/MB/EX0909_NeckerRidge_EXApril09_2009-264_0054_20090921_104918_EX.mb162,186368,swath,whole
EX0909,EX0909_NeckerRidge_EXApril09_2009-264_0055_20090921_105222_EX.mb162,https://data.ngdc.noaa.gov/platforms/ocean/ships/okeanos_explorer/EX0909/multibeam/data/version2/MB/EX0909_NeckerRidge_EXApril09_2009-264_0055_20090921_105222_EX.mb162,30408704,swath,whole
EX0909,EX0909_NeckerRidge_EXApril09_2009-264_0056_20090921_165219_EX.mb162,https://data.ngdc.noaa.gov/platforms/ocean/ships/okeanos_explorer/EX0909/multibeam/data/version2/MB/EX0909_NeckerRidge_EXApril09_2009-264_0056_20090921_165219_EX.mb162,35651584,swath,whole
EX0909,EX0909_PMM_EXApril09_2009-290_0000_20091017_100629_EX.mb162,https://data.ngdc.noaa.gov/platforms/ocean/ships/okeanos_explorer/EX0909/multibeam/data/version2/MB/EX0909_PMM_EXApril09_2009-290_0000_20091017_100629_EX.mb162,6081741,swath,whole
EX0909,EX0909_PMM_EXApril09_2009-290_0001_20091017_112609_EX.mb162,https://data.ngdc.noaa.gov/platforms/ocean/ships/okeanos_explorer/EX0909/multibeam/data/version2/MB/EX0909_PMM_EXApril09_2009-290_0001_20091017_112609_EX.mb162,27262976,swath,whole
EX0909,EX0909_PMM_EXApril09_2009-290_0002_20091017_165214_EX.mb162,https://data.ngdc.noaa.gov/platforms/ocean/ships/okeanos_explorer/EX0909/multibeam/data/version2/MB/EX0909_PMM_EXApril09_2009-290_0002_20091017_165214_EX.mb162,1363149,swath,whole
EX0909,EX0909_PMM_EXApril09_2009-290_0003_20091017_170909_EX.mb162,https://data.ngdc.noaa.gov/platforms/ocean/ships/okeanos_explorer/EX0909/multibeam/data/version2/MB/EX0909_PMM_EXApril09_2009-290_0003_20091017_170909_EX.mb162,25165824,swath,whole
EX0909,EX0909_PMM_EXApril09_2009-290_0004_20091017_231225_EX.mb162,https://data.ngdc.noaa.gov/platforms/ocean/ships/okeanos_explorer/EX0909/multibeam/data/version2/MB/EX0909_PMM_EXApril09_2009-290_0004_20091017_231225_EX.mb162,1363149,swath,whole
EX0909,EX0909_PMM_EXApril09_2009-290_0005_20091017_232952_EX.mb162,https://data.ngdc.noaa.gov/platforms/ocean/ships/okeanos_explorer/EX0909/multibeam/data/version2/MB/EX0909_PMM_EXApril09_2009-290_0005_20091017_232952_EX.mb162,2411725,swath,whole
EX0909,EX0909_PMM_EXApril09_2009-291_0006_20091018_000009_EX.mb162,https://data.ngdc.noaa.gov/platforms/ocean/ships/okeanos_explorer/EX0909/multibeam/data/version2/MB/EX0909_PMM_EXApril09_2009-291_0006_20091018_000009_EX.mb162,23068672,swath,whole
EX0909,EX0909_PMM_EXApril09_2009-291_0007_20091018_043845_EX.mb162,https://data.ngdc.noaa.gov/platforms/ocean/ships/okeanos_explorer/EX0909/multibeam/data/version2/MB/EX0909_PMM_EXApril09_2009-291_0007_20091018_043845_EX.mb162,1258291,swath,whole
EX0909,EX0909_PMM_EXApril09_2009-291_0008_20091018_045509_EX.mb162,https://data.ngdc.noaa.gov/platforms/ocean/ships/okeanos_explorer/EX0909/multibeam/data/version2/MB/EX0909_PMM_EXApril09_2009-291_0008_20091018_045509_EX.mb162,32505856,swath,whole
EX0909,EX0909_PMM_EXApril09_2009-291_0009_20091018_103849_EX.mb162,https://data.ngdc.noaa.gov/platforms/ocean/ships/okeanos_explorer/EX0909/multibeam/data/version2/MB/EX0909_PMM_EXApril09_2009-291_0009_20091018_103849_EX.mb162,1572864,swath,whole
EX0909,EX0909_PMM_EXApril09_2009-291_0010_20091018_110243_EX.mb162,https://data.ngdc.noaa.gov/platforms/ocean/ships/okeanos_explorer/EX0909/multibeam/data/version2/MB/EX0909_PMM_EXApril09_2009-291_0010_20091018_110243_EX.mb162,42991616,swath,whole
EX0909,EX0909_PMM_EXApril09_2009-291_0011_20091018_170246_EX.mb162,https://data.ngdc.noaa.gov/platforms/ocean/ships/okeanos_explorer/EX0909/multibeam/data/version2/MB/EX0909_PMM_EXApril09_2009-291_0011_20091018_170246_EX.mb162,3565158,swath,whole
EX0909,EX0909_PMM_EXApril09_2009-291_0012_20091018_175051_EX.mb162,https://data.ngdc.noaa.gov/platforms/ocean/ships/okeanos_explorer/EX0909/multibeam/data/version2/MB/EX0909_PMM_EXApril09_2009-291_0012_20091018_175051_EX.mb162,1677722,swath,whole
EX0909,EX0909_PMM_EXApril09_2009-291_0013_20091018_181201_EX.mb162,https://data.ngdc.noaa.gov/platforms/ocean/ships/okeanos_explorer/EX0909/multibeam/data/version2/MB/EX0909_PMM_EXApril09_2009-291_0013_20091018_181201_EX.mb162,94371840,swath,whole
EX0909,EX0909_PMM_EXApril09_2009-291_0014_20091018_230544_EX.mb162,https://data.ngdc.noaa.gov/platforms/ocean/ships/okeanos_explorer/EX0909/multibeam/data/version2/MB/EX0909_PMM_EXApril09_2009-291_0014_20091018_230544_EX.mb162,4718592,swath,whole
EX0909,EX0909_PMM_EXApril09_2009-292_0015_20091018_235958_EX.mb162,https://data.ngdc.noaa.gov/platforms/ocean/ships/okeanos_explorer/EX0909/multibeam/data/version2/MB/EX0909_PMM_EXApril09_2009-292_0015_20091018_235958_EX.mb162,2306867,swath,whole
EX0909,EX0909_PMM_EXApril09_2009-292_0016_20091019_003110_EX.mb162,https://data.ngdc.noaa.gov/platforms/ocean/ships/okeanos_explorer/EX0909/multibeam/data/version2/MB/EX0909_PMM_EXApril09_2009-292_0016_20091019_003110_EX.mb162,1572864,swath,whole
EX0909,EX0909_PMM_EXApril09_2009-292_0017_20091019_005604_EX.mb162,https://data.ngdc.noaa.gov/platforms/ocean/ships/okeanos_explorer/EX0909/multibeam/data/version2/MB/EX0909_PMM_EXApril09_2009-292_0017_20091019_005604_EX.mb162,132120576,swath,whole
EX0909,EX0909_PMM_EXApril09_2009-292_0018_20091019_060601_EX.mb162,https://data.ngdc.noaa.gov/platforms/ocean/ships/okeanos_explorer/EX0909/multibeam/data/version2/MB/EX0909_PMM_EXApril09_2009-292_0018_20091019_060601_EX.mb162,929792,swath,whole
EX0909,EX0909_PMM_EXApril09_2009-292_0019_20091019_062049_EX.mb162,https://data.ngdc.noaa.gov/platforms/ocean/ships/okeanos_explorer/EX0909/multibeam/data/version2/MB/EX0909_PMM_EXApril09_2009-292_0019_20091019_062049_EX.mb162,103809024,swath,whole
EX0909,EX0909_PMM_EXApril09_2009-292_0020_20091019_113100_EX.mb162,https://data.ngdc.noaa.gov/platforms/ocean/ships/okeanos_explorer/EX0909/multibeam/data/version2/MB/EX0909_PMM_EXApril09_2009-292_0020_20091019_113100_EX.mb162,387072,swath,whole
EX0909,EX0909_PMM_EXApril09_2009-292_0021_20091019_113609_EX.mb162,https://data.ngdc.noaa.gov/platforms/ocean/ships/okeanos_explorer/EX0909/multibeam/data/version2/MB/EX0909_PMM_EXApril09_2009-292_0021_20091019_113609_EX.mb162,4718592,swath,whole
EX0909,EX0909_PMM_EXApril09_2009-292_0022_20091019_123731_EX.mb162,https://data.ngdc.noaa.gov/platforms/ocean/ships/okeanos_explorer/EX0909/multibeam/data/version2/MB/EX0909_PMM_EXApril09_2009-292_0022_20091019_123731_EX.mb162,1048576,swath,whole
EX0909,EX0909_PMM_EXApril09_2009-292_0023_20091019_124748_EX.mb162,https://data.ngdc.noaa.gov/platforms/ocean/ships/okeanos_explorer/EX0909/multibeam/data/version2/MB/EX0909_PMM_EXApril09_2009-292_0023_20091019_124748_EX.mb162,6186598,swath,whole
EX0909,EX0909_PMM_EXApril09_2009-292_0024_20091019_140045_EX.mb162,https://data.ngdc.noaa.gov/platforms/ocean/ships/okeanos_explorer/EX0909/multibeam/data/version2/MB/EX0909_PMM_EXApril09_2009-292_0024_20091019_140045_EX.mb162,264192,swath,whole
EX0909,EX0909_PMM_EXApril09_2009-292_0025_20091019_140330_EX.mb162,https://data.ngdc.noaa.gov/platforms/ocean/ships/okeanos_explorer/EX0909/multibeam/data/version2/MB/EX0909_PMM_EXApril09_2009-292_0025_20091019_140330_EX.mb162,8598323,swath,whole
EX0909,EX0909_PMM_EXApril09_2009-292_0027_20091019_152025_EX.mb162,https://data.ngdc.noaa.gov/platforms/ocean/ships/okeanos_explorer/EX0909/multibeam/data/version2/MB/EX0909_PMM_EXApril09_2009-292_0027_20091019_152025_EX.mb162,2202010,swath,whole
EX0909,EX0909_PMM_EXApril09_2009-292_0028_20091019_154345_EX.mb162,https://data.ngdc.noaa.gov/platforms/ocean/ships/okeanos_explorer/EX0909/multibeam/data/version2/MB/EX0909_PMM_EXApril09_2009-292_0028_20091019_154345_EX.mb162,11534336,swath,whole
EX0909,EX0909_PMM_EXApril09_2009-292_0029_20091019_164028_EX.mb162,https://data.ngdc.noaa.gov/platforms/ocean/ships/okeanos_explorer/EX0909/multibeam/data/version2/MB/EX0909_PMM_EXApril09_2009-292_0029_20091019_164028_EX.mb162,3355443,swath,whole
EX0909,EX0909_PMM_EXApril09_2009-292_0030_20091019_171403_EX.mb162,https://data.ngdc.noaa.gov/platforms/ocean/ships/okeanos_explorer/EX0909/multibeam/data/version2/MB/EX0909_PMM_EXApril09_2009-292_0030_20091019_171403_EX.mb162,23068672,swath,whole
EX0909,EX0909_PMM_EXApril09_2009-292_0031_20091019_182611_EX.mb162,https://data.ngdc.noaa.gov/platforms/ocean/ships/okeanos_explorer/EX0909/multibeam/data/version2/MB/EX0909_PMM_EXApril09_2009-292_0031_20091019_182611_EX.mb162,924672,swath,whole
EX0909,EX0909_PMM_EXApril09_2009-292_0032_20091019_183402_EX.mb162,https://data.ngdc.noaa.gov/platforms/ocean/ships/okeanos_explorer/EX0909/multibeam/data/version2/MB/EX0909_PMM_EXApril09_2009-292_0032_20091019_183402_EX.mb162,36700160,swath,whole
EX0909,EX0909_PMM_EXApril09_2009-292_0033_20091019_194052_EX.mb162,https://data.ngdc.noaa.gov/platforms/ocean/ships/okeanos_explorer/EX0909/multibeam/data/version2/MB/EX0909_PMM_EXApril09_2009-292_0033_20091019_194052_EX.mb162,1363149,swath,whole
EX0909,EX0909_PMM_EXApril09_2009-292_0034_20091019_194833_EX.mb162,https://data.ngdc.noaa.gov/platforms/ocean/ships/okeanos_explorer/EX0909/multibeam/data/version2/MB/EX0909_PMM_EXApril09_2009-292_0034_20091019_194833_EX.mb162,55574528,swath,whole
EX0909,EX0909_PMM_EXApril09_2009-292_0035_20091019_205041_EX.mb162,https://data.ngdc.noaa.gov/platforms/ocean/ships/okeanos_explorer/EX0909/multibeam/data/version2/MB/EX0909_PMM_EXApril09_2009-292_0035_20091019_205041_EX.mb162,2097152,swath,whole
EX0909,EX0909_PMM_EXApril09_2009-292_0036_20091019_210018_EX.mb162,https://data.ngdc.noaa.gov/platforms/ocean/ships/okeanos_explorer/EX0909/multibeam/data/version2/MB/EX0909_PMM_EXApril09_2009-292_0036_20091019_210018_EX.mb162,79691776,swath,whole
EX0909,EX0909_PMM_EXApril09_2009-292_0038_20091019_232558_EX.mb162,https://data.ngdc.noaa.gov/platforms/ocean/ships/okeanos_explorer/EX0909/multibeam/data/version2/MB/EX0909_PMM_EXApril09_2009-292_0038_20091019_232558_EX.mb162,34603008,swath,whole
EX0909,EX0909_PMM_EXApril09_2009-293_0039_20091020_000002_EX.mb162,https://data.ngdc.noaa.gov/platforms/ocean/ships/okeanos_explorer/EX0909/multibeam/data/version2/MB/EX0909_PMM_EXApril09_2009-293_0039_20091020_000002_EX.mb162,57671680,swath,whole
EX0909,EX0909_PMM_EXApril09_2009-293_0040_20091020_005159_EX.mb162,https://data.ngdc.noaa.gov/platforms/ocean/ships/okeanos_explorer/EX0909/multibeam/data/version2/MB/EX0909_PMM_EXApril09_2009-293_0040_20091020_005159_EX.mb162,926720,swath,whole
EX0909,EX0909_PMM_EXApril09_2009-293_0041_20091020_010120_EX.mb162,https://data.ngdc.noaa.gov/platforms/ocean/ships/okeanos_explorer/EX0909/multibeam/data/version2/MB/EX0909_PMM_EXApril09_2009-293_0041_20091020_010120_EX.mb162,110100480,swath,whole
EX0909,EX0909_PMM_EXApril09_2009-293_0042_20091020_023445_EX.mb162,https://data.ngdc.noaa.gov/platforms/ocean/ships/okeanos_explorer/EX0909/multibeam/data/version2/MB/EX0909_PMM_EXApril09_2009-293_0042_20091020_023445_EX.mb162,782336,swath,whole
EX0909,EX0909_PMM_EXApril09_2009-293_0043_20091020_024431_EX.mb162,https://data.ngdc.noaa.gov/platforms/ocean/ships/okeanos_explorer/EX0909/multibeam/data/version2/MB/EX0909_PMM_EXApril09_2009-293_0043_20091020_024431_EX.mb162,98566144,swath,whole
EX0909,EX0909_PMM_EXApril09_2009-293_0045_20091020_080513_EX.mb162,https://data.ngdc.noaa.gov/platforms/ocean/ships/okeanos_explorer/EX0909/multibeam/data/version2/MB/EX0909_PMM_EXApril09_2009-293_0045_20091020_080513_EX.mb162,12582912,swath,whole
EX0909,EX0909_PMM_EXApril09_2009-293_0046_20091020_104036_EX.mb162,https://data.ngdc.noaa.gov/platforms/ocean/ships/okeanos_explorer/EX0909/multibeam/data/version2/MB/EX0909_PMM_EXApril09_2009-293_0046_20091020_104036_EX.mb162,199680,swath,whole
EX0909,EX0909_PMM_EXApril09_2009-293_0047_20091020_104305_EX.mb162,https://data.ngdc.noaa.gov/platforms/ocean/ships/okeanos_explorer/EX0909/multibeam/data/version2/MB/EX0909_PMM_EXApril09_2009-293_0047_20091020_104305_EX.mb162,9017754,swath,whole
EX0909,EX0909_PMM_EXApril09_2009-293_0048_20091020_123937_EX.mb162,https://data.ngdc.noaa.gov/platforms/ocean/ships/okeanos_explorer/EX0909/multibeam/data/version2/MB/EX0909_PMM_EXApril09_2009-293_0048_20091020_123937_EX.mb162,23068672,swath,whole
EX0909,EX0909_PMNMSmnts_EXApril09_2009-304_0000_20091031_165856_EX.mb162,https://data.ngdc.noaa.gov/platforms/ocean/ships/okeanos_explorer/EX0909/multibeam/data/version2/MB/EX0909_PMNMSmnts_EXApril09_2009-304_0000_20091031_165856_EX.mb162,27262976,swath,whole
EX0909,EX0909_PMNMSmnts_EXApril09_2009-304_0001_20091031_225853_EX.mb162,https://data.ngdc.noaa.gov/platforms/ocean/ships/okeanos_explorer/EX0909/multibeam/data/version2/MB/EX0909_PMNMSmnts_EXApril09_2009-304_0001_20091031_225853_EX.mb162,4508877,swath,whole
EX0909,EX0909_PMNMSmnts_EXApril09_2009-305_0002_20091101_000034_EX.mb162,https://data.ngdc.noaa.gov/platforms/ocean/ships/okeanos_explorer/EX0909/multibeam/data/version2/MB/EX0909_PMNMSmnts_EXApril09_2009-305_0002_20091101_000034_EX.mb162,9646899,swath,whole
EX0909,EX0909_PMNMSmnts_EXApril09_2009-305_0003_20091101_021110_EX.mb162,https://data.ngdc.noaa.gov/platforms/ocean/ships/okeanos_explorer/EX0909/multibeam/data/version2/MB/EX0909_PMNMSmnts_EXApril09_2009-305_0003_20091101_021110_EX.mb162,1782579,swath,whole
EX0909,EX0909_PMNMSmnts_EXApril09_2009-305_0004_20091101_023446_EX.mb162,https://data.ngdc.noaa.gov/platforms/ocean/ships/okeanos_explorer/EX0909/multibeam/data/version2/MB/EX0909_PMNMSmnts_EXApril09_2009-305_0004_20091101_023446_EX.mb162,27262976,swath,whole
EX0909,EX0909_PMNMSmnts_EXApril09_2009-305_0005_20091101_083440_EX.mb162,https://data.ngdc.noaa.gov/platforms/ocean/ships/okeanos_explorer/EX0909/multibeam/data/version2/MB/EX0909_PMNMSmnts_EXApril09_2009-305_0005_20091101_083440_EX.mb162,11534336,swath,whole
EX0909,EX0909_PMNMSmnts_EXApril09_2009-305_0006_20091101_111009_EX.mb162,https://data.ngdc.noaa.gov/platforms/ocean/ships/okeanos_explorer/EX0909/multibeam/data/version2/MB/EX0909_PMNMSmnts_EXApril09_2009-305_0006_20091101_111009_EX.mb162,1468006,swath,whole
EX0909,EX0909_PMNMSmnts_EXApril09_2009-305_0007_20091101_113444_EX.mb162,https://data.ngdc.noaa.gov/platforms/ocean/ships/okeanos_explorer/EX0909/multibeam/data/version2/MB/EX0909_PMNMSmnts_EXApril09_2009-305_0007_20091101_113444_EX.mb162,18874368,swath,whole
EX0909,EX0909_PMNMSmnts_EXApril09_2009-306_0011_20091102_002255_EX.mb162,https://data.ngdc.noaa.gov/platforms/ocean/ships/okeanos_explorer/EX0909/multibeam/data/version2/MB/EX0909_PMNMSmnts_EXApril09_2009-306_0011_20091102_002255_EX.mb162,26214400,swath,whole
EX0909,EX0909_PMNMSmnts_EXApril09_2009-306_0012_20091102_062255_EX.mb162,https://data.ngdc.noaa.gov/platforms/ocean/ships/okeanos_explorer/EX0909/multibeam/data/version2/MB/EX0909_PMNMSmnts_EXApril09_2009-306_0012_20091102_062255_EX.mb162,9751757,swath,whole
EX0909,EX0909_PMNMSmnts_EXApril09_2009-307_0019_20091103_005911_EX.mb162,https://data.ngdc.noaa.gov/platforms/ocean/ships/okeanos_explorer/EX0909/multibeam/data/version2/MB/EX0909_PMNMSmnts_EXApril09_2009-307_0019_20091103_005911_EX.mb162,11534336,swath,whole
EX0909,EX0909_PMNMSmnts_EXApril09_2009-307_0021_20091103_192544_EX.mb162,https://data.ngdc.noaa.gov/platforms/ocean/ships/okeanos_explorer/EX0909/multibeam/data/version2/MB/EX0909_PMNMSmnts_EXApril09_2009-307_0021_20091103_192544_EX.mb162,16777216,swath,whole
EX0909,EX0909_PMNMSmnts_EXApril09_2009-307_0024_20091104_181310_EX.mb162,https://data.ngdc.noaa.gov/platforms/ocean/ships/okeanos_explorer/EX0909/multibeam/data/version2/MB/EX0909_PMNMSmnts_EXApril09_2009-307_0024_20091104_181310_EX.mb162,8912896,swath,whole
EX0909,EX0909_PMNMSmnts_EXApril09_2009-307_0025_20091104_201948_EX.mb162,https://data.ngdc.noaa.gov/platforms/ocean/ships/okeanos_explorer/EX0909/multibeam/data/version2/MB/EX0909_PMNMSmnts_EXApril09_2009-307_0025_20091104_201948_EX.mb162,9227469,swath,whole
EX0909,EX0909_PMNMSmnts_EXApril09_2009-309_0026_20091105_024736_EX.mb162,https://data.ngdc.noaa.gov/platforms/ocean/ships/okeanos_explorer/EX0909/multibeam/data/version2/MB/EX0909_PMNMSmnts_EXApril09_2009-309_0026_20091105_024736_EX.mb162,6396314,swath,whole
EX0909,EX0909_PMNMSmnts_EXApril09_2009-309_0027_20091105_083022_EX.mb162,https://data.ngdc.noaa.gov/platforms/ocean/ships/okeanos_explorer/EX0909/multibeam/data/version2/MB/EX0909_PMNMSmnts_EXApril09_2009-309_0027_20091105_083022_EX.mb162,12582912,swath,whole
EX0909,EX0909_PMNMSmnts_EXApril09_2009-309_0028_20091105_110741_EX.mb162,https://data.ngdc.noaa.gov/platforms/ocean/ships/okeanos_explorer/EX0909/multibeam/data/version2/MB/EX0909_PMNMSmnts_EXApril09_2009-309_0028_20091105_110741_EX.mb162,24117248,swath,whole
EX0909,EX0909_PMNMSmnts_EXApril09_2009-309_0029_20091105_164324_EX.mb162,https://data.ngdc.noaa.gov/platforms/ocean/ships/okeanos_explorer/EX0909/multibeam/data/version2/MB/EX0909_PMNMSmnts_EXApril09_2009-309_0029_20091105_164324_EX.mb162,3250586,swath,whole
EX0909,EX0909_PMNMSmnts_EXApril09_2009-310_0031_20091105_234525_EX.mb162,https://data.ngdc.noaa.gov/platforms/ocean/ships/okeanos_explorer/EX0909/multibeam/data/version2/MB/EX0909_PMNMSmnts_EXApril09_2009-310_0031_20091105_234525_EX.mb162,9542042,swath,whole
EX0909,EX0909_PMNMSmnts_EXApril09_2009-310_0034_20091106_043000_EX.mb162,https://data.ngdc.noaa.gov/platforms/ocean/ships/okeanos_explorer/EX0909/multibeam/data/version2/MB/EX0909_PMNMSmnts_EXApril09_2009-310_0034_20091106_043000_EX.mb162,10485760,swath,whole
EX0909,EX0909_PMNMSmnts_EXApril09_2009-310_0035_20091106_064936_EX.mb162,https://data.ngdc.noaa.gov/platforms/ocean/ships/okeanos_explorer/EX0909/multibeam/data/version2/MB/EX0909_PMNMSmnts_EXApril09_2009-310_0035_20091106_064936_EX.mb162,1782579,swath,whole
EX0909,EX0909_PMNMSmnts_EXApril09_2009-310_0036_20091106_071419_EX.mb162,https://data.ngdc.noaa.gov/platforms/ocean/ships/okeanos_explorer/EX0909/multibeam/data/version2/MB/EX0909_PMNMSmnts_EXApril09_2009-310_0036_20091106_071419_EX.mb162,3145728,swath,whole
EX0909,EX0909_PMNMSmnts_EXApril09_2009-310_0037_20091106_095331_EX.mb162,https://data.ngdc.noaa.gov/platforms/ocean/ships/okeanos_explorer/EX0909/multibeam/data/version2/MB/EX0909_PMNMSmnts_EXApril09_2009-310_0037_20091106_095331_EX.mb162,203776,swath,whole
EX0909,EX0909_PMNMSmnts_EXApril09_2009-310_0038_20091106_100007_EX.mb162,https://data.ngdc.noaa.gov/platforms/ocean/ships/okeanos_explorer/EX0909/multibeam/data/version2/MB/EX0909_PMNMSmnts_EXApril09_2009-310_0038_20091106_100007_EX.mb162,7864320,swath,whole
EX0909,EX0909_PMNMSmnts_EXApril09_2009-310_0039_20091106_120341_EX.mb162,https://data.ngdc.noaa.gov/platforms/ocean/ships/okeanos_explorer/EX0909/multibeam/data/version2/MB/EX0909_PMNMSmnts_EXApril09_2009-310_0039_20091106_120341_EX.mb162,496640,swath,whole
EX0909,EX0909_PMNMSmnts_EXApril09_2009-310_0040_20091106_121336_EX.mb162,https://data.ngdc.noaa.gov/platforms/ocean/ships/okeanos_explorer/EX0909/multibeam/data/version2/MB/EX0909_PMNMSmnts_EXApril09_2009-310_0040_20091106_121336_EX.mb162,962560,swath,whole
EX0909,EX0909_PMNMSmnts_EXApril09_2009-310_0041_20091106_124335_EX.mb162,https://data.ngdc.noaa.gov/platforms/ocean/ships/okeanos_explorer/EX0909/multibeam/data/version2/MB/EX0909_PMNMSmnts_EXApril09_2009-310_0041_20091106_124335_EX.mb162,797696,swath,whole
EX0909,EX0909_PMNMSmnts_EXApril09_2009-310_0042_20091106_133642_EX.mb162,https://data.ngdc.noaa.gov/platforms/ocean/ships/okeanos_explorer/EX0909/multibeam/data/version2/MB/EX0909_PMNMSmnts_EXApril09_2009-310_0042_20091106_133642_EX.mb162,6396314,swath,whole
EX0909,EX0909_PMNMSmnts_EXApril09_2009-310_0043_20091106_153649_EX.mb162,https://data.ngdc.noaa.gov/platforms/ocean/ships/okeanos_explorer/EX0909/multibeam/data/version2/MB/EX0909_PMNMSmnts_EXApril09_2009-310_0043_20091106_153649_EX.mb162,401408,swath,whole
EX0909,EX0909_PMNMSmnts_EXApril09_2009-310_0044_20091106_154037_EX.mb162,https://data.ngdc.noaa.gov/platforms/ocean/ships/okeanos_explorer/EX0909/multibeam/data/version2/MB/EX0909_PMNMSmnts_EXApril09_2009-310_0044_20091106_154037_EX.mb162,4508877,swath,whole
EX0909,EX0909_PMNMSmnts_EXApril09_2009-310_0045_20091106_163240_EX.mb162,https://data.ngdc.noaa.gov/platforms/ocean/ships/okeanos_explorer/EX0909/multibeam/data/version2/MB/EX0909_PMNMSmnts_EXApril09_2009-310_0045_20091106_163240_EX.mb162,794624,swath,whole
EX0909,EX0909_PMNMSmnts_EXApril09_2009-310_0046_20091106_170211_EX.mb162,https://data.ngdc.noaa.gov/platforms/ocean/ships/okeanos_explorer/EX0909/multibeam/data/version2/MB/EX0909_PMNMSmnts_EXApril09_2009-310_0046_20091106_170211_EX.mb162,15728640,swath,whole
EX0909,EX0909_PMNMSmnts_EXApril09_2009-310_0047_20091106_210916_EX.mb162,https://data.ngdc.noaa.gov/platforms/ocean/ships/okeanos_explorer/EX0909/multibeam/data/version2/MB/EX0909_PMNMSmnts_EXApril09_2009-310_0047_20091106_210916_EX.mb162,591872,swath,whole
EX0909,EX0909_PMNMSmnts_EXApril09_2009-310_0048_20091106_211824_EX.mb162,https://data.ngdc.noaa.gov/platforms/ocean/ships/okeanos_explorer/EX0909/multibeam/data/version2/MB/EX0909_PMNMSmnts_EXApril09_2009-310_0048_20091106_211824_EX.mb162,7340032,swath,whole
EX0909,EX0909_PMNMSmnts_EXApril09_2009-310_0050_20091106_230220_EX.mb162,https://data.ngdc.noaa.gov/platforms/ocean/ships/okeanos_explorer/EX0909/multibeam/data/version2/MB/EX0909_PMNMSmnts_EXApril09_2009-310_0050_20091106_230220_EX.mb162,7235174,swath,whole
EX0909,EX0909_PMNMSmnts_EXApril09_2009-311_0051_20091107_002404_EX.mb162,https://data.ngdc.noaa.gov/platforms/ocean/ships/okeanos_explorer/EX0909/multibeam/data/version2/MB/EX0909_PMNMSmnts_EXApril09_2009-311_0051_20091107_002404_EX.mb162,2516582,swath,whole
EX0909,EX0909_PMNMSmnts_EXApril09_2009-311_0052_20091107_012310_EX.mb162,https://data.ngdc.noaa.gov/platforms/ocean/ships/okeanos_explorer/EX0909/multibeam/data/version2/MB/EX0909_PMNMSmnts_EXApril09_2009-311_0052_20091107_012310_EX.mb162,400384,swath,whole
EX0909,EX0909_PMNMSmnts_EXApril09_2009-311_0053_20091107_012834_EX.mb162,https://data.ngdc.noaa.gov/platforms/ocean/ships/okeanos_explorer/EX0909/multibeam/data/version2/MB/EX0909_PMNMSmnts_EXApril09_2009-311_0053_20091107_012834_EX.mb162,8388608,swath,whole
EX0909,EX0909_PMNMSmnts_EXApril09_2009-311_0054_20091107_031320_EX.mb162,https://data.ngdc.noaa.gov/platforms/ocean/ships/okeanos_explorer/EX0909/multibeam/data/version2/MB/EX0909_PMNMSmnts_EXApril09_2009-311_0054_20091107_031320_EX.mb162,1572864,swath,whole
EX0909,EX0909_PMNMSmnts_EXApril09_2009-311_0055_20091107_033454_EX.mb162,https://data.ngdc.noaa.gov/platforms/ocean/ships/okeanos_explorer/EX0909/multibeam/data/version2/MB/EX0909_PMNMSmnts_EXApril09_2009-311_0055_20091107_033454_EX.mb162,7759462,swath,whole
EX0909,EX0909_PMNMSmnts_EXApril09_2009-311_0057_20091107_050902_EX.mb162,https://data.ngdc.noaa.gov/platforms/ocean/ships/okeanos_explorer/EX0909/multibeam/data/version2/MB/EX0909_PMNMSmnts_EXApril09_2009-311_0057_20091107_050902_EX.mb162,10485760,swath,whole
EX0909,EX0909_PMNMSmnts_EXApril09_2009-311_0058_20091107_072548_EX.mb162,https://data.ngdc.noaa.gov/platforms/ocean/ships/okeanos_explorer/EX0909/multibeam/data/version2/MB/EX0909_PMNMSmnts_EXApril09_2009-311_0058_20091107_072548_EX.mb162,2306867,swath,whole
EX0909,EX0909_PMNMSmnts_EXApril09_2009-311_0059_20091107_075744_EX.mb162,https://data.ngdc.noaa.gov/platforms/ocean/ships/okeanos_explorer/EX0909/multibeam/data/version2/MB/EX0909_PMNMSmnts_EXApril09_2009-311_0059_20091107_075744_EX.mb162,14680064,swath,whole
EX0909,EX0909_PMNMSmnts_EXApril09_2009-311_0060_20091107_110027_EX.mb162,https://data.ngdc.noaa.gov/platforms/ocean/ships/okeanos_explorer/EX0909/multibeam/data/version2/MB/EX0909_PMNMSmnts_EXApril09_2009-311_0060_20091107_110027_EX.mb162,488448,swath,whole
EX0909,EX0909_PMNMSmnts_EXApril09_2009-311_0062_20091107_110845_EX.mb162,https://data.ngdc.noaa.gov/platforms/ocean/ships/okeanos_explorer/EX0909/multibeam/data/version2/MB/EX0909_PMNMSmnts_EXApril09_2009-311_0062_20091107_110845_EX.mb162,2097152,swath,whole
EX0909,EX0909_PMNMSmnts_EXApril09_2009-311_0063_20091107_113609_EX.mb162,https://data.ngdc.noaa.gov/platforms/ocean/ships/okeanos_explorer/EX0909/multibeam/data/version2/MB/EX0909_PMNMSmnts_EXApril09_2009-311_0063_20091107_113609_EX.mb162,139264,swath,whole
EX0909,EX0909_PMNMSmnts_EXApril09_2009-311_0064_20091107_113825_EX.mb162,https://data.ngdc.noaa.gov/platforms/ocean/ships/okeanos_explorer/EX0909/multibeam/data/version2/MB/EX0909_PMNMSmnts_EXApril09_2009-311_0064_20091107_113825_EX.mb162,7340032,swath,whole
EX0909,EX0909_PMNMSmnts_EXApril09_2009-311_0065_20091107_133202_EX.mb162,https://data.ngdc.noaa.gov/platforms/ocean/ships/okeanos_explorer/EX0909/multibeam/data/version2/MB/EX0909_PMNMSmnts_EXApril09_2009-311_0065_20091107_133202_EX.mb162,4404019,swath,whole
EX0909,EX0909_PMNMSmnts_EXApril09_2009-311_0066_20091107_142929_EX.mb162,https://data.ngdc.noaa.gov/platforms/ocean/ships/okeanos_explorer/EX0909/multibeam/data/version2/MB/EX0909_PMNMSmnts_EXApril09_2009-311_0066_20091107_142929_EX.mb162,11534336,swath,whole
EX0909,EX0909_PMNMSmnts_EXApril09_2009-311_0067_20091107_170708_EX.mb162,https://data.ngdc.noaa.gov/platforms/ocean/ships/okeanos_explorer/EX0909/multibeam/data/version2/MB/EX0909_PMNMSmnts_EXApril09_2009-311_0067_20091107_170708_EX.mb162,2202010,swath,whole
EX0909,EX0909_PMNMSmnts_EXApril09_2009-311_0068_20091107_174546_EX.mb162,https://data.ngdc.noaa.gov/platforms/ocean/ships/okeanos_explorer/EX0909/multibeam/data/version2/MB/EX0909_PMNMSmnts_EXApril09_2009-311_0068_20091107_174546_EX.mb162,17825792,swath,whole
EX0909,EX0909_PMNMSmnts_EXApril09_2009-311_0069_20091107_211043_EX.mb162,https://data.ngdc.noaa.gov/platforms/ocean/ships/okeanos_explorer/EX0909/multibeam/data/version2/MB/EX0909_PMNMSmnts_EXApril09_2009-311_0069_20091107_211043_EX.mb162,1468006,swath,whole
EX0909,EX0909_PMNMSmnts_EXApril09_2009-311_0070_20091107_213041_EX.mb162,https://data.ngdc.noaa.gov/platforms/ocean/ships/okeanos_explorer/EX0909/multibeam/data/version2/MB/EX0909_PMNMSmnts_EXApril09_2009-311_0070_20091107_213041_EX.mb162,17825792,swath,whole
EX0909,EX0909_PMNMSmnts_EXApril09_2009-312_0071_20091108_002441_EX.mb162,https://data.ngdc.noaa.gov/platforms/ocean/ships/okeanos_explorer/EX0909/multibeam/data/version2/MB/EX0909_PMNMSmnts_EXApril09_2009-312_0071_20091108_002441_EX.mb162,1468006,swath,whole
EX0909,EX0909_PMNMSmnts_EXApril09_2009-312_0072_20091108_004421_EX.mb162,https://data.ngdc.noaa.gov/platforms/ocean/ships/okeanos_explorer/EX0909/multibeam/data/version2/MB/EX0909_PMNMSmnts_EXApril09_2009-312_0072_20091108_004421_EX.mb162,1468006,swath,whole
EX0909,EX0909_PMNMSmnts_EXApril09_2009-312_0073_20091108_010420_EX.mb162,https://data.ngdc.noaa.gov/platforms/ocean/ships/okeanos_explorer/EX0909/multibeam/data/version2/MB/EX0909_PMNMSmnts_EXApril09_2009-312_0073_20091108_010420_EX.mb162,14680064,swath,whole
EX0909,EX0909_PMNMSmnts_EXApril09_2009-312_0074_20091108_032640_EX.mb162,https://data.ngdc.noaa.gov/platforms/ocean/ships/okeanos_explorer/EX0909/multibeam/data/version2/MB/EX0909_PMNMSmnts_EXApril09_2009-312_0074_20091108_032640_EX.mb162,1677722,swath,whole
EX0909,EX0909_PMNMSmnts_EXApril09_2009-312_0075_20091108_034850_EX.mb162,https://data.ngdc.noaa.gov/platforms/ocean/ships/okeanos_explorer/EX0909/multibeam/data/version2/MB/EX0909_PMNMSmnts_EXApril09_2009-312_0075_20091108_034850_EX.mb162,13631488,swath,whole
EX0909,EX0909_PMNMSmnts_EXApril09_2009-312_0076_20091108_060916_EX.mb162,https://data.ngdc.noaa.gov/platforms/ocean/ships/okeanos_explorer/EX0909/multibeam/data/version2/MB/EX0909_PMNMSmnts_EXApril09_2009-312_0076_20091108_060916_EX.mb162,1677722,swath,whole
EX0909,EX0909_PMNMSmnts_EXApril09_2009-312_0077_20091108_062826_EX.mb162,https://data.ngdc.noaa.gov/platforms/ocean/ships/okeanos_explorer/EX0909/multibeam/data/version2/MB/EX0909_PMNMSmnts_EXApril09_2009-312_0077_20091108_062826_EX.mb162,13631488,swath,whole
EX0909,EX0909_PMNMSmnts_EXApril09_2009-312_0078_20091108_084646_EX.mb162,https://data.ngdc.noaa.gov/platforms/ocean/ships/okeanos_explorer/EX0909/multibeam/data/version2/MB/EX0909_PMNMSmnts_EXApril09_2009-312_0078_20091108_084646_EX.mb162,1363149,swath,whole
EX0909,EX0909_PMNMSmnts_EXApril09_2009-312_0079_20091108_090725_EX.mb162,https://data.ngdc.noaa.gov/platforms/ocean/ships/okeanos_explorer/EX0909/multibeam/data/version2/MB/EX0909_PMNMSmnts_EXApril09_2009-312_0079_20091108_090725_EX.mb162,12582912,swath,whole
EX0909,EX0909_PMNMSmnts_EXApril09_2009-312_0080_20091108_111941_EX.mb162,https://data.ngdc.noaa.gov/platforms/ocean/ships/okeanos_explorer/EX0909/multibeam/data/version2/MB/EX0909_PMNMSmnts_EXApril09_2009-312_0080_20091108_111941_EX.mb162,1887437,swath,whole
EX0909,EX0909_PMNMSmnts_EXApril09_2009-312_0081_20091108_114344_EX.mb162,https://data.ngdc.noaa.gov/platforms/ocean/ships/okeanos_explorer/EX0909/multibeam/data/version2/MB/EX0909_PMNMSmnts_EXApril09_2009-312_0081_20091108_114344_EX.mb162,11534336,swath,whole
EX0909,EX0909_PMNMSmnts_EXApril09_2009-312_0082_20091108_140155_EX.mb162,https://data.ngdc.noaa.gov/platforms/ocean/ships/okeanos_explorer/EX0909/multibeam/data/version2/MB/EX0909_PMNMSmnts_EXApril09_2009-312_0082_20091108_140155_EX.mb162,1782579,swath,whole
EX0909,EX0909_PMNMSmnts_EXApril09_2009-312_0083_20091108_142621_EX.mb162,https://data.ngdc.noaa.gov/platforms/ocean/ships/okeanos_explorer/EX0909/multibeam/data/version2/MB/EX0909_PMNMSmnts_EXApril09_2009-312_0083_20091108_142621_EX.mb162,10485760,swath,whole
EX0909,EX0909_PMNMSmnts_EXApril09_2009-312_0084_20091108_163350_EX.mb162,https://data.ngdc.noaa.gov/platforms/ocean/ships/okeanos_explorer/EX0909/multibeam/data/version2/MB/EX0909_PMNMSmnts_EXApril09_2009-312_0084_20091108_163350_EX.mb162,1887437,swath,whole
EX0909,EX0909_PMNMSmnts_EXApril09_2009-312_0085_20091108_165723_EX.mb162,https://data.ngdc.noaa.gov/platforms/ocean/ships/okeanos_explorer/EX0909/multibeam/data/version2/MB/EX0909_PMNMSmnts_EXApril09_2009-312_0085_20091108_165723_EX.mb162,8178893,swath,whole
EX0909,EX0909_PMNMSmnts_EXApril09_2009-312_0086_20091108_183406_EX.mb162,https://data.ngdc.noaa.gov/platforms/ocean/ships/okeanos_explorer/EX0909/multibeam/data/version2/MB/EX0909_PMNMSmnts_EXApril09_2009-312_0086_20091108_183406_EX.mb162,2621440,swath,whole
EX0909,EX0909_PMNMSmnts_EXApril09_2009-312_0087_20091108_190835_EX.mb162,https://data.ngdc.noaa.gov/platforms/ocean/ships/okeanos_explorer/EX0909/multibeam/data/version2/MB/EX0909_PMNMSmnts_EXApril09_2009-312_0087_20091108_190835_EX.mb162,1572864,swath,whole
EX0909,EX0909_PMNMSmnts_EXApril09_2009-312_0088_20091108_193014_EX.mb162,https://data.ngdc.noaa.gov/platforms/ocean/ships/okeanos_explorer/EX0909/multibeam/data/version2/MB/EX0909_PMNMSmnts_EXApril09_2009-312_0088_20091108_193014_EX.mb162,10485760,swath,whole
EX0909,EX0909_PMNMSmnts_EXApril09_2009-312_0089_20091108_213904_EX.mb162,https://data.ngdc.noaa.gov/platforms/ocean/ships/okeanos_explorer/EX0909/multibeam/data/version2/MB/EX0909_PMNMSmnts_EXApril09_2009-312_0089_20091108_213904_EX.mb162,1572864,swath,whole
EX0909,EX0909_PMNMSmnts_EXApril09_2009-312_0090_20091108_215838_EX.mb162,https://data.ngdc.noaa.gov/platforms/ocean/ships/okeanos_explorer/EX0909/multibeam/data/version2/MB/EX0909_PMNMSmnts_EXApril09_2009-312_0090_20091108_215838_EX.mb162,1677722,swath,whole
EX0909,EX0909_PMNMSmnts_EXApril09_2009-312_0091_20091108_232752_EX.mb162,https://data.ngdc.noaa.gov/platforms/ocean/ships/okeanos_explorer/EX0909/multibeam/data/version2/MB/EX0909_PMNMSmnts_EXApril09_2009-312_0091_20091108_232752_EX.mb162,1677722,swath,whole
EX0909,EX0909_PMNMSmnts_EXApril09_2009-313_0092_20091108_234951_EX.mb162,https://data.ngdc.noaa.gov/platforms/ocean/ships/okeanos_explorer/EX0909/multibeam/data/version2/MB/EX0909_PMNMSmnts_EXApril09_2009-313_0092_20091108_234951_EX.mb162,8178893,swath,whole
EX0909,EX0909_PMNMSmnts_EXApril09_2009-313_0093_20091109_014041_EX.mb162,https://data.ngdc.noaa.gov/platforms/ocean/ships/okeanos_explorer/EX0909/multibeam/data/version2/MB/EX0909_PMNMSmnts_EXApril09_2009-313_0093_20091109_014041_EX.mb162,1258291,swath,whole
EX0909,EX0909_PMNMSmnts_EXApril09_2009-313_0094_20091109_020031_EX.mb162,https://data.ngdc.noaa.gov/platforms/ocean/ships/okeanos_explorer/EX0909/multibeam/data/version2/MB/EX0909_PMNMSmnts_EXApril09_2009-313_0094_20091109_020031_EX.mb162,9751757,swath,whole
EX0909,EX0909_PMNMSmnts_EXApril09_2009-313_0095_20091109_041211_EX.mb162,https://data.ngdc.noaa.gov/platforms/ocean/ships/okeanos_explorer/EX0909/multibeam/data/version2/MB/EX0909_PMNMSmnts_EXApril09_2009-313_0095_20091109_041211_EX.mb162,1992294,swath,whole
EX0909,EX0909_PMNMSmnts_EXApril09_2009-313_0096_20091109_043716_EX.mb162,https://data.ngdc.noaa.gov/platforms/ocean/ships/okeanos_explorer/EX0909/multibeam/data/version2/MB/EX0909_PMNMSmnts_EXApril09_2009-313_0096_20091109_043716_EX.mb162,7130317,swath,whole
EX0909,EX0909_PMNMSmnts_EXApril09_2009-313_0097_20091109_061142_EX.mb162,https://data.ngdc.noaa.gov/platforms/ocean/ships/okeanos_explorer/EX0909/multibeam/data/version2/MB/EX0909_PMNMSmnts_EXApril09_2009-313_0097_20091109_061142_EX.mb162,3460301,swath,whole
EX0909,EX0909_PMNMSmnts_EXApril09_2009-313_0098_20091109_065918_EX.mb162,https://data.ngdc.noaa.gov/platforms/ocean/ships/okeanos_explorer/EX0909/multibeam/data/version2/MB/EX0909_PMNMSmnts_EXApril09_2009-313_0098_20091109_065918_EX.mb162,5242880,swath,whole
EX0909,EX0909_PMNMSmnts_EXApril09_2009-313_0099_20091109_080500_EX.mb162,https://data.ngdc.noaa.gov/platforms/ocean/ships/okeanos_explorer/EX0909/multibeam/data/version2/MB/EX0909_PMNMSmnts_EXApril09_2009-313_0099_20091109_080500_EX.mb162,3984589,swath,whole
EX0909,EX0909_PMNMSmnts_EXApril09_2009-313_0100_20091109_085406_EX.mb162,https://data.ngdc.noaa.gov/platforms/ocean/ships/okeanos_explorer/EX0909/multibeam/data/version2/MB/EX0909_PMNMSmnts_EXApril09_2009-313_0100_20091109_085406_EX.mb162,28311552,swath,whole
EX0909,EX0909_PMNMSmnts_EXApril09_2009-313_0101_20091109_135059_EX.mb162,https://data.ngdc.noaa.gov/platforms/ocean/ships/okeanos_explorer/EX0909/multibeam/data/version2/MB/EX0909_PMNMSmnts_EXApril09_2009-313_0101_20091109_135059_EX.mb162,12582912,swath,whole
EX0909,EX0909_PMNMSmnts_EXApril09_2009-313_0102_20091109_163655_EX.mb162,https://data.ngdc.noaa.gov/platforms/ocean/ships/okeanos_explorer/EX0909/multibeam/data/version2/MB/EX0909_PMNMSmnts_EXApril09_2009-313_0102_20091109_163655_EX.mb162,3670016,swath,whole
EX0909,EX0909_PMNMSmnts_EXApril09_2009-313_0103_20091109_172948_EX.mb162,https://data.ngdc.noaa.gov/platforms/ocean/ships/okeanos_explorer/EX0909/multibeam/data/version2/MB/EX0909_PMNMSmnts_EXApril09_2009-313_0103_20091109_172948_EX.mb162,7340032,swath,whole
EX0909,EX0909_PMNMSmnts_EXApril09_2009-313_0104_20091109_190125_EX.mb162,https://data.ngdc.noaa.gov/platforms/ocean/ships/okeanos_explorer/EX0909/multibeam/data/version2/MB/EX0909_PMNMSmnts_EXApril09_2009-313_0104_20091109_190125_EX.mb162,2621440,swath,whole
EX0909,EX0909_PMNMSmnts_EXApril09_2009-313_0105_20091109_193628_EX.mb162,https://data.ngdc.noaa.gov/platforms/ocean/ships/okeanos_explorer/EX0909/multibeam/data/version2/MB/EX0909_PMNMSmnts_EXApril09_2009-313_0105_20091109_193628_EX.mb162,8388608,swath,whole
EX0909,EX0909_PMNMSmnts_EXApril09_2009-313_0106_20091109_212807_EX.mb162,https://data.ngdc.noaa.gov/platforms/ocean/ships/okeanos_explorer/EX0909/multibeam/data/version2/MB/EX0909_PMNMSmnts_EXApril09_2009-313_0106_20091109_212807_EX.mb162,3040870,swath,whole
EX0909,EX0909_PMNMSmnts_EXApril09_2009-313_0107_20091109_232446_EX.mb162,https://data.ngdc.noaa.gov/platforms/ocean/ships/okeanos_explorer/EX0909/multibeam/data/version2/MB/EX0909_PMNMSmnts_EXApril09_2009-313_0107_20091109_232446_EX.mb162,2831155,swath,whole
EX0909,EX0909_PMNMSmnts_EXApril09_2009-314_0108_20091110_000000_EX.mb162,https://data.ngdc.noaa.gov/platforms/ocean/ships/okeanos_explorer/EX0909/multibeam/data/version2/MB/EX0909_PMNMSmnts_EXApril09_2009-314_0108_20091110_000000_EX.mb162,11534336,swath,whole
EX0909,EX0909_PMNMSmnts_EXApril09_2009-314_0109_20091110_023020_EX.mb162,https://data.ngdc.noaa.gov/platforms/ocean/ships/okeanos_explorer/EX0909/multibeam/data/version2/MB/EX0909_PMNMSmnts_EXApril09_2009-314_0109_20091110_023020_EX.mb162,1677722,swath,whole
EX0909,EX0909_PMNMSmnts_EXApril09_2009-314_0110_20091110_025540_EX.mb162,https://data.ngdc.noaa.gov/platforms/ocean/ships/okeanos_explorer/EX0909/multibeam/data/version2/MB/EX0909_PMNMSmnts_EXApril09_2009-314_0110_20091110_025540_EX.mb162,17825792,swath,whole
EX0909,EX0909_PMNMSmnts_EXApril09_2009-314_0111_20091110_064958_EX.mb162,https://data.ngdc.noaa.gov/platforms/ocean/ships/okeanos_explorer/EX0909/multibeam/data/version2/MB/EX0909_PMNMSmnts_EXApril09_2009-314_0111_20091110_064958_EX.mb162,1782579,swath,whole
EX0909,EX0909_PMNMSmnts_EXApril09_2009-314_0112_20091110_071554_EX.mb162,https://data.ngdc.noaa.gov/platforms/ocean/ships/okeanos_explorer/EX0909/multibeam/data/version2/MB/EX0909_PMNMSmnts_EXApril09_2009-314_0112_20091110_071554_EX.mb162,15728640,swath,whole
EX0909,EX0909_PMNMSmnts_EXApril09_2009-314_0113_20091110_103720_EX.mb162,https://data.ngdc.noaa.gov/platforms/ocean/ships/okeanos_explorer/EX0909/multibeam/data/version2/MB/EX0909_PMNMSmnts_EXApril09_2009-314_0113_20091110_103720_EX.mb162,1363149,swath,whole
EX0909,EX0909_PMNMSmnts_EXApril09_2009-314_0114_20091110_105705_EX.mb162,https://data.ngdc.noaa.gov/platforms/ocean/ships/okeanos_explorer/EX0909/multibeam/data/version2/MB/EX0909_PMNMSmnts_EXApril09_2009-314_0114_20091110_105705_EX.mb162,13631488,swath,whole
EX0909,EX0909_PMNMSmnts_EXApril09_2009-314_0115_20091110_141006_EX.mb162,https://data.ngdc.noaa.gov/platforms/ocean/ships/okeanos_explorer/EX0909/multibeam/data/version2/MB/EX0909_PMNMSmnts_EXApril09_2009-314_0115_20091110_141006_EX.mb162,1572864,swath,whole
EX0909,EX0909_PMNMSmnts_EXApril09_2009-314_0116_20091110_143214_EX.mb162,https://data.ngdc.noaa.gov/platforms/ocean/ships/okeanos_explorer/EX0909/multibeam/data/version2/MB/EX0909_PMNMSmnts_EXApril09_2009-314_0116_20091110_143214_EX.mb162,15728640,swath,whole
EX0909,EX0909_PMNMSmnts_EXApril09_2009-314_0117_20091110_180234_EX.mb162,https://data.ngdc.noaa.gov/platforms/ocean/ships/okeanos_explorer/EX0909/multibeam/data/version2/MB/EX0909_PMNMSmnts_EXApril09_2009-314_0117_20091110_180234_EX.mb162,1572864,swath,whole
EX0909,EX0909_PMNMSmnts_EXApril09_2009-314_0118_20091110_182551_EX.mb162,https://data.ngdc.noaa.gov/platforms/ocean/ships/okeanos_explorer/EX0909/multibeam/data/version2/MB/EX0909_PMNMSmnts_EXApril09_2009-314_0118_20091110_182551_EX.mb162,12582912,swath,whole
EX0909,EX0909_PMNMSmnts_EXApril09_2009-314_0119_20091110_211024_EX.mb162,https://data.ngdc.noaa.gov/platforms/ocean/ships/okeanos_explorer/EX0909/multibeam/data/version2/MB/EX0909_PMNMSmnts_EXApril09_2009-314_0119_20091110_211024_EX.mb162,1782579,swath,whole
EX0909,EX0909_PMNMSmnts_EXApril09_2009-314_0120_20091110_213514_EX.mb162,https://data.ngdc.noaa.gov/platforms/ocean/ships/okeanos_explorer/EX0909/multibeam/data/version2/MB/EX0909_PMNMSmnts_EXApril09_2009-314_0120_20091110_213514_EX.mb162,1363149,swath,whole
EX0909,EX0909_PMNMSmnts_EXApril09_2009-314_0121_20091110_215226_EX.mb162,https://data.ngdc.noaa.gov/platforms/ocean/ships/okeanos_explorer/EX0909/multibeam/data/version2/MB/EX0909_PMNMSmnts_EXApril09_2009-314_0121_20091110_215226_EX.mb162,9856614,swath,whole
EX0909,EX0909_PMNMSmnts_EXApril09_2009-315_0122_20091111_000030_EX.mb162,https://data.ngdc.noaa.gov/platforms/ocean/ships/okeanos_explorer/EX0909/multibeam/data/version2/MB/EX0909_PMNMSmnts_EXApril09_2009-315_0122_20091111_000030_EX.mb162,10485760,swath,whole
EX0909,EX0909_PMNMSmnts_EXApril09_2009-315_0123_20091111_034009_EX.mb162,https://data.ngdc.noaa.gov/platforms/ocean/ships/okeanos_explorer/EX0909/multibeam/data/version2/MB/EX0909_PMNMSmnts_EXApril09_2009-315_0123_20091111_034009_EX.mb162,20971520,swath,whole
EX0909,EX0909_PMNMSmnts_EXApril09_2009-315_0124_20091111_062555_EX.mb162,https://data.ngdc.noaa.gov/platforms/ocean/ships/okeanos_explorer/EX0909/multibeam/data/version2/MB/EX0909_PMNMSmnts_EXApril09_2009-315_0124_20091111_062555_EX.mb162,12582912,swath,whole
EX0909,EX0909_PMNMSmnts_EXApril09_2009-315_0125_20091111_100208_EX.mb162,https://data.ngdc.noaa.gov/platforms/ocean/ships/okeanos_explorer/EX0909/multibeam/data/version2/MB/EX0909_PMNMSmnts_EXApril09_2009-315_0125_20091111_100208_EX.mb162,46080,swath,whole
EX0909,EX0909_SeaStateTest_EXApril09_2009-277_0000_20091003_232450_EX.mb162,https://data.ngdc.noaa.gov/platforms/ocean/ships/okeanos_explorer/EX0909/multibeam/data/version2/MB/EX0909_SeaStateTest_EXApril09_2009-277_0000_20091003_232450_EX.mb162,1887437,swath,whole
EX0909,EX0909_SeaStateTest_EXApril09_2009-277_0001_20091004_000003_EX.mb162,https://data.ngdc.noaa.gov/platforms/ocean/ships/okeanos_explorer/EX0909/multibeam/data/version2/MB/EX0909_SeaStateTest_EXApril09_2009-277_0001_20091004_000003_EX.mb162,1048576,swath,whole
EX0909,EX0909_SeaStateTest_EXApril09_2009-277_0002_20091004_010542_EX.mb162,https://data.ngdc.noaa.gov/platforms/ocean/ships/okeanos_explorer/EX0909/multibeam/data/version2/MB/EX0909_SeaStateTest_EXApril09_2009-277_0002_20091004_010542_EX.mb162,4718592,swath,whole
EX0909,EX0909_SeaStateTest_EXApril09_2009-277_0003_20091004_021816_EX.mb162,https://data.ngdc.noaa.gov/platforms/ocean/ships/okeanos_explorer/EX0909/multibeam/data/version2/MB/EX0909_SeaStateTest_EXApril09_2009-277_0003_20091004_021816_EX.mb162,4299162,swath,whole
EX0909,EX0909_SeaStateTest_EXApril09_2009-277_0004_20091004_034252_EX.mb162,https://data.ngdc.noaa.gov/platforms/ocean/ships/okeanos_explorer/EX0909/multibeam/data/version2/MB/EX0909_SeaStateTest_EXApril09_2009-277_0004_20091004_034252_EX.mb162,5767168,swath,whole
EX0909,EX0909_SeaStateTest_EXApril09_2009-277_0005_20091004_045101_EX.mb162,https://data.ngdc.noaa.gov/platforms/ocean/ships/okeanos_explorer/EX0909/multibeam/data/version2/MB/EX0909_SeaStateTest_EXApril09_2009-277_0005_20091004_045101_EX.mb162,6081741,swath,whole
EX0909,EX0909_SeaStateTest_EXApril09_2009-277_0006_20091004_061112_EX.mb162,https://data.ngdc.noaa.gov/platforms/ocean/ships/okeanos_explorer/EX0909/multibeam/data/version2/MB/EX0909_SeaStateTest_EXApril09_2009-277_0006_20091004_061112_EX.mb162,5242880,swath,whole
EX0909,EX0909_SeaStateTest_EXApril09_2009-277_0007_20091004_071114_EX.mb162,https://data.ngdc.noaa.gov/platforms/ocean/ships/okeanos_explorer/EX0909/multibeam/data/version2/MB/EX0909_SeaStateTest_EXApril09_2009-277_0007_20091004_071114_EX.mb162,5452595,swath,whole
EX0909,EX0909_SeaStateTest_EXApril09_2009-277_0008_20091004_082301_EX.mb162,https://data.ngdc.noaa.gov/platforms/ocean/ships/okeanos_explorer/EX0909/multibeam/data/version2/MB/EX0909_SeaStateTest_EXApril09_2009-277_0008_20091004_082301_EX.mb162,6291456,swath,whole
EX0909,EX0909_WiniSeaMnt_EXApril09_2009-276_0000_20091003_164419_EX.mb162,https://data.ngdc.noaa.gov/platforms/ocean/ships/okeanos_explorer/EX0909/multibeam/data/version2/MB/EX0909_WiniSeaMnt_EXApril09_2009-276_0000_20091003_164419_EX.mb162,12582912,swath,whole
EX0909,EX0909_WiniSeaMnt_EXApril09_2009-277_0001_20091004_110818_EX.mb162,https://data.ngdc.noaa.gov/platforms/ocean/ships/okeanos_explorer/EX0909/multibeam/data/version2/MB/EX0909_WiniSeaMnt_EXApril09_2009-277_0001_20091004_110818_EX.mb162,60416,swath,whole
EX0909,EX0909_WiniSeaMnt_EXApril09_2009-277_0002_20091004_111226_EX.mb162,https://data.ngdc.noaa.gov/platforms/ocean/ships/okeanos_explorer/EX0909/multibeam/data/version2/MB/EX0909_WiniSeaMnt_EXApril09_2009-277_0002_20091004_111226_EX.mb162,8808038,swath,whole
EX0909,EX0909_WiniSeaMnt_EXApril09_2009-277_0003_20091004_151508_EX.mb162,https://data.ngdc.noaa.gov/platforms/ocean/ships/okeanos_explorer/EX0909/multibeam/data/version2/MB/EX0909_WiniSeaMnt_EXApril09_2009-277_0003_20091004_151508_EX.mb162,1153434,swath,whole
EX0909,EX0909_WiniSeaMnt_EXApril09_2009-277_0004_20091004_154255_EX.mb162,https://data.ngdc.noaa.gov/platforms/ocean/ships/okeanos_explorer/EX0909/multibeam/data/version2/MB/EX0909_WiniSeaMnt_EXApril09_2009-277_0004_20091004_154255_EX.mb162,14680064,swath,whole
EX0909,EX0909_WiniSeaMnt_EXApril09_2009-277_0005_20091004_185006_EX.mb162,https://data.ngdc.noaa.gov/platforms/ocean/ships/okeanos_explorer/EX0909/multibeam/data/version2/MB/EX0909_WiniSeaMnt_EXApril09_2009-277_0005_20091004_185006_EX.mb162,1363149,swath,whole
EX0909,EX0909_WiniSeaMnt_EXApril09_2009-277_0006_20091004_191628_EX.mb162,https://data.ngdc.noaa.gov/platforms/ocean/ships/okeanos_explorer/EX0909/multibeam/data/version2/MB/EX0909_WiniSeaMnt_EXApril09_2009-277_0006_20091004_191628_EX.mb162,13631488,swath,whole
EX0909,EX0909_WiniSeaMnt_EXApril09_2009-277_0007_20091004_230428_EX.mb162,https://data.ngdc.noaa.gov/platforms/ocean/ships/okeanos_explorer/EX0909/multibeam/data/version2/MB/EX0909_WiniSeaMnt_EXApril09_2009-277_0007_20091004_230428_EX.mb162,1468006,swath,whole
EX0909,EX0909_WiniSeaMnt_EXApril09_2009-277_0008_20091004_233744_EX.mb162,https://data.ngdc.noaa.gov/platforms/ocean/ships/okeanos_explorer/EX0909/multibeam/data/version2/MB/EX0909_WiniSeaMnt_EXApril09_2009-277_0008_20091004_233744_EX.mb162,1468006,swath,whole
EX0909,EX0909_WiniSeaMnt_EXApril09_2009-278_0009_20091004_235955_EX.mb162,https://data.ngdc.noaa.gov/platforms/ocean/ships/okeanos_explorer/EX0909/multibeam/data/version2/MB/EX0909_WiniSeaMnt_EXApril09_2009-278_0009_20091004_235955_EX.mb162,6081741,swath,whole
EX0909,EX0909_WiniSeaMnt_EXApril09_2009-278_0010_20091005_023244_EX.mb162,https://data.ngdc.noaa.gov/platforms/ocean/ships/okeanos_explorer/EX0909/multibeam/data/version2/MB/EX0909_WiniSeaMnt_EXApril09_2009-278_0010_20091005_023244_EX.mb162,5976883,swath,whole
EX0909,EX0909_WiniSeaMnt_EXApril09_2009-278_0011_20091005_035853_EX.mb162,https://data.ngdc.noaa.gov/platforms/ocean/ships/okeanos_explorer/EX0909/multibeam/data/version2/MB/EX0909_WiniSeaMnt_EXApril09_2009-278_0011_20091005_035853_EX.mb162,343040,swath,whole
EX0909,EX0909_WiniSeaMnt_EXApril09_2009-278_0012_20091005_040454_EX.mb162,https://data.ngdc.noaa.gov/platforms/ocean/ships/okeanos_explorer/EX0909/multibeam/data/version2/MB/EX0909_WiniSeaMnt_EXApril09_2009-278_0012_20091005_040454_EX.mb162,7340032,swath,whole
EX0909,EX0909_WiniSeaMnt_EXApril09_2009-278_0013_20091005_053210_EX.mb162,https://data.ngdc.noaa.gov/platforms/ocean/ships/okeanos_explorer/EX0909/multibeam/data/version2/MB/EX0909_WiniSeaMnt_EXApril09_2009-278_0013_20091005_053210_EX.mb162,1468006,swath,whole
EX0909,EX0909_WiniSeaMnt_EXApril09_2009-278_0014_20091005_055847_EX.mb162,https://data.ngdc.noaa.gov/platforms/ocean/ships/okeanos_explorer/EX0909/multibeam/data/version2/MB/EX0909_WiniSeaMnt_EXApril09_2009-278_0014_20091005_055847_EX.mb162,4194304,swath,whole
EX0909,EX0909_WiniSeaMnt_EXApril09_2009-278_0015_20091005_072326_EX.mb162,https://data.ngdc.noaa.gov/platforms/ocean/ships/okeanos_explorer/EX0909/multibeam/data/version2/MB/EX0909_WiniSeaMnt_EXApril09_2009-278_0015_20091005_072326_EX.mb162,1153434,swath,whole
EX0909,EX0909_WiniSeaMnt_EXApril09_2009-278_0016_20091005_074748_EX.mb162,https://data.ngdc.noaa.gov/platforms/ocean/ships/okeanos_explorer/EX0909/multibeam/data/version2/MB/EX0909_WiniSeaMnt_EXApril09_2009-278_0016_20091005_074748_EX.mb162,13631488,swath,whole
EX0909,EX0909_WiniSeaMnt_EXApril09_2009-278_0020_20091005_150654_EX.mb162,https://data.ngdc.noaa.gov/platforms/ocean/ships/okeanos_explorer/EX0909/multibeam/data/version2/MB/EX0909_WiniSeaMnt_EXApril09_2009-278_0020_20091005_150654_EX.mb162,12582912,swath,whole
EX0909,EX0909_WiniSeaMnt_EXApril09_2009-278_0021_20091005_175313_EX.mb162,https://data.ngdc.noaa.gov/platforms/ocean/ships/okeanos_explorer/EX0909/multibeam/data/version2/MB/EX0909_WiniSeaMnt_EXApril09_2009-278_0021_20091005_175313_EX.mb162,1048576,swath,whole
EX0909,EX0909_WiniSeaMnt_EXApril09_2009-278_0022_20091005_181631_EX.mb162,https://data.ngdc.noaa.gov/platforms/ocean/ships/okeanos_explorer/EX0909/multibeam/data/version2/MB/EX0909_WiniSeaMnt_EXApril09_2009-278_0022_20091005_181631_EX.mb162,10485760,swath,whole
EX0909,EX0909_WiniSeaMnt_EXApril09_2009-279_0028_20091006_011302_EX.mb162,https://data.ngdc.noaa.gov/platforms/ocean/ships/okeanos_explorer/EX0909/multibeam/data/version2/MB/EX0909_WiniSeaMnt_EXApril09_2009-279_0028_20091006_011302_EX.mb162,8808038,swath,whole
EX1206,EX1206_EX03192012_2012-307_0001_20121102_201647_EX1206_MB.txt.mb162,https://data.ngdc.noaa.gov/platforms/ocean/ships/okeanos_explorer/EX1206/multibeam/data/version2/MB/EX1206_EX03192012_2012-307_0001_20121102_201647_EX1206_MB.txt.mb162,243269632,swath,subset (nav ∩ footprint buffered 4.0 km)
EX1206,EX1206_EX03192012_2012-307_0001_20121102_201647_EX1206_MB.txt.mb162.gz,https://data.ngdc.noaa.gov/platforms/ocean/ships/okeanos_explorer/EX1206/multibeam/data/version2/MB/EX1206_EX03192012_2012-307_0001_20121102_201647_EX1206_MB.txt.mb162.gz,58720256,swath,subset (nav ∩ footprint buffered 4.0 km)
EX1206,EX1206_EX03192012_2012-307_0002_20121102_211647_EX1206_MB.txt.mb162,https://data.ngdc.noaa.gov/platforms/ocean/ships/okeanos_explorer/EX1206/multibeam/data/version2/MB/EX1206_EX03192012_2012-307_0002_20121102_211647_EX1206_MB.txt.mb162,226492416,swath,subset (nav ∩ footprint buffered 4.0 km)
EX1206,EX1206_EX03192012_2012-307_0002_20121102_211647_EX1206_MB.txt.mb162.gz,https://data.ngdc.noaa.gov/platforms/ocean/ships/okeanos_explorer/EX1206/multibeam/data/version2/MB/EX1206_EX03192012_2012-307_0002_20121102_211647_EX1206_MB.txt.mb162.gz,54525952,swath,subset (nav ∩ footprint buffered 4.0 km)
EX1206,EX1206_EX03192012_2012-307_0003_20121102_221647_EX1206_MB.txt.mb162,https://data.ngdc.noaa.gov/platforms/ocean/ships/okeanos_explorer/EX1206/multibeam/data/version2/MB/EX1206_EX03192012_2012-307_0003_20121102_221647_EX1206_MB.txt.mb162,203423744,swath,subset (nav ∩ footprint buffered 4.0 km)
EX1206,EX1206_EX03192012_2012-307_0003_20121102_221647_EX1206_MB.txt.mb162.gz,https://data.ngdc.noaa.gov/platforms/ocean/ships/okeanos_explorer/EX1206/multibeam/data/version2/MB/EX1206_EX03192012_2012-307_0003_20121102_221647_EX1206_MB.txt.mb162.gz,54525952,swath,subset (nav ∩ footprint buffered 4.0 km)
EX1206,EX1206_EX03192012_2012-307_0004_20121102_231647_EX1206_MB.txt.mb162,https://data.ngdc.noaa.gov/platforms/ocean/ships/okeanos_explorer/EX1206/multibeam/data/version2/MB/EX1206_EX03192012_2012-307_0004_20121102_231647_EX1206_MB.txt.mb162,164626432,swath,subset (nav ∩ footprint buffered 4.0 km)
EX1206,EX1206_EX03192012_2012-307_0004_20121102_231647_EX1206_MB.txt.mb162.gz,https://data.ngdc.noaa.gov/platforms/ocean/ships/okeanos_explorer/EX1206/multibeam/data/version2/MB/EX1206_EX03192012_2012-307_0004_20121102_231647_EX1206_MB.txt.mb162.gz,46137344,swath,subset (nav ∩ footprint buffered 4.0 km)
EX1206,EX1206_EX03192012_2012-308_0005_20121103_000000_EX1206_MB.txt.mb162,https://data.ngdc.noaa.gov/platforms/ocean/ships/okeanos_explorer/EX1206/multibeam/data/version2/MB/EX1206_EX03192012_2012-308_0005_20121103_000000_EX1206_MB.txt.mb162,200278016,swath,subset (nav ∩ footprint buffered 4.0 km)
EX1206,EX1206_EX03192012_2012-308_0005_20121103_000000_EX1206_MB.txt.mb162.gz,https://data.ngdc.noaa.gov/platforms/ocean/ships/okeanos_explorer/EX1206/multibeam/data/version2/MB/EX1206_EX03192012_2012-308_0005_20121103_000000_EX1206_MB.txt.mb162.gz,57671680,swath,subset (nav ∩ footprint buffered 4.0 km)
EX1206,EX1206_EX03192012_2012-308_0006_20121103_010000_EX1206_MB.txt.mb162,https://data.ngdc.noaa.gov/platforms/ocean/ships/okeanos_explorer/EX1206/multibeam/data/version2/MB/EX1206_EX03192012_2012-308_0006_20121103_010000_EX1206_MB.txt.mb162,175112192,swath,subset (nav ∩ footprint buffered 4.0 km)
EX1206,EX1206_EX03192012_2012-308_0006_20121103_010000_EX1206_MB.txt.mb162.gz,https://data.ngdc.noaa.gov/platforms/ocean/ships/okeanos_explorer/EX1206/multibeam/data/version2/MB/EX1206_EX03192012_2012-308_0006_20121103_010000_EX1206_MB.txt.mb162.gz,50331648,swath,subset (nav ∩ footprint buffered 4.0 km)
EX1206,EX1206_EX03192012_2012-308_0007_20121103_020000_EX1206_MB.txt.mb162,https://data.ngdc.noaa.gov/platforms/ocean/ships/okeanos_explorer/EX1206/multibeam/data/version2/MB/EX1206_EX03192012_2012-308_0007_20121103_020000_EX1206_MB.txt.mb162,164626432,swath,subset (nav ∩ footprint buffered 4.0 km)
EX1206,EX1206_EX03192012_2012-308_0007_20121103_020000_EX1206_MB.txt.mb162.gz,https://data.ngdc.noaa.gov/platforms/ocean/ships/okeanos_explorer/EX1206/multibeam/data/version2/MB/EX1206_EX03192012_2012-308_0007_20121103_020000_EX1206_MB.txt.mb162.gz,48234496,swath,subset (nav ∩ footprint buffered 4.0 km)
EX1206,EX1206_EX03192012_2012-308_0008_20121103_030001_EX1206_MB.txt.mb162,https://data.ngdc.noaa.gov/platforms/ocean/ships/okeanos_explorer/EX1206/multibeam/data/version2/MB/EX1206_EX03192012_2012-308_0008_20121103_030001_EX1206_MB.txt.mb162,156237824,swath,subset (nav ∩ footprint buffered 4.0 km)
EX1206,EX1206_EX03192012_2012-308_0008_20121103_030001_EX1206_MB.txt.mb162.gz,https://data.ngdc.noaa.gov/platforms/ocean/ships/okeanos_explorer/EX1206/multibeam/data/version2/MB/EX1206_EX03192012_2012-308_0008_20121103_030001_EX1206_MB.txt.mb162.gz,46137344,swath,subset (nav ∩ footprint buffered 4.0 km)
EX1206,EX1206_EX03192012_2012-308_0009_20121103_040000_EX1206_MB.txt.mb162,https://data.ngdc.noaa.gov/platforms/ocean/ships/okeanos_explorer/EX1206/multibeam/data/version2/MB/EX1206_EX03192012_2012-308_0009_20121103_040000_EX1206_MB.txt.mb162,173015040,swath,subset (nav ∩ footprint buffered 4.0 km)
EX1206,EX1206_EX03192012_2012-308_0009_20121103_040000_EX1206_MB.txt.mb162.gz,https://data.ngdc.noaa.gov/platforms/ocean/ships/okeanos_explorer/EX1206/multibeam/data/version2/MB/EX1206_EX03192012_2012-308_0009_20121103_040000_EX1206_MB.txt.mb162.gz,50331648,swath,subset (nav ∩ footprint buffered 4.0 km)
EX1206,EX1206_EX03192012_2012-308_0010_20121103_050000_EX1206_MB.txt.mb162,https://data.ngdc.noaa.gov/platforms/ocean/ships/okeanos_explorer/EX1206/multibeam/data/version2/MB/EX1206_EX03192012_2012-308_0010_20121103_050000_EX1206_MB.txt.mb162,168820736,swath,subset (nav ∩ footprint buffered 4.0 km)
EX1206,EX1206_EX03192012_2012-308_0010_20121103_050000_EX1206_MB.txt.mb162.gz,https://data.ngdc.noaa.gov/platforms/ocean/ships/okeanos_explorer/EX1206/multibeam/data/version2/MB/EX1206_EX03192012_2012-308_0010_20121103_050000_EX1206_MB.txt.mb162.gz,49283072,swath,subset (nav ∩ footprint buffered 4.0 km)
EX1206,EX1206_EX03192012_2012-308_0011_20121103_060001_EX1206_MB.txt.mb162,https://data.ngdc.noaa.gov/platforms/ocean/ships/okeanos_explorer/EX1206/multibeam/data/version2/MB/EX1206_EX03192012_2012-308_0011_20121103_060001_EX1206_MB.txt.mb162,96468992,swath,subset (nav ∩ footprint buffered 4.0 km)
EX1206,EX1206_EX03192012_2012-308_0011_20121103_060001_EX1206_MB.txt.mb162.gz,https://data.ngdc.noaa.gov/platforms/ocean/ships/okeanos_explorer/EX1206/multibeam/data/version2/MB/EX1206_EX03192012_2012-308_0011_20121103_060001_EX1206_MB.txt.mb162.gz,28311552,swath,subset (nav ∩ footprint buffered 4.0 km)
EX1206,EX1206_EX03192012_2012-308_0012_20121103_070001_EX1206_MB.txt.mb162,https://data.ngdc.noaa.gov/platforms/ocean/ships/okeanos_explorer/EX1206/multibeam/data/version2/MB/EX1206_EX03192012_2012-308_0012_20121103_070001_EX1206_MB.txt.mb162,41943040,swath,subset (nav ∩ footprint buffered 4.0 km)
EX1206,EX1206_EX03192012_2012-308_0012_20121103_070001_EX1206_MB.txt.mb162.gz,https://data.ngdc.noaa.gov/platforms/ocean/ships/okeanos_explorer/EX1206/multibeam/data/version2/MB/EX1206_EX03192012_2012-308_0012_20121103_070001_EX1206_MB.txt.mb162.gz,13631488,swath,subset (nav ∩ footprint buffered 4.0 km)
EX1206,EX1206_EX03192012_2012-308_0013_20121103_074911_EX1206_MB.txt.mb162,https://data.ngdc.noaa.gov/platforms/ocean/ships/okeanos_explorer/EX1206/multibeam/data/version2/MB/EX1206_EX03192012_2012-308_0013_20121103_074911_EX1206_MB.txt.mb162,53477376,swath,subset (nav ∩ footprint buffered 4.0 km)
EX1206,EX1206_EX03192012_2012-308_0013_20121103_074911_EX1206_MB.txt.mb162.gz,https://data.ngdc.noaa.gov/platforms/ocean/ships/okeanos_explorer/EX1206/multibeam/data/version2/MB/EX1206_EX03192012_2012-308_0013_20121103_074911_EX1206_MB.txt.mb162.gz,16777216,swath,subset (nav ∩ footprint buffered 4.0 km)
EX1206,EX1206_EX03192012_2012-308_0014_20121103_084910_EX1206_MB.txt.mb162,https://data.ngdc.noaa.gov/platforms/ocean/ships/okeanos_explorer/EX1206/multibeam/data/version2/MB/EX1206_EX03192012_2012-308_0014_20121103_084910_EX1206_MB.txt.mb162,58720256,swath,subset (nav ∩ footprint buffered 4.0 km)
EX1206,EX1206_EX03192012_2012-308_0014_20121103_084910_EX1206_MB.txt.mb162.gz,https://data.ngdc.noaa.gov/platforms/ocean/ships/okeanos_explorer/EX1206/multibeam/data/version2/MB/EX1206_EX03192012_2012-308_0014_20121103_084910_EX1206_MB.txt.mb162.gz,18874368,swath,subset (nav ∩ footprint buffered 4.0 km)
EX1206,EX1206_EX03192012_2012-308_0015_20121103_094911_EX1206_MB.txt.mb162,https://data.ngdc.noaa.gov/platforms/ocean/ships/okeanos_explorer/EX1206/multibeam/data/version2/MB/EX1206_EX03192012_2012-308_0015_20121103_094911_EX1206_MB.txt.mb162,42991616,swath,subset (nav ∩ footprint buffered 4.0 km)
EX1206,EX1206_EX03192012_2012-308_0015_20121103_094911_EX1206_MB.txt.mb162.gz,https://data.ngdc.noaa.gov/platforms/ocean/ships/okeanos_explorer/EX1206/multibeam/data/version2/MB/EX1206_EX03192012_2012-308_0015_20121103_094911_EX1206_MB.txt.mb162.gz,13631488,swath,subset (nav ∩ footprint buffered 4.0 km)
EX1206,EX1206_EX03192012_2012-308_0016_20121103_104912_EX1206_MB.txt.mb162,https://data.ngdc.noaa.gov/platforms/ocean/ships/okeanos_explorer/EX1206/multibeam/data/version2/MB/EX1206_EX03192012_2012-308_0016_20121103_104912_EX1206_MB.txt.mb162,47185920,swath,subset (nav ∩ footprint buffered 4.0 km)
EX1206,EX1206_EX03192012_2012-308_0016_20121103_104912_EX1206_MB.txt.mb162.gz,https://data.ngdc.noaa.gov/platforms/ocean/ships/okeanos_explorer/EX1206/multibeam/data/version2/MB/EX1206_EX03192012_2012-308_0016_20121103_104912_EX1206_MB.txt.mb162.gz,14680064,swath,subset (nav ∩ footprint buffered 4.0 km)
EX1206,EX1206_EX03192012_2012-308_0017_20121103_114911_EX1206_MB.txt.mb162,https://data.ngdc.noaa.gov/platforms/ocean/ships/okeanos_explorer/EX1206/multibeam/data/version2/MB/EX1206_EX03192012_2012-308_0017_20121103_114911_EX1206_MB.txt.mb162,74448896,swath,subset (nav ∩ footprint buffered 4.0 km)
EX1206,EX1206_EX03192012_2012-308_0017_20121103_114911_EX1206_MB.txt.mb162.gz,https://data.ngdc.noaa.gov/platforms/ocean/ships/okeanos_explorer/EX1206/multibeam/data/version2/MB/EX1206_EX03192012_2012-308_0017_20121103_114911_EX1206_MB.txt.mb162.gz,23068672,swath,subset (nav ∩ footprint buffered 4.0 km)
EX1206,EX1206_EX03192012_2012-308_0018_20121103_124911_EX1206_MB.txt.mb162,https://data.ngdc.noaa.gov/platforms/ocean/ships/okeanos_explorer/EX1206/multibeam/data/version2/MB/EX1206_EX03192012_2012-308_0018_20121103_124911_EX1206_MB.txt.mb162,56623104,swath,subset (nav ∩ footprint buffered 4.0 km)
EX1206,EX1206_EX03192012_2012-308_0018_20121103_124911_EX1206_MB.txt.mb162.gz,https://data.ngdc.noaa.gov/platforms/ocean/ships/okeanos_explorer/EX1206/multibeam/data/version2/MB/EX1206_EX03192012_2012-308_0018_20121103_124911_EX1206_MB.txt.mb162.gz,17825792,swath,subset (nav ∩ footprint buffered 4.0 km)
EX1206,EX1206_EX03192012_2012-308_0019_20121103_134910_EX1206_MB.txt.mb162,https://data.ngdc.noaa.gov/platforms/ocean/ships/okeanos_explorer/EX1206/multibeam/data/version2/MB/EX1206_EX03192012_2012-308_0019_20121103_134910_EX1206_MB.txt.mb162,15728640,swath,subset (nav ∩ footprint buffered 4.0 km)
EX1206,EX1206_EX03192012_2012-308_0019_20121103_134910_EX1206_MB.txt.mb162.gz,https://data.ngdc.noaa.gov/platforms/ocean/ships/okeanos_explorer/EX1206/multibeam/data/version2/MB/EX1206_EX03192012_2012-308_0019_20121103_134910_EX1206_MB.txt.mb162.gz,5033165,swath,subset (nav ∩ footprint buffered 4.0 km)
EX1206,EX1206_EX03192012_2012-308_0020_20121103_140906_EX1206_MB.txt.mb162,https://data.ngdc.noaa.gov/platforms/ocean/ships/okeanos_explorer/EX1206/multibeam/data/version2/MB/EX1206_EX03192012_2012-308_0020_20121103_140906_EX1206_MB.txt.mb162,34603008,swath,subset (nav ∩ footprint buffered 4.0 km)
EX1206,EX1206_EX03192012_2012-308_0020_20121103_140906_EX1206_MB.txt.mb162.gz,https://data.ngdc.noaa.gov/platforms/ocean/ships/okeanos_explorer/EX1206/multibeam/data/version2/MB/EX1206_EX03192012_2012-308_0020_20121103_140906_EX1206_MB.txt.mb162.gz,11534336,swath,subset (nav ∩ footprint buffered 4.0 km)
EX1206,EX1206_EX03192012_2012-308_0021_20121103_150908_EX1206_MB.txt.mb162,https://data.ngdc.noaa.gov/platforms/ocean/ships/okeanos_explorer/EX1206/multibeam/data/version2/MB/EX1206_EX03192012_2012-308_0021_20121103_150908_EX1206_MB.txt.mb162,33554432,swath,subset (nav ∩ footprint buffered 4.0 km)
EX1206,EX1206_EX03192012_2012-308_0021_20121103_150908_EX1206_MB.txt.mb162.gz,https://data.ngdc.noaa.gov/platforms/ocean/ships/okeanos_explorer/EX1206/multibeam/data/version2/MB/EX1206_EX03192012_2012-308_0021_20121103_150908_EX1206_MB.txt.mb162.gz,11534336,swath,subset (nav ∩ footprint buffered 4.0 km)
EX1206,EX1206_EX03192012_2012-308_0022_20121103_160906_EX1206_MB.txt.mb162,https://data.ngdc.noaa.gov/platforms/ocean/ships/okeanos_explorer/EX1206/multibeam/data/version2/MB/EX1206_EX03192012_2012-308_0022_20121103_160906_EX1206_MB.txt.mb162,54525952,swath,subset (nav ∩ footprint buffered 4.0 km)
EX1206,EX1206_EX03192012_2012-308_0022_20121103_160906_EX1206_MB.txt.mb162.gz,https://data.ngdc.noaa.gov/platforms/ocean/ships/okeanos_explorer/EX1206/multibeam/data/version2/MB/EX1206_EX03192012_2012-308_0022_20121103_160906_EX1206_MB.txt.mb162.gz,17825792,swath,subset (nav ∩ footprint buffered 4.0 km)
EX1206,EX1206_EX03192012_2012-308_0023_20121103_170906_EX1206_MB.txt.mb162,https://data.ngdc.noaa.gov/platforms/ocean/ships/okeanos_explorer/EX1206/multibeam/data/version2/MB/EX1206_EX03192012_2012-308_0023_20121103_170906_EX1206_MB.txt.mb162,95420416,swath,subset (nav ∩ footprint buffered 4.0 km)
EX1206,EX1206_EX03192012_2012-308_0023_20121103_170906_EX1206_MB.txt.mb162.gz,https://data.ngdc.noaa.gov/platforms/ocean/ships/okeanos_explorer/EX1206/multibeam/data/version2/MB/EX1206_EX03192012_2012-308_0023_20121103_170906_EX1206_MB.txt.mb162.gz,29360128,swath,subset (nav ∩ footprint buffered 4.0 km)
EX1206,EX1206_EX03192012_2012-308_0024_20121103_180906_EX1206_MB.txt.mb162,https://data.ngdc.noaa.gov/platforms/ocean/ships/okeanos_explorer/EX1206/multibeam/data/version2/MB/EX1206_EX03192012_2012-308_0024_20121103_180906_EX1206_MB.txt.mb162,105906176,swath,subset (nav ∩ footprint buffered 4.0 km)
EX1206,EX1206_EX03192012_2012-308_0024_20121103_180906_EX1206_MB.txt.mb162.gz,https://data.ngdc.noaa.gov/platforms/ocean/ships/okeanos_explorer/EX1206/multibeam/data/version2/MB/EX1206_EX03192012_2012-308_0024_20121103_180906_EX1206_MB.txt.mb162.gz,31457280,swath,subset (nav ∩ footprint buffered 4.0 km)
EX1206,EX1206_EX03192012_2012-308_0025_20121103_190905_EX1206_MB.txt.mb162,https://data.ngdc.noaa.gov/platforms/ocean/ships/okeanos_explorer/EX1206/multibeam/data/version2/MB/EX1206_EX03192012_2012-308_0025_20121103_190905_EX1206_MB.txt.mb162,96468992,swath,subset (nav ∩ footprint buffered 4.0 km)
EX1206,EX1206_EX03192012_2012-308_0025_20121103_190905_EX1206_MB.txt.mb162.gz,https://data.ngdc.noaa.gov/platforms/ocean/ships/okeanos_explorer/EX1206/multibeam/data/version2/MB/EX1206_EX03192012_2012-308_0025_20121103_190905_EX1206_MB.txt.mb162.gz,29360128,swath,subset (nav ∩ footprint buffered 4.0 km)
EX1206,EX1206_EX03192012_2012-308_0026_20121103_200906_EX1206_MB.txt.mb162,https://data.ngdc.noaa.gov/platforms/ocean/ships/okeanos_explorer/EX1206/multibeam/data/version2/MB/EX1206_EX03192012_2012-308_0026_20121103_200906_EX1206_MB.txt.mb162,127926272,swath,subset (nav ∩ footprint buffered 4.0 km)
EX1206,EX1206_EX03192012_2012-308_0026_20121103_200906_EX1206_MB.txt.mb162.gz,https://data.ngdc.noaa.gov/platforms/ocean/ships/okeanos_explorer/EX1206/multibeam/data/version2/MB/EX1206_EX03192012_2012-308_0026_20121103_200906_EX1206_MB.txt.mb162.gz,38797312,swath,subset (nav ∩ footprint buffered 4.0 km)
EX1206,EX1206_EX03192012_2012-308_0027_20121103_210906_EX1206_MB.txt.mb162,https://data.ngdc.noaa.gov/platforms/ocean/ships/okeanos_explorer/EX1206/multibeam/data/version2/MB/EX1206_EX03192012_2012-308_0027_20121103_210906_EX1206_MB.txt.mb162,76546048,swath,subset (nav ∩ footprint buffered 4.0 km)
EX1206,EX1206_EX03192012_2012-308_0027_20121103_210906_EX1206_MB.txt.mb162.gz,https://data.ngdc.noaa.gov/platforms/ocean/ships/okeanos_explorer/EX1206/multibeam/data/version2/MB/EX1206_EX03192012_2012-308_0027_20121103_210906_EX1206_MB.txt.mb162.gz,24117248,swath,subset (nav ∩ footprint buffered 4.0 km)
EX1206,EX1206_EX03192012_2012-308_0028_20121103_220907_EX1206_MB.txt.mb162,https://data.ngdc.noaa.gov/platforms/ocean/ships/okeanos_explorer/EX1206/multibeam/data/version2/MB/EX1206_EX03192012_2012-308_0028_20121103_220907_EX1206_MB.txt.mb162,38797312,swath,subset (nav ∩ footprint buffered 4.0 km)
EX1206,EX1206_EX03192012_2012-308_0028_20121103_220907_EX1206_MB.txt.mb162.gz,https://data.ngdc.noaa.gov/platforms/ocean/ships/okeanos_explorer/EX1206/multibeam/data/version2/MB/EX1206_EX03192012_2012-308_0028_20121103_220907_EX1206_MB.txt.mb162.gz,12582912,swath,subset (nav ∩ footprint buffered 4.0 km)
EX1206,EX1206_EX03192012_2012-308_0029_20121103_230905_EX1206_MB.txt.mb162,https://data.ngdc.noaa.gov/platforms/ocean/ships/okeanos_explorer/EX1206/multibeam/data/version2/MB/EX1206_EX03192012_2012-308_0029_20121103_230905_EX1206_MB.txt.mb162,75497472,swath,subset (nav ∩ footprint buffered 4.0 km)
EX1206,EX1206_EX03192012_2012-308_0029_20121103_230905_EX1206_MB.txt.mb162.gz,https://data.ngdc.noaa.gov/platforms/ocean/ships/okeanos_explorer/EX1206/multibeam/data/version2/MB/EX1206_EX03192012_2012-308_0029_20121103_230905_EX1206_MB.txt.mb162.gz,24117248,swath,subset (nav ∩ footprint buffered 4.0 km)
EX1206,EX1206_EX03192012_2012-309_0030_20121104_000000_EX1206_MB.txt.mb162,https://data.ngdc.noaa.gov/platforms/ocean/ships/okeanos_explorer/EX1206/multibeam/data/version2/MB/EX1206_EX03192012_2012-309_0030_20121104_000000_EX1206_MB.txt.mb162,62914560,swath,subset (nav ∩ footprint buffered 4.0 km)
EX1206,EX1206_EX03192012_2012-309_0030_20121104_000000_EX1206_MB.txt.mb162.gz,https://data.ngdc.noaa.gov/platforms/ocean/ships/okeanos_explorer/EX1206/multibeam/data/version2/MB/EX1206_EX03192012_2012-309_0030_20121104_000000_EX1206_MB.txt.mb162.gz,19922944,swath,subset (nav ∩ footprint buffered 4.0 km)
EX1206,EX1206_EX03192012_2012-309_0031_20121104_010002_EX1206_MB.txt.mb162,https://data.ngdc.noaa.gov/platforms/ocean/ships/okeanos_explorer/EX1206/multibeam/data/version2/MB/EX1206_EX03192012_2012-309_0031_20121104_010002_EX1206_MB.txt.mb162,55574528,swath,subset (nav ∩ footprint buffered 4.0 km)
EX1206,EX1206_EX03192012_2012-309_0031_20121104_010002_EX1206_MB.txt.mb162.gz,https://data.ngdc.noaa.gov/platforms/ocean/ships/okeanos_explorer/EX1206/multibeam/data/version2/MB/EX1206_EX03192012_2012-309_0031_20121104_010002_EX1206_MB.txt.mb162.gz,18874368,swath,subset (nav ∩ footprint buffered 4.0 km)
EX1206,EX1206_EX03192012_2012-309_0032_20121104_020000_EX1206_MB.txt.mb162,https://data.ngdc.noaa.gov/platforms/ocean/ships/okeanos_explorer/EX1206/multibeam/data/version2/MB/EX1206_EX03192012_2012-309_0032_20121104_020000_EX1206_MB.txt.mb162,57671680,swath,subset (nav ∩ footprint buffered 4.0 km)
EX1206,EX1206_EX03192012_2012-309_0032_20121104_020000_EX1206_MB.txt.mb162.gz,https://data.ngdc.noaa.gov/platforms/ocean/ships/okeanos_explorer/EX1206/multibeam/data/version2/MB/EX1206_EX03192012_2012-309_0032_20121104_020000_EX1206_MB.txt.mb162.gz,18874368,swath,subset (nav ∩ footprint buffered 4.0 km)
EX1206,EX1206_EX03192012_2012-309_0033_20121104_030002_EX1206_MB.txt.mb162,https://data.ngdc.noaa.gov/platforms/ocean/ships/okeanos_explorer/EX1206/multibeam/data/version2/MB/EX1206_EX03192012_2012-309_0033_20121104_030002_EX1206_MB.txt.mb162,45088768,swath,subset (nav ∩ footprint buffered 4.0 km)
EX1206,EX1206_EX03192012_2012-309_0033_20121104_030002_EX1206_MB.txt.mb162.gz,https://data.ngdc.noaa.gov/platforms/ocean/ships/okeanos_explorer/EX1206/multibeam/data/version2/MB/EX1206_EX03192012_2012-309_0033_20121104_030002_EX1206_MB.txt.mb162.gz,14680064,swath,subset (nav ∩ footprint buffered 4.0 km)
EX1206,EX1206_EX03192012_2012-309_0034_20121104_040001_EX1206_MB.txt.mb162,https://data.ngdc.noaa.gov/platforms/ocean/ships/okeanos_explorer/EX1206/multibeam/data/version2/MB/EX1206_EX03192012_2012-309_0034_20121104_040001_EX1206_MB.txt.mb162,69206016,swath,subset (nav ∩ footprint buffered 4.0 km)
EX1206,EX1206_EX03192012_2012-309_0034_20121104_040001_EX1206_MB.txt.mb162.gz,https://data.ngdc.noaa.gov/platforms/ocean/ships/okeanos_explorer/EX1206/multibeam/data/version2/MB/EX1206_EX03192012_2012-309_0034_20121104_040001_EX1206_MB.txt.mb162.gz,23068672,swath,subset (nav ∩ footprint buffered 4.0 km)
EX1206,EX1206_EX03192012_2012-309_0035_20121104_050001_EX1206_MB.txt.mb162,https://data.ngdc.noaa.gov/platforms/ocean/ships/okeanos_explorer/EX1206/multibeam/data/version2/MB/EX1206_EX03192012_2012-309_0035_20121104_050001_EX1206_MB.txt.mb162,68157440,swath,subset (nav ∩ footprint buffered 4.0 km)
EX1206,EX1206_EX03192012_2012-309_0035_20121104_050001_EX1206_MB.txt.mb162.gz,https://data.ngdc.noaa.gov/platforms/ocean/ships/okeanos_explorer/EX1206/multibeam/data/version2/MB/EX1206_EX03192012_2012-309_0035_20121104_050001_EX1206_MB.txt.mb162.gz,22020096,swath,subset (nav ∩ footprint buffered 4.0 km)
EX1206,EX1206_EX03192012_2012-309_0036_20121104_060000_EX1206_MB.txt.mb162,https://data.ngdc.noaa.gov/platforms/ocean/ships/okeanos_explorer/EX1206/multibeam/data/version2/MB/EX1206_EX03192012_2012-309_0036_20121104_060000_EX1206_MB.txt.mb162,47185920,swath,subset (nav ∩ footprint buffered 4.0 km)
EX1206,EX1206_EX03192012_2012-309_0036_20121104_060000_EX1206_MB.txt.mb162.gz,https://data.ngdc.noaa.gov/platforms/ocean/ships/okeanos_explorer/EX1206/multibeam/data/version2/MB/EX1206_EX03192012_2012-309_0036_20121104_060000_EX1206_MB.txt.mb162.gz,15728640,swath,subset (nav ∩ footprint buffered 4.0 km)
EX1206,EX1206_EX03192012_2012-309_0037_20121104_070001_EX1206_MB.txt.mb162,https://data.ngdc.noaa.gov/platforms/ocean/ships/okeanos_explorer/EX1206/multibeam/data/version2/MB/EX1206_EX03192012_2012-309_0037_20121104_070001_EX1206_MB.txt.mb162,49283072,swath,subset (nav ∩ footprint buffered 4.0 km)
EX1206,EX1206_EX03192012_2012-309_0037_20121104_070001_EX1206_MB.txt.mb162.gz,https://data.ngdc.noaa.gov/platforms/ocean/ships/okeanos_explorer/EX1206/multibeam/data/version2/MB/EX1206_EX03192012_2012-309_0037_20121104_070001_EX1206_MB.txt.mb162.gz,15728640,swath,subset (nav ∩ footprint buffered 4.0 km)
EX1206,EX1206_EX03192012_2012-309_0038_20121104_080001_EX1206_MB.txt.mb162,https://data.ngdc.noaa.gov/platforms/ocean/ships/okeanos_explorer/EX1206/multibeam/data/version2/MB/EX1206_EX03192012_2012-309_0038_20121104_080001_EX1206_MB.txt.mb162,45088768,swath,subset (nav ∩ footprint buffered 4.0 km)
EX1206,EX1206_EX03192012_2012-309_0038_20121104_080001_EX1206_MB.txt.mb162.gz,https://data.ngdc.noaa.gov/platforms/ocean/ships/okeanos_explorer/EX1206/multibeam/data/version2/MB/EX1206_EX03192012_2012-309_0038_20121104_080001_EX1206_MB.txt.mb162.gz,14680064,swath,subset (nav ∩ footprint buffered 4.0 km)
EX1206,EX1206_EX03192012_2012-309_0039_20121104_090001_EX1206_MB.txt.mb162,https://data.ngdc.noaa.gov/platforms/ocean/ships/okeanos_explorer/EX1206/multibeam/data/version2/MB/EX1206_EX03192012_2012-309_0039_20121104_090001_EX1206_MB.txt.mb162,60817408,swath,subset (nav ∩ footprint buffered 4.0 km)
EX1206,EX1206_EX03192012_2012-309_0039_20121104_090001_EX1206_MB.txt.mb162.gz,https://data.ngdc.noaa.gov/platforms/ocean/ships/okeanos_explorer/EX1206/multibeam/data/version2/MB/EX1206_EX03192012_2012-309_0039_20121104_090001_EX1206_MB.txt.mb162.gz,18874368,swath,subset (nav ∩ footprint buffered 4.0 km)
EX1206,EX1206_EX03192012_2012-309_0040_20121104_100000_EX1206_MB.txt.mb162,https://data.ngdc.noaa.gov/platforms/ocean/ships/okeanos_explorer/EX1206/multibeam/data/version2/MB/EX1206_EX03192012_2012-309_0040_20121104_100000_EX1206_MB.txt.mb162,62914560,swath,subset (nav ∩ footprint buffered 4.0 km)
EX1206,EX1206_EX03192012_2012-309_0040_20121104_100000_EX1206_MB.txt.mb162.gz,https://data.ngdc.noaa.gov/platforms/ocean/ships/okeanos_explorer/EX1206/multibeam/data/version2/MB/EX1206_EX03192012_2012-309_0040_20121104_100000_EX1206_MB.txt.mb162.gz,19922944,swath,subset (nav ∩ footprint buffered 4.0 km)
EX1206,EX1206_EX03192012_2012-309_0041_20121104_110000_EX1206_MB.txt.mb162,https://data.ngdc.noaa.gov/platforms/ocean/ships/okeanos_explorer/EX1206/multibeam/data/version2/MB/EX1206_EX03192012_2012-309_0041_20121104_110000_EX1206_MB.txt.mb162,63963136,swath,subset (nav ∩ footprint buffered 4.0 km)
EX1206,EX1206_EX03192012_2012-309_0041_20121104_110000_EX1206_MB.txt.mb162.gz,https://data.ngdc.noaa.gov/platforms/ocean/ships/okeanos_explorer/EX1206/multibeam/data/version2/MB/EX1206_EX03192012_2012-309_0041_20121104_110000_EX1206_MB.txt.mb162.gz,20971520,swath,subset (nav ∩ footprint buffered 4.0 km)
EX1206,EX1206_EX03192012_2012-309_0042_20121104_120000_EX1206_MB.txt.mb162,https://data.ngdc.noaa.gov/platforms/ocean/ships/okeanos_explorer/EX1206/multibeam/data/version2/MB/EX1206_EX03192012_2012-309_0042_20121104_120000_EX1206_MB.txt.mb162,134217728,swath,subset (nav ∩ footprint buffered 4.0 km)
EX1206,EX1206_EX03192012_2012-309_0042_20121104_120000_EX1206_MB.txt.mb162.gz,https://data.ngdc.noaa.gov/platforms/ocean/ships/okeanos_explorer/EX1206/multibeam/data/version2/MB/EX1206_EX03192012_2012-309_0042_20121104_120000_EX1206_MB.txt.mb162.gz,39845888,swath,subset (nav ∩ footprint buffered 4.0 km)
EX1206,EX1206_EX03192012_2012-309_0043_20121104_130000_EX1206_MB.txt.mb162,https://data.ngdc.noaa.gov/platforms/ocean/ships/okeanos_explorer/EX1206/multibeam/data/version2/MB/EX1206_EX03192012_2012-309_0043_20121104_130000_EX1206_MB.txt.mb162,127926272,swath,subset (nav ∩ footprint buffered 4.0 km)
EX1206,EX1206_EX03192012_2012-309_0043_20121104_130000_EX1206_MB.txt.mb162.gz,https://data.ngdc.noaa.gov/platforms/ocean/ships/okeanos_explorer/EX1206/multibeam/data/version2/MB/EX1206_EX03192012_2012-309_0043_20121104_130000_EX1206_MB.txt.mb162.gz,36700160,swath,subset (nav ∩ footprint buffered 4.0 km)
EX1206,EX1206_EX03192012_2012-309_0044_20121104_135137_EX1206_MB.txt.mb162,https://data.ngdc.noaa.gov/platforms/ocean/ships/okeanos_explorer/EX1206/multibeam/data/version2/MB/EX1206_EX03192012_2012-309_0044_20121104_135137_EX1206_MB.txt.mb162,22020096,swath,subset (nav ∩ footprint buffered 4.0 km)
EX1206,EX1206_EX03192012_2012-309_0044_20121104_135137_EX1206_MB.txt.mb162.gz,https://data.ngdc.noaa.gov/platforms/ocean/ships/okeanos_explorer/EX1206/multibeam/data/version2/MB/EX1206_EX03192012_2012-309_0044_20121104_135137_EX1206_MB.txt.mb162.gz,6186598,swath,subset (nav ∩ footprint buffered 4.0 km)
EX1206,EX1206_EX03192012_2012-309_0045_20121104_140112_EX1206_MB.txt.mb162,https://data.ngdc.noaa.gov/platforms/ocean/ships/okeanos_explorer/EX1206/multibeam/data/version2/MB/EX1206_EX03192012_2012-309_0045_20121104_140112_EX1206_MB.txt.mb162,71303168,swath,subset (nav ∩ footprint buffered 4.0 km)
EX1206,EX1206_EX03192012_2012-309_0045_20121104_140112_EX1206_MB.txt.mb162.gz,https://data.ngdc.noaa.gov/platforms/ocean/ships/okeanos_explorer/EX1206/multibeam/data/version2/MB/EX1206_EX03192012_2012-309_0045_20121104_140112_EX1206_MB.txt.mb162.gz,22020096,swath,subset (nav ∩ footprint buffered 4.0 km)
EX1206,EX1206_EX03192012_2012-309_0046_20121104_150112_EX1206_MB.txt.mb162,https://data.ngdc.noaa.gov/platforms/ocean/ships/okeanos_explorer/EX1206/multibeam/data/version2/MB/EX1206_EX03192012_2012-309_0046_20121104_150112_EX1206_MB.txt.mb162,54525952,swath,subset (nav ∩ footprint buffered 4.0 km)
EX1206,EX1206_EX03192012_2012-309_0046_20121104_150112_EX1206_MB.txt.mb162.gz,https://data.ngdc.noaa.gov/platforms/ocean/ships/okeanos_explorer/EX1206/multibeam/data/version2/MB/EX1206_EX03192012_2012-309_0046_20121104_150112_EX1206_MB.txt.mb162.gz,16777216,swath,subset (nav ∩ footprint buffered 4.0 km)
EX1206,EX1206_EX03192012_2012-309_0047_20121104_154850_EX1206_MB.txt.mb162,https://data.ngdc.noaa.gov/platforms/ocean/ships/okeanos_explorer/EX1206/multibeam/data/version2/MB/EX1206_EX03192012_2012-309_0047_20121104_154850_EX1206_MB.txt.mb162,13631488,swath,subset (nav ∩ footprint buffered 4.0 km)
EX1206,EX1206_EX03192012_2012-309_0047_20121104_154850_EX1206_MB.txt.mb162.gz,https://data.ngdc.noaa.gov/platforms/ocean/ships/okeanos_explorer/EX1206/multibeam/data/version2/MB/EX1206_EX03192012_2012-309_0047_20121104_154850_EX1206_MB.txt.mb162.gz,4194304,swath,subset (nav ∩ footprint buffered 4.0 km)
EX1206,EX1206_EX03192012_2012-309_0048_20121104_155541_EX1206_MB.txt.mb162,https://data.ngdc.noaa.gov/platforms/ocean/ships/okeanos_explorer/EX1206/multibeam/data/version2/MB/EX1206_EX03192012_2012-309_0048_20121104_155541_EX1206_MB.txt.mb162,89128960,swath,subset (nav ∩ footprint buffered 4.0 km)
EX1206,EX1206_EX03192012_2012-309_0048_20121104_155541_EX1206_MB.txt.mb162.gz,https://data.ngdc.noaa.gov/platforms/ocean/ships/okeanos_explorer/EX1206/multibeam/data/version2/MB/EX1206_EX03192012_2012-309_0048_20121104_155541_EX1206_MB.txt.mb162.gz,26214400,swath,subset (nav ∩ footprint buffered 4.0 km)
EX1206,EX1206_EX03192012_2012-309_0049_20121104_165545_EX1206_MB.txt.mb162,https://data.ngdc.noaa.gov/platforms/ocean/ships/okeanos_explorer/EX1206/multibeam/data/version2/MB/EX1206_EX03192012_2012-309_0049_20121104_165545_EX1206_MB.txt.mb162,72351744,swath,subset (nav ∩ footprint buffered 4.0 km)
EX1206,EX1206_EX03192012_2012-309_0049_20121104_165545_EX1206_MB.txt.mb162.gz,https://data.ngdc.noaa.gov/platforms/ocean/ships/okeanos_explorer/EX1206/multibeam/data/version2/MB/EX1206_EX03192012_2012-309_0049_20121104_165545_EX1206_MB.txt.mb162.gz,22020096,swath,subset (nav ∩ footprint buffered 4.0 km)
EX1206,EX1206_EX03192012_2012-309_0050_20121104_173859_EX1206_MB.txt.mb162,https://data.ngdc.noaa.gov/platforms/ocean/ships/okeanos_explorer/EX1206/multibeam/data/version2/MB/EX1206_EX03192012_2012-309_0050_20121104_173859_EX1206_MB.txt.mb162,20971520,swath,subset (nav ∩ footprint buffered 4.0 km)
EX1206,EX1206_EX03192012_2012-309_0050_20121104_173859_EX1206_MB.txt.mb162.gz,https://data.ngdc.noaa.gov/platforms/ocean/ships/okeanos_explorer/EX1206/multibeam/data/version2/MB/EX1206_EX03192012_2012-309_0050_20121104_173859_EX1206_MB.txt.mb162.gz,6081741,swath,subset (nav ∩ footprint buffered 4.0 km)
EX1206,EX1206_EX03192012_2012-309_0051_20121104_175305_EX1206_MB.txt.mb162,https://data.ngdc.noaa.gov/platforms/ocean/ships/okeanos_explorer/EX1206/multibeam/data/version2/MB/EX1206_EX03192012_2012-309_0051_20121104_175305_EX1206_MB.txt.mb162,37748736,swath,subset (nav ∩ footprint buffered 4.0 km)
EX1206,EX1206_EX03192012_2012-309_0051_20121104_175305_EX1206_MB.txt.mb162.gz,https://data.ngdc.noaa.gov/platforms/ocean/ships/okeanos_explorer/EX1206/multibeam/data/version2/MB/EX1206_EX03192012_2012-309_0051_20121104_175305_EX1206_MB.txt.mb162.gz,12582912,swath,subset (nav ∩ footprint buffered 4.0 km)
EX1206,EX1206_EX03192012_2012-309_0052_20121104_185303_EX1206_MB.txt.mb162,https://data.ngdc.noaa.gov/platforms/ocean/ships/okeanos_explorer/EX1206/multibeam/data/version2/MB/EX1206_EX03192012_2012-309_0052_20121104_185303_EX1206_MB.txt.mb162,41943040,swath,subset (nav ∩ footprint buffered 4.0 km)
EX1206,EX1206_EX03192012_2012-309_0052_20121104_185303_EX1206_MB.txt.mb162.gz,https://data.ngdc.noaa.gov/platforms/ocean/ships/okeanos_explorer/EX1206/multibeam/data/version2/MB/EX1206_EX03192012_2012-309_0052_20121104_185303_EX1206_MB.txt.mb162.gz,13631488,swath,subset (nav ∩ footprint buffered 4.0 km)
EX1206,EX1206_EX03192012_2012-309_0053_20121104_205303_EX1206_MB.txt.mb162,https://data.ngdc.noaa.gov/platforms/ocean/ships/okeanos_explorer/EX1206/multibeam/data/version2/MB/EX1206_EX03192012_2012-309_0053_20121104_205303_EX1206_MB.txt.mb162,13631488,swath,subset (nav ∩ footprint buffered 4.0 km)
EX1206,EX1206_EX03192012_2012-309_0053_20121104_205303_EX1206_MB.txt.mb162.gz,https://data.ngdc.noaa.gov/platforms/ocean/ships/okeanos_explorer/EX1206/multibeam/data/version2/MB/EX1206_EX03192012_2012-309_0053_20121104_205303_EX1206_MB.txt.mb162.gz,4613734,swath,subset (nav ∩ footprint buffered 4.0 km)
EX1206,EX1206_EX03192012_2012-309_0054_20121104_213401_EX1206_MB.txt.mb162,https://data.ngdc.noaa.gov/platforms/ocean/ships/okeanos_explorer/EX1206/multibeam/data/version2/MB/EX1206_EX03192012_2012-309_0054_20121104_213401_EX1206_MB.txt.mb162,6606029,swath,subset (nav ∩ footprint buffered 4.0 km)
EX1206,EX1206_EX03192012_2012-309_0054_20121104_213401_EX1206_MB.txt.mb162.gz,https://data.ngdc.noaa.gov/platforms/ocean/ships/okeanos_explorer/EX1206/multibeam/data/version2/MB/EX1206_EX03192012_2012-309_0054_20121104_213401_EX1206_MB.txt.mb162.gz,2202010,swath,subset (nav ∩ footprint buffered 4.0 km)
EX1206,EX1206_EX03192012_2012-309_0055_20121104_215429_EX1206_MB.txt.mb162,https://data.ngdc.noaa.gov/platforms/ocean/ships/okeanos_explorer/EX1206/multibeam/data/version2/MB/EX1206_EX03192012_2012-309_0055_20121104_215429_EX1206_MB.txt.mb162,40894464,swath,subset (nav ∩ footprint buffered 4.0 km)
EX1206,EX1206_EX03192012_2012-309_0055_20121104_215429_EX1206_MB.txt.mb162.gz,https://data.ngdc.noaa.gov/platforms/ocean/ships/okeanos_explorer/EX1206/multibeam/data/version2/MB/EX1206_EX03192012_2012-309_0055_20121104_215429_EX1206_MB.txt.mb162.gz,13631488,swath,subset (nav ∩ footprint buffered 4.0 km)
EX1206,EX1206_EX03192012_2012-309_0056_20121104_235430_EX1206_MB.txt.mb162,https://data.ngdc.noaa.gov/platforms/ocean/ships/okeanos_explorer/EX1206/multibeam/data/version2/MB/EX1206_EX03192012_2012-309_0056_20121104_235430_EX1206_MB.txt.mb162,1468006,swath,subset (nav ∩ footprint buffered 4.0 km)
EX1206,EX1206_EX03192012_2012-309_0056_20121104_235430_EX1206_MB.txt.mb162.gz,https://data.ngdc.noaa.gov/platforms/ocean/ships/okeanos_explorer/EX1206/multibeam/data/version2/MB/EX1206_EX03192012_2012-309_0056_20121104_235430_EX1206_MB.txt.mb162.gz,501760,swath,subset (nav ∩ footprint buffered 4.0 km)
EX1206,EX1206_EX03192012_2012-309_0057_20121104_235832_EX1206_MB.txt.mb162,https://data.ngdc.noaa.gov/platforms/ocean/ships/okeanos_explorer/EX1206/multibeam/data/version2/MB/EX1206_EX03192012_2012-309_0057_20121104_235832_EX1206_MB.txt.mb162,512000,swath,subset (nav ∩ footprint buffered 4.0 km)
EX1206,EX1206_EX03192012_2012-309_0057_20121104_235832_EX1206_MB.txt.mb162.gz,https://data.ngdc.noaa.gov/platforms/ocean/ships/okeanos_explorer/EX1206/multibeam/data/version2/MB/EX1206_EX03192012_2012-309_0057_20121104_235832_EX1206_MB.txt.mb162.gz,177152,swath,subset (nav ∩ footprint buffered 4.0 km)
EX1206,EX1206_EX03192012_2012-310_0058_20121105_000003_EX1206_MB.txt.mb162,https://data.ngdc.noaa.gov/platforms/ocean/ships/okeanos_explorer/EX1206/multibeam/data/version2/MB/EX1206_EX03192012_2012-310_0058_20121105_000003_EX1206_MB.txt.mb162,103809024,swath,subset (nav ∩ footprint buffered 4.0 km)
EX1206,EX1206_EX03192012_2012-310_0058_20121105_000003_EX1206_MB.txt.mb162.gz,https://data.ngdc.noaa.gov/platforms/ocean/ships/okeanos_explorer/EX1206/multibeam/data/version2/MB/EX1206_EX03192012_2012-310_0058_20121105_000003_EX1206_MB.txt.mb162.gz,32505856,swath,subset (nav ∩ footprint buffered 4.0 km)
EX1206,EX1206_EX03192012_2012-310_0059_20121105_020001_EX1206_MB.txt.mb162,https://data.ngdc.noaa.gov/platforms/ocean/ships/okeanos_explorer/EX1206/multibeam/data/version2/MB/EX1206_EX03192012_2012-310_0059_20121105_020001_EX1206_MB.txt.mb162,84934656,swath,subset (nav ∩ footprint buffered 4.0 km)
EX1206,EX1206_EX03192012_2012-310_0059_20121105_020001_EX1206_MB.txt.mb162.gz,https://data.ngdc.noaa.gov/platforms/ocean/ships/okeanos_explorer/EX1206/multibeam/data/version2/MB/EX1206_EX03192012_2012-310_0059_20121105_020001_EX1206_MB.txt.mb162.gz,27262976,swath,subset (nav ∩ footprint buffered 4.0 km)
EX1206,EX1206_EX03192012_2012-310_0060_20121105_040001_EX1206_MB.txt.mb162,https://data.ngdc.noaa.gov/platforms/ocean/ships/okeanos_explorer/EX1206/multibeam/data/version2/MB/EX1206_EX03192012_2012-310_0060_20121105_040001_EX1206_MB.txt.mb162,27262976,swath,subset (nav ∩ footprint buffered 4.0 km)
EX1206,EX1206_EX03192012_2012-310_0060_20121105_040001_EX1206_MB.txt.mb162.gz,https://data.ngdc.noaa.gov/platforms/ocean/ships/okeanos_explorer/EX1206/multibeam/data/version2/MB/EX1206_EX03192012_2012-310_0060_20121105_040001_EX1206_MB.txt.mb162.gz,9437184,swath,subset (nav ∩ footprint buffered 4.0 km)
EX1206,EX1206_EX03192012_2012-310_0061_20121105_052727_EX1206_MB.txt.mb162,https://data.ngdc.noaa.gov/platforms/ocean/ships/okeanos_explorer/EX1206/multibeam/data/version2/MB/EX1206_EX03192012_2012-310_0061_20121105_052727_EX1206_MB.txt.mb162,927744,swath,subset (nav ∩ footprint buffered 4.0 km)
EX1206,EX1206_EX03192012_2012-310_0061_20121105_052727_EX1206_MB.txt.mb162.gz,https://data.ngdc.noaa.gov/platforms/ocean/ships/okeanos_explorer/EX1206/multibeam/data/version2/MB/EX1206_EX03192012_2012-310_0061_20121105_052727_EX1206_MB.txt.mb162.gz,311296,swath,subset (nav ∩ footprint buffered 4.0 km)
EX1206,EX1206_EX03192012_2012-310_0062_20121105_053430_EX1206_MB.txt.mb162,https://data.ngdc.noaa.gov/platforms/ocean/ships/okeanos_explorer/EX1206/multibeam/data/version2/MB/EX1206_EX03192012_2012-310_0062_20121105_053430_EX1206_MB.txt.mb162,27262976,swath,subset (nav ∩ footprint buffered 4.0 km)
EX1206,EX1206_EX03192012_2012-310_0062_20121105_053430_EX1206_MB.txt.mb162.gz,https://data.ngdc.noaa.gov/platforms/ocean/ships/okeanos_explorer/EX1206/multibeam/data/version2/MB/EX1206_EX03192012_2012-310_0062_20121105_053430_EX1206_MB.txt.mb162.gz,9122611,swath,subset (nav ∩ footprint buffered 4.0 km)
EX1206,EX1206_EX03192012_2012-310_0063_20121105_073428_EX1206_MB.txt.mb162,https://data.ngdc.noaa.gov/platforms/ocean/ships/okeanos_explorer/EX1206/multibeam/data/version2/MB/EX1206_EX03192012_2012-310_0063_20121105_073428_EX1206_MB.txt.mb162,31457280,swath,subset (nav ∩ footprint buffered 4.0 km)
EX1206,EX1206_EX03192012_2012-310_0063_20121105_073428_EX1206_MB.txt.mb162.gz,https://data.ngdc.noaa.gov/platforms/ocean/ships/okeanos_explorer/EX1206/multibeam/data/version2/MB/EX1206_EX03192012_2012-310_0063_20121105_073428_EX1206_MB.txt.mb162.gz,10276045,swath,subset (nav ∩ footprint buffered 4.0 km)
EX1206,EX1206_EX03192012_2012-310_0064_20121105_093431_EX1206_MB.txt.mb162,https://data.ngdc.noaa.gov/platforms/ocean/ships/okeanos_explorer/EX1206/multibeam/data/version2/MB/EX1206_EX03192012_2012-310_0064_20121105_093431_EX1206_MB.txt.mb162,18874368,swath,subset (nav ∩ footprint buffered 4.0 km)
EX1206,EX1206_EX03192012_2012-310_0064_20121105_093431_EX1206_MB.txt.mb162.gz,https://data.ngdc.noaa.gov/platforms/ocean/ships/okeanos_explorer/EX1206/multibeam/data/version2/MB/EX1206_EX03192012_2012-310_0064_20121105_093431_EX1206_MB.txt.mb162.gz,6396314,swath,subset (nav ∩ footprint buffered 4.0 km)
EX1206,EX1206_EX03192012_2012-310_0065_20121105_113430_EX1206_MB.txt.mb162,https://data.ngdc.noaa.gov/platforms/ocean/ships/okeanos_explorer/EX1206/multibeam/data/version2/MB/EX1206_EX03192012_2012-310_0065_20121105_113430_EX1206_MB.txt.mb162,16777216,swath,subset (nav ∩ footprint buffered 4.0 km)
EX1206,EX1206_EX03192012_2012-310_0065_20121105_113430_EX1206_MB.txt.mb162.gz,https://data.ngdc.noaa.gov/platforms/ocean/ships/okeanos_explorer/EX1206/multibeam/data/version2/MB/EX1206_EX03192012_2012-310_0065_20121105_113430_EX1206_MB.txt.mb162.gz,5452595,swath,subset (nav ∩ footprint buffered 4.0 km)
EX1206,EX1206_EX03192012_2012-310_0066_20121105_133432_EX1206_MB.txt.mb162,https://data.ngdc.noaa.gov/platforms/ocean/ships/okeanos_explorer/EX1206/multibeam/data/version2/MB/EX1206_EX03192012_2012-310_0066_20121105_133432_EX1206_MB.txt.mb162,16777216,swath,subset (nav ∩ footprint buffered 4.0 km)
EX1206,EX1206_EX03192012_2012-310_0066_20121105_133432_EX1206_MB.txt.mb162.gz,https://data.ngdc.noaa.gov/platforms/ocean/ships/okeanos_explorer/EX1206/multibeam/data/version2/MB/EX1206_EX03192012_2012-310_0066_20121105_133432_EX1206_MB.txt.mb162.gz,5662310,swath,subset (nav ∩ footprint buffered 4.0 km)
EX1206,EX1206_EX03192012_2012-310_0067_20121105_153426_EX1206_MB.txt.mb162,https://data.ngdc.noaa.gov/platforms/ocean/ships/okeanos_explorer/EX1206/multibeam/data/version2/MB/EX1206_EX03192012_2012-310_0067_20121105_153426_EX1206_MB.txt.mb162,18874368,swath,subset (nav ∩ footprint buffered 4.0 km)
EX1206,EX1206_EX03192012_2012-310_0067_20121105_153426_EX1206_MB.txt.mb162.gz,https://data.ngdc.noaa.gov/platforms/ocean/ships/okeanos_explorer/EX1206/multibeam/data/version2/MB/EX1206_EX03192012_2012-310_0067_20121105_153426_EX1206_MB.txt.mb162.gz,6186598,swath,subset (nav ∩ footprint buffered 4.0 km)
EX1206,EX1206_EX03192012_2012-310_0068_20121105_173432_EX1206_MB.txt.mb162,https://data.ngdc.noaa.gov/platforms/ocean/ships/okeanos_explorer/EX1206/multibeam/data/version2/MB/EX1206_EX03192012_2012-310_0068_20121105_173432_EX1206_MB.txt.mb162,28311552,swath,subset (nav ∩ footprint buffered 4.0 km)
EX1206,EX1206_EX03192012_2012-310_0068_20121105_173432_EX1206_MB.txt.mb162.gz,https://data.ngdc.noaa.gov/platforms/ocean/ships/okeanos_explorer/EX1206/multibeam/data/version2/MB/EX1206_EX03192012_2012-310_0068_20121105_173432_EX1206_MB.txt.mb162.gz,9751757,swath,subset (nav ∩ footprint buffered 4.0 km)
EX1206,EX1206_EX03192012_2012-310_0069_20121105_193433_EX1206_MB.txt.mb162,https://data.ngdc.noaa.gov/platforms/ocean/ships/okeanos_explorer/EX1206/multibeam/data/version2/MB/EX1206_EX03192012_2012-310_0069_20121105_193433_EX1206_MB.txt.mb162,18874368,swath,subset (nav ∩ footprint buffered 4.0 km)
EX1206,EX1206_EX03192012_2012-310_0069_20121105_193433_EX1206_MB.txt.mb162.gz,https://data.ngdc.noaa.gov/platforms/ocean/ships/okeanos_explorer/EX1206/multibeam/data/version2/MB/EX1206_EX03192012_2012-310_0069_20121105_193433_EX1206_MB.txt.mb162.gz,6396314,swath,subset (nav ∩ footprint buffered 4.0 km)
EX1206,EX1206_EX03192012_2012-310_0070_20121105_205045_EX1206_MB.txt.mb162,https://data.ngdc.noaa.gov/platforms/ocean/ships/okeanos_explorer/EX1206/multibeam/data/version2/MB/EX1206_EX03192012_2012-310_0070_20121105_205045_EX1206_MB.txt.mb162,5976883,swath,subset (nav ∩ footprint buffered 4.0 km)
EX1206,EX1206_EX03192012_2012-310_0070_20121105_205045_EX1206_MB.txt.mb162.gz,https://data.ngdc.noaa.gov/platforms/ocean/ships/okeanos_explorer/EX1206/multibeam/data/version2/MB/EX1206_EX03192012_2012-310_0070_20121105_205045_EX1206_MB.txt.mb162.gz,1992294,swath,subset (nav ∩ footprint buffered 4.0 km)
EX1206,EX1206_EX03192012_2012-310_0071_20121105_211536_EX1206_MB.txt.mb162,https://data.ngdc.noaa.gov/platforms/ocean/ships/okeanos_explorer/EX1206/multibeam/data/version2/MB/EX1206_EX03192012_2012-310_0071_20121105_211536_EX1206_MB.txt.mb162,28311552,swath,subset (nav ∩ footprint buffered 4.0 km)
EX1206,EX1206_EX03192012_2012-310_0071_20121105_211536_EX1206_MB.txt.mb162.gz,https://data.ngdc.noaa.gov/platforms/ocean/ships/okeanos_explorer/EX1206/multibeam/data/version2/MB/EX1206_EX03192012_2012-310_0071_20121105_211536_EX1206_MB.txt.mb162.gz,9751757,swath,subset (nav ∩ footprint buffered 4.0 km)
EX1206,EX1206_EX03192012_2012-310_0072_20121105_231536_EX1206_MB.txt.mb162,https://data.ngdc.noaa.gov/platforms/ocean/ships/okeanos_explorer/EX1206/multibeam/data/version2/MB/EX1206_EX03192012_2012-310_0072_20121105_231536_EX1206_MB.txt.mb162,10276045,swath,subset (nav ∩ footprint buffered 4.0 km)
EX1206,EX1206_EX03192012_2012-310_0072_20121105_231536_EX1206_MB.txt.mb162.gz,https://data.ngdc.noaa.gov/platforms/ocean/ships/okeanos_explorer/EX1206/multibeam/data/version2/MB/EX1206_EX03192012_2012-310_0072_20121105_231536_EX1206_MB.txt.mb162.gz,3565158,swath,subset (nav ∩ footprint buffered 4.0 km)
EX1206,EX1206_EX03192012_2012-311_0073_20121106_000004_EX1206_MB.txt.mb162,https://data.ngdc.noaa.gov/platforms/ocean/ships/okeanos_explorer/EX1206/multibeam/data/version2/MB/EX1206_EX03192012_2012-311_0073_20121106_000004_EX1206_MB.txt.mb162,27262976,swath,subset (nav ∩ footprint buffered 4.0 km)
EX1206,EX1206_EX03192012_2012-311_0073_20121106_000004_EX1206_MB.txt.mb162.gz,https://data.ngdc.noaa.gov/platforms/ocean/ships/okeanos_explorer/EX1206/multibeam/data/version2/MB/EX1206_EX03192012_2012-311_0073_20121106_000004_EX1206_MB.txt.mb162.gz,9227469,swath,subset (nav ∩ footprint buffered 4.0 km)
EX1206,EX1206_EX03192012_2012-311_0074_20121106_020005_EX1206_MB.txt.mb162,https://data.ngdc.noaa.gov/platforms/ocean/ships/okeanos_explorer/EX1206/multibeam/data/version2/MB/EX1206_EX03192012_2012-311_0074_20121106_020005_EX1206_MB.txt.mb162,27262976,swath,subset (nav ∩ footprint buffered 4.0 km)
EX1206,EX1206_EX03192012_2012-311_0074_20121106_020005_EX1206_MB.txt.mb162.gz,https://data.ngdc.noaa.gov/platforms/ocean/ships/okeanos_explorer/EX1206/multibeam/data/version2/MB/EX1206_EX03192012_2012-311_0074_20121106_020005_EX1206_MB.txt.mb162.gz,9227469,swath,subset (nav ∩ footprint buffered 4.0 km)
EX1206,EX1206_EX03192012_2012-311_0075_20121106_040005_EX1206_MB.txt.mb162,https://data.ngdc.noaa.gov/platforms/ocean/ships/okeanos_explorer/EX1206/multibeam/data/version2/MB/EX1206_EX03192012_2012-311_0075_20121106_040005_EX1206_MB.txt.mb162,23068672,swath,subset (nav ∩ footprint buffered 4.0 km)
EX1206,EX1206_EX03192012_2012-311_0075_20121106_040005_EX1206_MB.txt.mb162.gz,https://data.ngdc.noaa.gov/platforms/ocean/ships/okeanos_explorer/EX1206/multibeam/data/version2/MB/EX1206_EX03192012_2012-311_0075_20121106_040005_EX1206_MB.txt.mb162.gz,7759462,swath,subset (nav ∩ footprint buffered 4.0 km)
EX1206,EX1206_EX03192012_2012-311_0076_20121106_060002_EX1206_MB.txt.mb162,https://data.ngdc.noaa.gov/platforms/ocean/ships/okeanos_explorer/EX1206/multibeam/data/version2/MB/EX1206_EX03192012_2012-311_0076_20121106_060002_EX1206_MB.txt.mb162,26214400,swath,subset (nav ∩ footprint buffered 4.0 km)
EX1206,EX1206_EX03192012_2012-311_0076_20121106_060002_EX1206_MB.txt.mb162.gz,https://data.ngdc.noaa.gov/platforms/ocean/ships/okeanos_explorer/EX1206/multibeam/data/version2/MB/EX1206_EX03192012_2012-311_0076_20121106_060002_EX1206_MB.txt.mb162.gz,9017754,swath,subset (nav ∩ footprint buffered 4.0 km)
EX1206,EX1206_EX03192012_2012-311_0077_20121106_080003_EX1206_MB.txt.mb162,https://data.ngdc.noaa.gov/platforms/ocean/ships/okeanos_explorer/EX1206/multibeam/data/version2/MB/EX1206_EX03192012_2012-311_0077_20121106_080003_EX1206_MB.txt.mb162,27262976,swath,subset (nav ∩ footprint buffered 4.0 km)
EX1206,EX1206_EX03192012_2012-311_0077_20121106_080003_EX1206_MB.txt.mb162.gz,https://data.ngdc.noaa.gov/platforms/ocean/ships/okeanos_explorer/EX1206/multibeam/data/version2/MB/EX1206_EX03192012_2012-311_0077_20121106_080003_EX1206_MB.txt.mb162.gz,9437184,swath,subset (nav ∩ footprint buffered 4.0 km)
EX1206,EX1206_EX03192012_2012-311_0078_20121106_100007_EX1206_MB.txt.mb162,https://data.ngdc.noaa.gov/platforms/ocean/ships/okeanos_explorer/EX1206/multibeam/data/version2/MB/EX1206_EX03192012_2012-311_0078_20121106_100007_EX1206_MB.txt.mb162,10380902,swath,subset (nav ∩ footprint buffered 4.0 km)
EX1206,EX1206_EX03192012_2012-311_0078_20121106_100007_EX1206_MB.txt.mb162.gz,https://data.ngdc.noaa.gov/platforms/ocean/ships/okeanos_explorer/EX1206/multibeam/data/version2/MB/EX1206_EX03192012_2012-311_0078_20121106_100007_EX1206_MB.txt.mb162.gz,3565158,swath,subset (nav ∩ footprint buffered 4.0 km)
EX1206,EX1206_EX03192012_2012-311_0079_20121106_113549_EX1206_MB.txt.mb162,https://data.ngdc.noaa.gov/platforms/ocean/ships/okeanos_explorer/EX1206/multibeam/data/version2/MB/EX1206_EX03192012_2012-311_0079_20121106_113549_EX1206_MB.txt.mb162,27262976,swath,subset (nav ∩ footprint buffered 4.0 km)
EX1206,EX1206_EX03192012_2012-311_0079_20121106_113549_EX1206_MB.txt.mb162.gz,https://data.ngdc.noaa.gov/platforms/ocean/ships/okeanos_explorer/EX1206/multibeam/data/version2/MB/EX1206_EX03192012_2012-311_0079_20121106_113549_EX1206_MB.txt.mb162.gz,9437184,swath,subset (nav ∩ footprint buffered 4.0 km)
EX1206,EX1206_EX03192012_2012-311_0080_20121106_133544_EX1206_MB.txt.mb162,https://data.ngdc.noaa.gov/platforms/ocean/ships/okeanos_explorer/EX1206/multibeam/data/version2/MB/EX1206_EX03192012_2012-311_0080_20121106_133544_EX1206_MB.txt.mb162,27262976,swath,subset (nav ∩ footprint buffered 4.0 km)
EX1206,EX1206_EX03192012_2012-311_0080_20121106_133544_EX1206_MB.txt.mb162.gz,https://data.ngdc.noaa.gov/platforms/ocean/ships/okeanos_explorer/EX1206/multibeam/data/version2/MB/EX1206_EX03192012_2012-311_0080_20121106_133544_EX1206_MB.txt.mb162.gz,9332326,swath,subset (nav ∩ footprint buffered 4.0 km)
EX1206,EX1206_EX03192012_2012-311_0081_20121106_153547_EX1206_MB.txt.mb162,https://data.ngdc.noaa.gov/platforms/ocean/ships/okeanos_explorer/EX1206/multibeam/data/version2/MB/EX1206_EX03192012_2012-311_0081_20121106_153547_EX1206_MB.txt.mb162,27262976,swath,subset (nav ∩ footprint buffered 4.0 km)
EX1206,EX1206_EX03192012_2012-311_0081_20121106_153547_EX1206_MB.txt.mb162.gz,https://data.ngdc.noaa.gov/platforms/ocean/ships/okeanos_explorer/EX1206/multibeam/data/version2/MB/EX1206_EX03192012_2012-311_0081_20121106_153547_EX1206_MB.txt.mb162.gz,9122611,swath,subset (nav ∩ footprint buffered 4.0 km)
EX1206,EX1206_EX03192012_2012-311_0082_20121106_173545_EX1206_MB.txt.mb162,https://data.ngdc.noaa.gov/platforms/ocean/ships/okeanos_explorer/EX1206/multibeam/data/version2/MB/EX1206_EX03192012_2012-311_0082_20121106_173545_EX1206_MB.txt.mb162,17825792,swath,subset (nav ∩ footprint buffered 4.0 km)
EX1206,EX1206_EX03192012_2012-311_0082_20121106_173545_EX1206_MB.txt.mb162.gz,https://data.ngdc.noaa.gov/platforms/ocean/ships/okeanos_explorer/EX1206/multibeam/data/version2/MB/EX1206_EX03192012_2012-311_0082_20121106_173545_EX1206_MB.txt.mb162.gz,5872026,swath,subset (nav ∩ footprint buffered 4.0 km)
EX1206,EX1206_EX03192012_2012-311_0083_20121106_185541_EX1206_MB.txt.mb162,https://data.ngdc.noaa.gov/platforms/ocean/ships/okeanos_explorer/EX1206/multibeam/data/version2/MB/EX1206_EX03192012_2012-311_0083_20121106_185541_EX1206_MB.txt.mb162,28311552,swath,subset (nav ∩ footprint buffered 4.0 km)
EX1206,EX1206_EX03192012_2012-311_0083_20121106_185541_EX1206_MB.txt.mb162.gz,https://data.ngdc.noaa.gov/platforms/ocean/ships/okeanos_explorer/EX1206/multibeam/data/version2/MB/EX1206_EX03192012_2012-311_0083_20121106_185541_EX1206_MB.txt.mb162.gz,9646899,swath,subset (nav ∩ footprint buffered 4.0 km)
EX1206,EX1206_EX03192012_2012-311_0084_20121106_205537_EX1206_MB.txt.mb162,https://data.ngdc.noaa.gov/platforms/ocean/ships/okeanos_explorer/EX1206/multibeam/data/version2/MB/EX1206_EX03192012_2012-311_0084_20121106_205537_EX1206_MB.txt.mb162,217055232,swath,subset (nav ∩ footprint buffered 4.0 km)
EX1206,EX1206_EX03192012_2012-311_0084_20121106_205537_EX1206_MB.txt.mb162.gz,https://data.ngdc.noaa.gov/platforms/ocean/ships/okeanos_explorer/EX1206/multibeam/data/version2/MB/EX1206_EX03192012_2012-311_0084_20121106_205537_EX1206_MB.txt.mb162.gz,61865984,swath,subset (nav ∩ footprint buffered 4.0 km)
EX1206,EX1206_EX03192012_2012-311_0085_20121106_225536_EX1206_MB.txt.mb162,https://data.ngdc.noaa.gov/platforms/ocean/ships/okeanos_explorer/EX1206/multibeam/data/version2/MB/EX1206_EX03192012_2012-311_0085_20121106_225536_EX1206_MB.txt.mb162,284164096,swath,subset (nav ∩ footprint buffered 4.0 km)
EX1206,EX1206_EX03192012_2012-311_0085_20121106_225536_EX1206_MB.txt.mb162.gz,https://data.ngdc.noaa.gov/platforms/ocean/ships/okeanos_explorer/EX1206/multibeam/data/version2/MB/EX1206_EX03192012_2012-311_0085_20121106_225536_EX1206_MB.txt.mb162.gz,74448896,swath,subset (nav ∩ footprint buffered 4.0 km)
EX1206,EX1206_EX03192012_2012-314_0086_20121109_204811_EX1206_MB.txt.mb162,https://data.ngdc.noaa.gov/platforms/ocean/ships/okeanos_explorer/EX1206/multibeam/data/version2/MB/EX1206_EX03192012_2012-314_0086_20121109_204811_EX1206_MB.txt.mb162,183500800,swath,subset (nav ∩ footprint buffered 4.0 km)
EX1206,EX1206_EX03192012_2012-314_0086_20121109_204811_EX1206_MB.txt.mb162.gz,https://data.ngdc.noaa.gov/platforms/ocean/ships/okeanos_explorer/EX1206/multibeam/data/version2/MB/EX1206_EX03192012_2012-314_0086_20121109_204811_EX1206_MB.txt.mb162.gz,50331648,swath,subset (nav ∩ footprint buffered 4.0 km)
EX1206,EX1206_EX03192012_2012-314_0087_20121109_224812_EX1206_MB.txt.mb162,https://data.ngdc.noaa.gov/platforms/ocean/ships/okeanos_explorer/EX1206/multibeam/data/version2/MB/EX1206_EX03192012_2012-314_0087_20121109_224812_EX1206_MB.txt.mb162,13631488,swath,subset (nav ∩ footprint buffered 4.0 km)
EX1206,EX1206_EX03192012_2012-314_0087_20121109_224812_EX1206_MB.txt.mb162.gz,https://data.ngdc.noaa.gov/platforms/ocean/ships/okeanos_explorer/EX1206/multibeam/data/version2/MB/EX1206_EX03192012_2012-314_0087_20121109_224812_EX1206_MB.txt.mb162.gz,4613734,swath,subset (nav ∩ footprint buffered 4.0 km)
EX1206,EX1206_EX03192012_2012-314_0088_20121109_234658_EX1206_MB.txt.mb162,https://data.ngdc.noaa.gov/platforms/ocean/ships/okeanos_explorer/EX1206/multibeam/data/version2/MB/EX1206_EX03192012_2012-314_0088_20121109_234658_EX1206_MB.txt.mb162,1572864,swath,subset (nav ∩ footprint buffered 4.0 km)
EX1206,EX1206_EX03192012_2012-314_0088_20121109_234658_EX1206_MB.txt.mb162.gz,https://data.ngdc.noaa.gov/platforms/ocean/ships/okeanos_explorer/EX1206/multibeam/data/version2/MB/EX1206_EX03192012_2012-314_0088_20121109_234658_EX1206_MB.txt.mb162.gz,533504,swath,subset (nav ∩ footprint buffered 4.0 km)
EX1206,EX1206_EX03192012_2012-314_0089_20121109_235333_EX1206_MB.txt.mb162,https://data.ngdc.noaa.gov/platforms/ocean/ships/okeanos_explorer/EX1206/multibeam/data/version2/MB/EX1206_EX03192012_2012-314_0089_20121109_235333_EX1206_MB.txt.mb162,1572864,swath,subset (nav ∩ footprint buffered 4.0 km)
EX1206,EX1206_EX03192012_2012-314_0089_20121109_235333_EX1206_MB.txt.mb162.gz,https://data.ngdc.noaa.gov/platforms/ocean/ships/okeanos_explorer/EX1206/multibeam/data/version2/MB/EX1206_EX03192012_2012-314_0089_20121109_235333_EX1206_MB.txt.mb162.gz,534528,swath,subset (nav ∩ footprint buffered 4.0 km)
EX1206,EX1206_EX03192012_2012-315_0090_20121110_000024_EX1206_MB.txt.mb162,https://data.ngdc.noaa.gov/platforms/ocean/ships/okeanos_explorer/EX1206/multibeam/data/version2/MB/EX1206_EX03192012_2012-315_0090_20121110_000024_EX1206_MB.txt.mb162,27262976,swath,subset (nav ∩ footprint buffered 4.0 km)
EX1206,EX1206_EX03192012_2012-315_0090_20121110_000024_EX1206_MB.txt.mb162.gz,https://data.ngdc.noaa.gov/platforms/ocean/ships/okeanos_explorer/EX1206/multibeam/data/version2/MB/EX1206_EX03192012_2012-315_0090_20121110_000024_EX1206_MB.txt.mb162.gz,9227469,swath,subset (nav ∩ footprint buffered 4.0 km)
EX1206,EX1206_EX03192012_2012-315_0091_20121110_020028_EX1206_MB.txt.mb162,https://data.ngdc.noaa.gov/platforms/ocean/ships/okeanos_explorer/EX1206/multibeam/data/version2/MB/EX1206_EX03192012_2012-315_0091_20121110_020028_EX1206_MB.txt.mb162,27262976,swath,subset (nav ∩ footprint buffered 4.0 km)
EX1206,EX1206_EX03192012_2012-315_0091_20121110_020028_EX1206_MB.txt.mb162.gz,https://data.ngdc.noaa.gov/platforms/ocean/ships/okeanos_explorer/EX1206/multibeam/data/version2/MB/EX1206_EX03192012_2012-315_0091_20121110_020028_EX1206_MB.txt.mb162.gz,9542042,swath,subset (nav ∩ footprint buffered 4.0 km)
EX1206,EX1206_EX03192012_2012-315_0092_20121110_040023_EX1206_MB.txt.mb162,https://data.ngdc.noaa.gov/platforms/ocean/ships/okeanos_explorer/EX1206/multibeam/data/version2/MB/EX1206_EX03192012_2012-315_0092_20121110_040023_EX1206_MB.txt.mb162,28311552,swath,subset (nav ∩ footprint buffered 4.0 km)
EX1206,EX1206_EX03192012_2012-315_0092_20121110_040023_EX1206_MB.txt.mb162.gz,https://data.ngdc.noaa.gov/platforms/ocean/ships/okeanos_explorer/EX1206/multibeam/data/version2/MB/EX1206_EX03192012_2012-315_0092_20121110_040023_EX1206_MB.txt.mb162.gz,9751757,swath,subset (nav ∩ footprint buffered 4.0 km)
EX1206,EX1206_EX03192012_2012-315_0093_20121110_060026_EX1206_MB.txt.mb162,https://data.ngdc.noaa.gov/platforms/ocean/ships/okeanos_explorer/EX1206/multibeam/data/version2/MB/EX1206_EX03192012_2012-315_0093_20121110_060026_EX1206_MB.txt.mb162,10380902,swath,subset (nav ∩ footprint buffered 4.0 km)
EX1206,EX1206_EX03192012_2012-315_0093_20121110_060026_EX1206_MB.txt.mb162.gz,https://data.ngdc.noaa.gov/platforms/ocean/ships/okeanos_explorer/EX1206/multibeam/data/version2/MB/EX1206_EX03192012_2012-315_0093_20121110_060026_EX1206_MB.txt.mb162.gz,3565158,swath,subset (nav ∩ footprint buffered 4.0 km)
EX1206,EX1206_EX03192012_2012-315_0094_20121110_064501_EX1206_MB.txt.mb162,https://data.ngdc.noaa.gov/platforms/ocean/ships/okeanos_explorer/EX1206/multibeam/data/version2/MB/EX1206_EX03192012_2012-315_0094_20121110_064501_EX1206_MB.txt.mb162,6710886,swath,subset (nav ∩ footprint buffered 4.0 km)
EX1206,EX1206_EX03192012_2012-315_0094_20121110_064501_EX1206_MB.txt.mb162.gz,https://data.ngdc.noaa.gov/platforms/ocean/ships/okeanos_explorer/EX1206/multibeam/data/version2/MB/EX1206_EX03192012_2012-315_0094_20121110_064501_EX1206_MB.txt.mb162.gz,2306867,swath,subset (nav ∩ footprint buffered 4.0 km)
EX1206,EX1206_EX03192012_2012-315_0095_20121110_071350_EX1206_MB.txt.mb162,https://data.ngdc.noaa.gov/platforms/ocean/ships/okeanos_explorer/EX1206/multibeam/data/version2/MB/EX1206_EX03192012_2012-315_0095_20121110_071350_EX1206_MB.txt.mb162,30408704,swath,subset (nav ∩ footprint buffered 4.0 km)
EX1206,EX1206_EX03192012_2012-315_0095_20121110_071350_EX1206_MB.txt.mb162.gz,https://data.ngdc.noaa.gov/platforms/ocean/ships/okeanos_explorer/EX1206/multibeam/data/version2/MB/EX1206_EX03192012_2012-315_0095_20121110_071350_EX1206_MB.txt.mb162.gz,10171187,swath,subset (nav ∩ footprint buffered 4.0 km)
EX1206,EX1206_EX03192012_2012-315_0096_20121110_091348_EX1206_MB.txt.mb162,https://data.ngdc.noaa.gov/platforms/ocean/ships/okeanos_explorer/EX1206/multibeam/data/version2/MB/EX1206_EX03192012_2012-315_0096_20121110_091348_EX1206_MB.txt.mb162,28311552,swath,subset (nav ∩ footprint buffered 4.0 km)
EX1206,EX1206_EX03192012_2012-315_0096_20121110_091348_EX1206_MB.txt.mb162.gz,https://data.ngdc.noaa.gov/platforms/ocean/ships/okeanos_explorer/EX1206/multibeam/data/version2/MB/EX1206_EX03192012_2012-315_0096_20121110_091348_EX1206_MB.txt.mb162.gz,9646899,swath,subset (nav ∩ footprint buffered 4.0 km)
EX1206,EX1206_EX03192012_2012-315_0097_20121110_111349_EX1206_MB.txt.mb162,https://data.ngdc.noaa.gov/platforms/ocean/ships/okeanos_explorer/EX1206/multibeam/data/version2/MB/EX1206_EX03192012_2012-315_0097_20121110_111349_EX1206_MB.txt.mb162,28311552,swath,subset (nav ∩ footprint buffered 4.0 km)
EX1206,EX1206_EX03192012_2012-315_0097_20121110_111349_EX1206_MB.txt.mb162.gz,https://data.ngdc.noaa.gov/platforms/ocean/ships/okeanos_explorer/EX1206/multibeam/data/version2/MB/EX1206_EX03192012_2012-315_0097_20121110_111349_EX1206_MB.txt.mb162.gz,9542042,swath,subset (nav ∩ footprint buffered 4.0 km)
EX1206,EX1206_EX03192012_2012-315_0098_20121110_131346_EX1206_MB.txt.mb162,https://data.ngdc.noaa.gov/platforms/ocean/ships/okeanos_explorer/EX1206/multibeam/data/version2/MB/EX1206_EX03192012_2012-315_0098_20121110_131346_EX1206_MB.txt.mb162,20971520,swath,subset (nav ∩ footprint buffered 4.0 km)
EX1206,EX1206_EX03192012_2012-315_0098_20121110_131346_EX1206_MB.txt.mb162.gz,https://data.ngdc.noaa.gov/platforms/ocean/ships/okeanos_explorer/EX1206/multibeam/data/version2/MB/EX1206_EX03192012_2012-315_0098_20121110_131346_EX1206_MB.txt.mb162.gz,7025459,swath,subset (nav ∩ footprint buffered 4.0 km)
EX1206,EX1206_EX03192012_2012-315_0099_20121110_144318_EX1206_MB.txt.mb162,https://data.ngdc.noaa.gov/platforms/ocean/ships/okeanos_explorer/EX1206/multibeam/data/version2/MB/EX1206_EX03192012_2012-315_0099_20121110_144318_EX1206_MB.txt.mb162,27262976,swath,subset (nav ∩ footprint buffered 4.0 km)
EX1206,EX1206_EX03192012_2012-315_0099_20121110_144318_EX1206_MB.txt.mb162.gz,https://data.ngdc.noaa.gov/platforms/ocean/ships/okeanos_explorer/EX1206/multibeam/data/version2/MB/EX1206_EX03192012_2012-315_0099_20121110_144318_EX1206_MB.txt.mb162.gz,9227469,swath,subset (nav ∩ footprint buffered 4.0 km)
EX1206,EX1206_EX03192012_2012-315_0100_20121110_164316_EX1206_MB.txt.mb162,https://data.ngdc.noaa.gov/platforms/ocean/ships/okeanos_explorer/EX1206/multibeam/data/version2/MB/EX1206_EX03192012_2012-315_0100_20121110_164316_EX1206_MB.txt.mb162,27262976,swath,subset (nav ∩ footprint buffered 4.0 km)
EX1206,EX1206_EX03192012_2012-315_0100_20121110_164316_EX1206_MB.txt.mb162.gz,https://data.ngdc.noaa.gov/platforms/ocean/ships/okeanos_explorer/EX1206/multibeam/data/version2/MB/EX1206_EX03192012_2012-315_0100_20121110_164316_EX1206_MB.txt.mb162.gz,9437184,swath,subset (nav ∩ footprint buffered 4.0 km)
EX1206,EX1206_EX03192012_2012-315_0101_20121110_184318_EX1206_MB.txt.mb162,https://data.ngdc.noaa.gov/platforms/ocean/ships/okeanos_explorer/EX1206/multibeam/data/version2/MB/EX1206_EX03192012_2012-315_0101_20121110_184318_EX1206_MB.txt.mb162,29360128,swath,subset (nav ∩ footprint buffered 4.0 km)
EX1206,EX1206_EX03192012_2012-315_0101_20121110_184318_EX1206_MB.txt.mb162.gz,https://data.ngdc.noaa.gov/platforms/ocean/ships/okeanos_explorer/EX1206/multibeam/data/version2/MB/EX1206_EX03192012_2012-315_0101_20121110_184318_EX1206_MB.txt.mb162.gz,10066330,swath,subset (nav ∩ footprint buffered 4.0 km)
EX1206,EX1206_EX03192012_2012-315_0102_20121110_204319_EX1206_MB.txt.mb162,https://data.ngdc.noaa.gov/platforms/ocean/ships/okeanos_explorer/EX1206/multibeam/data/version2/MB/EX1206_EX03192012_2012-315_0102_20121110_204319_EX1206_MB.txt.mb162,7340032,swath,subset (nav ∩ footprint buffered 4.0 km)
EX1206,EX1206_EX03192012_2012-315_0102_20121110_204319_EX1206_MB.txt.mb162.gz,https://data.ngdc.noaa.gov/platforms/ocean/ships/okeanos_explorer/EX1206/multibeam/data/version2/MB/EX1206_EX03192012_2012-315_0102_20121110_204319_EX1206_MB.txt.mb162.gz,2516582,swath,subset (nav ∩ footprint buffered 4.0 km)
EX1206,EX1206_EX03192012_2012-315_0103_20121110_211238_EX1206_MB.txt.mb162,https://data.ngdc.noaa.gov/platforms/ocean/ships/okeanos_explorer/EX1206/multibeam/data/version2/MB/EX1206_EX03192012_2012-315_0103_20121110_211238_EX1206_MB.txt.mb162,5976883,swath,subset (nav ∩ footprint buffered 4.0 km)
EX1206,EX1206_EX03192012_2012-315_0103_20121110_211238_EX1206_MB.txt.mb162.gz,https://data.ngdc.noaa.gov/platforms/ocean/ships/okeanos_explorer/EX1206/multibeam/data/version2/MB/EX1206_EX03192012_2012-315_0103_20121110_211238_EX1206_MB.txt.mb162.gz,1992294,swath,subset (nav ∩ footprint buffered 4.0 km)
EX1206,EX1206_EX03192012_2012-315_0104_20121110_213612_EX1206_MB.txt.mb162,https://data.ngdc.noaa.gov/platforms/ocean/ships/okeanos_explorer/EX1206/multibeam/data/version2/MB/EX1206_EX03192012_2012-315_0104_20121110_213612_EX1206_MB.txt.mb162,29360128,swath,subset (nav ∩ footprint buffered 4.0 km)
EX1206,EX1206_EX03192012_2012-315_0104_20121110_213612_EX1206_MB.txt.mb162.gz,https://data.ngdc.noaa.gov/platforms/ocean/ships/okeanos_explorer/EX1206/multibeam/data/version2/MB/EX1206_EX03192012_2012-315_0104_20121110_213612_EX1206_MB.txt.mb162.gz,10276045,swath,subset (nav ∩ footprint buffered 4.0 km)
EX1206,EX1206_EX03192012_2012-315_0105_20121110_233609_EX1206_MB.txt.mb162,https://data.ngdc.noaa.gov/platforms/ocean/ships/okeanos_explorer/EX1206/multibeam/data/version2/MB/EX1206_EX03192012_2012-315_0105_20121110_233609_EX1206_MB.txt.mb162,6081741,swath,subset (nav ∩ footprint buffered 4.0 km)
EX1206,EX1206_EX03192012_2012-315_0105_20121110_233609_EX1206_MB.txt.mb162.gz,https://data.ngdc.noaa.gov/platforms/ocean/ships/okeanos_explorer/EX1206/multibeam/data/version2/MB/EX1206_EX03192012_2012-315_0105_20121110_233609_EX1206_MB.txt.mb162.gz,2097152,swath,subset (nav ∩ footprint buffered 4.0 km)
EX1206,EX1206_EX03192012_2012-316_0106_20121111_000135_EX1206_MB.txt.mb162,https://data.ngdc.noaa.gov/platforms/ocean/ships/okeanos_explorer/EX1206/multibeam/data/version2/MB/EX1206_EX03192012_2012-316_0106_20121111_000135_EX1206_MB.txt.mb162,27262976,swath,subset (nav ∩ footprint buffered 4.0 km)
EX1206,EX1206_EX03192012_2012-316_0106_20121111_000135_EX1206_MB.txt.mb162.gz,https://data.ngdc.noaa.gov/platforms/ocean/ships/okeanos_explorer/EX1206/multibeam/data/version2/MB/EX1206_EX03192012_2012-316_0106_20121111_000135_EX1206_MB.txt.mb162.gz,9437184,swath,subset (nav ∩ footprint buffered 4.0 km)
EX1206,EX1206_EX03192012_2012-316_0107_20121111_020133_EX1206_MB.txt.mb162,https://data.ngdc.noaa.gov/platforms/ocean/ships/okeanos_explorer/EX1206/multibeam/data/version2/MB/EX1206_EX03192012_2012-316_0107_20121111_020133_EX1206_MB.txt.mb162,27262976,swath,subset (nav ∩ footprint buffered 4.0 km)
EX1206,EX1206_EX03192012_2012-316_0107_20121111_020133_EX1206_MB.txt.mb162.gz,https://data.ngdc.noaa.gov/platforms/ocean/ships/okeanos_explorer/EX1206/multibeam/data/version2/MB/EX1206_EX03192012_2012-316_0107_20121111_020133_EX1206_MB.txt.mb162.gz,9227469,swath,subset (nav ∩ footprint buffered 4.0 km)
EX1206,EX1206_EX03192012_2012-316_0108_20121111_040130_EX1206_MB.txt.mb162,https://data.ngdc.noaa.gov/platforms/ocean/ships/okeanos_explorer/EX1206/multibeam/data/version2/MB/EX1206_EX03192012_2012-316_0108_20121111_040130_EX1206_MB.txt.mb162,2516582,swath,subset (nav ∩ footprint buffered 4.0 km)
EX1206,EX1206_EX03192012_2012-316_0108_20121111_040130_EX1206_MB.txt.mb162.gz,https://data.ngdc.noaa.gov/platforms/ocean/ships/okeanos_explorer/EX1206/multibeam/data/version2/MB/EX1206_EX03192012_2012-316_0108_20121111_040130_EX1206_MB.txt.mb162.gz,880640,swath,subset (nav ∩ footprint buffered 4.0 km)
EX1206,EX1206_EX03192012_2012-316_0109_20121111_041249_EX1206_MB.txt.mb162,https://data.ngdc.noaa.gov/platforms/ocean/ships/okeanos_explorer/EX1206/multibeam/data/version2/MB/EX1206_EX03192012_2012-316_0109_20121111_041249_EX1206_MB.txt.mb162,4823450,swath,subset (nav ∩ footprint buffered 4.0 km)
EX1206,EX1206_EX03192012_2012-316_0109_20121111_041249_EX1206_MB.txt.mb162.gz,https://data.ngdc.noaa.gov/platforms/ocean/ships/okeanos_explorer/EX1206/multibeam/data/version2/MB/EX1206_EX03192012_2012-316_0109_20121111_041249_EX1206_MB.txt.mb162.gz,1572864,swath,subset (nav ∩ footprint buffered 4.0 km)
EX1206,EX1206_EX03192012_2012-316_0110_20121111_043323_EX1206_MB.txt.mb162,https://data.ngdc.noaa.gov/platforms/ocean/ships/okeanos_explorer/EX1206/multibeam/data/version2/MB/EX1206_EX03192012_2012-316_0110_20121111_043323_EX1206_MB.txt.mb162,27262976,swath,subset (nav ∩ footprint buffered 4.0 km)
EX1206,EX1206_EX03192012_2012-316_0110_20121111_043323_EX1206_MB.txt.mb162.gz,https://data.ngdc.noaa.gov/platforms/ocean/ships/okeanos_explorer/EX1206/multibeam/data/version2/MB/EX1206_EX03192012_2012-316_0110_20121111_043323_EX1206_MB.txt.mb162.gz,9332326,swath,subset (nav ∩ footprint buffered 4.0 km)
EX1206,EX1206_EX03192012_2012-316_0111_20121111_063319_EX1206_MB.txt.mb162,https://data.ngdc.noaa.gov/platforms/ocean/ships/okeanos_explorer/EX1206/multibeam/data/version2/MB/EX1206_EX03192012_2012-316_0111_20121111_063319_EX1206_MB.txt.mb162,27262976,swath,subset (nav ∩ footprint buffered 4.0 km)
EX1206,EX1206_EX03192012_2012-316_0111_20121111_063319_EX1206_MB.txt.mb162.gz,https://data.ngdc.noaa.gov/platforms/ocean/ships/okeanos_explorer/EX1206/multibeam/data/version2/MB/EX1206_EX03192012_2012-316_0111_20121111_063319_EX1206_MB.txt.mb162.gz,9332326,swath,subset (nav ∩ footprint buffered 4.0 km)
EX1206,EX1206_EX03192012_2012-316_0112_20121111_083317_EX1206_MB.txt.mb162,https://data.ngdc.noaa.gov/platforms/ocean/ships/okeanos_explorer/EX1206/multibeam/data/version2/MB/EX1206_EX03192012_2012-316_0112_20121111_083317_EX1206_MB.txt.mb162,29360128,swath,subset (nav ∩ footprint buffered 4.0 km)
EX1206,EX1206_EX03192012_2012-316_0112_20121111_083317_EX1206_MB.txt.mb162.gz,https://data.ngdc.noaa.gov/platforms/ocean/ships/okeanos_explorer/EX1206/multibeam/data/version2/MB/EX1206_EX03192012_2012-316_0112_20121111_083317_EX1206_MB.txt.mb162.gz,10171187,swath,subset (nav ∩ footprint buffered 4.0 km)
EX1206,EX1206_EX03192012_2012-316_0113_20121111_103319_EX1206_MB.txt.mb162,https://data.ngdc.noaa.gov/platforms/ocean/ships/okeanos_explorer/EX1206/multibeam/data/version2/MB/EX1206_EX03192012_2012-316_0113_20121111_103319_EX1206_MB.txt.mb162,18874368,swath,subset (nav ∩ footprint buffered 4.0 km)
EX1206,EX1206_EX03192012_2012-316_0113_20121111_103319_EX1206_MB.txt.mb162.gz,https://data.ngdc.noaa.gov/platforms/ocean/ships/okeanos_explorer/EX1206/multibeam/data/version2/MB/EX1206_EX03192012_2012-316_0113_20121111_103319_EX1206_MB.txt.mb162.gz,6396314,swath,subset (nav ∩ footprint buffered 4.0 km)
EX1206,EX1206_EX03192012_2012-316_0114_20121111_114223_EX1206_MB.txt.mb162,https://data.ngdc.noaa.gov/platforms/ocean/ships/okeanos_explorer/EX1206/multibeam/data/version2/MB/EX1206_EX03192012_2012-316_0114_20121111_114223_EX1206_MB.txt.mb162,6186598,swath,subset (nav ∩ footprint buffered 4.0 km)
EX1206,EX1206_EX03192012_2012-316_0114_20121111_114223_EX1206_MB.txt.mb162.gz,https://data.ngdc.noaa.gov/platforms/ocean/ships/okeanos_explorer/EX1206/multibeam/data/version2/MB/EX1206_EX03192012_2012-316_0114_20121111_114223_EX1206_MB.txt.mb162.gz,2097152,swath,subset (nav ∩ footprint buffered 4.0 km)
EX1206,EX1206_EX03192012_2012-316_0115_20121111_120537_EX1206_MB.txt.mb162,https://data.ngdc.noaa.gov/platforms/ocean/ships/okeanos_explorer/EX1206/multibeam/data/version2/MB/EX1206_EX03192012_2012-316_0115_20121111_120537_EX1206_MB.txt.mb162,31457280,swath,subset (nav ∩ footprint buffered 4.0 km)
EX1206,EX1206_EX03192012_2012-316_0115_20121111_120537_EX1206_MB.txt.mb162.gz,https://data.ngdc.noaa.gov/platforms/ocean/ships/okeanos_explorer/EX1206/multibeam/data/version2/MB/EX1206_EX03192012_2012-316_0115_20121111_120537_EX1206_MB.txt.mb162.gz,10485760,swath,subset (nav ∩ footprint buffered 4.0 km)
EX1206,EX1206_EX03192012_2012-316_0116_20121111_140538_EX1206_MB.txt.mb162,https://data.ngdc.noaa.gov/platforms/ocean/ships/okeanos_explorer/EX1206/multibeam/data/version2/MB/EX1206_EX03192012_2012-316_0116_20121111_140538_EX1206_MB.txt.mb162,28311552,swath,subset (nav ∩ footprint buffered 4.0 km)
EX1206,EX1206_EX03192012_2012-316_0116_20121111_140538_EX1206_MB.txt.mb162.gz,https://data.ngdc.noaa.gov/platforms/ocean/ships/okeanos_explorer/EX1206/multibeam/data/version2/MB/EX1206_EX03192012_2012-316_0116_20121111_140538_EX1206_MB.txt.mb162.gz,9751757,swath,subset (nav ∩ footprint buffered 4.0 km)
EX1206,EX1206_EX03192012_2012-316_0117_20121111_160541_EX1206_MB.txt.mb162,https://data.ngdc.noaa.gov/platforms/ocean/ships/okeanos_explorer/EX1206/multibeam/data/version2/MB/EX1206_EX03192012_2012-316_0117_20121111_160541_EX1206_MB.txt.mb162,27262976,swath,subset (nav ∩ footprint buffered 4.0 km)
EX1206,EX1206_EX03192012_2012-316_0117_20121111_160541_EX1206_MB.txt.mb162.gz,https://data.ngdc.noaa.gov/platforms/ocean/ships/okeanos_explorer/EX1206/multibeam/data/version2/MB/EX1206_EX03192012_2012-316_0117_20121111_160541_EX1206_MB.txt.mb162.gz,9437184,swath,subset (nav ∩ footprint buffered 4.0 km)
EX1206,EX1206_EX03192012_2012-316_0118_20121111_180538_EX1206_MB.txt.mb162,https://data.ngdc.noaa.gov/platforms/ocean/ships/okeanos_explorer/EX1206/multibeam/data/version2/MB/EX1206_EX03192012_2012-316_0118_20121111_180538_EX1206_MB.txt.mb162,28311552,swath,subset (nav ∩ footprint buffered 4.0 km)
EX1206,EX1206_EX03192012_2012-316_0118_20121111_180538_EX1206_MB.txt.mb162.gz,https://data.ngdc.noaa.gov/platforms/ocean/ships/okeanos_explorer/EX1206/multibeam/data/version2/MB/EX1206_EX03192012_2012-316_0118_20121111_180538_EX1206_MB.txt.mb162.gz,9646899,swath,subset (nav ∩ footprint buffered 4.0 km)
EX1206,EX1206_EX03192012_2012-316_0119_20121111_200538_EX1206_MB.txt.mb162,https://data.ngdc.noaa.gov/platforms/ocean/ships/okeanos_explorer/EX1206/multibeam/data/version2/MB/EX1206_EX03192012_2012-316_0119_20121111_200538_EX1206_MB.txt.mb162,27262976,swath,subset (nav ∩ footprint buffered 4.0 km)
EX1206,EX1206_EX03192012_2012-316_0119_20121111_200538_EX1206_MB.txt.mb162.gz,https://data.ngdc.noaa.gov/platforms/ocean/ships/okeanos_explorer/EX1206/multibeam/data/version2/MB/EX1206_EX03192012_2012-316_0119_20121111_200538_EX1206_MB.txt.mb162.gz,9542042,swath,subset (nav ∩ footprint buffered 4.0 km)
EX1206,EX1206_EX03192012_2012-316_0120_20121111_220538_EX1206_MB.txt.mb162,https://data.ngdc.noaa.gov/platforms/ocean/ships/okeanos_explorer/EX1206/multibeam/data/version2/MB/EX1206_EX03192012_2012-316_0120_20121111_220538_EX1206_MB.txt.mb162,5242880,swath,subset (nav ∩ footprint buffered 4.0 km)
EX1206,EX1206_EX03192012_2012-316_0120_20121111_220538_EX1206_MB.txt.mb162.gz,https://data.ngdc.noaa.gov/platforms/ocean/ships/okeanos_explorer/EX1206/multibeam/data/version2/MB/EX1206_EX03192012_2012-316_0120_20121111_220538_EX1206_MB.txt.mb162.gz,1782579,swath,subset (nav ∩ footprint buffered 4.0 km)
EX1206,EX1206_EX03192012_2012-316_0121_20121111_222723_EX1206_MB.txt.mb162,https://data.ngdc.noaa.gov/platforms/ocean/ships/okeanos_explorer/EX1206/multibeam/data/version2/MB/EX1206_EX03192012_2012-316_0121_20121111_222723_EX1206_MB.txt.mb162,4404019,swath,subset (nav ∩ footprint buffered 4.0 km)
EX1206,EX1206_EX03192012_2012-316_0121_20121111_222723_EX1206_MB.txt.mb162.gz,https://data.ngdc.noaa.gov/platforms/ocean/ships/okeanos_explorer/EX1206/multibeam/data/version2/MB/EX1206_EX03192012_2012-316_0121_20121111_222723_EX1206_MB.txt.mb162.gz,1468006,swath,subset (nav ∩ footprint buffered 4.0 km)
EX1206,EX1206_EX03192012_2012-316_0122_20121111_224527_EX1206_MB.txt.mb162,https://data.ngdc.noaa.gov/platforms/ocean/ships/okeanos_explorer/EX1206/multibeam/data/version2/MB/EX1206_EX03192012_2012-316_0122_20121111_224527_EX1206_MB.txt.mb162,14680064,swath,subset (nav ∩ footprint buffered 4.0 km)
EX1206,EX1206_EX03192012_2012-316_0122_20121111_224527_EX1206_MB.txt.mb162.gz,https://data.ngdc.noaa.gov/platforms/ocean/ships/okeanos_explorer/EX1206/multibeam/data/version2/MB/EX1206_EX03192012_2012-316_0122_20121111_224527_EX1206_MB.txt.mb162.gz,4928307,swath,subset (nav ∩ footprint buffered 4.0 km)
EX1206,EX1206_EX03192012_2012-316_0123_20121111_234347_EX1206_MB.txt.mb162,https://data.ngdc.noaa.gov/platforms/ocean/ships/okeanos_explorer/EX1206/multibeam/data/version2/MB/EX1206_EX03192012_2012-316_0123_20121111_234347_EX1206_MB.txt.mb162,3984589,swath,subset (nav ∩ footprint buffered 4.0 km)
EX1206,EX1206_EX03192012_2012-316_0123_20121111_234347_EX1206_MB.txt.mb162.gz,https://data.ngdc.noaa.gov/platforms/ocean/ships/okeanos_explorer/EX1206/multibeam/data/version2/MB/EX1206_EX03192012_2012-316_0123_20121111_234347_EX1206_MB.txt.mb162.gz,1363149,swath,subset (nav ∩ footprint buffered 4.0 km)
EX1206,EX1206_EX03192012_2012-317_0124_20121112_000005_EX1206_MB.txt.mb162,https://data.ngdc.noaa.gov/platforms/ocean/ships/okeanos_explorer/EX1206/multibeam/data/version2/MB/EX1206_EX03192012_2012-317_0124_20121112_000005_EX1206_MB.txt.mb162,29360128,swath,subset (nav ∩ footprint buffered 4.0 km)
EX1206,EX1206_EX03192012_2012-317_0124_20121112_000005_EX1206_MB.txt.mb162.gz,https://data.ngdc.noaa.gov/platforms/ocean/ships/okeanos_explorer/EX1206/multibeam/data/version2/MB/EX1206_EX03192012_2012-317_0124_20121112_000005_EX1206_MB.txt.mb162.gz,10171187,swath,subset (nav ∩ footprint buffered 4.0 km)
EX1206,EX1206_EX03192012_2012-317_0125_20121112_020005_EX1206_MB.txt.mb162,https://data.ngdc.noaa.gov/platforms/ocean/ships/okeanos_explorer/EX1206/multibeam/data/version2/MB/EX1206_EX03192012_2012-317_0125_20121112_020005_EX1206_MB.txt.mb162,31457280,swath,subset (nav ∩ footprint buffered 4.0 km)
EX1206,EX1206_EX03192012_2012-317_0125_20121112_020005_EX1206_MB.txt.mb162.gz,https://data.ngdc.noaa.gov/platforms/ocean/ships/okeanos_explorer/EX1206/multibeam/data/version2/MB/EX1206_EX03192012_2012-317_0125_20121112_020005_EX1206_MB.txt.mb162.gz,10485760,swath,subset (nav ∩ footprint buffered 4.0 km)
EX1206,EX1206_EX03192012_2012-317_0126_20121112_040005_EX1206_MB.txt.mb162,https://data.ngdc.noaa.gov/platforms/ocean/ships/okeanos_explorer/EX1206/multibeam/data/version2/MB/EX1206_EX03192012_2012-317_0126_20121112_040005_EX1206_MB.txt.mb162,6396314,swath,subset (nav ∩ footprint buffered 4.0 km)
EX1206,EX1206_EX03192012_2012-317_0126_20121112_040005_EX1206_MB.txt.mb162.gz,https://data.ngdc.noaa.gov/platforms/ocean/ships/okeanos_explorer/EX1206/multibeam/data/version2/MB/EX1206_EX03192012_2012-317_0126_20121112_040005_EX1206_MB.txt.mb162.gz,2202010,swath,subset (nav ∩ footprint buffered 4.0 km)
EX1206,EX1206_EX03192012_2012-317_0127_20121112_042429_EX1206_MB.txt.mb162,https://data.ngdc.noaa.gov/platforms/ocean/ships/okeanos_explorer/EX1206/multibeam/data/version2/MB/EX1206_EX03192012_2012-317_0127_20121112_042429_EX1206_MB.txt.mb162,33554432,swath,subset (nav ∩ footprint buffered 4.0 km)
EX1206,EX1206_EX03192012_2012-317_0127_20121112_042429_EX1206_MB.txt.mb162.gz,https://data.ngdc.noaa.gov/platforms/ocean/ships/okeanos_explorer/EX1206/multibeam/data/version2/MB/EX1206_EX03192012_2012-317_0127_20121112_042429_EX1206_MB.txt.mb162.gz,11534336,swath,subset (nav ∩ footprint buffered 4.0 km)
EX1206,EX1206_EX03192012_2012-317_0128_20121112_062429_EX1206_MB.txt.mb162,https://data.ngdc.noaa.gov/platforms/ocean/ships/okeanos_explorer/EX1206/multibeam/data/version2/MB/EX1206_EX03192012_2012-317_0128_20121112_062429_EX1206_MB.txt.mb162,30408704,swath,subset (nav ∩ footprint buffered 4.0 km)
EX1206,EX1206_EX03192012_2012-317_0128_20121112_062429_EX1206_MB.txt.mb162.gz,https://data.ngdc.noaa.gov/platforms/ocean/ships/okeanos_explorer/EX1206/multibeam/data/version2/MB/EX1206_EX03192012_2012-317_0128_20121112_062429_EX1206_MB.txt.mb162.gz,10380902,swath,subset (nav ∩ footprint buffered 4.0 km)
EX1206,EX1206_EX03192012_2012-317_0129_20121112_082429_EX1206_MB.txt.mb162,https://data.ngdc.noaa.gov/platforms/ocean/ships/okeanos_explorer/EX1206/multibeam/data/version2/MB/EX1206_EX03192012_2012-317_0129_20121112_082429_EX1206_MB.txt.mb162,28311552,swath,subset (nav ∩ footprint buffered 4.0 km)
EX1206,EX1206_EX03192012_2012-317_0129_20121112_082429_EX1206_MB.txt.mb162.gz,https://data.ngdc.noaa.gov/platforms/ocean/ships/okeanos_explorer/EX1206/multibeam/data/version2/MB/EX1206_EX03192012_2012-317_0129_20121112_082429_EX1206_MB.txt.mb162.gz,9751757,swath,subset (nav ∩ footprint buffered 4.0 km)
EX1206,EX1206_EX03192012_2012-317_0130_20121112_102432_EX1206_MB.txt.mb162,https://data.ngdc.noaa.gov/platforms/ocean/ships/okeanos_explorer/EX1206/multibeam/data/version2/MB/EX1206_EX03192012_2012-317_0130_20121112_102432_EX1206_MB.txt.mb162,28311552,swath,subset (nav ∩ footprint buffered 4.0 km)
EX1206,EX1206_EX03192012_2012-317_0130_20121112_102432_EX1206_MB.txt.mb162.gz,https://data.ngdc.noaa.gov/platforms/ocean/ships/okeanos_explorer/EX1206/multibeam/data/version2/MB/EX1206_EX03192012_2012-317_0130_20121112_102432_EX1206_MB.txt.mb162.gz,9751757,swath,subset (nav ∩ footprint buffered 4.0 km)
EX1206,EX1206_EX03192012_2012-317_0131_20121112_122431_EX1206_MB.txt.mb162,https://data.ngdc.noaa.gov/platforms/ocean/ships/okeanos_explorer/EX1206/multibeam/data/version2/MB/EX1206_EX03192012_2012-317_0131_20121112_122431_EX1206_MB.txt.mb162,28311552,swath,subset (nav ∩ footprint buffered 4.0 km)
EX1206,EX1206_EX03192012_2012-317_0131_20121112_122431_EX1206_MB.txt.mb162.gz,https://data.ngdc.noaa.gov/platforms/ocean/ships/okeanos_explorer/EX1206/multibeam/data/version2/MB/EX1206_EX03192012_2012-317_0131_20121112_122431_EX1206_MB.txt.mb162.gz,9646899,swath,subset (nav ∩ footprint buffered 4.0 km)
EX1206,EX1206_EX03192012_2012-317_0132_20121112_142429_EX1206_MB.txt.mb162,https://data.ngdc.noaa.gov/platforms/ocean/ships/okeanos_explorer/EX1206/multibeam/data/version2/MB/EX1206_EX03192012_2012-317_0132_20121112_142429_EX1206_MB.txt.mb162,30408704,swath,subset (nav ∩ footprint buffered 4.0 km)
EX1206,EX1206_EX03192012_2012-317_0132_20121112_142429_EX1206_MB.txt.mb162.gz,https://data.ngdc.noaa.gov/platforms/ocean/ships/okeanos_explorer/EX1206/multibeam/data/version2/MB/EX1206_EX03192012_2012-317_0132_20121112_142429_EX1206_MB.txt.mb162.gz,10276045,swath,subset (nav ∩ footprint buffered 4.0 km)
EX1206,EX1206_EX03192012_2012-317_0133_20121112_162430_EX1206_MB.txt.mb162,https://data.ngdc.noaa.gov/platforms/ocean/ships/okeanos_explorer/EX1206/multibeam/data/version2/MB/EX1206_EX03192012_2012-317_0133_20121112_162430_EX1206_MB.txt.mb162,29360128,swath,subset (nav ∩ footprint buffered 4.0 km)
EX1206,EX1206_EX03192012_2012-317_0133_20121112_162430_EX1206_MB.txt.mb162.gz,https://data.ngdc.noaa.gov/platforms/ocean/ships/okeanos_explorer/EX1206/multibeam/data/version2/MB/EX1206_EX03192012_2012-317_0133_20121112_162430_EX1206_MB.txt.mb162.gz,9856614,swath,subset (nav ∩ footprint buffered 4.0 km)
EX1206,EX1206_EX03192012_2012-317_0134_20121112_180350_EX1206_MB.txt.mb162,https://data.ngdc.noaa.gov/platforms/ocean/ships/okeanos_explorer/EX1206/multibeam/data/version2/MB/EX1206_EX03192012_2012-317_0134_20121112_180350_EX1206_MB.txt.mb162,3355443,swath,subset (nav ∩ footprint buffered 4.0 km)
EX1206,EX1206_EX03192012_2012-317_0134_20121112_180350_EX1206_MB.txt.mb162.gz,https://data.ngdc.noaa.gov/platforms/ocean/ships/okeanos_explorer/EX1206/multibeam/data/version2/MB/EX1206_EX03192012_2012-317_0134_20121112_180350_EX1206_MB.txt.mb162.gz,1153434,swath,subset (nav ∩ footprint buffered 4.0 km)
EX1206,EX1206_EX03192012_2012-317_0135_20121112_181502_EX1206_MB.txt.mb162,https://data.ngdc.noaa.gov/platforms/ocean/ships/okeanos_explorer/EX1206/multibeam/data/version2/MB/EX1206_EX03192012_2012-317_0135_20121112_181502_EX1206_MB.txt.mb162,10171187,swath,subset (nav ∩ footprint buffered 4.0 km)
EX1206,EX1206_EX03192012_2012-317_0135_20121112_181502_EX1206_MB.txt.mb162.gz,https://data.ngdc.noaa.gov/platforms/ocean/ships/okeanos_explorer/EX1206/multibeam/data/version2/MB/EX1206_EX03192012_2012-317_0135_20121112_181502_EX1206_MB.txt.mb162.gz,3460301,swath,subset (nav ∩ footprint buffered 4.0 km)
EX1206,EX1206_EX03192012_2012-317_0136_20121112_184740_EX1206_MB.txt.mb162,https://data.ngdc.noaa.gov/platforms/ocean/ships/okeanos_explorer/EX1206/multibeam/data/version2/MB/EX1206_EX03192012_2012-317_0136_20121112_184740_EX1206_MB.txt.mb162,6606029,swath,subset (nav ∩ footprint buffered 4.0 km)
EX1206,EX1206_EX03192012_2012-317_0136_20121112_184740_EX1206_MB.txt.mb162.gz,https://data.ngdc.noaa.gov/platforms/ocean/ships/okeanos_explorer/EX1206/multibeam/data/version2/MB/EX1206_EX03192012_2012-317_0136_20121112_184740_EX1206_MB.txt.mb162.gz,2202010,swath,subset (nav ∩ footprint buffered 4.0 km)
EX1206,EX1206_EX03192012_2012-317_0137_20121112_191026_EX1206_MB.txt.mb162,https://data.ngdc.noaa.gov/platforms/ocean/ships/okeanos_explorer/EX1206/multibeam/data/version2/MB/EX1206_EX03192012_2012-317_0137_20121112_191026_EX1206_MB.txt.mb162,10380902,swath,subset (nav ∩ footprint buffered 4.0 km)
EX1206,EX1206_EX03192012_2012-317_0137_20121112_191026_EX1206_MB.txt.mb162.gz,https://data.ngdc.noaa.gov/platforms/ocean/ships/okeanos_explorer/EX1206/multibeam/data/version2/MB/EX1206_EX03192012_2012-317_0137_20121112_191026_EX1206_MB.txt.mb162.gz,3565158,swath,subset (nav ∩ footprint buffered 4.0 km)
EX1206,EX1206_EX03192012_2012-317_0138_20121112_194520_EX1206_MB.txt.mb162,https://data.ngdc.noaa.gov/platforms/ocean/ships/okeanos_explorer/EX1206/multibeam/data/version2/MB/EX1206_EX03192012_2012-317_0138_20121112_194520_EX1206_MB.txt.mb162,4928307,swath,subset (nav ∩ footprint buffered 4.0 km)
EX1206,EX1206_EX03192012_2012-317_0138_20121112_194520_EX1206_MB.txt.mb162.gz,https://data.ngdc.noaa.gov/platforms/ocean/ships/okeanos_explorer/EX1206/multibeam/data/version2/MB/EX1206_EX03192012_2012-317_0138_20121112_194520_EX1206_MB.txt.mb162.gz,1677722,swath,subset (nav ∩ footprint buffered 4.0 km)
EX1206,EX1206_EX03192012_2012-317_0139_20121112_200252_EX1206_MB.txt.mb162,https://data.ngdc.noaa.gov/platforms/ocean/ships/okeanos_explorer/EX1206/multibeam/data/version2/MB/EX1206_EX03192012_2012-317_0139_20121112_200252_EX1206_MB.txt.mb162,4089446,swath,subset (nav ∩ footprint buffered 4.0 km)
EX1206,EX1206_EX03192012_2012-317_0139_20121112_200252_EX1206_MB.txt.mb162.gz,https://data.ngdc.noaa.gov/platforms/ocean/ships/okeanos_explorer/EX1206/multibeam/data/version2/MB/EX1206_EX03192012_2012-317_0139_20121112_200252_EX1206_MB.txt.mb162.gz,1363149,swath,subset (nav ∩ footprint buffered 4.0 km)
EX1206,EX1206_EX03192012_2012-317_0140_20121112_201714_EX1206_MB.txt.mb162,https://data.ngdc.noaa.gov/platforms/ocean/ships/okeanos_explorer/EX1206/multibeam/data/version2/MB/EX1206_EX03192012_2012-317_0140_20121112_201714_EX1206_MB.txt.mb162,1677722,swath,subset (nav ∩ footprint buffered 4.0 km)
EX1206,EX1206_EX03192012_2012-317_0140_20121112_201714_EX1206_MB.txt.mb162.gz,https://data.ngdc.noaa.gov/platforms/ocean/ships/okeanos_explorer/EX1206/multibeam/data/version2/MB/EX1206_EX03192012_2012-317_0140_20121112_201714_EX1206_MB.txt.mb162.gz,565248,swath,subset (nav ∩ footprint buffered 4.0 km)
EX1206,EX1206_EX03192012_2012-317_0141_20121112_202307_EX1206_MB.txt.mb162,https://data.ngdc.noaa.gov/platforms/ocean/ships/okeanos_explorer/EX1206/multibeam/data/version2/MB/EX1206_EX03192012_2012-317_0141_20121112_202307_EX1206_MB.txt.mb162,6815744,swath,subset (nav ∩ footprint buffered 4.0 km)
EX1206,EX1206_EX03192012_2012-317_0141_20121112_202307_EX1206_MB.txt.mb162.gz,https://data.ngdc.noaa.gov/platforms/ocean/ships/okeanos_explorer/EX1206/multibeam/data/version2/MB/EX1206_EX03192012_2012-317_0141_20121112_202307_EX1206_MB.txt.mb162.gz,2306867,swath,subset (nav ∩ footprint buffered 4.0 km)
EX1206,EX1206_EX03192012_2012-317_0142_20121112_205023_EX1206_MB.txt.mb162,https://data.ngdc.noaa.gov/platforms/ocean/ships/okeanos_explorer/EX1206/multibeam/data/version2/MB/EX1206_EX03192012_2012-317_0142_20121112_205023_EX1206_MB.txt.mb162,30408704,swath,subset (nav ∩ footprint buffered 4.0 km)
EX1206,EX1206_EX03192012_2012-317_0142_20121112_205023_EX1206_MB.txt.mb162.gz,https://data.ngdc.noaa.gov/platforms/ocean/ships/okeanos_explorer/EX1206/multibeam/data/version2/MB/EX1206_EX03192012_2012-317_0142_20121112_205023_EX1206_MB.txt.mb162.gz,10380902,swath,subset (nav ∩ footprint buffered 4.0 km)
EX1206,EX1206_EX03192012_2012-317_0143_20121112_225028_EX1206_MB.txt.mb162,https://data.ngdc.noaa.gov/platforms/ocean/ships/okeanos_explorer/EX1206/multibeam/data/version2/MB/EX1206_EX03192012_2012-317_0143_20121112_225028_EX1206_MB.txt.mb162,16777216,swath,subset (nav ∩ footprint buffered 4.0 km)
EX1206,EX1206_EX03192012_2012-317_0143_20121112_225028_EX1206_MB.txt.mb162.gz,https://data.ngdc.noaa.gov/platforms/ocean/ships/okeanos_explorer/EX1206/multibeam/data/version2/MB/EX1206_EX03192012_2012-317_0143_20121112_225028_EX1206_MB.txt.mb162.gz,5767168,swath,subset (nav ∩ footprint buffered 4.0 km)
EX1206,EX1206_EX03192012_2012-318_0144_20121113_000218_EX1206_MB.txt.mb162,https://data.ngdc.noaa.gov/platforms/ocean/ships/okeanos_explorer/EX1206/multibeam/data/version2/MB/EX1206_EX03192012_2012-318_0144_20121113_000218_EX1206_MB.txt.mb162,28311552,swath,subset (nav ∩ footprint buffered 4.0 km)
EX1206,EX1206_EX03192012_2012-318_0144_20121113_000218_EX1206_MB.txt.mb162.gz,https://data.ngdc.noaa.gov/platforms/ocean/ships/okeanos_explorer/EX1206/multibeam/data/version2/MB/EX1206_EX03192012_2012-318_0144_20121113_000218_EX1206_MB.txt.mb162.gz,9646899,swath,subset (nav ∩ footprint buffered 4.0 km)
EX1206,EX1206_EX03192012_2012-318_0145_20121113_020205_EX1206_MB.txt.mb162,https://data.ngdc.noaa.gov/platforms/ocean/ships/okeanos_explorer/EX1206/multibeam/data/version2/MB/EX1206_EX03192012_2012-318_0145_20121113_020205_EX1206_MB.txt.mb162,29360128,swath,subset (nav ∩ footprint buffered 4.0 km)
EX1206,EX1206_EX03192012_2012-318_0145_20121113_020205_EX1206_MB.txt.mb162.gz,https://data.ngdc.noaa.gov/platforms/ocean/ships/okeanos_explorer/EX1206/multibeam/data/version2/MB/EX1206_EX03192012_2012-318_0145_20121113_020205_EX1206_MB.txt.mb162.gz,9856614,swath,subset (nav ∩ footprint buffered 4.0 km)
EX1206,EX1206_EX03192012_2012-318_0146_20121113_040202_EX1206_MB.txt.mb162,https://data.ngdc.noaa.gov/platforms/ocean/ships/okeanos_explorer/EX1206/multibeam/data/version2/MB/EX1206_EX03192012_2012-318_0146_20121113_040202_EX1206_MB.txt.mb162,5347738,swath,subset (nav ∩ footprint buffered 4.0 km)
EX1206,EX1206_EX03192012_2012-318_0146_20121113_040202_EX1206_MB.txt.mb162.gz,https://data.ngdc.noaa.gov/platforms/ocean/ships/okeanos_explorer/EX1206/multibeam/data/version2/MB/EX1206_EX03192012_2012-318_0146_20121113_040202_EX1206_MB.txt.mb162.gz,1782579,swath,subset (nav ∩ footprint buffered 4.0 km)
EX1206,EX1206_EX03192012_2012-318_0147_20121113_042434_EX1206_MB.txt.mb162,https://data.ngdc.noaa.gov/platforms/ocean/ships/okeanos_explorer/EX1206/multibeam/data/version2/MB/EX1206_EX03192012_2012-318_0147_20121113_042434_EX1206_MB.txt.mb162,5767168,swath,subset (nav ∩ footprint buffered 4.0 km)
EX1206,EX1206_EX03192012_2012-318_0147_20121113_042434_EX1206_MB.txt.mb162.gz,https://data.ngdc.noaa.gov/platforms/ocean/ships/okeanos_explorer/EX1206/multibeam/data/version2/MB/EX1206_EX03192012_2012-318_0147_20121113_042434_EX1206_MB.txt.mb162.gz,1887437,swath,subset (nav ∩ footprint buffered 4.0 km)
EX1206,EX1206_EX03192012_2012-318_0148_20121113_044742_EX1206_MB.txt.mb162,https://data.ngdc.noaa.gov/platforms/ocean/ships/okeanos_explorer/EX1206/multibeam/data/version2/MB/EX1206_EX03192012_2012-318_0148_20121113_044742_EX1206_MB.txt.mb162,29360128,swath,subset (nav ∩ footprint buffered 4.0 km)
EX1206,EX1206_EX03192012_2012-318_0148_20121113_044742_EX1206_MB.txt.mb162.gz,https://data.ngdc.noaa.gov/platforms/ocean/ships/okeanos_explorer/EX1206/multibeam/data/version2/MB/EX1206_EX03192012_2012-318_0148_20121113_044742_EX1206_MB.txt.mb162.gz,10171187,swath,subset (nav ∩ footprint buffered 4.0 km)
EX1206,EX1206_EX03192012_2012-318_0149_20121113_064739_EX1206_MB.txt.mb162,https://data.ngdc.noaa.gov/platforms/ocean/ships/okeanos_explorer/EX1206/multibeam/data/version2/MB/EX1206_EX03192012_2012-318_0149_20121113_064739_EX1206_MB.txt.mb162,30408704,swath,subset (nav ∩ footprint buffered 4.0 km)
EX1206,EX1206_EX03192012_2012-318_0149_20121113_064739_EX1206_MB.txt.mb162.gz,https://data.ngdc.noaa.gov/platforms/ocean/ships/okeanos_explorer/EX1206/multibeam/data/version2/MB/EX1206_EX03192012_2012-318_0149_20121113_064739_EX1206_MB.txt.mb162.gz,10276045,swath,subset (nav ∩ footprint buffered 4.0 km)
EX1206,EX1206_EX03192012_2012-318_0150_20121113_084743_EX1206_MB.txt.mb162,https://data.ngdc.noaa.gov/platforms/ocean/ships/okeanos_explorer/EX1206/multibeam/data/version2/MB/EX1206_EX03192012_2012-318_0150_20121113_084743_EX1206_MB.txt.mb162,29360128,swath,subset (nav ∩ footprint buffered 4.0 km)
EX1206,EX1206_EX03192012_2012-318_0150_20121113_084743_EX1206_MB.txt.mb162.gz,https://data.ngdc.noaa.gov/platforms/ocean/ships/okeanos_explorer/EX1206/multibeam/data/version2/MB/EX1206_EX03192012_2012-318_0150_20121113_084743_EX1206_MB.txt.mb162.gz,9961472,swath,subset (nav ∩ footprint buffered 4.0 km)
EX1206,EX1206_EX03192012_2012-318_0151_20121113_104742_EX1206_MB.txt.mb162,https://data.ngdc.noaa.gov/platforms/ocean/ships/okeanos_explorer/EX1206/multibeam/data/version2/MB/EX1206_EX03192012_2012-318_0151_20121113_104742_EX1206_MB.txt.mb162,28311552,swath,subset (nav ∩ footprint buffered 4.0 km)
EX1206,EX1206_EX03192012_2012-318_0151_20121113_104742_EX1206_MB.txt.mb162.gz,https://data.ngdc.noaa.gov/platforms/ocean/ships/okeanos_explorer/EX1206/multibeam/data/version2/MB/EX1206_EX03192012_2012-318_0151_20121113_104742_EX1206_MB.txt.mb162.gz,9646899,swath,subset (nav ∩ footprint buffered 4.0 km)
EX1206,EX1206_EX03192012_2012-318_0152_20121113_123512_EX1206_MB.txt.mb162,https://data.ngdc.noaa.gov/platforms/ocean/ships/okeanos_explorer/EX1206/multibeam/data/version2/MB/EX1206_EX03192012_2012-318_0152_20121113_123512_EX1206_MB.txt.mb162,2306867,swath,subset (nav ∩ footprint buffered 4.0 km)
EX1206,EX1206_EX03192012_2012-318_0152_20121113_123512_EX1206_MB.txt.mb162.gz,https://data.ngdc.noaa.gov/platforms/ocean/ships/okeanos_explorer/EX1206/multibeam/data/version2/MB/EX1206_EX03192012_2012-318_0152_20121113_123512_EX1206_MB.txt.mb162.gz,765952,swath,subset (nav ∩ footprint buffered 4.0 km)
EX1206,EX1206_EX03192012_2012-318_0153_20121113_132350_EX1206_MB.txt.mb162,https://data.ngdc.noaa.gov/platforms/ocean/ships/okeanos_explorer/EX1206/multibeam/data/version2/MB/EX1206_EX03192012_2012-318_0153_20121113_132350_EX1206_MB.txt.mb162,31457280,swath,subset (nav ∩ footprint buffered 4.0 km)
EX1206,EX1206_EX03192012_2012-318_0153_20121113_132350_EX1206_MB.txt.mb162.gz,https://data.ngdc.noaa.gov/platforms/ocean/ships/okeanos_explorer/EX1206/multibeam/data/version2/MB/EX1206_EX03192012_2012-318_0153_20121113_132350_EX1206_MB.txt.mb162.gz,10485760,swath,subset (nav ∩ footprint buffered 4.0 km)
EX1206,EX1206_EX03192012_2012-318_0154_20121113_152351_EX1206_MB.txt.mb162,https://data.ngdc.noaa.gov/platforms/ocean/ships/okeanos_explorer/EX1206/multibeam/data/version2/MB/EX1206_EX03192012_2012-318_0154_20121113_152351_EX1206_MB.txt.mb162,29360128,swath,subset (nav ∩ footprint buffered 4.0 km)
EX1206,EX1206_EX03192012_2012-318_0154_20121113_152351_EX1206_MB.txt.mb162.gz,https://data.ngdc.noaa.gov/platforms/ocean/ships/okeanos_explorer/EX1206/multibeam/data/version2/MB/EX1206_EX03192012_2012-318_0154_20121113_152351_EX1206_MB.txt.mb162.gz,10066330,swath,subset (nav ∩ footprint buffered 4.0 km)
EX1206,EX1206_EX03192012_2012-318_0155_20121113_172349_EX1206_MB.txt.mb162,https://data.ngdc.noaa.gov/platforms/ocean/ships/okeanos_explorer/EX1206/multibeam/data/version2/MB/EX1206_EX03192012_2012-318_0155_20121113_172349_EX1206_MB.txt.mb162,31457280,swath,subset (nav ∩ footprint buffered 4.0 km)
EX1206,EX1206_EX03192012_2012-318_0155_20121113_172349_EX1206_MB.txt.mb162.gz,https://data.ngdc.noaa.gov/platforms/ocean/ships/okeanos_explorer/EX1206/multibeam/data/version2/MB/EX1206_EX03192012_2012-318_0155_20121113_172349_EX1206_MB.txt.mb162.gz,10485760,swath,subset (nav ∩ footprint buffered 4.0 km)
EX1206,EX1206_EX03192012_2012-318_0156_20121113_192353_EX1206_MB.txt.mb162,https://data.ngdc.noaa.gov/platforms/ocean/ships/okeanos_explorer/EX1206/multibeam/data/version2/MB/EX1206_EX03192012_2012-318_0156_20121113_192353_EX1206_MB.txt.mb162,16777216,swath,subset (nav ∩ footprint buffered 4.0 km)
EX1206,EX1206_EX03192012_2012-318_0156_20121113_192353_EX1206_MB.txt.mb162.gz,https://data.ngdc.noaa.gov/platforms/ocean/ships/okeanos_explorer/EX1206/multibeam/data/version2/MB/EX1206_EX03192012_2012-318_0156_20121113_192353_EX1206_MB.txt.mb162.gz,5872026,swath,subset (nav ∩ footprint buffered 4.0 km)
EX1206,EX1206_EX03192012_2012-318_0157_20121113_203811_EX1206_MB.txt.mb162,https://data.ngdc.noaa.gov/platforms/ocean/ships/okeanos_explorer/EX1206/multibeam/data/version2/MB/EX1206_EX03192012_2012-318_0157_20121113_203811_EX1206_MB.txt.mb162,31457280,swath,subset (nav ∩ footprint buffered 4.0 km)
EX1206,EX1206_EX03192012_2012-318_0157_20121113_203811_EX1206_MB.txt.mb162.gz,https://data.ngdc.noaa.gov/platforms/ocean/ships/okeanos_explorer/EX1206/multibeam/data/version2/MB/EX1206_EX03192012_2012-318_0157_20121113_203811_EX1206_MB.txt.mb162.gz,10485760,swath,subset (nav ∩ footprint buffered 4.0 km)
EX1206,EX1206_EX03192012_2012-318_0158_20121113_223810_EX1206_MB.txt.mb162,https://data.ngdc.noaa.gov/platforms/ocean/ships/okeanos_explorer/EX1206/multibeam/data/version2/MB/EX1206_EX03192012_2012-318_0158_20121113_223810_EX1206_MB.txt.mb162,15728640,swath,subset (nav ∩ footprint buffered 4.0 km)
EX1206,EX1206_EX03192012_2012-318_0158_20121113_223810_EX1206_MB.txt.mb162.gz,https://data.ngdc.noaa.gov/platforms/ocean/ships/okeanos_explorer/EX1206/multibeam/data/version2/MB/EX1206_EX03192012_2012-318_0158_20121113_223810_EX1206_MB.txt.mb162.gz,5242880,swath,subset (nav ∩ footprint buffered 4.0 km)
EX1206,EX1206_EX03192012_2012-318_0159_20121113_233330_EX1206_MB.txt.mb162,https://data.ngdc.noaa.gov/platforms/ocean/ships/okeanos_explorer/EX1206/multibeam/data/version2/MB/EX1206_EX03192012_2012-318_0159_20121113_233330_EX1206_MB.txt.mb162,3460301,swath,subset (nav ∩ footprint buffered 4.0 km)
EX1206,EX1206_EX03192012_2012-318_0159_20121113_233330_EX1206_MB.txt.mb162.gz,https://data.ngdc.noaa.gov/platforms/ocean/ships/okeanos_explorer/EX1206/multibeam/data/version2/MB/EX1206_EX03192012_2012-318_0159_20121113_233330_EX1206_MB.txt.mb162.gz,1153434,swath,subset (nav ∩ footprint buffered 4.0 km)
EX1206,EX1206_EX03192012_2012-319_0160_20121114_000005_EX1206_MB.txt.mb162,https://data.ngdc.noaa.gov/platforms/ocean/ships/okeanos_explorer/EX1206/multibeam/data/version2/MB/EX1206_EX03192012_2012-319_0160_20121114_000005_EX1206_MB.txt.mb162,28311552,swath,subset (nav ∩ footprint buffered 4.0 km)
EX1206,EX1206_EX03192012_2012-319_0160_20121114_000005_EX1206_MB.txt.mb162.gz,https://data.ngdc.noaa.gov/platforms/ocean/ships/okeanos_explorer/EX1206/multibeam/data/version2/MB/EX1206_EX03192012_2012-319_0160_20121114_000005_EX1206_MB.txt.mb162.gz,9751757,swath,subset (nav ∩ footprint buffered 4.0 km)
EX1206,EX1206_EX03192012_2012-319_0161_20121114_020005_EX1206_MB.txt.mb162,https://data.ngdc.noaa.gov/platforms/ocean/ships/okeanos_explorer/EX1206/multibeam/data/version2/MB/EX1206_EX03192012_2012-319_0161_20121114_020005_EX1206_MB.txt.mb162,15728640,swath,subset (nav ∩ footprint buffered 4.0 km)
EX1206,EX1206_EX03192012_2012-319_0161_20121114_020005_EX1206_MB.txt.mb162.gz,https://data.ngdc.noaa.gov/platforms/ocean/ships/okeanos_explorer/EX1206/multibeam/data/version2/MB/EX1206_EX03192012_2012-319_0161_20121114_020005_EX1206_MB.txt.mb162.gz,5452595,swath,subset (nav ∩ footprint buffered 4.0 km)
EX1206,EX1206_EX03192012_2012-319_0162_20121114_030832_EX1206_MB.txt.mb162,https://data.ngdc.noaa.gov/platforms/ocean/ships/okeanos_explorer/EX1206/multibeam/data/version2/MB/EX1206_EX03192012_2012-319_0162_20121114_030832_EX1206_MB.txt.mb162,28311552,swath,subset (nav ∩ footprint buffered 4.0 km)
EX1206,EX1206_EX03192012_2012-319_0162_20121114_030832_EX1206_MB.txt.mb162.gz,https://data.ngdc.noaa.gov/platforms/ocean/ships/okeanos_explorer/EX1206/multibeam/data/version2/MB/EX1206_EX03192012_2012-319_0162_20121114_030832_EX1206_MB.txt.mb162.gz,9646899,swath,subset (nav ∩ footprint buffered 4.0 km)
EX1206,EX1206_EX03192012_2012-319_0163_20121114_050833_EX1206_MB.txt.mb162,https://data.ngdc.noaa.gov/platforms/ocean/ships/okeanos_explorer/EX1206/multibeam/data/version2/MB/EX1206_EX03192012_2012-319_0163_20121114_050833_EX1206_MB.txt.mb162,35651584,swath,subset (nav ∩ footprint buffered 4.0 km)
EX1206,EX1206_EX03192012_2012-319_0163_20121114_050833_EX1206_MB.txt.mb162.gz,https://data.ngdc.noaa.gov/platforms/ocean/ships/okeanos_explorer/EX1206/multibeam/data/version2/MB/EX1206_EX03192012_2012-319_0163_20121114_050833_EX1206_MB.txt.mb162.gz,12582912,swath,subset (nav ∩ footprint buffered 4.0 km)
EX1206,EX1206_EX03192012_2012-319_0164_20121114_070837_EX1206_MB.txt.mb162,https://data.ngdc.noaa.gov/platforms/ocean/ships/okeanos_explorer/EX1206/multibeam/data/version2/MB/EX1206_EX03192012_2012-319_0164_20121114_070837_EX1206_MB.txt.mb162,28311552,swath,subset (nav ∩ footprint buffered 4.0 km)
EX1206,EX1206_EX03192012_2012-319_0164_20121114_070837_EX1206_MB.txt.mb162.gz,https://data.ngdc.noaa.gov/platforms/ocean/ships/okeanos_explorer/EX1206/multibeam/data/version2/MB/EX1206_EX03192012_2012-319_0164_20121114_070837_EX1206_MB.txt.mb162.gz,9542042,swath,subset (nav ∩ footprint buffered 4.0 km)
EX1206,EX1206_EX03192012_2012-319_0165_20121114_090251_EX1206_MB.txt.mb162,https://data.ngdc.noaa.gov/platforms/ocean/ships/okeanos_explorer/EX1206/multibeam/data/version2/MB/EX1206_EX03192012_2012-319_0165_20121114_090251_EX1206_MB.txt.mb162,2621440,swath,subset (nav ∩ footprint buffered 4.0 km)
EX1206,EX1206_EX03192012_2012-319_0165_20121114_090251_EX1206_MB.txt.mb162.gz,https://data.ngdc.noaa.gov/platforms/ocean/ships/okeanos_explorer/EX1206/multibeam/data/version2/MB/EX1206_EX03192012_2012-319_0165_20121114_090251_EX1206_MB.txt.mb162.gz,899072,swath,subset (nav ∩ footprint buffered 4.0 km)
EX1206,EX1206_EX03192012_2012-319_0166_20121114_091345_EX1206_MB.txt.mb162,https://data.ngdc.noaa.gov/platforms/ocean/ships/okeanos_explorer/EX1206/multibeam/data/version2/MB/EX1206_EX03192012_2012-319_0166_20121114_091345_EX1206_MB.txt.mb162,4089446,swath,subset (nav ∩ footprint buffered 4.0 km)
EX1206,EX1206_EX03192012_2012-319_0166_20121114_091345_EX1206_MB.txt.mb162.gz,https://data.ngdc.noaa.gov/platforms/ocean/ships/okeanos_explorer/EX1206/multibeam/data/version2/MB/EX1206_EX03192012_2012-319_0166_20121114_091345_EX1206_MB.txt.mb162.gz,1363149,swath,subset (nav ∩ footprint buffered 4.0 km)
EX1206,EX1206_EX03192012_2012-319_0167_20121114_092922_EX1206_MB.txt.mb162,https://data.ngdc.noaa.gov/platforms/ocean/ships/okeanos_explorer/EX1206/multibeam/data/version2/MB/EX1206_EX03192012_2012-319_0167_20121114_092922_EX1206_MB.txt.mb162,2936013,swath,subset (nav ∩ footprint buffered 4.0 km)
EX1206,EX1206_EX03192012_2012-319_0167_20121114_092922_EX1206_MB.txt.mb162.gz,https://data.ngdc.noaa.gov/platforms/ocean/ships/okeanos_explorer/EX1206/multibeam/data/version2/MB/EX1206_EX03192012_2012-319_0167_20121114_092922_EX1206_MB.txt.mb162.gz,1048576,swath,subset (nav ∩ footprint buffered 4.0 km)
EX1206,EX1206_EX03192012_2012-319_0168_20121114_094211_EX1206_MB.txt.mb162,https://data.ngdc.noaa.gov/platforms/ocean/ships/okeanos_explorer/EX1206/multibeam/data/version2/MB/EX1206_EX03192012_2012-319_0168_20121114_094211_EX1206_MB.txt.mb162,20971520,swath,subset (nav ∩ footprint buffered 4.0 km)
EX1206,EX1206_EX03192012_2012-319_0168_20121114_094211_EX1206_MB.txt.mb162.gz,https://data.ngdc.noaa.gov/platforms/ocean/ships/okeanos_explorer/EX1206/multibeam/data/version2/MB/EX1206_EX03192012_2012-319_0168_20121114_094211_EX1206_MB.txt.mb162.gz,7130317,swath,subset (nav ∩ footprint buffered 4.0 km)
EX1206,EX1206_EX03192012_2012-319_0169_20121114_114223_EX1206_MB.txt.mb162,https://data.ngdc.noaa.gov/platforms/ocean/ships/okeanos_explorer/EX1206/multibeam/data/version2/MB/EX1206_EX03192012_2012-319_0169_20121114_114223_EX1206_MB.txt.mb162,5662310,swath,subset (nav ∩ footprint buffered 4.0 km)
EX1206,EX1206_EX03192012_2012-319_0169_20121114_114223_EX1206_MB.txt.mb162.gz,https://data.ngdc.noaa.gov/platforms/ocean/ships/okeanos_explorer/EX1206/multibeam/data/version2/MB/EX1206_EX03192012_2012-319_0169_20121114_114223_EX1206_MB.txt.mb162.gz,1887437,swath,subset (nav ∩ footprint buffered 4.0 km)
EX1206,EX1206_EX03192012_2012-319_0170_20121114_121557_EX1206_MB.txt.mb162,https://data.ngdc.noaa.gov/platforms/ocean/ships/okeanos_explorer/EX1206/multibeam/data/version2/MB/EX1206_EX03192012_2012-319_0170_20121114_121557_EX1206_MB.txt.mb162,16777216,swath,subset (nav ∩ footprint buffered 4.0 km)
EX1206,EX1206_EX03192012_2012-319_0170_20121114_121557_EX1206_MB.txt.mb162.gz,https://data.ngdc.noaa.gov/platforms/ocean/ships/okeanos_explorer/EX1206/multibeam/data/version2/MB/EX1206_EX03192012_2012-319_0170_20121114_121557_EX1206_MB.txt.mb162.gz,5662310,swath,subset (nav ∩ footprint buffered 4.0 km)
EX1206,EX1206_EX03192012_2012-319_0171_20121114_141604_EX1206_MB.txt.mb162,https://data.ngdc.noaa.gov/platforms/ocean/ships/okeanos_explorer/EX1206/multibeam/data/version2/MB/EX1206_EX03192012_2012-319_0171_20121114_141604_EX1206_MB.txt.mb162,14680064,swath,subset (nav ∩ footprint buffered 4.0 km)
EX1206,EX1206_EX03192012_2012-319_0171_20121114_141604_EX1206_MB.txt.mb162.gz,https://data.ngdc.noaa.gov/platforms/ocean/ships/okeanos_explorer/EX1206/multibeam/data/version2/MB/EX1206_EX03192012_2012-319_0171_20121114_141604_EX1206_MB.txt.mb162.gz,5033165,swath,subset (nav ∩ footprint buffered 4.0 km)
EX1206,EX1206_EX03192012_2012-319_0172_20121114_161602_EX1206_MB.txt.mb162,https://data.ngdc.noaa.gov/platforms/ocean/ships/okeanos_explorer/EX1206/multibeam/data/version2/MB/EX1206_EX03192012_2012-319_0172_20121114_161602_EX1206_MB.txt.mb162,10380902,swath,subset (nav ∩ footprint buffered 4.0 km)
EX1206,EX1206_EX03192012_2012-319_0172_20121114_161602_EX1206_MB.txt.mb162.gz,https://data.ngdc.noaa.gov/platforms/ocean/ships/okeanos_explorer/EX1206/multibeam/data/version2/MB/EX1206_EX03192012_2012-319_0172_20121114_161602_EX1206_MB.txt.mb162.gz,3565158,swath,subset (nav ∩ footprint buffered 4.0 km)
EX1206,EX1206_EX03192012_2012-319_0173_20121114_181602_EX1206_MB.txt.mb162,https://data.ngdc.noaa.gov/platforms/ocean/ships/okeanos_explorer/EX1206/multibeam/data/version2/MB/EX1206_EX03192012_2012-319_0173_20121114_181602_EX1206_MB.txt.mb162,7130317,swath,subset (nav ∩ footprint buffered 4.0 km)
EX1206,EX1206_EX03192012_2012-319_0173_20121114_181602_EX1206_MB.txt.mb162.gz,https://data.ngdc.noaa.gov/platforms/ocean/ships/okeanos_explorer/EX1206/multibeam/data/version2/MB/EX1206_EX03192012_2012-319_0173_20121114_181602_EX1206_MB.txt.mb162.gz,2411725,swath,subset (nav ∩ footprint buffered 4.0 km)
EX1206,EX1206_EX03192012_2012-319_0174_20121114_193952_EX1206_MB.txt.mb162,https://data.ngdc.noaa.gov/platforms/ocean/ships/okeanos_explorer/EX1206/multibeam/data/version2/MB/EX1206_EX03192012_2012-319_0174_20121114_193952_EX1206_MB.txt.mb162,2516582,swath,subset (nav ∩ footprint buffered 4.0 km)
EX1206,EX1206_EX03192012_2012-319_0174_20121114_193952_EX1206_MB.txt.mb162.gz,https://data.ngdc.noaa.gov/platforms/ocean/ships/okeanos_explorer/EX1206/multibeam/data/version2/MB/EX1206_EX03192012_2012-319_0174_20121114_193952_EX1206_MB.txt.mb162.gz,863232,swath,subset (nav ∩ footprint buffered 4.0 km)
EX1206,EX1206_EX03192012_2012-319_0175_20121114_195449_EX1206_MB.txt.mb162,https://data.ngdc.noaa.gov/platforms/ocean/ships/okeanos_explorer/EX1206/multibeam/data/version2/MB/EX1206_EX03192012_2012-319_0175_20121114_195449_EX1206_MB.txt.mb162,23068672,swath,subset (nav ∩ footprint buffered 4.0 km)
EX1206,EX1206_EX03192012_2012-319_0175_20121114_195449_EX1206_MB.txt.mb162.gz,https://data.ngdc.noaa.gov/platforms/ocean/ships/okeanos_explorer/EX1206/multibeam/data/version2/MB/EX1206_EX03192012_2012-319_0175_20121114_195449_EX1206_MB.txt.mb162.gz,7969178,swath,subset (nav ∩ footprint buffered 4.0 km)
EX1206,EX1206_EX03192012_2012-319_0176_20121114_213524_EX1206_MB.txt.mb162,https://data.ngdc.noaa.gov/platforms/ocean/ships/okeanos_explorer/EX1206/multibeam/data/version2/MB/EX1206_EX03192012_2012-319_0176_20121114_213524_EX1206_MB.txt.mb162,8493466,swath,subset (nav ∩ footprint buffered 4.0 km)
EX1206,EX1206_EX03192012_2012-319_0176_20121114_213524_EX1206_MB.txt.mb162.gz,https://data.ngdc.noaa.gov/platforms/ocean/ships/okeanos_explorer/EX1206/multibeam/data/version2/MB/EX1206_EX03192012_2012-319_0176_20121114_213524_EX1206_MB.txt.mb162.gz,2936013,swath,subset (nav ∩ footprint buffered 4.0 km)
EX1206,EX1206_EX03192012_2012-319_0178_20121114_221659_EX1206_MB.txt.mb162,https://data.ngdc.noaa.gov/platforms/ocean/ships/okeanos_explorer/EX1206/multibeam/data/version2/MB/EX1206_EX03192012_2012-319_0178_20121114_221659_EX1206_MB.txt.mb162,18874368,swath,subset (nav ∩ footprint buffered 4.0 km)
EX1206,EX1206_EX03192012_2012-319_0178_20121114_221659_EX1206_MB.txt.mb162.gz,https://data.ngdc.noaa.gov/platforms/ocean/ships/okeanos_explorer/EX1206/multibeam/data/version2/MB/EX1206_EX03192012_2012-319_0178_20121114_221659_EX1206_MB.txt.mb162.gz,6606029,swath,subset (nav ∩ footprint buffered 4.0 km)
EX1206,EX1206_EX03192012_2012-320_0179_20121115_000651_EX1206_MB.txt.mb162,https://data.ngdc.noaa.gov/platforms/ocean/ships/okeanos_explorer/EX1206/multibeam/data/version2/MB/EX1206_EX03192012_2012-320_0179_20121115_000651_EX1206_MB.txt.mb162,11534336,swath,subset (nav ∩ footprint buffered 4.0 km)
EX1206,EX1206_EX03192012_2012-320_0179_20121115_000651_EX1206_MB.txt.mb162.gz,https://data.ngdc.noaa.gov/platforms/ocean/ships/okeanos_explorer/EX1206/multibeam/data/version2/MB/EX1206_EX03192012_2012-320_0179_20121115_000651_EX1206_MB.txt.mb162.gz,3984589,swath,subset (nav ∩ footprint buffered 4.0 km)
EX1206,EX1206_EX03192012_2012-320_0180_20121115_011427_EX1206_MB.txt.mb162,https://data.ngdc.noaa.gov/platforms/ocean/ships/okeanos_explorer/EX1206/multibeam/data/version2/MB/EX1206_EX03192012_2012-320_0180_20121115_011427_EX1206_MB.txt.mb162,11534336,swath,subset (nav ∩ footprint buffered 4.0 km)
EX1206,EX1206_EX03192012_2012-320_0180_20121115_011427_EX1206_MB.txt.mb162.gz,https://data.ngdc.noaa.gov/platforms/ocean/ships/okeanos_explorer/EX1206/multibeam/data/version2/MB/EX1206_EX03192012_2012-320_0180_20121115_011427_EX1206_MB.txt.mb162.gz,3984589,swath,subset (nav ∩ footprint buffered 4.0 km)
EX1206,EX1206_EX03192012_2012-320_0181_20121115_031418_EX1206_MB.txt.mb162,https://data.ngdc.noaa.gov/platforms/ocean/ships/okeanos_explorer/EX1206/multibeam/data/version2/MB/EX1206_EX03192012_2012-320_0181_20121115_031418_EX1206_MB.txt.mb162,14680064,swath,subset (nav ∩ footprint buffered 4.0 km)
EX1206,EX1206_EX03192012_2012-320_0181_20121115_031418_EX1206_MB.txt.mb162.gz,https://data.ngdc.noaa.gov/platforms/ocean/ships/okeanos_explorer/EX1206/multibeam/data/version2/MB/EX1206_EX03192012_2012-320_0181_20121115_031418_EX1206_MB.txt.mb162.gz,5138022,swath,subset (nav ∩ footprint buffered 4.0 km)
EX1206,EX1206_EX03192012_2012-320_0182_20121115_051420_EX1206_MB.txt.mb162,https://data.ngdc.noaa.gov/platforms/ocean/ships/okeanos_explorer/EX1206/multibeam/data/version2/MB/EX1206_EX03192012_2012-320_0182_20121115_051420_EX1206_MB.txt.mb162,23068672,swath,subset (nav ∩ footprint buffered 4.0 km)
EX1206,EX1206_EX03192012_2012-320_0182_20121115_051420_EX1206_MB.txt.mb162.gz,https://data.ngdc.noaa.gov/platforms/ocean/ships/okeanos_explorer/EX1206/multibeam/data/version2/MB/EX1206_EX03192012_2012-320_0182_20121115_051420_EX1206_MB.txt.mb162.gz,7864320,swath,subset (nav ∩ footprint buffered 4.0 km)
EX1206,EX1206_EX03192012_2012-320_0183_20121115_071418_EX1206_MB.txt.mb162,https://data.ngdc.noaa.gov/platforms/ocean/ships/okeanos_explorer/EX1206/multibeam/data/version2/MB/EX1206_EX03192012_2012-320_0183_20121115_071418_EX1206_MB.txt.mb162,18874368,swath,subset (nav ∩ footprint buffered 4.0 km)
EX1206,EX1206_EX03192012_2012-320_0183_20121115_071418_EX1206_MB.txt.mb162.gz,https://data.ngdc.noaa.gov/platforms/ocean/ships/okeanos_explorer/EX1206/multibeam/data/version2/MB/EX1206_EX03192012_2012-320_0183_20121115_071418_EX1206_MB.txt.mb162.gz,6501171,swath,subset (nav ∩ footprint buffered 4.0 km)
EX1206,EX1206_EX03192012_2012-320_0184_20121115_091418_EX1206_MB.txt.mb162,https://data.ngdc.noaa.gov/platforms/ocean/ships/okeanos_explorer/EX1206/multibeam/data/version2/MB/EX1206_EX03192012_2012-320_0184_20121115_091418_EX1206_MB.txt.mb162,12582912,swath,subset (nav ∩ footprint buffered 4.0 km)
EX1206,EX1206_EX03192012_2012-320_0184_20121115_091418_EX1206_MB.txt.mb162.gz,https://data.ngdc.noaa.gov/platforms/ocean/ships/okeanos_explorer/EX1206/multibeam/data/version2/MB/EX1206_EX03192012_2012-320_0184_20121115_091418_EX1206_MB.txt.mb162.gz,4194304,swath,subset (nav ∩ footprint buffered 4.0 km)
EX1206,EX1206_EX03192012_2012-320_0185_20121115_111416_EX1206_MB.txt.mb162,https://data.ngdc.noaa.gov/platforms/ocean/ships/okeanos_explorer/EX1206/multibeam/data/version2/MB/EX1206_EX03192012_2012-320_0185_20121115_111416_EX1206_MB.txt.mb162,10485760,swath,subset (nav ∩ footprint buffered 4.0 km)
EX1206,EX1206_EX03192012_2012-320_0185_20121115_111416_EX1206_MB.txt.mb162.gz,https://data.ngdc.noaa.gov/platforms/ocean/ships/okeanos_explorer/EX1206/multibeam/data/version2/MB/EX1206_EX03192012_2012-320_0185_20121115_111416_EX1206_MB.txt.mb162.gz,3670016,swath,subset (nav ∩ footprint buffered 4.0 km)
EX1206,EX1206_EX03192012_2012-320_0186_20121115_131416_EX1206_MB.txt.mb162,https://data.ngdc.noaa.gov/platforms/ocean/ships/okeanos_explorer/EX1206/multibeam/data/version2/MB/EX1206_EX03192012_2012-320_0186_20121115_131416_EX1206_MB.txt.mb162,11534336,swath,subset (nav ∩ footprint buffered 4.0 km)
EX1206,EX1206_EX03192012_2012-320_0186_20121115_131416_EX1206_MB.txt.mb162.gz,https://data.ngdc.noaa.gov/platforms/ocean/ships/okeanos_explorer/EX1206/multibeam/data/version2/MB/EX1206_EX03192012_2012-320_0186_20121115_131416_EX1206_MB.txt.mb162.gz,3670016,swath,subset (nav ∩ footprint buffered 4.0 km)
EX1206,EX1206_EX03192012_2012-320_0187_20121115_151417_EX1206_MB.txt.mb162,https://data.ngdc.noaa.gov/platforms/ocean/ships/okeanos_explorer/EX1206/multibeam/data/version2/MB/EX1206_EX03192012_2012-320_0187_20121115_151417_EX1206_MB.txt.mb162,9122611,swath,subset (nav ∩ footprint buffered 4.0 km)
EX1206,EX1206_EX03192012_2012-320_0187_20121115_151417_EX1206_MB.txt.mb162.gz,https://data.ngdc.noaa.gov/platforms/ocean/ships/okeanos_explorer/EX1206/multibeam/data/version2/MB/EX1206_EX03192012_2012-320_0187_20121115_151417_EX1206_MB.txt.mb162.gz,3040870,swath,subset (nav ∩ footprint buffered 4.0 km)
EX1206,EX1206_EX03192012_2012-320_0188_20121115_171418_EX1206_MB.txt.mb162,https://data.ngdc.noaa.gov/platforms/ocean/ships/okeanos_explorer/EX1206/multibeam/data/version2/MB/EX1206_EX03192012_2012-320_0188_20121115_171418_EX1206_MB.txt.mb162,12582912,swath,subset (nav ∩ footprint buffered 4.0 km)
EX1206,EX1206_EX03192012_2012-320_0188_20121115_171418_EX1206_MB.txt.mb162.gz,https://data.ngdc.noaa.gov/platforms/ocean/ships/okeanos_explorer/EX1206/multibeam/data/version2/MB/EX1206_EX03192012_2012-320_0188_20121115_171418_EX1206_MB.txt.mb162.gz,4299162,swath,subset (nav ∩ footprint buffered 4.0 km)
EX1206,EX1206_EX03192012_2012-320_0189_20121115_191419_EX1206_MB.txt.mb162,https://data.ngdc.noaa.gov/platforms/ocean/ships/okeanos_explorer/EX1206/multibeam/data/version2/MB/EX1206_EX03192012_2012-320_0189_20121115_191419_EX1206_MB.txt.mb162,13631488,swath,subset (nav ∩ footprint buffered 4.0 km)
EX1206,EX1206_EX03192012_2012-320_0189_20121115_191419_EX1206_MB.txt.mb162.gz,https://data.ngdc.noaa.gov/platforms/ocean/ships/okeanos_explorer/EX1206/multibeam/data/version2/MB/EX1206_EX03192012_2012-320_0189_20121115_191419_EX1206_MB.txt.mb162.gz,4508877,swath,subset (nav ∩ footprint buffered 4.0 km)
EX1206,EX1206_EX03192012_2012-320_0190_20121115_211420_EX1206_MB.txt.mb162,https://data.ngdc.noaa.gov/platforms/ocean/ships/okeanos_explorer/EX1206/multibeam/data/version2/MB/EX1206_EX03192012_2012-320_0190_20121115_211420_EX1206_MB.txt.mb162,14680064,swath,subset (nav ∩ footprint buffered 4.0 km)
EX1206,EX1206_EX03192012_2012-320_0190_20121115_211420_EX1206_MB.txt.mb162.gz,https://data.ngdc.noaa.gov/platforms/ocean/ships/okeanos_explorer/EX1206/multibeam/data/version2/MB/EX1206_EX03192012_2012-320_0190_20121115_211420_EX1206_MB.txt.mb162.gz,4823450,swath,subset (nav ∩ footprint buffered 4.0 km)
EX1206,EX1206_EX03192012_2012-320_0191_20121115_231450_EX1206_MB.txt.mb162,https://data.ngdc.noaa.gov/platforms/ocean/ships/okeanos_explorer/EX1206/multibeam/data/version2/MB/EX1206_EX03192012_2012-320_0191_20121115_231450_EX1206_MB.txt.mb162,6501171,swath,subset (nav ∩ footprint buffered 4.0 km)
EX1206,EX1206_EX03192012_2012-320_0191_20121115_231450_EX1206_MB.txt.mb162.gz,https://data.ngdc.noaa.gov/platforms/ocean/ships/okeanos_explorer/EX1206/multibeam/data/version2/MB/EX1206_EX03192012_2012-320_0191_20121115_231450_EX1206_MB.txt.mb162.gz,2202010,swath,subset (nav ∩ footprint buffered 4.0 km)
EX1206,EX1206_EX03192012_2012-321_0192_20121116_000005_EX1206_MB.txt.mb162,https://data.ngdc.noaa.gov/platforms/ocean/ships/okeanos_explorer/EX1206/multibeam/data/version2/MB/EX1206_EX03192012_2012-321_0192_20121116_000005_EX1206_MB.txt.mb162,12582912,swath,subset (nav ∩ footprint buffered 4.0 km)
EX1206,EX1206_EX03192012_2012-321_0192_20121116_000005_EX1206_MB.txt.mb162.gz,https://data.ngdc.noaa.gov/platforms/ocean/ships/okeanos_explorer/EX1206/multibeam/data/version2/MB/EX1206_EX03192012_2012-321_0192_20121116_000005_EX1206_MB.txt.mb162.gz,4299162,swath,subset (nav ∩ footprint buffered 4.0 km)
EX1206,EX1206_EX03192012_2012-321_0193_20121116_012639_EX1206_MB.txt.mb162,https://data.ngdc.noaa.gov/platforms/ocean/ships/okeanos_explorer/EX1206/multibeam/data/version2/MB/EX1206_EX03192012_2012-321_0193_20121116_012639_EX1206_MB.txt.mb162,1572864,swath,subset (nav ∩ footprint buffered 4.0 km)
EX1206,EX1206_EX03192012_2012-321_0193_20121116_012639_EX1206_MB.txt.mb162.gz,https://data.ngdc.noaa.gov/platforms/ocean/ships/okeanos_explorer/EX1206/multibeam/data/version2/MB/EX1206_EX03192012_2012-321_0193_20121116_012639_EX1206_MB.txt.mb162.gz,533504,swath,subset (nav ∩ footprint buffered 4.0 km)
EX1206,EX1206_EX03192012_2012-321_0194_20121116_014502_EX1206_MB.txt.mb162,https://data.ngdc.noaa.gov/platforms/ocean/ships/okeanos_explorer/EX1206/multibeam/data/version2/MB/EX1206_EX03192012_2012-321_0194_20121116_014502_EX1206_MB.txt.mb162,18874368,swath,subset (nav ∩ footprint buffered 4.0 km)
EX1206,EX1206_EX03192012_2012-321_0194_20121116_014502_EX1206_MB.txt.mb162.gz,https://data.ngdc.noaa.gov/platforms/ocean/ships/okeanos_explorer/EX1206/multibeam/data/version2/MB/EX1206_EX03192012_2012-321_0194_20121116_014502_EX1206_MB.txt.mb162.gz,6396314,swath,subset (nav ∩ footprint buffered 4.0 km)
EX1206,EX1206_EX03192012_2012-321_0195_20121116_034503_EX1206_MB.txt.mb162,https://data.ngdc.noaa.gov/platforms/ocean/ships/okeanos_explorer/EX1206/multibeam/data/version2/MB/EX1206_EX03192012_2012-321_0195_20121116_034503_EX1206_MB.txt.mb162,10171187,swath,subset (nav ∩ footprint buffered 4.0 km)
EX1206,EX1206_EX03192012_2012-321_0195_20121116_034503_EX1206_MB.txt.mb162.gz,https://data.ngdc.noaa.gov/platforms/ocean/ships/okeanos_explorer/EX1206/multibeam/data/version2/MB/EX1206_EX03192012_2012-321_0195_20121116_034503_EX1206_MB.txt.mb162.gz,3460301,swath,subset (nav ∩ footprint buffered 4.0 km)
EX1206,EX1206_EX03192012_2012-321_0196_20121116_043829_EX1206_MB.txt.mb162,https://data.ngdc.noaa.gov/platforms/ocean/ships/okeanos_explorer/EX1206/multibeam/data/version2/MB/EX1206_EX03192012_2012-321_0196_20121116_043829_EX1206_MB.txt.mb162,23068672,swath,subset (nav ∩ footprint buffered 4.0 km)
EX1206,EX1206_EX03192012_2012-321_0196_20121116_043829_EX1206_MB.txt.mb162.gz,https://data.ngdc.noaa.gov/platforms/ocean/ships/okeanos_explorer/EX1206/multibeam/data/version2/MB/EX1206_EX03192012_2012-321_0196_20121116_043829_EX1206_MB.txt.mb162.gz,7549747,swath,subset (nav ∩ footprint buffered 4.0 km)
EX1206,EX1206_EX03192012_2012-321_0197_20121116_063829_EX1206_MB.txt.mb162,https://data.ngdc.noaa.gov/platforms/ocean/ships/okeanos_explorer/EX1206/multibeam/data/version2/MB/EX1206_EX03192012_2012-321_0197_20121116_063829_EX1206_MB.txt.mb162,5872026,swath,subset (nav ∩ footprint buffered 4.0 km)
EX1206,EX1206_EX03192012_2012-321_0197_20121116_063829_EX1206_MB.txt.mb162.gz,https://data.ngdc.noaa.gov/platforms/ocean/ships/okeanos_explorer/EX1206/multibeam/data/version2/MB/EX1206_EX03192012_2012-321_0197_20121116_063829_EX1206_MB.txt.mb162.gz,1887437,swath,subset (nav ∩ footprint buffered 4.0 km)
EX1206,EX1206_EX03192012_2012-321_0198_20121116_071211_EX1206_MB.txt.mb162,https://data.ngdc.noaa.gov/platforms/ocean/ships/okeanos_explorer/EX1206/multibeam/data/version2/MB/EX1206_EX03192012_2012-321_0198_20121116_071211_EX1206_MB.txt.mb162,2936013,swath,subset (nav ∩ footprint buffered 4.0 km)
EX1206,EX1206_EX03192012_2012-321_0198_20121116_071211_EX1206_MB.txt.mb162.gz,https://data.ngdc.noaa.gov/platforms/ocean/ships/okeanos_explorer/EX1206/multibeam/data/version2/MB/EX1206_EX03192012_2012-321_0198_20121116_071211_EX1206_MB.txt.mb162.gz,1048576,swath,subset (nav ∩ footprint buffered 4.0 km)
EX1206,EX1206_EX03192012_2012-321_0199_20121116_073018_EX1206_MB.txt.mb162,https://data.ngdc.noaa.gov/platforms/ocean/ships/okeanos_explorer/EX1206/multibeam/data/version2/MB/EX1206_EX03192012_2012-321_0199_20121116_073018_EX1206_MB.txt.mb162,31457280,swath,subset (nav ∩ footprint buffered 4.0 km)
EX1206,EX1206_EX03192012_2012-321_0199_20121116_073018_EX1206_MB.txt.mb162.gz,https://data.ngdc.noaa.gov/platforms/ocean/ships/okeanos_explorer/EX1206/multibeam/data/version2/MB/EX1206_EX03192012_2012-321_0199_20121116_073018_EX1206_MB.txt.mb162.gz,10485760,swath,subset (nav ∩ footprint buffered 4.0 km)
EX1206,EX1206_EX03192012_2012-321_0200_20121116_093016_EX1206_MB.txt.mb162,https://data.ngdc.noaa.gov/platforms/ocean/ships/okeanos_explorer/EX1206/multibeam/data/version2/MB/EX1206_EX03192012_2012-321_0200_20121116_093016_EX1206_MB.txt.mb162,4089446,swath,subset (nav ∩ footprint buffered 4.0 km)
EX1206,EX1206_EX03192012_2012-321_0200_20121116_093016_EX1206_MB.txt.mb162.gz,https://data.ngdc.noaa.gov/platforms/ocean/ships/okeanos_explorer/EX1206/multibeam/data/version2/MB/EX1206_EX03192012_2012-321_0200_20121116_093016_EX1206_MB.txt.mb162.gz,1468006,swath,subset (nav ∩ footprint buffered 4.0 km)
EX1206,EX1206_EX03192012_2012-321_0201_20121116_094524_EX1206_MB.txt.mb162,https://data.ngdc.noaa.gov/platforms/ocean/ships/okeanos_explorer/EX1206/multibeam/data/version2/MB/EX1206_EX03192012_2012-321_0201_20121116_094524_EX1206_MB.txt.mb162,6920602,swath,subset (nav ∩ footprint buffered 4.0 km)
EX1206,EX1206_EX03192012_2012-321_0201_20121116_094524_EX1206_MB.txt.mb162.gz,https://data.ngdc.noaa.gov/platforms/ocean/ships/okeanos_explorer/EX1206/multibeam/data/version2/MB/EX1206_EX03192012_2012-321_0201_20121116_094524_EX1206_MB.txt.mb162.gz,2411725,swath,subset (nav ∩ footprint buffered 4.0 km)
EX1206,EX1206_EX03192012_2012-321_0202_20121116_101006_EX1206_MB.txt.mb162,https://data.ngdc.noaa.gov/platforms/ocean/ships/okeanos_explorer/EX1206/multibeam/data/version2/MB/EX1206_EX03192012_2012-321_0202_20121116_101006_EX1206_MB.txt.mb162,36700160,swath,subset (nav ∩ footprint buffered 4.0 km)
EX1206,EX1206_EX03192012_2012-321_0202_20121116_101006_EX1206_MB.txt.mb162.gz,https://data.ngdc.noaa.gov/platforms/ocean/ships/okeanos_explorer/EX1206/multibeam/data/version2/MB/EX1206_EX03192012_2012-321_0202_20121116_101006_EX1206_MB.txt.mb162.gz,12582912,swath,subset (nav ∩ footprint buffered 4.0 km)
EX1206,EX1206_EX03192012_2012-321_0203_20121116_121008_EX1206_MB.txt.mb162,https://data.ngdc.noaa.gov/platforms/ocean/ships/okeanos_explorer/EX1206/multibeam/data/version2/MB/EX1206_EX03192012_2012-321_0203_20121116_121008_EX1206_MB.txt.mb162,13631488,swath,subset (nav ∩ footprint buffered 4.0 km)
EX1206,EX1206_EX03192012_2012-321_0203_20121116_121008_EX1206_MB.txt.mb162.gz,https://data.ngdc.noaa.gov/platforms/ocean/ships/okeanos_explorer/EX1206/multibeam/data/version2/MB/EX1206_EX03192012_2012-321_0203_20121116_121008_EX1206_MB.txt.mb162.gz,4508877,swath,subset (nav ∩ footprint buffered 4.0 km)
EX1206,EX1206_EX03192012_2012-321_0204_20121116_125525_EX1206_MB.txt.mb162,https://data.ngdc.noaa.gov/platforms/ocean/ships/okeanos_explorer/EX1206/multibeam/data/version2/MB/EX1206_EX03192012_2012-321_0204_20121116_125525_EX1206_MB.txt.mb162,3984589,swath,subset (nav ∩ footprint buffered 4.0 km)
EX1206,EX1206_EX03192012_2012-321_0204_20121116_125525_EX1206_MB.txt.mb162.gz,https://data.ngdc.noaa.gov/platforms/ocean/ships/okeanos_explorer/EX1206/multibeam/data/version2/MB/EX1206_EX03192012_2012-321_0204_20121116_125525_EX1206_MB.txt.mb162.gz,1363149,swath,subset (nav ∩ footprint buffered 4.0 km)
EX1206,EX1206_EX03192012_2012-321_0205_20121116_130904_EX1206_MB.txt.mb162,https://data.ngdc.noaa.gov/platforms/ocean/ships/okeanos_explorer/EX1206/multibeam/data/version2/MB/EX1206_EX03192012_2012-321_0205_20121116_130904_EX1206_MB.txt.mb162,40894464,swath,subset (nav ∩ footprint buffered 4.0 km)
EX1206,EX1206_EX03192012_2012-321_0205_20121116_130904_EX1206_MB.txt.mb162.gz,https://data.ngdc.noaa.gov/platforms/ocean/ships/okeanos_explorer/EX1206/multibeam/data/version2/MB/EX1206_EX03192012_2012-321_0205_20121116_130904_EX1206_MB.txt.mb162.gz,13631488,swath,subset (nav ∩ footprint buffered 4.0 km)
EX1206,EX1206_EX03192012_2012-321_0206_20121116_150904_EX1206_MB.txt.mb162,https://data.ngdc.noaa.gov/platforms/ocean/ships/okeanos_explorer/EX1206/multibeam/data/version2/MB/EX1206_EX03192012_2012-321_0206_20121116_150904_EX1206_MB.txt.mb162,8283750,swath,subset (nav ∩ footprint buffered 4.0 km)
EX1206,EX1206_EX03192012_2012-321_0206_20121116_150904_EX1206_MB.txt.mb162.gz,https://data.ngdc.noaa.gov/platforms/ocean/ships/okeanos_explorer/EX1206/multibeam/data/version2/MB/EX1206_EX03192012_2012-321_0206_20121116_150904_EX1206_MB.txt.mb162.gz,2831155,swath,subset (nav ∩ footprint buffered 4.0 km)
EX1206,EX1206_EX03192012_2012-321_0207_20121116_153510_EX1206_MB.txt.mb162,https://data.ngdc.noaa.gov/platforms/ocean/ships/okeanos_explorer/EX1206/multibeam/data/version2/MB/EX1206_EX03192012_2012-321_0207_20121116_153510_EX1206_MB.txt.mb162,46137344,swath,subset (nav ∩ footprint buffered 4.0 km)
EX1206,EX1206_EX03192012_2012-321_0207_20121116_153510_EX1206_MB.txt.mb162.gz,https://data.ngdc.noaa.gov/platforms/ocean/ships/okeanos_explorer/EX1206/multibeam/data/version2/MB/EX1206_EX03192012_2012-321_0207_20121116_153510_EX1206_MB.txt.mb162.gz,14680064,swath,subset (nav ∩ footprint buffered 4.0 km)
EX1206,EX1206_EX03192012_2012-321_0208_20121116_173506_EX1206_MB.txt.mb162,https://data.ngdc.noaa.gov/platforms/ocean/ships/okeanos_explorer/EX1206/multibeam/data/version2/MB/EX1206_EX03192012_2012-321_0208_20121116_173506_EX1206_MB.txt.mb162,16777216,swath,subset (nav ∩ footprint buffered 4.0 km)
EX1206,EX1206_EX03192012_2012-321_0208_20121116_173506_EX1206_MB.txt.mb162.gz,https://data.ngdc.noaa.gov/platforms/ocean/ships/okeanos_explorer/EX1206/multibeam/data/version2/MB/EX1206_EX03192012_2012-321_0208_20121116_173506_EX1206_MB.txt.mb162.gz,5557453,swath,subset (nav ∩ footprint buffered 4.0 km)
EX1206,EX1206_EX03192012_2012-321_0209_20121116_181306_EX1206_MB.txt.mb162,https://data.ngdc.noaa.gov/platforms/ocean/ships/okeanos_explorer/EX1206/multibeam/data/version2/MB/EX1206_EX03192012_2012-321_0209_20121116_181306_EX1206_MB.txt.mb162,7340032,swath,subset (nav ∩ footprint buffered 4.0 km)
EX1206,EX1206_EX03192012_2012-321_0209_20121116_181306_EX1206_MB.txt.mb162.gz,https://data.ngdc.noaa.gov/platforms/ocean/ships/okeanos_explorer/EX1206/multibeam/data/version2/MB/EX1206_EX03192012_2012-321_0209_20121116_181306_EX1206_MB.txt.mb162.gz,2411725,swath,subset (nav ∩ footprint buffered 4.0 km)
EX1206,EX1206_EX03192012_2012-321_0210_20121116_182728_EX1206_MB.txt.mb162,https://data.ngdc.noaa.gov/platforms/ocean/ships/okeanos_explorer/EX1206/multibeam/data/version2/MB/EX1206_EX03192012_2012-321_0210_20121116_182728_EX1206_MB.txt.mb162,60817408,swath,subset (nav ∩ footprint buffered 4.0 km)
EX1206,EX1206_EX03192012_2012-321_0210_20121116_182728_EX1206_MB.txt.mb162.gz,https://data.ngdc.noaa.gov/platforms/ocean/ships/okeanos_explorer/EX1206/multibeam/data/version2/MB/EX1206_EX03192012_2012-321_0210_20121116_182728_EX1206_MB.txt.mb162.gz,19922944,swath,subset (nav ∩ footprint buffered 4.0 km)
EX1206,EX1206_EX03192012_2012-321_0211_20121116_202731_EX1206_MB.txt.mb162,https://data.ngdc.noaa.gov/platforms/ocean/ships/okeanos_explorer/EX1206/multibeam/data/version2/MB/EX1206_EX03192012_2012-321_0211_20121116_202731_EX1206_MB.txt.mb162,14680064,swath,subset (nav ∩ footprint buffered 4.0 km)
EX1206,EX1206_EX03192012_2012-321_0211_20121116_202731_EX1206_MB.txt.mb162.gz,https://data.ngdc.noaa.gov/platforms/ocean/ships/okeanos_explorer/EX1206/multibeam/data/version2/MB/EX1206_EX03192012_2012-321_0211_20121116_202731_EX1206_MB.txt.mb162.gz,4823450,swath,subset (nav ∩ footprint buffered 4.0 km)
EX1206,EX1206_EX03192012_2012-321_0212_20121116_210205_EX1206_MB.txt.mb162,https://data.ngdc.noaa.gov/platforms/ocean/ships/okeanos_explorer/EX1206/multibeam/data/version2/MB/EX1206_EX03192012_2012-321_0212_20121116_210205_EX1206_MB.txt.mb162,70254592,swath,subset (nav ∩ footprint buffered 4.0 km)
EX1206,EX1206_EX03192012_2012-321_0212_20121116_210205_EX1206_MB.txt.mb162.gz,https://data.ngdc.noaa.gov/platforms/ocean/ships/okeanos_explorer/EX1206/multibeam/data/version2/MB/EX1206_EX03192012_2012-321_0212_20121116_210205_EX1206_MB.txt.mb162.gz,23068672,swath,subset (nav ∩ footprint buffered 4.0 km)
EX1206,EX1206_EX03192012_2012-321_0213_20121116_230204_EX1206_MB.txt.mb162,https://data.ngdc.noaa.gov/platforms/ocean/ships/okeanos_explorer/EX1206/multibeam/data/version2/MB/EX1206_EX03192012_2012-321_0213_20121116_230204_EX1206_MB.txt.mb162,30408704,swath,subset (nav ∩ footprint buffered 4.0 km)
EX1206,EX1206_EX03192012_2012-321_0213_20121116_230204_EX1206_MB.txt.mb162.gz,https://data.ngdc.noaa.gov/platforms/ocean/ships/okeanos_explorer/EX1206/multibeam/data/version2/MB/EX1206_EX03192012_2012-321_0213_20121116_230204_EX1206_MB.txt.mb162.gz,9437184,swath,subset (nav ∩ footprint buffered 4.0 km)
EX1206,EX1206_EX03192012_2012-321_0214_20121116_234104_EX1206_MB.txt.mb162,https://data.ngdc.noaa.gov/platforms/ocean/ships/okeanos_explorer/EX1206/multibeam/data/version2/MB/EX1206_EX03192012_2012-321_0214_20121116_234104_EX1206_MB.txt.mb162,10485760,swath,subset (nav ∩ footprint buffered 4.0 km)
EX1206,EX1206_EX03192012_2012-321_0214_20121116_234104_EX1206_MB.txt.mb162.gz,https://data.ngdc.noaa.gov/platforms/ocean/ships/okeanos_explorer/EX1206/multibeam/data/version2/MB/EX1206_EX03192012_2012-321_0214_20121116_234104_EX1206_MB.txt.mb162.gz,3565158,swath,subset (nav ∩ footprint buffered 4.0 km)
EX1206,EX1206_EX03192012_2012-321_0215_20121116_235536_EX1206_MB.txt.mb162,https://data.ngdc.noaa.gov/platforms/ocean/ships/okeanos_explorer/EX1206/multibeam/data/version2/MB/EX1206_EX03192012_2012-321_0215_20121116_235536_EX1206_MB.txt.mb162,3565158,swath,subset (nav ∩ footprint buffered 4.0 km)
EX1206,EX1206_EX03192012_2012-321_0215_20121116_235536_EX1206_MB.txt.mb162.gz,https://data.ngdc.noaa.gov/platforms/ocean/ships/okeanos_explorer/EX1206/multibeam/data/version2/MB/EX1206_EX03192012_2012-321_0215_20121116_235536_EX1206_MB.txt.mb162.gz,1153434,swath,subset (nav ∩ footprint buffered 4.0 km)
EX1206,EX1206_EX03192012_2012-322_0216_20121117_000001_EX1206_MB.txt.mb162,https://data.ngdc.noaa.gov/platforms/ocean/ships/okeanos_explorer/EX1206/multibeam/data/version2/MB/EX1206_EX03192012_2012-322_0216_20121117_000001_EX1206_MB.txt.mb162,87031808,swath,subset (nav ∩ footprint buffered 4.0 km)
EX1206,EX1206_EX03192012_2012-322_0216_20121117_000001_EX1206_MB.txt.mb162.gz,https://data.ngdc.noaa.gov/platforms/ocean/ships/okeanos_explorer/EX1206/multibeam/data/version2/MB/EX1206_EX03192012_2012-322_0216_20121117_000001_EX1206_MB.txt.mb162.gz,27262976,swath,subset (nav ∩ footprint buffered 4.0 km)
EX1206,EX1206_EX03192012_2012-322_0217_20121117_020002_EX1206_MB.txt.mb162,https://data.ngdc.noaa.gov/platforms/ocean/ships/okeanos_explorer/EX1206/multibeam/data/version2/MB/EX1206_EX03192012_2012-322_0217_20121117_020002_EX1206_MB.txt.mb162,10380902,swath,subset (nav ∩ footprint buffered 4.0 km)
EX1206,EX1206_EX03192012_2012-322_0217_20121117_020002_EX1206_MB.txt.mb162.gz,https://data.ngdc.noaa.gov/platforms/ocean/ships/okeanos_explorer/EX1206/multibeam/data/version2/MB/EX1206_EX03192012_2012-322_0217_20121117_020002_EX1206_MB.txt.mb162.gz,3355443,swath,subset (nav ∩ footprint buffered 4.0 km)
EX1206,EX1206_EX03192012_2012-322_0218_20121117_021643_EX1206_MB.txt.mb162,https://data.ngdc.noaa.gov/platforms/ocean/ships/okeanos_explorer/EX1206/multibeam/data/version2/MB/EX1206_EX03192012_2012-322_0218_20121117_021643_EX1206_MB.txt.mb162,7549747,swath,subset (nav ∩ footprint buffered 4.0 km)
EX1206,EX1206_EX03192012_2012-322_0218_20121117_021643_EX1206_MB.txt.mb162.gz,https://data.ngdc.noaa.gov/platforms/ocean/ships/okeanos_explorer/EX1206/multibeam/data/version2/MB/EX1206_EX03192012_2012-322_0218_20121117_021643_EX1206_MB.txt.mb162.gz,2516582,swath,subset (nav ∩ footprint buffered 4.0 km)
EX1206,EX1206_EX03192012_2012-322_0219_20121117_022709_EX1206_MB.txt.mb162,https://data.ngdc.noaa.gov/platforms/ocean/ships/okeanos_explorer/EX1206/multibeam/data/version2/MB/EX1206_EX03192012_2012-322_0219_20121117_022709_EX1206_MB.txt.mb162,97517568,swath,subset (nav ∩ footprint buffered 4.0 km)
EX1206,EX1206_EX03192012_2012-322_0219_20121117_022709_EX1206_MB.txt.mb162.gz,https://data.ngdc.noaa.gov/platforms/ocean/ships/okeanos_explorer/EX1206/multibeam/data/version2/MB/EX1206_EX03192012_2012-322_0219_20121117_022709_EX1206_MB.txt.mb162.gz,30408704,swath,subset (nav ∩ footprint buffered 4.0 km)
EX1206,EX1206_EX03192012_2012-322_0220_20121117_042709_EX1206_MB.txt.mb162,https://data.ngdc.noaa.gov/platforms/ocean/ships/okeanos_explorer/EX1206/multibeam/data/version2/MB/EX1206_EX03192012_2012-322_0220_20121117_042709_EX1206_MB.txt.mb162,50331648,swath,subset (nav ∩ footprint buffered 4.0 km)
EX1206,EX1206_EX03192012_2012-322_0220_20121117_042709_EX1206_MB.txt.mb162.gz,https://data.ngdc.noaa.gov/platforms/ocean/ships/okeanos_explorer/EX1206/multibeam/data/version2/MB/EX1206_EX03192012_2012-322_0220_20121117_042709_EX1206_MB.txt.mb162.gz,15728640,swath,subset (nav ∩ footprint buffered 4.0 km)
EX1206,EX1206_EX03192012_2012-322_0221_20121117_051635_EX1206_MB.txt.mb162,https://data.ngdc.noaa.gov/platforms/ocean/ships/okeanos_explorer/EX1206/multibeam/data/version2/MB/EX1206_EX03192012_2012-322_0221_20121117_051635_EX1206_MB.txt.mb162,10485760,swath,subset (nav ∩ footprint buffered 4.0 km)
EX1206,EX1206_EX03192012_2012-322_0221_20121117_051635_EX1206_MB.txt.mb162.gz,https://data.ngdc.noaa.gov/platforms/ocean/ships/okeanos_explorer/EX1206/multibeam/data/version2/MB/EX1206_EX03192012_2012-322_0221_20121117_051635_EX1206_MB.txt.mb162.gz,3565158,swath,subset (nav ∩ footprint buffered 4.0 km)
EX1206,EX1206_EX03192012_2012-322_0222_20121117_052720_EX1206_MB.txt.mb162,https://data.ngdc.noaa.gov/platforms/ocean/ships/okeanos_explorer/EX1206/multibeam/data/version2/MB/EX1206_EX03192012_2012-322_0222_20121117_052720_EX1206_MB.txt.mb162,123731968,swath,subset (nav ∩ footprint buffered 4.0 km)
EX1206,EX1206_EX03192012_2012-322_0222_20121117_052720_EX1206_MB.txt.mb162.gz,https://data.ngdc.noaa.gov/platforms/ocean/ships/okeanos_explorer/EX1206/multibeam/data/version2/MB/EX1206_EX03192012_2012-322_0222_20121117_052720_EX1206_MB.txt.mb162.gz,38797312,swath,subset (nav ∩ footprint buffered 4.0 km)
EX1206,EX1206_EX03192012_2012-322_0223_20121117_072721_EX1206_MB.txt.mb162,https://data.ngdc.noaa.gov/platforms/ocean/ships/okeanos_explorer/EX1206/multibeam/data/version2/MB/EX1206_EX03192012_2012-322_0223_20121117_072721_EX1206_MB.txt.mb162,34603008,swath,subset (nav ∩ footprint buffered 4.0 km)
EX1206,EX1206_EX03192012_2012-322_0223_20121117_072721_EX1206_MB.txt.mb162.gz,https://data.ngdc.noaa.gov/platforms/ocean/ships/okeanos_explorer/EX1206/multibeam/data/version2/MB/EX1206_EX03192012_2012-322_0223_20121117_072721_EX1206_MB.txt.mb162.gz,10485760,swath,subset (nav ∩ footprint buffered 4.0 km)
EX1206,EX1206_EX03192012_2012-322_0224_20121117_080749_EX1206_MB.txt.mb162,https://data.ngdc.noaa.gov/platforms/ocean/ships/okeanos_explorer/EX1206/multibeam/data/version2/MB/EX1206_EX03192012_2012-322_0224_20121117_080749_EX1206_MB.txt.mb162,8074035,swath,subset (nav ∩ footprint buffered 4.0 km)
EX1206,EX1206_EX03192012_2012-322_0224_20121117_080749_EX1206_MB.txt.mb162.gz,https://data.ngdc.noaa.gov/platforms/ocean/ships/okeanos_explorer/EX1206/multibeam/data/version2/MB/EX1206_EX03192012_2012-322_0224_20121117_080749_EX1206_MB.txt.mb162.gz,2621440,swath,subset (nav ∩ footprint buffered 4.0 km)
EX1206,EX1206_EX03192012_2012-322_0225_20121117_081721_EX1206_MB.txt.mb162,https://data.ngdc.noaa.gov/platforms/ocean/ships/okeanos_explorer/EX1206/multibeam/data/version2/MB/EX1206_EX03192012_2012-322_0225_20121117_081721_EX1206_MB.txt.mb162,96468992,swath,subset (nav ∩ footprint buffered 4.0 km)
EX1206,EX1206_EX03192012_2012-322_0225_20121117_081721_EX1206_MB.txt.mb162.gz,https://data.ngdc.noaa.gov/platforms/ocean/ships/okeanos_explorer/EX1206/multibeam/data/version2/MB/EX1206_EX03192012_2012-322_0225_20121117_081721_EX1206_MB.txt.mb162.gz,29360128,swath,subset (nav ∩ footprint buffered 4.0 km)
EX1206,EX1206_EX03192012_2012-322_0226_20121117_095054_EX1206_MB.txt.mb162,https://data.ngdc.noaa.gov/platforms/ocean/ships/okeanos_explorer/EX1206/multibeam/data/version2/MB/EX1206_EX03192012_2012-322_0226_20121117_095054_EX1206_MB.txt.mb162,12582912,swath,subset (nav ∩ footprint buffered 4.0 km)
EX1206,EX1206_EX03192012_2012-322_0226_20121117_095054_EX1206_MB.txt.mb162.gz,https://data.ngdc.noaa.gov/platforms/ocean/ships/okeanos_explorer/EX1206/multibeam/data/version2/MB/EX1206_EX03192012_2012-322_0226_20121117_095054_EX1206_MB.txt.mb162.gz,3984589,swath,subset (nav ∩ footprint buffered 4.0 km)
EX1206,EX1206_EX03192012_2012-322_0227_20121117_095924_EX1206_MB.txt.mb162,https://data.ngdc.noaa.gov/platforms/ocean/ships/okeanos_explorer/EX1206/multibeam/data/version2/MB/EX1206_EX03192012_2012-322_0227_20121117_095924_EX1206_MB.txt.mb162,19922944,swath,subset (nav ∩ footprint buffered 4.0 km)
EX1206,EX1206_EX03192012_2012-322_0227_20121117_095924_EX1206_MB.txt.mb162.gz,https://data.ngdc.noaa.gov/platforms/ocean/ships/okeanos_explorer/EX1206/multibeam/data/version2/MB/EX1206_EX03192012_2012-322_0227_20121117_095924_EX1206_MB.txt.mb162.gz,6186598,swath,subset (nav ∩ footprint buffered 4.0 km)
EX1206,EX1206_EX03192012_2012-322_0228_20121117_101327_EX1206_MB.txt.mb162,https://data.ngdc.noaa.gov/platforms/ocean/ships/okeanos_explorer/EX1206/multibeam/data/version2/MB/EX1206_EX03192012_2012-322_0228_20121117_101327_EX1206_MB.txt.mb162,100663296,swath,subset (nav ∩ footprint buffered 4.0 km)
EX1206,EX1206_EX03192012_2012-322_0228_20121117_101327_EX1206_MB.txt.mb162.gz,https://data.ngdc.noaa.gov/platforms/ocean/ships/okeanos_explorer/EX1206/multibeam/data/version2/MB/EX1206_EX03192012_2012-322_0228_20121117_101327_EX1206_MB.txt.mb162.gz,31457280,swath,subset (nav ∩ footprint buffered 4.0 km)
EX1206,EX1206_EX03192012_2012-322_0229_20121117_114854_EX1206_MB.txt.mb162,https://data.ngdc.noaa.gov/platforms/ocean/ships/okeanos_explorer/EX1206/multibeam/data/version2/MB/EX1206_EX03192012_2012-322_0229_20121117_114854_EX1206_MB.txt.mb162,7969178,swath,subset (nav ∩ footprint buffered 4.0 km)
EX1206,EX1206_EX03192012_2012-322_0229_20121117_114854_EX1206_MB.txt.mb162.gz,https://data.ngdc.noaa.gov/platforms/ocean/ships/okeanos_explorer/EX1206/multibeam/data/version2/MB/EX1206_EX03192012_2012-322_0229_20121117_114854_EX1206_MB.txt.mb162.gz,2621440,swath,subset (nav ∩ footprint buffered 4.0 km)
EX1206,EX1206_EX03192012_2012-322_0230_20121117_120057_EX1206_MB.txt.mb162,https://data.ngdc.noaa.gov/platforms/ocean/ships/okeanos_explorer/EX1206/multibeam/data/version2/MB/EX1206_EX03192012_2012-322_0230_20121117_120057_EX1206_MB.txt.mb162,87031808,swath,subset (nav ∩ footprint buffered 4.0 km)
EX1206,EX1206_EX03192012_2012-322_0230_20121117_120057_EX1206_MB.txt.mb162.gz,https://data.ngdc.noaa.gov/platforms/ocean/ships/okeanos_explorer/EX1206/multibeam/data/version2/MB/EX1206_EX03192012_2012-322_0230_20121117_120057_EX1206_MB.txt.mb162.gz,26214400,swath,subset (nav ∩ footprint buffered 4.0 km)
EX1206,EX1206_EX03192012_2012-322_0231_20121117_131834_EX1206_MB.txt.mb162,https://data.ngdc.noaa.gov/platforms/ocean/ships/okeanos_explorer/EX1206/multibeam/data/version2/MB/EX1206_EX03192012_2012-322_0231_20121117_131834_EX1206_MB.txt.mb162,20971520,swath,subset (nav ∩ footprint buffered 4.0 km)
EX1206,EX1206_EX03192012_2012-322_0231_20121117_131834_EX1206_MB.txt.mb162.gz,https://data.ngdc.noaa.gov/platforms/ocean/ships/okeanos_explorer/EX1206/multibeam/data/version2/MB/EX1206_EX03192012_2012-322_0231_20121117_131834_EX1206_MB.txt.mb162.gz,6186598,swath,subset (nav ∩ footprint buffered 4.0 km)
EX1206,EX1206_EX03192012_2012-322_0232_20121117_133030_EX1206_MB.txt.mb162,https://data.ngdc.noaa.gov/platforms/ocean/ships/okeanos_explorer/EX1206/multibeam/data/version2/MB/EX1206_EX03192012_2012-322_0232_20121117_133030_EX1206_MB.txt.mb162,63963136,swath,subset (nav ∩ footprint buffered 4.0 km)
EX1206,EX1206_EX03192012_2012-322_0232_20121117_133030_EX1206_MB.txt.mb162.gz,https://data.ngdc.noaa.gov/platforms/ocean/ships/okeanos_explorer/EX1206/multibeam/data/version2/MB/EX1206_EX03192012_2012-322_0232_20121117_133030_EX1206_MB.txt.mb162.gz,19922944,swath,subset (nav ∩ footprint buffered 4.0 km)
EX1206,EX1206_EX03192012_2012-322_0233_20121117_142352_EX1206_MB.txt.mb162,https://data.ngdc.noaa.gov/platforms/ocean/ships/okeanos_explorer/EX1206/multibeam/data/version2/MB/EX1206_EX03192012_2012-322_0233_20121117_142352_EX1206_MB.txt.mb162,2621440,swath,subset (nav ∩ footprint buffered 4.0 km)
EX1206,EX1206_EX03192012_2012-322_0233_20121117_142352_EX1206_MB.txt.mb162.gz,https://data.ngdc.noaa.gov/platforms/ocean/ships/okeanos_explorer/EX1206/multibeam/data/version2/MB/EX1206_EX03192012_2012-322_0233_20121117_142352_EX1206_MB.txt.mb162.gz,863232,swath,subset (nav ∩ footprint buffered 4.0 km)
EX1206,EX1206_EX03192012_2012-322_0234_20121117_142800_EX1206_MB.txt.mb162,https://data.ngdc.noaa.gov/platforms/ocean/ships/okeanos_explorer/EX1206/multibeam/data/version2/MB/EX1206_EX03192012_2012-322_0234_20121117_142800_EX1206_MB.txt.mb162,13631488,swath,subset (nav ∩ footprint buffered 4.0 km)
EX1206,EX1206_EX03192012_2012-322_0234_20121117_142800_EX1206_MB.txt.mb162.gz,https://data.ngdc.noaa.gov/platforms/ocean/ships/okeanos_explorer/EX1206/multibeam/data/version2/MB/EX1206_EX03192012_2012-322_0234_20121117_142800_EX1206_MB.txt.mb162.gz,4299162,swath,subset (nav ∩ footprint buffered 4.0 km)
EX1206,EX1206_EX03192012_2012-322_0235_20121117_144534_EX1206_MB.txt.mb162,https://data.ngdc.noaa.gov/platforms/ocean/ships/okeanos_explorer/EX1206/multibeam/data/version2/MB/EX1206_EX03192012_2012-322_0235_20121117_144534_EX1206_MB.txt.mb162,29360128,swath,subset (nav ∩ footprint buffered 4.0 km)
EX1206,EX1206_EX03192012_2012-322_0235_20121117_144534_EX1206_MB.txt.mb162.gz,https://data.ngdc.noaa.gov/platforms/ocean/ships/okeanos_explorer/EX1206/multibeam/data/version2/MB/EX1206_EX03192012_2012-322_0235_20121117_144534_EX1206_MB.txt.mb162.gz,9332326,swath,subset (nav ∩ footprint buffered 4.0 km)
EX1206,EX1206_EX03192012_2012-322_0236_20121117_151140_EX1206_MB.txt.mb162,https://data.ngdc.noaa.gov/platforms/ocean/ships/okeanos_explorer/EX1206/multibeam/data/version2/MB/EX1206_EX03192012_2012-322_0236_20121117_151140_EX1206_MB.txt.mb162,13631488,swath,subset (nav ∩ footprint buffered 4.0 km)
EX1206,EX1206_EX03192012_2012-322_0236_20121117_151140_EX1206_MB.txt.mb162.gz,https://data.ngdc.noaa.gov/platforms/ocean/ships/okeanos_explorer/EX1206/multibeam/data/version2/MB/EX1206_EX03192012_2012-322_0236_20121117_151140_EX1206_MB.txt.mb162.gz,4404019,swath,subset (nav ∩ footprint buffered 4.0 km)
EX1206,EX1206_EX03192012_2012-322_0237_20121117_152310_EX1206_MB.txt.mb162,https://data.ngdc.noaa.gov/platforms/ocean/ships/okeanos_explorer/EX1206/multibeam/data/version2/MB/EX1206_EX03192012_2012-322_0237_20121117_152310_EX1206_MB.txt.mb162,3774874,swath,subset (nav ∩ footprint buffered 4.0 km)
EX1206,EX1206_EX03192012_2012-322_0237_20121117_152310_EX1206_MB.txt.mb162.gz,https://data.ngdc.noaa.gov/platforms/ocean/ships/okeanos_explorer/EX1206/multibeam/data/version2/MB/EX1206_EX03192012_2012-322_0237_20121117_152310_EX1206_MB.txt.mb162.gz,1153434,swath,subset (nav ∩ footprint buffered 4.0 km)
EX1206,EX1206_EX03192012_2012-322_0238_20121117_152545_EX1206_MB.txt.mb162,https://data.ngdc.noaa.gov/platforms/ocean/ships/okeanos_explorer/EX1206/multibeam/data/version2/MB/EX1206_EX03192012_2012-322_0238_20121117_152545_EX1206_MB.txt.mb162,36700160,swath,subset (nav ∩ footprint buffered 4.0 km)
EX1206,EX1206_EX03192012_2012-322_0238_20121117_152545_EX1206_MB.txt.mb162.gz,https://data.ngdc.noaa.gov/platforms/ocean/ships/okeanos_explorer/EX1206/multibeam/data/version2/MB/EX1206_EX03192012_2012-322_0238_20121117_152545_EX1206_MB.txt.mb162.gz,11534336,swath,subset (nav ∩ footprint buffered 4.0 km)
EX1206,EX1206_EX03192012_2012-322_0239_20121117_155656_EX1206_MB.txt.mb162,https://data.ngdc.noaa.gov/platforms/ocean/ships/okeanos_explorer/EX1206/multibeam/data/version2/MB/EX1206_EX03192012_2012-322_0239_20121117_155656_EX1206_MB.txt.mb162,8912896,swath,subset (nav ∩ footprint buffered 4.0 km)
EX1206,EX1206_EX03192012_2012-322_0239_20121117_155656_EX1206_MB.txt.mb162.gz,https://data.ngdc.noaa.gov/platforms/ocean/ships/okeanos_explorer/EX1206/multibeam/data/version2/MB/EX1206_EX03192012_2012-322_0239_20121117_155656_EX1206_MB.txt.mb162.gz,2831155,swath,subset (nav ∩ footprint buffered 4.0 km)
EX1206,EX1206_EX03192012_2012-322_0240_20121117_160509_EX1206_MB.txt.mb162,https://data.ngdc.noaa.gov/platforms/ocean/ships/okeanos_explorer/EX1206/multibeam/data/version2/MB/EX1206_EX03192012_2012-322_0240_20121117_160509_EX1206_MB.txt.mb162,97517568,swath,subset (nav ∩ footprint buffered 4.0 km)
EX1206,EX1206_EX03192012_2012-322_0240_20121117_160509_EX1206_MB.txt.mb162.gz,https://data.ngdc.noaa.gov/platforms/ocean/ships/okeanos_explorer/EX1206/multibeam/data/version2/MB/EX1206_EX03192012_2012-322_0240_20121117_160509_EX1206_MB.txt.mb162.gz,28311552,swath,subset (nav ∩ footprint buffered 4.0 km)
EX1206,EX1206_EX03192012_2012-322_0241_20121117_171551_EX1206_MB.txt.mb162,https://data.ngdc.noaa.gov/platforms/ocean/ships/okeanos_explorer/EX1206/multibeam/data/version2/MB/EX1206_EX03192012_2012-322_0241_20121117_171551_EX1206_MB.txt.mb162,178257920,swath,subset (nav ∩ footprint buffered 4.0 km)
EX1206,EX1206_EX03192012_2012-322_0241_20121117_171551_EX1206_MB.txt.mb162.gz,https://data.ngdc.noaa.gov/platforms/ocean/ships/okeanos_explorer/EX1206/multibeam/data/version2/MB/EX1206_EX03192012_2012-322_0241_20121117_171551_EX1206_MB.txt.mb162.gz,53477376,swath,subset (nav ∩ footprint buffered 4.0 km)
EX1206,EX1206_EX03192012_2012-322_0242_20121117_191318_EX1206_MB.txt.mb162,https://data.ngdc.noaa.gov/platforms/ocean/ships/okeanos_explorer/EX1206/multibeam/data/version2/MB/EX1206_EX03192012_2012-322_0242_20121117_191318_EX1206_MB.txt.mb162,97517568,swath,subset (nav ∩ footprint buffered 4.0 km)
EX1206,EX1206_EX03192012_2012-322_0242_20121117_191318_EX1206_MB.txt.mb162.gz,https://data.ngdc.noaa.gov/platforms/ocean/ships/okeanos_explorer/EX1206/multibeam/data/version2/MB/EX1206_EX03192012_2012-322_0242_20121117_191318_EX1206_MB.txt.mb162.gz,29360128,swath,subset (nav ∩ footprint buffered 4.0 km)
EX1206,EX1206_EX03192012_2012-322_0243_20121117_200523_EX1206_MB.txt.mb162,https://data.ngdc.noaa.gov/platforms/ocean/ships/okeanos_explorer/EX1206/multibeam/data/version2/MB/EX1206_EX03192012_2012-322_0243_20121117_200523_EX1206_MB.txt.mb162,18874368,swath,subset (nav ∩ footprint buffered 4.0 km)
EX1206,EX1206_EX03192012_2012-322_0243_20121117_200523_EX1206_MB.txt.mb162.gz,https://data.ngdc.noaa.gov/platforms/ocean/ships/okeanos_explorer/EX1206/multibeam/data/version2/MB/EX1206_EX03192012_2012-322_0243_20121117_200523_EX1206_MB.txt.mb162.gz,5452595,swath,subset (nav ∩ footprint buffered 4.0 km)
EX1206,EX1206_EX03192012_2012-322_0244_20121117_201400_EX1206_MB.txt.mb162,https://data.ngdc.noaa.gov/platforms/ocean/ships/okeanos_explorer/EX1206/multibeam/data/version2/MB/EX1206_EX03192012_2012-322_0244_20121117_201400_EX1206_MB.txt.mb162,29360128,swath,subset (nav ∩ footprint buffered 4.0 km)
EX1206,EX1206_EX03192012_2012-322_0244_20121117_201400_EX1206_MB.txt.mb162.gz,https://data.ngdc.noaa.gov/platforms/ocean/ships/okeanos_explorer/EX1206/multibeam/data/version2/MB/EX1206_EX03192012_2012-322_0244_20121117_201400_EX1206_MB.txt.mb162.gz,8808038,swath,subset (nav ∩ footprint buffered 4.0 km)
EX1206,EX1206_EX03192012_2012-322_0245_20121117_204452_EX1206_MB.txt.mb162,https://data.ngdc.noaa.gov/platforms/ocean/ships/okeanos_explorer/EX1206/multibeam/data/version2/MB/EX1206_EX03192012_2012-322_0245_20121117_204452_EX1206_MB.txt.mb162,11534336,swath,subset (nav ∩ footprint buffered 4.0 km)
EX1206,EX1206_EX03192012_2012-322_0245_20121117_204452_EX1206_MB.txt.mb162.gz,https://data.ngdc.noaa.gov/platforms/ocean/ships/okeanos_explorer/EX1206/multibeam/data/version2/MB/EX1206_EX03192012_2012-322_0245_20121117_204452_EX1206_MB.txt.mb162.gz,3774874,swath,subset (nav ∩ footprint buffered 4.0 km)
EX1206,EX1206_EX03192012_2012-322_0246_20121117_211132_EX1206_MB.txt.mb162,https://data.ngdc.noaa.gov/platforms/ocean/ships/okeanos_explorer/EX1206/multibeam/data/version2/MB/EX1206_EX03192012_2012-322_0246_20121117_211132_EX1206_MB.txt.mb162,54525952,swath,subset (nav ∩ footprint buffered 4.0 km)
EX1206,EX1206_EX03192012_2012-322_0246_20121117_211132_EX1206_MB.txt.mb162.gz,https://data.ngdc.noaa.gov/platforms/ocean/ships/okeanos_explorer/EX1206/multibeam/data/version2/MB/EX1206_EX03192012_2012-322_0246_20121117_211132_EX1206_MB.txt.mb162.gz,16777216,swath,subset (nav ∩ footprint buffered 4.0 km)
EX1206,EX1206_EX03192012_2012-322_0247_20121117_220925_EX1206_MB.txt.mb162,https://data.ngdc.noaa.gov/platforms/ocean/ships/okeanos_explorer/EX1206/multibeam/data/version2/MB/EX1206_EX03192012_2012-322_0247_20121117_220925_EX1206_MB.txt.mb162,73400320,swath,subset (nav ∩ footprint buffered 4.0 km)
EX1206,EX1206_EX03192012_2012-322_0247_20121117_220925_EX1206_MB.txt.mb162.gz,https://data.ngdc.noaa.gov/platforms/ocean/ships/okeanos_explorer/EX1206/multibeam/data/version2/MB/EX1206_EX03192012_2012-322_0247_20121117_220925_EX1206_MB.txt.mb162.gz,22020096,swath,subset (nav ∩ footprint buffered 4.0 km)
EX1206,EX1206_EX03192012_2012-322_0248_20121117_231430_EX1206_MB.txt.mb162,https://data.ngdc.noaa.gov/platforms/ocean/ships/okeanos_explorer/EX1206/multibeam/data/version2/MB/EX1206_EX03192012_2012-322_0248_20121117_231430_EX1206_MB.txt.mb162,5557453,swath,subset (nav ∩ footprint buffered 4.0 km)
EX1206,EX1206_EX03192012_2012-322_0248_20121117_231430_EX1206_MB.txt.mb162.gz,https://data.ngdc.noaa.gov/platforms/ocean/ships/okeanos_explorer/EX1206/multibeam/data/version2/MB/EX1206_EX03192012_2012-322_0248_20121117_231430_EX1206_MB.txt.mb162.gz,1887437,swath,subset (nav ∩ footprint buffered 4.0 km)
EX1206,EX1206_EX03192012_2012-322_0249_20121117_232745_EX1206_MB.txt.mb162,https://data.ngdc.noaa.gov/platforms/ocean/ships/okeanos_explorer/EX1206/multibeam/data/version2/MB/EX1206_EX03192012_2012-322_0249_20121117_232745_EX1206_MB.txt.mb162,9856614,swath,subset (nav ∩ footprint buffered 4.0 km)
EX1206,EX1206_EX03192012_2012-322_0249_20121117_232745_EX1206_MB.txt.mb162.gz,https://data.ngdc.noaa.gov/platforms/ocean/ships/okeanos_explorer/EX1206/multibeam/data/version2/MB/EX1206_EX03192012_2012-322_0249_20121117_232745_EX1206_MB.txt.mb162.gz,3460301,swath,subset (nav ∩ footprint buffered 4.0 km)
EX1206,EX1206_EX03192012_2012-323_0250_20121118_000006_EX1206_MB.txt.mb162,https://data.ngdc.noaa.gov/platforms/ocean/ships/okeanos_explorer/EX1206/multibeam/data/version2/MB/EX1206_EX03192012_2012-323_0250_20121118_000006_EX1206_MB.txt.mb162,10066330,swath,subset (nav ∩ footprint buffered 4.0 km)
EX1206,EX1206_EX03192012_2012-323_0250_20121118_000006_EX1206_MB.txt.mb162.gz,https://data.ngdc.noaa.gov/platforms/ocean/ships/okeanos_explorer/EX1206/multibeam/data/version2/MB/EX1206_EX03192012_2012-323_0250_20121118_000006_EX1206_MB.txt.mb162.gz,3565158,swath,subset (nav ∩ footprint buffered 4.0 km)
EX1206,EX1206_EX03192012_2012-323_0251_20121118_003903_EX1206_MB.txt.mb162,https://data.ngdc.noaa.gov/platforms/ocean/ships/okeanos_explorer/EX1206/multibeam/data/version2/MB/EX1206_EX03192012_2012-323_0251_20121118_003903_EX1206_MB.txt.mb162,7969178,swath,subset (nav ∩ footprint buffered 4.0 km)
EX1206,EX1206_EX03192012_2012-323_0251_20121118_003903_EX1206_MB.txt.mb162.gz,https://data.ngdc.noaa.gov/platforms/ocean/ships/okeanos_explorer/EX1206/multibeam/data/version2/MB/EX1206_EX03192012_2012-323_0251_20121118_003903_EX1206_MB.txt.mb162.gz,2621440,swath,subset (nav ∩ footprint buffered 4.0 km)
EX1206,EX1206_EX03192012_2012-323_0252_20121118_011301_EX1206_MB.txt.mb162,https://data.ngdc.noaa.gov/platforms/ocean/ships/okeanos_explorer/EX1206/multibeam/data/version2/MB/EX1206_EX03192012_2012-323_0252_20121118_011301_EX1206_MB.txt.mb162,16777216,swath,subset (nav ∩ footprint buffered 4.0 km)
EX1206,EX1206_EX03192012_2012-323_0252_20121118_011301_EX1206_MB.txt.mb162.gz,https://data.ngdc.noaa.gov/platforms/ocean/ships/okeanos_explorer/EX1206/multibeam/data/version2/MB/EX1206_EX03192012_2012-323_0252_20121118_011301_EX1206_MB.txt.mb162.gz,5452595,swath,subset (nav ∩ footprint buffered 4.0 km)
EX1206,EX1206_EX03192012_2012-323_0253_20121118_031304_EX1206_MB.txt.mb162,https://data.ngdc.noaa.gov/platforms/ocean/ships/okeanos_explorer/EX1206/multibeam/data/version2/MB/EX1206_EX03192012_2012-323_0253_20121118_031304_EX1206_MB.txt.mb162,20971520,swath,subset (nav ∩ footprint buffered 4.0 km)
EX1206,EX1206_EX03192012_2012-323_0253_20121118_031304_EX1206_MB.txt.mb162.gz,https://data.ngdc.noaa.gov/platforms/ocean/ships/okeanos_explorer/EX1206/multibeam/data/version2/MB/EX1206_EX03192012_2012-323_0253_20121118_031304_EX1206_MB.txt.mb162.gz,6606029,swath,subset (nav ∩ footprint buffered 4.0 km)
EX1206,EX1206_EX03192012_2012-323_0254_20121118_051301_EX1206_MB.txt.mb162,https://data.ngdc.noaa.gov/platforms/ocean/ships/okeanos_explorer/EX1206/multibeam/data/version2/MB/EX1206_EX03192012_2012-323_0254_20121118_051301_EX1206_MB.txt.mb162,6081741,swath,subset (nav ∩ footprint buffered 4.0 km)
EX1206,EX1206_EX03192012_2012-323_0254_20121118_051301_EX1206_MB.txt.mb162.gz,https://data.ngdc.noaa.gov/platforms/ocean/ships/okeanos_explorer/EX1206/multibeam/data/version2/MB/EX1206_EX03192012_2012-323_0254_20121118_051301_EX1206_MB.txt.mb162.gz,1992294,swath,subset (nav ∩ footprint buffered 4.0 km)
EX1206,EX1206_EX03192012_2012-323_0255_20121118_054511_EX1206_MB.txt.mb162,https://data.ngdc.noaa.gov/platforms/ocean/ships/okeanos_explorer/EX1206/multibeam/data/version2/MB/EX1206_EX03192012_2012-323_0255_20121118_054511_EX1206_MB.txt.mb162,30408704,swath,subset (nav ∩ footprint buffered 4.0 km)
EX1206,EX1206_EX03192012_2012-323_0255_20121118_054511_EX1206_MB.txt.mb162.gz,https://data.ngdc.noaa.gov/platforms/ocean/ships/okeanos_explorer/EX1206/multibeam/data/version2/MB/EX1206_EX03192012_2012-323_0255_20121118_054511_EX1206_MB.txt.mb162.gz,10066330,swath,subset (nav ∩ footprint buffered 4.0 km)
EX1206,EX1206_EX03192012_2012-323_0256_20121118_074510_EX1206_MB.txt.mb162,https://data.ngdc.noaa.gov/platforms/ocean/ships/okeanos_explorer/EX1206/multibeam/data/version2/MB/EX1206_EX03192012_2012-323_0256_20121118_074510_EX1206_MB.txt.mb162,26214400,swath,subset (nav ∩ footprint buffered 4.0 km)
EX1206,EX1206_EX03192012_2012-323_0256_20121118_074510_EX1206_MB.txt.mb162.gz,https://data.ngdc.noaa.gov/platforms/ocean/ships/okeanos_explorer/EX1206/multibeam/data/version2/MB/EX1206_EX03192012_2012-323_0256_20121118_074510_EX1206_MB.txt.mb162.gz,8703181,swath,subset (nav ∩ footprint buffered 4.0 km)
EX1206,EX1206_EX03192012_2012-323_0257_20121118_092817_EX1206_MB.txt.mb162,https://data.ngdc.noaa.gov/platforms/ocean/ships/okeanos_explorer/EX1206/multibeam/data/version2/MB/EX1206_EX03192012_2012-323_0257_20121118_092817_EX1206_MB.txt.mb162,4823450,swath,subset (nav ∩ footprint buffered 4.0 km)
EX1206,EX1206_EX03192012_2012-323_0257_20121118_092817_EX1206_MB.txt.mb162.gz,https://data.ngdc.noaa.gov/platforms/ocean/ships/okeanos_explorer/EX1206/multibeam/data/version2/MB/EX1206_EX03192012_2012-323_0257_20121118_092817_EX1206_MB.txt.mb162.gz,1677722,swath,subset (nav ∩ footprint buffered 4.0 km)
EX1206,EX1206_EX03192012_2012-323_0258_20121118_095031_EX1206_MB.txt.mb162,https://data.ngdc.noaa.gov/platforms/ocean/ships/okeanos_explorer/EX1206/multibeam/data/version2/MB/EX1206_EX03192012_2012-323_0258_20121118_095031_EX1206_MB.txt.mb162,20971520,swath,subset (nav ∩ footprint buffered 4.0 km)
EX1206,EX1206_EX03192012_2012-323_0258_20121118_095031_EX1206_MB.txt.mb162.gz,https://data.ngdc.noaa.gov/platforms/ocean/ships/okeanos_explorer/EX1206/multibeam/data/version2/MB/EX1206_EX03192012_2012-323_0258_20121118_095031_EX1206_MB.txt.mb162.gz,6920602,swath,subset (nav ∩ footprint buffered 4.0 km)
EX1206,EX1206_EX03192012_2012-323_0259_20121118_115033_EX1206_MB.txt.mb162,https://data.ngdc.noaa.gov/platforms/ocean/ships/okeanos_explorer/EX1206/multibeam/data/version2/MB/EX1206_EX03192012_2012-323_0259_20121118_115033_EX1206_MB.txt.mb162,16777216,swath,subset (nav ∩ footprint buffered 4.0 km)
EX1206,EX1206_EX03192012_2012-323_0259_20121118_115033_EX1206_MB.txt.mb162.gz,https://data.ngdc.noaa.gov/platforms/ocean/ships/okeanos_explorer/EX1206/multibeam/data/version2/MB/EX1206_EX03192012_2012-323_0259_20121118_115033_EX1206_MB.txt.mb162.gz,5242880,swath,subset (nav ∩ footprint buffered 4.0 km)
EX1206,EX1206_EX03192012_2012-323_0260_20121118_131445_EX1206_MB.txt.mb162,https://data.ngdc.noaa.gov/platforms/ocean/ships/okeanos_explorer/EX1206/multibeam/data/version2/MB/EX1206_EX03192012_2012-323_0260_20121118_131445_EX1206_MB.txt.mb162,5138022,swath,subset (nav ∩ footprint buffered 4.0 km)
EX1206,EX1206_EX03192012_2012-323_0260_20121118_131445_EX1206_MB.txt.mb162.gz,https://data.ngdc.noaa.gov/platforms/ocean/ships/okeanos_explorer/EX1206/multibeam/data/version2/MB/EX1206_EX03192012_2012-323_0260_20121118_131445_EX1206_MB.txt.mb162.gz,1677722,swath,subset (nav ∩ footprint buffered 4.0 km)
EX1206,EX1206_EX03192012_2012-323_0261_20121118_133515_EX1206_MB.txt.mb162,https://data.ngdc.noaa.gov/platforms/ocean/ships/okeanos_explorer/EX1206/multibeam/data/version2/MB/EX1206_EX03192012_2012-323_0261_20121118_133515_EX1206_MB.txt.mb162,28311552,swath,subset (nav ∩ footprint buffered 4.0 km)
EX1206,EX1206_EX03192012_2012-323_0261_20121118_133515_EX1206_MB.txt.mb162.gz,https://data.ngdc.noaa.gov/platforms/ocean/ships/okeanos_explorer/EX1206/multibeam/data/version2/MB/EX1206_EX03192012_2012-323_0261_20121118_133515_EX1206_MB.txt.mb162.gz,9332326,swath,subset (nav ∩ footprint buffered 4.0 km)
EX1206,EX1206_EX03192012_2012-323_0262_20121118_153514_EX1206_MB.txt.mb162,https://data.ngdc.noaa.gov/platforms/ocean/ships/okeanos_explorer/EX1206/multibeam/data/version2/MB/EX1206_EX03192012_2012-323_0262_20121118_153514_EX1206_MB.txt.mb162,25165824,swath,subset (nav ∩ footprint buffered 4.0 km)
EX1206,EX1206_EX03192012_2012-323_0262_20121118_153514_EX1206_MB.txt.mb162.gz,https://data.ngdc.noaa.gov/platforms/ocean/ships/okeanos_explorer/EX1206/multibeam/data/version2/MB/EX1206_EX03192012_2012-323_0262_20121118_153514_EX1206_MB.txt.mb162.gz,8388608,swath,subset (nav ∩ footprint buffered 4.0 km)
EX1206,EX1206_EX03192012_2012-323_0263_20121118_172140_EX1206_MB.txt.mb162,https://data.ngdc.noaa.gov/platforms/ocean/ships/okeanos_explorer/EX1206/multibeam/data/version2/MB/EX1206_EX03192012_2012-323_0263_20121118_172140_EX1206_MB.txt.mb162,3879731,swath,subset (nav ∩ footprint buffered 4.0 km)
EX1206,EX1206_EX03192012_2012-323_0263_20121118_172140_EX1206_MB.txt.mb162.gz,https://data.ngdc.noaa.gov/platforms/ocean/ships/okeanos_explorer/EX1206/multibeam/data/version2/MB/EX1206_EX03192012_2012-323_0263_20121118_172140_EX1206_MB.txt.mb162.gz,1363149,swath,subset (nav ∩ footprint buffered 4.0 km)
EX1206,EX1206_EX03192012_2012-323_0264_20121118_173916_EX1206_MB.txt.mb162,https://data.ngdc.noaa.gov/platforms/ocean/ships/okeanos_explorer/EX1206/multibeam/data/version2/MB/EX1206_EX03192012_2012-323_0264_20121118_173916_EX1206_MB.txt.mb162,9961472,swath,subset (nav ∩ footprint buffered 4.0 km)
EX1206,EX1206_EX03192012_2012-323_0264_20121118_173916_EX1206_MB.txt.mb162.gz,https://data.ngdc.noaa.gov/platforms/ocean/ships/okeanos_explorer/EX1206/multibeam/data/version2/MB/EX1206_EX03192012_2012-323_0264_20121118_173916_EX1206_MB.txt.mb162.gz,3460301,swath,subset (nav ∩ footprint buffered 4.0 km)
EX1206,EX1206_EX03192012_2012-323_0265_20121118_182039_EX1206_MB.txt.mb162,https://data.ngdc.noaa.gov/platforms/ocean/ships/okeanos_explorer/EX1206/multibeam/data/version2/MB/EX1206_EX03192012_2012-323_0265_20121118_182039_EX1206_MB.txt.mb162,2202010,swath,subset (nav ∩ footprint buffered 4.0 km)
EX1206,EX1206_EX03192012_2012-323_0265_20121118_182039_EX1206_MB.txt.mb162.gz,https://data.ngdc.noaa.gov/platforms/ocean/ships/okeanos_explorer/EX1206/multibeam/data/version2/MB/EX1206_EX03192012_2012-323_0265_20121118_182039_EX1206_MB.txt.mb162.gz,781312,swath,subset (nav ∩ footprint buffered 4.0 km)
EX1206,EX1206_EX03192012_2012-323_0266_20121118_183113_EX1206_MB.txt.mb162,https://data.ngdc.noaa.gov/platforms/ocean/ships/okeanos_explorer/EX1206/multibeam/data/version2/MB/EX1206_EX03192012_2012-323_0266_20121118_183113_EX1206_MB.txt.mb162,3040870,swath,subset (nav ∩ footprint buffered 4.0 km)
EX1206,EX1206_EX03192012_2012-323_0266_20121118_183113_EX1206_MB.txt.mb162.gz,https://data.ngdc.noaa.gov/platforms/ocean/ships/okeanos_explorer/EX1206/multibeam/data/version2/MB/EX1206_EX03192012_2012-323_0266_20121118_183113_EX1206_MB.txt.mb162.gz,1048576,swath,subset (nav ∩ footprint buffered 4.0 km)
EX1206,EX1206_EX03192012_2012-323_0267_20121118_185135_EX1206_MB.txt.mb162,https://data.ngdc.noaa.gov/platforms/ocean/ships/okeanos_explorer/EX1206/multibeam/data/version2/MB/EX1206_EX03192012_2012-323_0267_20121118_185135_EX1206_MB.txt.mb162,3355443,swath,subset (nav ∩ footprint buffered 4.0 km)
EX1206,EX1206_EX03192012_2012-323_0267_20121118_185135_EX1206_MB.txt.mb162.gz,https://data.ngdc.noaa.gov/platforms/ocean/ships/okeanos_explorer/EX1206/multibeam/data/version2/MB/EX1206_EX03192012_2012-323_0267_20121118_185135_EX1206_MB.txt.mb162.gz,1153434,swath,subset (nav ∩ footprint buffered 4.0 km)
EX1206,EX1206_EX03192012_2012-323_0268_20121118_190719_EX1206_MB.txt.mb162,https://data.ngdc.noaa.gov/platforms/ocean/ships/okeanos_explorer/EX1206/multibeam/data/version2/MB/EX1206_EX03192012_2012-323_0268_20121118_190719_EX1206_MB.txt.mb162,4404019,swath,subset (nav ∩ footprint buffered 4.0 km)
EX1206,EX1206_EX03192012_2012-323_0268_20121118_190719_EX1206_MB.txt.mb162.gz,https://data.ngdc.noaa.gov/platforms/ocean/ships/okeanos_explorer/EX1206/multibeam/data/version2/MB/EX1206_EX03192012_2012-323_0268_20121118_190719_EX1206_MB.txt.mb162.gz,1572864,swath,subset (nav ∩ footprint buffered 4.0 km)
EX1206,EX1206_EX03192012_2012-323_0269_20121118_192505_EX1206_MB.txt.mb162,https://data.ngdc.noaa.gov/platforms/ocean/ships/okeanos_explorer/EX1206/multibeam/data/version2/MB/EX1206_EX03192012_2012-323_0269_20121118_192505_EX1206_MB.txt.mb162,45088768,swath,subset (nav ∩ footprint buffered 4.0 km)
EX1206,EX1206_EX03192012_2012-323_0269_20121118_192505_EX1206_MB.txt.mb162.gz,https://data.ngdc.noaa.gov/platforms/ocean/ships/okeanos_explorer/EX1206/multibeam/data/version2/MB/EX1206_EX03192012_2012-323_0269_20121118_192505_EX1206_MB.txt.mb162.gz,15728640,swath,subset (nav ∩ footprint buffered 4.0 km)
EX1206,EX1206_EX03192012_2012-323_0270_20121118_211114_EX1206_MB.txt.mb162,https://data.ngdc.noaa.gov/platforms/ocean/ships/okeanos_explorer/EX1206/multibeam/data/version2/MB/EX1206_EX03192012_2012-323_0270_20121118_211114_EX1206_MB.txt.mb162,7549747,swath,subset (nav ∩ footprint buffered 4.0 km)
EX1206,EX1206_EX03192012_2012-323_0270_20121118_211114_EX1206_MB.txt.mb162.gz,https://data.ngdc.noaa.gov/platforms/ocean/ships/okeanos_explorer/EX1206/multibeam/data/version2/MB/EX1206_EX03192012_2012-323_0270_20121118_211114_EX1206_MB.txt.mb162.gz,2411725,swath,subset (nav ∩ footprint buffered 4.0 km)
EX1206,EX1206_EX03192012_2012-323_0271_20121118_212330_EX1206_MB.txt.mb162,https://data.ngdc.noaa.gov/platforms/ocean/ships/okeanos_explorer/EX1206/multibeam/data/version2/MB/EX1206_EX03192012_2012-323_0271_20121118_212330_EX1206_MB.txt.mb162,30408704,swath,subset (nav ∩ footprint buffered 4.0 km)
EX1206,EX1206_EX03192012_2012-323_0271_20121118_212330_EX1206_MB.txt.mb162.gz,https://data.ngdc.noaa.gov/platforms/ocean/ships/okeanos_explorer/EX1206/multibeam/data/version2/MB/EX1206_EX03192012_2012-323_0271_20121118_212330_EX1206_MB.txt.mb162.gz,10276045,swath,subset (nav ∩ footprint buffered 4.0 km)
EX1206,EX1206_EX03192012_2012-323_0272_20121118_220512_EX1206_MB.txt.mb162,https://data.ngdc.noaa.gov/platforms/ocean/ships/okeanos_explorer/EX1206/multibeam/data/version2/MB/EX1206_EX03192012_2012-323_0272_20121118_220512_EX1206_MB.txt.mb162,9856614,swath,subset (nav ∩ footprint buffered 4.0 km)
EX1206,EX1206_EX03192012_2012-323_0272_20121118_220512_EX1206_MB.txt.mb162.gz,https://data.ngdc.noaa.gov/platforms/ocean/ships/okeanos_explorer/EX1206/multibeam/data/version2/MB/EX1206_EX03192012_2012-323_0272_20121118_220512_EX1206_MB.txt.mb162.gz,3250586,swath,subset (nav ∩ footprint buffered 4.0 km)
EX1206,EX1206_EX03192012_2012-323_0274_20121118_221557_EX1206_MB.txt.mb162,https://data.ngdc.noaa.gov/platforms/ocean/ships/okeanos_explorer/EX1206/multibeam/data/version2/MB/EX1206_EX03192012_2012-323_0274_20121118_221557_EX1206_MB.txt.mb162,34603008,swath,subset (nav ∩ footprint buffered 4.0 km)
EX1206,EX1206_EX03192012_2012-323_0274_20121118_221557_EX1206_MB.txt.mb162.gz,https://data.ngdc.noaa.gov/platforms/ocean/ships/okeanos_explorer/EX1206/multibeam/data/version2/MB/EX1206_EX03192012_2012-323_0274_20121118_221557_EX1206_MB.txt.mb162.gz,11534336,swath,subset (nav ∩ footprint buffered 4.0 km)
EX1206,EX1206_EX03192012_2012-323_0275_20121118_230923_EX1206_MB.txt.mb162,https://data.ngdc.noaa.gov/platforms/ocean/ships/okeanos_explorer/EX1206/multibeam/data/version2/MB/EX1206_EX03192012_2012-323_0275_20121118_230923_EX1206_MB.txt.mb162,4299162,swath,subset (nav ∩ footprint buffered 4.0 km)
EX1206,EX1206_EX03192012_2012-323_0275_20121118_230923_EX1206_MB.txt.mb162.gz,https://data.ngdc.noaa.gov/platforms/ocean/ships/okeanos_explorer/EX1206/multibeam/data/version2/MB/EX1206_EX03192012_2012-323_0275_20121118_230923_EX1206_MB.txt.mb162.gz,1468006,swath,subset (nav ∩ footprint buffered 4.0 km)
EX1206,EX1206_EX03192012_2012-323_0276_20121118_232229_EX1206_MB.txt.mb162,https://data.ngdc.noaa.gov/platforms/ocean/ships/okeanos_explorer/EX1206/multibeam/data/version2/MB/EX1206_EX03192012_2012-323_0276_20121118_232229_EX1206_MB.txt.mb162,19922944,swath,subset (nav ∩ footprint buffered 4.0 km)
EX1206,EX1206_EX03192012_2012-323_0276_20121118_232229_EX1206_MB.txt.mb162.gz,https://data.ngdc.noaa.gov/platforms/ocean/ships/okeanos_explorer/EX1206/multibeam/data/version2/MB/EX1206_EX03192012_2012-323_0276_20121118_232229_EX1206_MB.txt.mb162.gz,6920602,swath,subset (nav ∩ footprint buffered 4.0 km)
EX1206,EX1206_EX03192012_2012-324_0277_20121119_000002_EX1206_MB.txt.mb162,https://data.ngdc.noaa.gov/platforms/ocean/ships/okeanos_explorer/EX1206/multibeam/data/version2/MB/EX1206_EX03192012_2012-324_0277_20121119_000002_EX1206_MB.txt.mb162,6291456,swath,subset (nav ∩ footprint buffered 4.0 km)
EX1206,EX1206_EX03192012_2012-324_0277_20121119_000002_EX1206_MB.txt.mb162.gz,https://data.ngdc.noaa.gov/platforms/ocean/ships/okeanos_explorer/EX1206/multibeam/data/version2/MB/EX1206_EX03192012_2012-324_0277_20121119_000002_EX1206_MB.txt.mb162.gz,2097152,swath,subset (nav ∩ footprint buffered 4.0 km)
EX1206,EX1206_EX03192012_2012-324_0278_20121119_000837_EX1206_MB.txt.mb162,https://data.ngdc.noaa.gov/platforms/ocean/ships/okeanos_explorer/EX1206/multibeam/data/version2/MB/EX1206_EX03192012_2012-324_0278_20121119_000837_EX1206_MB.txt.mb162,8703181,swath,subset (nav ∩ footprint buffered 4.0 km)
EX1206,EX1206_EX03192012_2012-324_0278_20121119_000837_EX1206_MB.txt.mb162.gz,https://data.ngdc.noaa.gov/platforms/ocean/ships/okeanos_explorer/EX1206/multibeam/data/version2/MB/EX1206_EX03192012_2012-324_0278_20121119_000837_EX1206_MB.txt.mb162.gz,2726298,swath,subset (nav ∩ footprint buffered 4.0 km)
EX1206,EX1206_EX03192012_2012-324_0279_20121119_001631_EX1206_MB.txt.mb162,https://data.ngdc.noaa.gov/platforms/ocean/ships/okeanos_explorer/EX1206/multibeam/data/version2/MB/EX1206_EX03192012_2012-324_0279_20121119_001631_EX1206_MB.txt.mb162,26214400,swath,subset (nav ∩ footprint buffered 4.0 km)
EX1206,EX1206_EX03192012_2012-324_0279_20121119_001631_EX1206_MB.txt.mb162.gz,https://data.ngdc.noaa.gov/platforms/ocean/ships/okeanos_explorer/EX1206/multibeam/data/version2/MB/EX1206_EX03192012_2012-324_0279_20121119_001631_EX1206_MB.txt.mb162.gz,9017754,swath,subset (nav ∩ footprint buffered 4.0 km)
EX1206,EX1206_EX03192012_2012-324_0280_20121119_010237_EX1206_MB.txt.mb162,https://data.ngdc.noaa.gov/platforms/ocean/ships/okeanos_explorer/EX1206/multibeam/data/version2/MB/EX1206_EX03192012_2012-324_0280_20121119_010237_EX1206_MB.txt.mb162,3460301,swath,subset (nav ∩ footprint buffered 4.0 km)
EX1206,EX1206_EX03192012_2012-324_0280_20121119_010237_EX1206_MB.txt.mb162.gz,https://data.ngdc.noaa.gov/platforms/ocean/ships/okeanos_explorer/EX1206/multibeam/data/version2/MB/EX1206_EX03192012_2012-324_0280_20121119_010237_EX1206_MB.txt.mb162.gz,1153434,swath,subset (nav ∩ footprint buffered 4.0 km)
EX1206,EX1206_EX03192012_2012-324_0281_20121119_011304_EX1206_MB.txt.mb162,https://data.ngdc.noaa.gov/platforms/ocean/ships/okeanos_explorer/EX1206/multibeam/data/version2/MB/EX1206_EX03192012_2012-324_0281_20121119_011304_EX1206_MB.txt.mb162,2306867,swath,subset (nav ∩ footprint buffered 4.0 km)
EX1206,EX1206_EX03192012_2012-324_0281_20121119_011304_EX1206_MB.txt.mb162.gz,https://data.ngdc.noaa.gov/platforms/ocean/ships/okeanos_explorer/EX1206/multibeam/data/version2/MB/EX1206_EX03192012_2012-324_0281_20121119_011304_EX1206_MB.txt.mb162.gz,778240,swath,subset (nav ∩ footprint buffered 4.0 km)
EX1206,EX1206_EX03192012_2012-324_0282_20121119_012215_EX1206_MB.txt.mb162,https://data.ngdc.noaa.gov/platforms/ocean/ships/okeanos_explorer/EX1206/multibeam/data/version2/MB/EX1206_EX03192012_2012-324_0282_20121119_012215_EX1206_MB.txt.mb162,3460301,swath,subset (nav ∩ footprint buffered 4.0 km)
EX1206,EX1206_EX03192012_2012-324_0282_20121119_012215_EX1206_MB.txt.mb162.gz,https://data.ngdc.noaa.gov/platforms/ocean/ships/okeanos_explorer/EX1206/multibeam/data/version2/MB/EX1206_EX03192012_2012-324_0282_20121119_012215_EX1206_MB.txt.mb162.gz,1153434,swath,subset (nav ∩ footprint buffered 4.0 km)
EX1206,EX1206_EX03192012_2012-324_0283_20121119_013707_EX1206_MB.txt.mb162,https://data.ngdc.noaa.gov/platforms/ocean/ships/okeanos_explorer/EX1206/multibeam/data/version2/MB/EX1206_EX03192012_2012-324_0283_20121119_013707_EX1206_MB.txt.mb162,57671680,swath,subset (nav ∩ footprint buffered 4.0 km)
EX1206,EX1206_EX03192012_2012-324_0283_20121119_013707_EX1206_MB.txt.mb162.gz,https://data.ngdc.noaa.gov/platforms/ocean/ships/okeanos_explorer/EX1206/multibeam/data/version2/MB/EX1206_EX03192012_2012-324_0283_20121119_013707_EX1206_MB.txt.mb162.gz,18874368,swath,subset (nav ∩ footprint buffered 4.0 km)
EX1206,EX1206_EX03192012_2012-324_0284_20121119_033708_EX1206_MB.txt.mb162,https://data.ngdc.noaa.gov/platforms/ocean/ships/okeanos_explorer/EX1206/multibeam/data/version2/MB/EX1206_EX03192012_2012-324_0284_20121119_033708_EX1206_MB.txt.mb162,19922944,swath,subset (nav ∩ footprint buffered 4.0 km)
EX1206,EX1206_EX03192012_2012-324_0284_20121119_033708_EX1206_MB.txt.mb162.gz,https://data.ngdc.noaa.gov/platforms/ocean/ships/okeanos_explorer/EX1206/multibeam/data/version2/MB/EX1206_EX03192012_2012-324_0284_20121119_033708_EX1206_MB.txt.mb162.gz,6606029,swath,subset (nav ∩ footprint buffered 4.0 km)
EX1206,EX1206_EX03192012_2012-324_0285_20121119_040854_EX1206_MB.txt.mb162,https://data.ngdc.noaa.gov/platforms/ocean/ships/okeanos_explorer/EX1206/multibeam/data/version2/MB/EX1206_EX03192012_2012-324_0285_20121119_040854_EX1206_MB.txt.mb162,8703181,swath,subset (nav ∩ footprint buffered 4.0 km)
EX1206,EX1206_EX03192012_2012-324_0285_20121119_040854_EX1206_MB.txt.mb162.gz,https://data.ngdc.noaa.gov/platforms/ocean/ships/okeanos_explorer/EX1206/multibeam/data/version2/MB/EX1206_EX03192012_2012-324_0285_20121119_040854_EX1206_MB.txt.mb162.gz,2831155,swath,subset (nav ∩ footprint buffered 4.0 km)
EX1206,EX1206_EX03192012_2012-324_0286_20121119_041943_EX1206_MB.txt.mb162,https://data.ngdc.noaa.gov/platforms/ocean/ships/okeanos_explorer/EX1206/multibeam/data/version2/MB/EX1206_EX03192012_2012-324_0286_20121119_041943_EX1206_MB.txt.mb162,35651584,swath,subset (nav ∩ footprint buffered 4.0 km)
EX1206,EX1206_EX03192012_2012-324_0286_20121119_041943_EX1206_MB.txt.mb162.gz,https://data.ngdc.noaa.gov/platforms/ocean/ships/okeanos_explorer/EX1206/multibeam/data/version2/MB/EX1206_EX03192012_2012-324_0286_20121119_041943_EX1206_MB.txt.mb162.gz,11534336,swath,subset (nav ∩ footprint buffered 4.0 km)
EX1206,EX1206_EX03192012_2012-324_0287_20121119_061943_EX1206_MB.txt.mb162,https://data.ngdc.noaa.gov/platforms/ocean/ships/okeanos_explorer/EX1206/multibeam/data/version2/MB/EX1206_EX03192012_2012-324_0287_20121119_061943_EX1206_MB.txt.mb162,10485760,swath,subset (nav ∩ footprint buffered 4.0 km)
EX1206,EX1206_EX03192012_2012-324_0287_20121119_061943_EX1206_MB.txt.mb162.gz,https://data.ngdc.noaa.gov/platforms/ocean/ships/okeanos_explorer/EX1206/multibeam/data/version2/MB/EX1206_EX03192012_2012-324_0287_20121119_061943_EX1206_MB.txt.mb162.gz,3355443,swath,subset (nav ∩ footprint buffered 4.0 km)
EX1206,EX1206_EX03192012_2012-324_0288_20121119_065806_EX1206_MB.txt.mb162,https://data.ngdc.noaa.gov/platforms/ocean/ships/okeanos_explorer/EX1206/multibeam/data/version2/MB/EX1206_EX03192012_2012-324_0288_20121119_065806_EX1206_MB.txt.mb162,4404019,swath,subset (nav ∩ footprint buffered 4.0 km)
EX1206,EX1206_EX03192012_2012-324_0288_20121119_065806_EX1206_MB.txt.mb162.gz,https://data.ngdc.noaa.gov/platforms/ocean/ships/okeanos_explorer/EX1206/multibeam/data/version2/MB/EX1206_EX03192012_2012-324_0288_20121119_065806_EX1206_MB.txt.mb162.gz,1468006,swath,subset (nav ∩ footprint buffered 4.0 km)
EX1206,EX1206_EX03192012_2012-324_0289_20121119_071353_EX1206_MB.txt.mb162,https://data.ngdc.noaa.gov/platforms/ocean/ships/okeanos_explorer/EX1206/multibeam/data/version2/MB/EX1206_EX03192012_2012-324_0289_20121119_071353_EX1206_MB.txt.mb162,41943040,swath,subset (nav ∩ footprint buffered 4.0 km)
EX1206,EX1206_EX03192012_2012-324_0289_20121119_071353_EX1206_MB.txt.mb162.gz,https://data.ngdc.noaa.gov/platforms/ocean/ships/okeanos_explorer/EX1206/multibeam/data/version2/MB/EX1206_EX03192012_2012-324_0289_20121119_071353_EX1206_MB.txt.mb162.gz,14680064,swath,subset (nav ∩ footprint buffered 4.0 km)
EX1206,EX1206_EX03192012_2012-324_0290_20121119_091351_EX1206_MB.txt.mb162,https://data.ngdc.noaa.gov/platforms/ocean/ships/okeanos_explorer/EX1206/multibeam/data/version2/MB/EX1206_EX03192012_2012-324_0290_20121119_091351_EX1206_MB.txt.mb162,10485760,swath,subset (nav ∩ footprint buffered 4.0 km)
EX1206,EX1206_EX03192012_2012-324_0290_20121119_091351_EX1206_MB.txt.mb162.gz,https://data.ngdc.noaa.gov/platforms/ocean/ships/okeanos_explorer/EX1206/multibeam/data/version2/MB/EX1206_EX03192012_2012-324_0290_20121119_091351_EX1206_MB.txt.mb162.gz,3565158,swath,subset (nav ∩ footprint buffered 4.0 km)
EX1206,EX1206_EX03192012_2012-324_0291_20121119_093728_EX1206_MB.txt.mb162,https://data.ngdc.noaa.gov/platforms/ocean/ships/okeanos_explorer/EX1206/multibeam/data/version2/MB/EX1206_EX03192012_2012-324_0291_20121119_093728_EX1206_MB.txt.mb162,2621440,swath,subset (nav ∩ footprint buffered 4.0 km)
EX1206,EX1206_EX03192012_2012-324_0291_20121119_093728_EX1206_MB.txt.mb162.gz,https://data.ngdc.noaa.gov/platforms/ocean/ships/okeanos_explorer/EX1206/multibeam/data/version2/MB/EX1206_EX03192012_2012-324_0291_20121119_093728_EX1206_MB.txt.mb162.gz,863232,swath,subset (nav ∩ footprint buffered 4.0 km)
EX1206,EX1206_EX03192012_2012-324_0292_20121119_094400_EX1206_MB.txt.mb162,https://data.ngdc.noaa.gov/platforms/ocean/ships/okeanos_explorer/EX1206/multibeam/data/version2/MB/EX1206_EX03192012_2012-324_0292_20121119_094400_EX1206_MB.txt.mb162,7025459,swath,subset (nav ∩ footprint buffered 4.0 km)
EX1206,EX1206_EX03192012_2012-324_0292_20121119_094400_EX1206_MB.txt.mb162.gz,https://data.ngdc.noaa.gov/platforms/ocean/ships/okeanos_explorer/EX1206/multibeam/data/version2/MB/EX1206_EX03192012_2012-324_0292_20121119_094400_EX1206_MB.txt.mb162.gz,2306867,swath,subset (nav ∩ footprint buffered 4.0 km)
EX1206,EX1206_EX03192012_2012-324_0293_20121119_101819_EX1206_MB.txt.mb162,https://data.ngdc.noaa.gov/platforms/ocean/ships/okeanos_explorer/EX1206/multibeam/data/version2/MB/EX1206_EX03192012_2012-324_0293_20121119_101819_EX1206_MB.txt.mb162,9122611,swath,subset (nav ∩ footprint buffered 4.0 km)
EX1206,EX1206_EX03192012_2012-324_0293_20121119_101819_EX1206_MB.txt.mb162.gz,https://data.ngdc.noaa.gov/platforms/ocean/ships/okeanos_explorer/EX1206/multibeam/data/version2/MB/EX1206_EX03192012_2012-324_0293_20121119_101819_EX1206_MB.txt.mb162.gz,3040870,swath,subset (nav ∩ footprint buffered 4.0 km)
EX1206,EX1206_EX03192012_2012-324_0294_20121119_104743_EX1206_MB.txt.mb162,https://data.ngdc.noaa.gov/platforms/ocean/ships/okeanos_explorer/EX1206/multibeam/data/version2/MB/EX1206_EX03192012_2012-324_0294_20121119_104743_EX1206_MB.txt.mb162,22020096,swath,subset (nav ∩ footprint buffered 4.0 km)
EX1206,EX1206_EX03192012_2012-324_0294_20121119_104743_EX1206_MB.txt.mb162.gz,https://data.ngdc.noaa.gov/platforms/ocean/ships/okeanos_explorer/EX1206/multibeam/data/version2/MB/EX1206_EX03192012_2012-324_0294_20121119_104743_EX1206_MB.txt.mb162.gz,7444890,swath,subset (nav ∩ footprint buffered 4.0 km)
EX1206,EX1206_EX03192012_2012-324_0295_20121119_115123_EX1206_MB.txt.mb162,https://data.ngdc.noaa.gov/platforms/ocean/ships/okeanos_explorer/EX1206/multibeam/data/version2/MB/EX1206_EX03192012_2012-324_0295_20121119_115123_EX1206_MB.txt.mb162,20971520,swath,subset (nav ∩ footprint buffered 4.0 km)
EX1206,EX1206_EX03192012_2012-324_0295_20121119_115123_EX1206_MB.txt.mb162.gz,https://data.ngdc.noaa.gov/platforms/ocean/ships/okeanos_explorer/EX1206/multibeam/data/version2/MB/EX1206_EX03192012_2012-324_0295_20121119_115123_EX1206_MB.txt.mb162.gz,7025459,swath,subset (nav ∩ footprint buffered 4.0 km)
EX1206,EX1206_EX03192012_2012-324_0296_20121119_123358_EX1206_MB.txt.mb162,https://data.ngdc.noaa.gov/platforms/ocean/ships/okeanos_explorer/EX1206/multibeam/data/version2/MB/EX1206_EX03192012_2012-324_0296_20121119_123358_EX1206_MB.txt.mb162,3984589,swath,subset (nav ∩ footprint buffered 4.0 km)
EX1206,EX1206_EX03192012_2012-324_0296_20121119_123358_EX1206_MB.txt.mb162.gz,https://data.ngdc.noaa.gov/platforms/ocean/ships/okeanos_explorer/EX1206/multibeam/data/version2/MB/EX1206_EX03192012_2012-324_0296_20121119_123358_EX1206_MB.txt.mb162.gz,1258291,swath,subset (nav ∩ footprint buffered 4.0 km)
EX1206,EX1206_EX03192012_2012-324_0297_20121119_123743_EX1206_MB.txt.mb162,https://data.ngdc.noaa.gov/platforms/ocean/ships/okeanos_explorer/EX1206/multibeam/data/version2/MB/EX1206_EX03192012_2012-324_0297_20121119_123743_EX1206_MB.txt.mb162,91226112,swath,subset (nav ∩ footprint buffered 4.0 km)
EX1206,EX1206_EX03192012_2012-324_0297_20121119_123743_EX1206_MB.txt.mb162.gz,https://data.ngdc.noaa.gov/platforms/ocean/ships/okeanos_explorer/EX1206/multibeam/data/version2/MB/EX1206_EX03192012_2012-324_0297_20121119_123743_EX1206_MB.txt.mb162.gz,28311552,swath,subset (nav ∩ footprint buffered 4.0 km)
EX1206,EX1206_EX03192012_2012-324_0298_20121119_134451_EX1206_MB.txt.mb162,https://data.ngdc.noaa.gov/platforms/ocean/ships/okeanos_explorer/EX1206/multibeam/data/version2/MB/EX1206_EX03192012_2012-324_0298_20121119_134451_EX1206_MB.txt.mb162,38797312,swath,subset (nav ∩ footprint buffered 4.0 km)
EX1206,EX1206_EX03192012_2012-324_0298_20121119_134451_EX1206_MB.txt.mb162.gz,https://data.ngdc.noaa.gov/platforms/ocean/ships/okeanos_explorer/EX1206/multibeam/data/version2/MB/EX1206_EX03192012_2012-324_0298_20121119_134451_EX1206_MB.txt.mb162.gz,12582912,swath,subset (nav ∩ footprint buffered 4.0 km)
EX1206,EX1206_EX03192012_2012-324_0299_20121119_142037_EX1206_MB.txt.mb162,https://data.ngdc.noaa.gov/platforms/ocean/ships/okeanos_explorer/EX1206/multibeam/data/version2/MB/EX1206_EX03192012_2012-324_0299_20121119_142037_EX1206_MB.txt.mb162,35651584,swath,subset (nav ∩ footprint buffered 4.0 km)
EX1206,EX1206_EX03192012_2012-324_0299_20121119_142037_EX1206_MB.txt.mb162.gz,https://data.ngdc.noaa.gov/platforms/ocean/ships/okeanos_explorer/EX1206/multibeam/data/version2/MB/EX1206_EX03192012_2012-324_0299_20121119_142037_EX1206_MB.txt.mb162.gz,10485760,swath,subset (nav ∩ footprint buffered 4.0 km)
EX1206,EX1206_EX03192012_2012-324_0300_20121119_143901_EX1206_MB.txt.mb162,https://data.ngdc.noaa.gov/platforms/ocean/ships/okeanos_explorer/EX1206/multibeam/data/version2/MB/EX1206_EX03192012_2012-324_0300_20121119_143901_EX1206_MB.txt.mb162,37748736,swath,subset (nav ∩ footprint buffered 4.0 km)
EX1206,EX1206_EX03192012_2012-324_0300_20121119_143901_EX1206_MB.txt.mb162.gz,https://data.ngdc.noaa.gov/platforms/ocean/ships/okeanos_explorer/EX1206/multibeam/data/version2/MB/EX1206_EX03192012_2012-324_0300_20121119_143901_EX1206_MB.txt.mb162.gz,12582912,swath,subset (nav ∩ footprint buffered 4.0 km)
EX1206,EX1206_EX03192012_2012-324_0301_20121119_152525_EX1206_MB.txt.mb162,https://data.ngdc.noaa.gov/platforms/ocean/ships/okeanos_explorer/EX1206/multibeam/data/version2/MB/EX1206_EX03192012_2012-324_0301_20121119_152525_EX1206_MB.txt.mb162,8283750,swath,subset (nav ∩ footprint buffered 4.0 km)
EX1206,EX1206_EX03192012_2012-324_0301_20121119_152525_EX1206_MB.txt.mb162.gz,https://data.ngdc.noaa.gov/platforms/ocean/ships/okeanos_explorer/EX1206/multibeam/data/version2/MB/EX1206_EX03192012_2012-324_0301_20121119_152525_EX1206_MB.txt.mb162.gz,2831155,swath,subset (nav ∩ footprint buffered 4.0 km)
EX1206,EX1206_EX03192012_2012-324_0302_20121119_154148_EX1206_MB.txt.mb162,https://data.ngdc.noaa.gov/platforms/ocean/ships/okeanos_explorer/EX1206/multibeam/data/version2/MB/EX1206_EX03192012_2012-324_0302_20121119_154148_EX1206_MB.txt.mb162,37748736,swath,subset (nav ∩ footprint buffered 4.0 km)
EX1206,EX1206_EX03192012_2012-324_0302_20121119_154148_EX1206_MB.txt.mb162.gz,https://data.ngdc.noaa.gov/platforms/ocean/ships/okeanos_explorer/EX1206/multibeam/data/version2/MB/EX1206_EX03192012_2012-324_0302_20121119_154148_EX1206_MB.txt.mb162.gz,12582912,swath,subset (nav ∩ footprint buffered 4.0 km)
EX1206,EX1206_EX03192012_2012-324_0303_20121119_163011_EX1206_MB.txt.mb162,https://data.ngdc.noaa.gov/platforms/ocean/ships/okeanos_explorer/EX1206/multibeam/data/version2/MB/EX1206_EX03192012_2012-324_0303_20121119_163011_EX1206_MB.txt.mb162,16777216,swath,subset (nav ∩ footprint buffered 4.0 km)
EX1206,EX1206_EX03192012_2012-324_0303_20121119_163011_EX1206_MB.txt.mb162.gz,https://data.ngdc.noaa.gov/platforms/ocean/ships/okeanos_explorer/EX1206/multibeam/data/version2/MB/EX1206_EX03192012_2012-324_0303_20121119_163011_EX1206_MB.txt.mb162.gz,5138022,swath,subset (nav ∩ footprint buffered 4.0 km)
EX1206,EX1206_EX03192012_2012-324_0304_20121119_163946_EX1206_MB.txt.mb162,https://data.ngdc.noaa.gov/platforms/ocean/ships/okeanos_explorer/EX1206/multibeam/data/version2/MB/EX1206_EX03192012_2012-324_0304_20121119_163946_EX1206_MB.txt.mb162,88080384,swath,subset (nav ∩ footprint buffered 4.0 km)
EX1206,EX1206_EX03192012_2012-324_0304_20121119_163946_EX1206_MB.txt.mb162.gz,https://data.ngdc.noaa.gov/platforms/ocean/ships/okeanos_explorer/EX1206/multibeam/data/version2/MB/EX1206_EX03192012_2012-324_0304_20121119_163946_EX1206_MB.txt.mb162.gz,27262976,swath,subset (nav ∩ footprint buffered 4.0 km)
EX1206,EX1206_EX03192012_2012-324_0305_20121119_174351_EX1206_MB.txt.mb162,https://data.ngdc.noaa.gov/platforms/ocean/ships/okeanos_explorer/EX1206/multibeam/data/version2/MB/EX1206_EX03192012_2012-324_0305_20121119_174351_EX1206_MB.txt.mb162,18874368,swath,subset (nav ∩ footprint buffered 4.0 km)
EX1206,EX1206_EX03192012_2012-324_0305_20121119_174351_EX1206_MB.txt.mb162.gz,https://data.ngdc.noaa.gov/platforms/ocean/ships/okeanos_explorer/EX1206/multibeam/data/version2/MB/EX1206_EX03192012_2012-324_0305_20121119_174351_EX1206_MB.txt.mb162.gz,5767168,swath,subset (nav ∩ footprint buffered 4.0 km)
EX1206,EX1206_EX03192012_2012-324_0306_20121119_180151_EX1206_MB.txt.mb162,https://data.ngdc.noaa.gov/platforms/ocean/ships/okeanos_explorer/EX1206/multibeam/data/version2/MB/EX1206_EX03192012_2012-324_0306_20121119_180151_EX1206_MB.txt.mb162,116391936,swath,subset (nav ∩ footprint buffered 4.0 km)
EX1206,EX1206_EX03192012_2012-324_0306_20121119_180151_EX1206_MB.txt.mb162.gz,https://data.ngdc.noaa.gov/platforms/ocean/ships/okeanos_explorer/EX1206/multibeam/data/version2/MB/EX1206_EX03192012_2012-324_0306_20121119_180151_EX1206_MB.txt.mb162.gz,35651584,swath,subset (nav ∩ footprint buffered 4.0 km)
EX1206,EX1206_EX03192012_2012-324_0307_20121119_190613_EX1206_MB.txt.mb162,https://data.ngdc.noaa.gov/platforms/ocean/ships/okeanos_explorer/EX1206/multibeam/data/version2/MB/EX1206_EX03192012_2012-324_0307_20121119_190613_EX1206_MB.txt.mb162,322961408,swath,subset (nav ∩ footprint buffered 4.0 km)
EX1206,EX1206_EX03192012_2012-324_0307_20121119_190613_EX1206_MB.txt.mb162.gz,https://data.ngdc.noaa.gov/platforms/ocean/ships/okeanos_explorer/EX1206/multibeam/data/version2/MB/EX1206_EX03192012_2012-324_0307_20121119_190613_EX1206_MB.txt.mb162.gz,93323264,swath,subset (nav ∩ footprint buffered 4.0 km)
EX1206,EX1206_EX03192012_2012-324_0308_20121119_210613_EX1206_MB.txt.mb162,https://data.ngdc.noaa.gov/platforms/ocean/ships/okeanos_explorer/EX1206/multibeam/data/version2/MB/EX1206_EX03192012_2012-324_0308_20121119_210613_EX1206_MB.txt.mb162,335544320,swath,subset (nav ∩ footprint buffered 4.0 km)
EX1206,EX1206_EX03192012_2012-324_0308_20121119_210613_EX1206_MB.txt.mb162.gz,https://data.ngdc.noaa.gov/platforms/ocean/ships/okeanos_explorer/EX1206/multibeam/data/version2/MB/EX1206_EX03192012_2012-324_0308_20121119_210613_EX1206_MB.txt.mb162.gz,95420416,swath,subset (nav ∩ footprint buffered 4.0 km)
EX1206,EX1206_EX03192012_2012-324_0309_20121119_230613_EX1206_MB.txt.mb162,https://data.ngdc.noaa.gov/platforms/ocean/ships/okeanos_explorer/EX1206/multibeam/data/version2/MB/EX1206_EX03192012_2012-324_0309_20121119_230613_EX1206_MB.txt.mb162,139460608,swath,subset (nav ∩ footprint buffered 4.0 km)
EX1206,EX1206_EX03192012_2012-324_0309_20121119_230613_EX1206_MB.txt.mb162.gz,https://data.ngdc.noaa.gov/platforms/ocean/ships/okeanos_explorer/EX1206/multibeam/data/version2/MB/EX1206_EX03192012_2012-324_0309_20121119_230613_EX1206_MB.txt.mb162.gz,40894464,swath,subset (nav ∩ footprint buffered 4.0 km)
EX1402L2,EX1402L2_Okeanos_March_2011_2014-078_0001_20140319_224237_EX1402L2_MB.txt.mb163,https://data.ngdc.noaa.gov/platforms/ocean/ships/okeanos_explorer/EX1402L2/multibeam/data/version2/MB/em302/EX1402L2_Okeanos_March_2011_2014-078_0001_20140319_224237_EX1402L2_MB.txt.mb163,275775488,swath,subset (nav ∩ footprint buffered 4.0 km)
EX1402L2,EX1402L2_Okeanos_March_2011_2014-079_0002_20140320_000156_EX1402L2_MB.txt.mb163,https://data.ngdc.noaa.gov/platforms/ocean/ships/okeanos_explorer/EX1402L2/multibeam/data/version2/MB/em302/EX1402L2_Okeanos_March_2011_2014-079_0002_20140320_000156_EX1402L2_MB.txt.mb163,248512512,swath,subset (nav ∩ footprint buffered 4.0 km)
EX1402L2,EX1402L2_Okeanos_March_2011_2014-079_0003_20140320_020053_EX1402L2_MB.txt.mb163,https://data.ngdc.noaa.gov/platforms/ocean/ships/okeanos_explorer/EX1402L2/multibeam/data/version2/MB/em302/EX1402L2_Okeanos_March_2011_2014-079_0003_20140320_020053_EX1402L2_MB.txt.mb163,1258291,swath,subset (nav ∩ footprint buffered 4.0 km)
EX1402L2,EX1402L2_Okeanos_March_2011_2014-079_0004_20140320_020232_EX1402L2_MB.txt.mb163,https://data.ngdc.noaa.gov/platforms/ocean/ships/okeanos_explorer/EX1402L2/multibeam/data/version2/MB/em302/EX1402L2_Okeanos_March_2011_2014-079_0004_20140320_020232_EX1402L2_MB.txt.mb163,79691776,swath,subset (nav ∩ footprint buffered 4.0 km)
EX1402L2,EX1402L2_Okeanos_March_2011_2014-079_0005_20140320_040233_EX1402L2_MB.txt.mb163,https://data.ngdc.noaa.gov/platforms/ocean/ships/okeanos_explorer/EX1402L2/multibeam/data/version2/MB/em302/EX1402L2_Okeanos_March_2011_2014-079_0005_20140320_040233_EX1402L2_MB.txt.mb163,80740352,swath,subset (nav ∩ footprint buffered 4.0 km)
EX1402L2,EX1402L2_Okeanos_March_2011_2014-079_0006_20140320_060232_EX1402L2_MB.txt.mb163,https://data.ngdc.noaa.gov/platforms/ocean/ships/okeanos_explorer/EX1402L2/multibeam/data/version2/MB/em302/EX1402L2_Okeanos_March_2011_2014-079_0006_20140320_060232_EX1402L2_MB.txt.mb163,9332326,swath,subset (nav ∩ footprint buffered 4.0 km)
EX1402L2,EX1402L2_Okeanos_March_2011_2014-079_0007_20140320_061325_EX1402L2_MB.txt.mb163,https://data.ngdc.noaa.gov/platforms/ocean/ships/okeanos_explorer/EX1402L2/multibeam/data/version2/MB/em302/EX1402L2_Okeanos_March_2011_2014-079_0007_20140320_061325_EX1402L2_MB.txt.mb163,26214400,swath,subset (nav ∩ footprint buffered 4.0 km)
EX1402L2,EX1402L2_Okeanos_March_2011_2014-079_0008_20140320_070038_EX1402L2_MB.txt.mb163,https://data.ngdc.noaa.gov/platforms/ocean/ships/okeanos_explorer/EX1402L2/multibeam/data/version2/MB/em302/EX1402L2_Okeanos_March_2011_2014-079_0008_20140320_070038_EX1402L2_MB.txt.mb163,4089446,swath,subset (nav ∩ footprint buffered 4.0 km)
EX1402L2,EX1402L2_Okeanos_March_2011_2014-079_0009_20140320_070824_EX1402L2_MB.txt.mb163,https://data.ngdc.noaa.gov/platforms/ocean/ships/okeanos_explorer/EX1402L2/multibeam/data/version2/MB/em302/EX1402L2_Okeanos_March_2011_2014-079_0009_20140320_070824_EX1402L2_MB.txt.mb163,51380224,swath,subset (nav ∩ footprint buffered 4.0 km)
EX1402L2,EX1402L2_Okeanos_March_2011_2014-079_0010_20140320_083859_EX1402L2_MB.txt.mb163,https://data.ngdc.noaa.gov/platforms/ocean/ships/okeanos_explorer/EX1402L2/multibeam/data/version2/MB/em302/EX1402L2_Okeanos_March_2011_2014-079_0010_20140320_083859_EX1402L2_MB.txt.mb163,56320,swath,subset (nav ∩ footprint buffered 4.0 km)
EX1402L2,EX1402L2_Okeanos_March_2011_2014-079_0011_20140320_083926_EX1402L2_MB.txt.mb163,https://data.ngdc.noaa.gov/platforms/ocean/ships/okeanos_explorer/EX1402L2/multibeam/data/version2/MB/em302/EX1402L2_Okeanos_March_2011_2014-079_0011_20140320_083926_EX1402L2_MB.txt.mb163,56623104,swath,subset (nav ∩ footprint buffered 4.0 km)
EX1402L2,EX1402L2_Okeanos_March_2011_2014-079_0012_20140320_103926_EX1402L2_MB.txt.mb163,https://data.ngdc.noaa.gov/platforms/ocean/ships/okeanos_explorer/EX1402L2/multibeam/data/version2/MB/em302/EX1402L2_Okeanos_March_2011_2014-079_0012_20140320_103926_EX1402L2_MB.txt.mb163,28311552,swath,subset (nav ∩ footprint buffered 4.0 km)
EX1402L2,EX1402L2_Okeanos_March_2011_2014-079_0013_20140320_115520_EX1402L2_MB.txt.mb163,https://data.ngdc.noaa.gov/platforms/ocean/ships/okeanos_explorer/EX1402L2/multibeam/data/version2/MB/em302/EX1402L2_Okeanos_March_2011_2014-079_0013_20140320_115520_EX1402L2_MB.txt.mb163,5033165,swath,subset (nav ∩ footprint buffered 4.0 km)
EX1402L2,EX1402L2_Okeanos_March_2011_2014-079_0014_20140320_121037_EX1402L2_MB.txt.mb163,https://data.ngdc.noaa.gov/platforms/ocean/ships/okeanos_explorer/EX1402L2/multibeam/data/version2/MB/em302/EX1402L2_Okeanos_March_2011_2014-079_0014_20140320_121037_EX1402L2_MB.txt.mb163,16777216,swath,subset (nav ∩ footprint buffered 4.0 km)
EX1402L2,EX1402L2_Okeanos_March_2011_2014-079_0015_20140320_130840_EX1402L2_MB.txt.mb163,https://data.ngdc.noaa.gov/platforms/ocean/ships/okeanos_explorer/EX1402L2/multibeam/data/version2/MB/em302/EX1402L2_Okeanos_March_2011_2014-079_0015_20140320_130840_EX1402L2_MB.txt.mb163,5662310,swath,subset (nav ∩ footprint buffered 4.0 km)
EX1402L2,EX1402L2_Okeanos_March_2011_2014-079_0016_20140320_132848_EX1402L2_MB.txt.mb163,https://data.ngdc.noaa.gov/platforms/ocean/ships/okeanos_explorer/EX1402L2/multibeam/data/version2/MB/em302/EX1402L2_Okeanos_March_2011_2014-079_0016_20140320_132848_EX1402L2_MB.txt.mb163,36700160,swath,subset (nav ∩ footprint buffered 4.0 km)
EX1402L2,EX1402L2_Okeanos_March_2011_2014-079_0017_20140320_152847_EX1402L2_MB.txt.mb163,https://data.ngdc.noaa.gov/platforms/ocean/ships/okeanos_explorer/EX1402L2/multibeam/data/version2/MB/em302/EX1402L2_Okeanos_March_2011_2014-079_0017_20140320_152847_EX1402L2_MB.txt.mb163,4404019,swath,subset (nav ∩ footprint buffered 4.0 km)
EX1402L2,EX1402L2_Okeanos_March_2011_2014-079_0018_20140320_154542_EX1402L2_MB.txt.mb163,https://data.ngdc.noaa.gov/platforms/ocean/ships/okeanos_explorer/EX1402L2/multibeam/data/version2/MB/em302/EX1402L2_Okeanos_March_2011_2014-079_0018_20140320_154542_EX1402L2_MB.txt.mb163,3774874,swath,subset (nav ∩ footprint buffered 4.0 km)
EX1402L2,EX1402L2_Okeanos_March_2011_2014-079_0019_20140320_160040_EX1402L2_MB.txt.mb163,https://data.ngdc.noaa.gov/platforms/ocean/ships/okeanos_explorer/EX1402L2/multibeam/data/version2/MB/em302/EX1402L2_Okeanos_March_2011_2014-079_0019_20140320_160040_EX1402L2_MB.txt.mb163,14680064,swath,subset (nav ∩ footprint buffered 4.0 km)
EX1402L2,EX1402L2_Okeanos_March_2011_2014-079_0020_20140320_165409_EX1402L2_MB.txt.mb163,https://data.ngdc.noaa.gov/platforms/ocean/ships/okeanos_explorer/EX1402L2/multibeam/data/version2/MB/em302/EX1402L2_Okeanos_March_2011_2014-079_0020_20140320_165409_EX1402L2_MB.txt.mb163,4613734,swath,subset (nav ∩ footprint buffered 4.0 km)
EX1402L2,EX1402L2_Okeanos_March_2011_2014-079_0021_20140320_170947_EX1402L2_MB.txt.mb163,https://data.ngdc.noaa.gov/platforms/ocean/ships/okeanos_explorer/EX1402L2/multibeam/data/version2/MB/em302/EX1402L2_Okeanos_March_2011_2014-079_0021_20140320_170947_EX1402L2_MB.txt.mb163,15728640,swath,subset (nav ∩ footprint buffered 4.0 km)
EX1402L2,EX1402L2_Okeanos_March_2011_2014-079_0022_20140320_180612_EX1402L2_MB.txt.mb163,https://data.ngdc.noaa.gov/platforms/ocean/ships/okeanos_explorer/EX1402L2/multibeam/data/version2/MB/em302/EX1402L2_Okeanos_March_2011_2014-079_0022_20140320_180612_EX1402L2_MB.txt.mb163,41943040,swath,subset (nav ∩ footprint buffered 4.0 km)
EX1402L2,EX1402L2_Okeanos_March_2011_2014-079_0023_20140320_200610_EX1402L2_MB.txt.mb163,https://data.ngdc.noaa.gov/platforms/ocean/ships/okeanos_explorer/EX1402L2/multibeam/data/version2/MB/em302/EX1402L2_Okeanos_March_2011_2014-079_0023_20140320_200610_EX1402L2_MB.txt.mb163,40894464,swath,subset (nav ∩ footprint buffered 4.0 km)
EX1402L2,EX1402L2_Okeanos_March_2011_2014-079_0024_20140320_220612_EX1402L2_MB.txt.mb163,https://data.ngdc.noaa.gov/platforms/ocean/ships/okeanos_explorer/EX1402L2/multibeam/data/version2/MB/em302/EX1402L2_Okeanos_March_2011_2014-079_0024_20140320_220612_EX1402L2_MB.txt.mb163,5976883,swath,subset (nav ∩ footprint buffered 4.0 km)
EX1402L2,EX1402L2_Okeanos_March_2011_2014-079_0026_20140320_230924_EX1402L2_MB.txt.mb163,https://data.ngdc.noaa.gov/platforms/ocean/ships/okeanos_explorer/EX1402L2/multibeam/data/version2/MB/em302/EX1402L2_Okeanos_March_2011_2014-079_0026_20140320_230924_EX1402L2_MB.txt.mb163,17825792,swath,subset (nav ∩ footprint buffered 4.0 km)
EX1402L2,EX1402L2_Okeanos_March_2011_2014-080_0027_20140321_000002_EX1402L2_MB.txt.mb163,https://data.ngdc.noaa.gov/platforms/ocean/ships/okeanos_explorer/EX1402L2/multibeam/data/version2/MB/em302/EX1402L2_Okeanos_March_2011_2014-080_0027_20140321_000002_EX1402L2_MB.txt.mb163,37748736,swath,subset (nav ∩ footprint buffered 4.0 km)
EX1402L2,EX1402L2_Okeanos_March_2011_2014-080_0028_20140321_020004_EX1402L2_MB.txt.mb163,https://data.ngdc.noaa.gov/platforms/ocean/ships/okeanos_explorer/EX1402L2/multibeam/data/version2/MB/em302/EX1402L2_Okeanos_March_2011_2014-080_0028_20140321_020004_EX1402L2_MB.txt.mb163,5872026,swath,subset (nav ∩ footprint buffered 4.0 km)
EX1402L2,EX1402L2_Okeanos_March_2011_2014-080_0029_20140321_021550_EX1402L2_MB.txt.mb163,https://data.ngdc.noaa.gov/platforms/ocean/ships/okeanos_explorer/EX1402L2/multibeam/data/version2/MB/em302/EX1402L2_Okeanos_March_2011_2014-080_0029_20140321_021550_EX1402L2_MB.txt.mb163,5138022,swath,subset (nav ∩ footprint buffered 4.0 km)
EX1402L2,EX1402L2_Okeanos_March_2011_2014-080_0030_20140321_023223_EX1402L2_MB.txt.mb163,https://data.ngdc.noaa.gov/platforms/ocean/ships/okeanos_explorer/EX1402L2/multibeam/data/version2/MB/em302/EX1402L2_Okeanos_March_2011_2014-080_0030_20140321_023223_EX1402L2_MB.txt.mb163,37748736,swath,subset (nav ∩ footprint buffered 4.0 km)
EX1402L2,EX1402L2_Okeanos_March_2011_2014-080_0031_20140321_043226_EX1402L2_MB.txt.mb163,https://data.ngdc.noaa.gov/platforms/ocean/ships/okeanos_explorer/EX1402L2/multibeam/data/version2/MB/em302/EX1402L2_Okeanos_March_2011_2014-080_0031_20140321_043226_EX1402L2_MB.txt.mb163,19922944,swath,subset (nav ∩ footprint buffered 4.0 km)
EX1402L2,EX1402L2_Okeanos_March_2011_2014-080_0032_20140321_053511_EX1402L2_MB.txt.mb163,https://data.ngdc.noaa.gov/platforms/ocean/ships/okeanos_explorer/EX1402L2/multibeam/data/version2/MB/em302/EX1402L2_Okeanos_March_2011_2014-080_0032_20140321_053511_EX1402L2_MB.txt.mb163,5557453,swath,subset (nav ∩ footprint buffered 4.0 km)
EX1402L2,EX1402L2_Okeanos_March_2011_2014-080_0033_20140321_055120_EX1402L2_MB.txt.mb163,https://data.ngdc.noaa.gov/platforms/ocean/ships/okeanos_explorer/EX1402L2/multibeam/data/version2/MB/em302/EX1402L2_Okeanos_March_2011_2014-080_0033_20140321_055120_EX1402L2_MB.txt.mb163,30408704,swath,subset (nav ∩ footprint buffered 4.0 km)
EX1402L2,EX1402L2_Okeanos_March_2011_2014-080_0034_20140321_073002_EX1402L2_MB.txt.mb163,https://data.ngdc.noaa.gov/platforms/ocean/ships/okeanos_explorer/EX1402L2/multibeam/data/version2/MB/em302/EX1402L2_Okeanos_March_2011_2014-080_0034_20140321_073002_EX1402L2_MB.txt.mb163,5452595,swath,subset (nav ∩ footprint buffered 4.0 km)
EX1402L2,EX1402L2_Okeanos_March_2011_2014-080_0035_20140321_074848_EX1402L2_MB.txt.mb163,https://data.ngdc.noaa.gov/platforms/ocean/ships/okeanos_explorer/EX1402L2/multibeam/data/version2/MB/em302/EX1402L2_Okeanos_March_2011_2014-080_0035_20140321_074848_EX1402L2_MB.txt.mb163,22020096,swath,subset (nav ∩ footprint buffered 4.0 km)
EX1402L2,EX1402L2_Okeanos_March_2011_2014-080_0036_20140321_090153_EX1402L2_MB.txt.mb163,https://data.ngdc.noaa.gov/platforms/ocean/ships/okeanos_explorer/EX1402L2/multibeam/data/version2/MB/em302/EX1402L2_Okeanos_March_2011_2014-080_0036_20140321_090153_EX1402L2_MB.txt.mb163,4194304,swath,subset (nav ∩ footprint buffered 4.0 km)
EX1402L2,EX1402L2_Okeanos_March_2011_2014-080_0037_20140321_091521_EX1402L2_MB.txt.mb163,https://data.ngdc.noaa.gov/platforms/ocean/ships/okeanos_explorer/EX1402L2/multibeam/data/version2/MB/em302/EX1402L2_Okeanos_March_2011_2014-080_0037_20140321_091521_EX1402L2_MB.txt.mb163,19922944,swath,subset (nav ∩ footprint buffered 4.0 km)
EX1402L2,EX1402L2_Okeanos_March_2011_2014-080_0038_20140321_100919_EX1402L2_MB.txt.mb163,https://data.ngdc.noaa.gov/platforms/ocean/ships/okeanos_explorer/EX1402L2/multibeam/data/version2/MB/em302/EX1402L2_Okeanos_March_2011_2014-080_0038_20140321_100919_EX1402L2_MB.txt.mb163,2097152,swath,subset (nav ∩ footprint buffered 4.0 km)
EX1402L2,EX1402L2_Okeanos_March_2011_2014-080_0039_20140321_101536_EX1402L2_MB.txt.mb163,https://data.ngdc.noaa.gov/platforms/ocean/ships/okeanos_explorer/EX1402L2/multibeam/data/version2/MB/em302/EX1402L2_Okeanos_March_2011_2014-080_0039_20140321_101536_EX1402L2_MB.txt.mb163,37748736,swath,subset (nav ∩ footprint buffered 4.0 km)
EX1402L2,EX1402L2_Okeanos_March_2011_2014-080_0040_20140321_121536_EX1402L2_MB.txt.mb163,https://data.ngdc.noaa.gov/platforms/ocean/ships/okeanos_explorer/EX1402L2/multibeam/data/version2/MB/em302/EX1402L2_Okeanos_March_2011_2014-080_0040_20140321_121536_EX1402L2_MB.txt.mb163,47185920,swath,subset (nav ∩ footprint buffered 4.0 km)
EX1402L2,EX1402L2_Okeanos_March_2011_2014-080_0041_20140321_141536_EX1402L2_MB.txt.mb163,https://data.ngdc.noaa.gov/platforms/ocean/ships/okeanos_explorer/EX1402L2/multibeam/data/version2/MB/em302/EX1402L2_Okeanos_March_2011_2014-080_0041_20140321_141536_EX1402L2_MB.txt.mb163,3250586,swath,subset (nav ∩ footprint buffered 4.0 km)
EX1402L2,EX1402L2_Okeanos_March_2011_2014-080_0042_20140321_154032_EX1402L2_MB.txt.mb163,https://data.ngdc.noaa.gov/platforms/ocean/ships/okeanos_explorer/EX1402L2/multibeam/data/version2/MB/em302/EX1402L2_Okeanos_March_2011_2014-080_0042_20140321_154032_EX1402L2_MB.txt.mb163,6920602,swath,subset (nav ∩ footprint buffered 4.0 km)
EX1402L2,EX1402L2_Okeanos_March_2011_2014-080_0043_20140321_160204_EX1402L2_MB.txt.mb163,https://data.ngdc.noaa.gov/platforms/ocean/ships/okeanos_explorer/EX1402L2/multibeam/data/version2/MB/em302/EX1402L2_Okeanos_March_2011_2014-080_0043_20140321_160204_EX1402L2_MB.txt.mb163,48234496,swath,subset (nav ∩ footprint buffered 4.0 km)
EX1402L2,EX1402L2_Okeanos_March_2011_2014-080_0044_20140321_180206_EX1402L2_MB.txt.mb163,https://data.ngdc.noaa.gov/platforms/ocean/ships/okeanos_explorer/EX1402L2/multibeam/data/version2/MB/em302/EX1402L2_Okeanos_March_2011_2014-080_0044_20140321_180206_EX1402L2_MB.txt.mb163,24117248,swath,subset (nav ∩ footprint buffered 4.0 km)
EX1402L2,EX1402L2_Okeanos_March_2011_2014-080_0046_20140321_194702_EX1402L2_MB.txt.mb163,https://data.ngdc.noaa.gov/platforms/ocean/ships/okeanos_explorer/EX1402L2/multibeam/data/version2/MB/em302/EX1402L2_Okeanos_March_2011_2014-080_0046_20140321_194702_EX1402L2_MB.txt.mb163,7340032,swath,subset (nav ∩ footprint buffered 4.0 km)
EX1402L2,EX1402L2_Okeanos_March_2011_2014-080_0047_20140321_201042_EX1402L2_MB.txt.mb163,https://data.ngdc.noaa.gov/platforms/ocean/ships/okeanos_explorer/EX1402L2/multibeam/data/version2/MB/em302/EX1402L2_Okeanos_March_2011_2014-080_0047_20140321_201042_EX1402L2_MB.txt.mb163,18874368,swath,subset (nav ∩ footprint buffered 4.0 km)
EX1402L2,EX1402L2_Okeanos_March_2011_2014-080_0048_20140321_223032_EX1402L2_MB.txt.mb163,https://data.ngdc.noaa.gov/platforms/ocean/ships/okeanos_explorer/EX1402L2/multibeam/data/version2/MB/em302/EX1402L2_Okeanos_March_2011_2014-080_0048_20140321_223032_EX1402L2_MB.txt.mb163,30408704,swath,subset (nav ∩ footprint buffered 4.0 km)
EX1402L2,EX1402L2_Okeanos_March_2011_2014-081_0049_20140322_000000_EX1402L2_MB.txt.mb163,https://data.ngdc.noaa.gov/platforms/ocean/ships/okeanos_explorer/EX1402L2/multibeam/data/version2/MB/em302/EX1402L2_Okeanos_March_2011_2014-081_0049_20140322_000000_EX1402L2_MB.txt.mb163,50331648,swath,subset (nav ∩ footprint buffered 4.0 km)
EX1402L2,EX1402L2_Okeanos_March_2011_2014-081_0050_20140322_020002_EX1402L2_MB.txt.mb163,https://data.ngdc.noaa.gov/platforms/ocean/ships/okeanos_explorer/EX1402L2/multibeam/data/version2/MB/em302/EX1402L2_Okeanos_March_2011_2014-081_0050_20140322_020002_EX1402L2_MB.txt.mb163,16777216,swath,subset (nav ∩ footprint buffered 4.0 km)
EX1402L2,EX1402L2_Okeanos_March_2011_2014-081_0051_20140322_024035_EX1402L2_MB.txt.mb163,https://data.ngdc.noaa.gov/platforms/ocean/ships/okeanos_explorer/EX1402L2/multibeam/data/version2/MB/em302/EX1402L2_Okeanos_March_2011_2014-081_0051_20140322_024035_EX1402L2_MB.txt.mb163,7340032,swath,subset (nav ∩ footprint buffered 4.0 km)
EX1402L2,EX1402L2_Okeanos_March_2011_2014-081_0052_20140322_025759_EX1402L2_MB.txt.mb163,https://data.ngdc.noaa.gov/platforms/ocean/ships/okeanos_explorer/EX1402L2/multibeam/data/version2/MB/em302/EX1402L2_Okeanos_March_2011_2014-081_0052_20140322_025759_EX1402L2_MB.txt.mb163,46137344,swath,subset (nav ∩ footprint buffered 4.0 km)
EX1402L2,EX1402L2_Okeanos_March_2011_2014-081_0053_20140322_045759_EX1402L2_MB.txt.mb163,https://data.ngdc.noaa.gov/platforms/ocean/ships/okeanos_explorer/EX1402L2/multibeam/data/version2/MB/em302/EX1402L2_Okeanos_March_2011_2014-081_0053_20140322_045759_EX1402L2_MB.txt.mb163,47185920,swath,subset (nav ∩ footprint buffered 4.0 km)
EX1402L2,EX1402L2_Okeanos_March_2011_2014-081_0054_20140322_065802_EX1402L2_MB.txt.mb163,https://data.ngdc.noaa.gov/platforms/ocean/ships/okeanos_explorer/EX1402L2/multibeam/data/version2/MB/em302/EX1402L2_Okeanos_March_2011_2014-081_0054_20140322_065802_EX1402L2_MB.txt.mb163,1468006,swath,subset (nav ∩ footprint buffered 4.0 km)
EX1402L2,EX1402L2_Okeanos_March_2011_2014-081_0055_20140322_070207_EX1402L2_MB.txt.mb163,https://data.ngdc.noaa.gov/platforms/ocean/ships/okeanos_explorer/EX1402L2/multibeam/data/version2/MB/em302/EX1402L2_Okeanos_March_2011_2014-081_0055_20140322_070207_EX1402L2_MB.txt.mb163,4299162,swath,subset (nav ∩ footprint buffered 4.0 km)
EX1402L2,EX1402L2_Okeanos_March_2011_2014-081_0056_20140322_071522_EX1402L2_MB.txt.mb163,https://data.ngdc.noaa.gov/platforms/ocean/ships/okeanos_explorer/EX1402L2/multibeam/data/version2/MB/em302/EX1402L2_Okeanos_March_2011_2014-081_0056_20140322_071522_EX1402L2_MB.txt.mb163,46137344,swath,subset (nav ∩ footprint buffered 4.0 km)
EX1402L2,EX1402L2_Okeanos_March_2011_2014-081_0057_20140322_091523_EX1402L2_MB.txt.mb163,https://data.ngdc.noaa.gov/platforms/ocean/ships/okeanos_explorer/EX1402L2/multibeam/data/version2/MB/em302/EX1402L2_Okeanos_March_2011_2014-081_0057_20140322_091523_EX1402L2_MB.txt.mb163,44040192,swath,subset (nav ∩ footprint buffered 4.0 km)
EX1402L2,EX1402L2_Okeanos_March_2011_2014-081_0058_20140322_111523_EX1402L2_MB.txt.mb163,https://data.ngdc.noaa.gov/platforms/ocean/ships/okeanos_explorer/EX1402L2/multibeam/data/version2/MB/em302/EX1402L2_Okeanos_March_2011_2014-081_0058_20140322_111523_EX1402L2_MB.txt.mb163,8074035,swath,subset (nav ∩ footprint buffered 4.0 km)
EX1402L2,EX1402L2_Okeanos_March_2011_2014-081_0059_20140322_113403_EX1402L2_MB.txt.mb163,https://data.ngdc.noaa.gov/platforms/ocean/ships/okeanos_explorer/EX1402L2/multibeam/data/version2/MB/em302/EX1402L2_Okeanos_March_2011_2014-081_0059_20140322_113403_EX1402L2_MB.txt.mb163,42991616,swath,subset (nav ∩ footprint buffered 4.0 km)
EX1402L2,EX1402L2_Okeanos_March_2011_2014-081_0060_20140322_133404_EX1402L2_MB.txt.mb163,https://data.ngdc.noaa.gov/platforms/ocean/ships/okeanos_explorer/EX1402L2/multibeam/data/version2/MB/em302/EX1402L2_Okeanos_March_2011_2014-081_0060_20140322_133404_EX1402L2_MB.txt.mb163,47185920,swath,subset (nav ∩ footprint buffered 4.0 km)
EX1402L2,EX1402L2_Okeanos_March_2011_2014-081_0061_20140322_153405_EX1402L2_MB.txt.mb163,https://data.ngdc.noaa.gov/platforms/ocean/ships/okeanos_explorer/EX1402L2/multibeam/data/version2/MB/em302/EX1402L2_Okeanos_March_2011_2014-081_0061_20140322_153405_EX1402L2_MB.txt.mb163,9542042,swath,subset (nav ∩ footprint buffered 4.0 km)
EX1402L2,EX1402L2_Okeanos_March_2011_2014-081_0062_20140322_155810_EX1402L2_MB.txt.mb163,https://data.ngdc.noaa.gov/platforms/ocean/ships/okeanos_explorer/EX1402L2/multibeam/data/version2/MB/em302/EX1402L2_Okeanos_March_2011_2014-081_0062_20140322_155810_EX1402L2_MB.txt.mb163,8283750,swath,subset (nav ∩ footprint buffered 4.0 km)
EX1402L2,EX1402L2_Okeanos_March_2011_2014-081_0063_20140322_161839_EX1402L2_MB.txt.mb163,https://data.ngdc.noaa.gov/platforms/ocean/ships/okeanos_explorer/EX1402L2/multibeam/data/version2/MB/em302/EX1402L2_Okeanos_March_2011_2014-081_0063_20140322_161839_EX1402L2_MB.txt.mb163,50331648,swath,subset (nav ∩ footprint buffered 4.0 km)
EX1402L2,EX1402L2_Okeanos_March_2011_2014-081_0064_20140322_181840_EX1402L2_MB.txt.mb163,https://data.ngdc.noaa.gov/platforms/ocean/ships/okeanos_explorer/EX1402L2/multibeam/data/version2/MB/em302/EX1402L2_Okeanos_March_2011_2014-081_0064_20140322_181840_EX1402L2_MB.txt.mb163,46137344,swath,subset (nav ∩ footprint buffered 4.0 km)
EX1402L2,EX1402L2_Okeanos_March_2011_2014-081_0065_20140322_201840_EX1402L2_MB.txt.mb163,https://data.ngdc.noaa.gov/platforms/ocean/ships/okeanos_explorer/EX1402L2/multibeam/data/version2/MB/em302/EX1402L2_Okeanos_March_2011_2014-081_0065_20140322_201840_EX1402L2_MB.txt.mb163,46137344,swath,subset (nav ∩ footprint buffered 4.0 km)
EX1402L2,EX1402L2_Okeanos_March_2011_2014-081_0066_20140322_221838_EX1402L2_MB.txt.mb163,https://data.ngdc.noaa.gov/platforms/ocean/ships/okeanos_explorer/EX1402L2/multibeam/data/version2/MB/em302/EX1402L2_Okeanos_March_2011_2014-081_0066_20140322_221838_EX1402L2_MB.txt.mb163,37748736,swath,subset (nav ∩ footprint buffered 4.0 km)
EX1402L2,EX1402L2_Okeanos_March_2011_2014-082_0067_20140323_000000_EX1402L2_MB.txt.mb163,https://data.ngdc.noaa.gov/platforms/ocean/ships/okeanos_explorer/EX1402L2/multibeam/data/version2/MB/em302/EX1402L2_Okeanos_March_2011_2014-082_0067_20140323_000000_EX1402L2_MB.txt.mb163,41943040,swath,subset (nav ∩ footprint buffered 4.0 km)
EX1402L2,EX1402L2_Okeanos_March_2011_2014-082_0068_20140323_020003_EX1402L2_MB.txt.mb163,https://data.ngdc.noaa.gov/platforms/ocean/ships/okeanos_explorer/EX1402L2/multibeam/data/version2/MB/em302/EX1402L2_Okeanos_March_2011_2014-082_0068_20140323_020003_EX1402L2_MB.txt.mb163,35651584,swath,subset (nav ∩ footprint buffered 4.0 km)
EX1402L2,EX1402L2_Okeanos_March_2011_2014-082_0069_20140323_040001_EX1402L2_MB.txt.mb163,https://data.ngdc.noaa.gov/platforms/ocean/ships/okeanos_explorer/EX1402L2/multibeam/data/version2/MB/em302/EX1402L2_Okeanos_March_2011_2014-082_0069_20140323_040001_EX1402L2_MB.txt.mb163,34603008,swath,subset (nav ∩ footprint buffered 4.0 km)
EX1402L2,EX1402L2_Okeanos_March_2011_2014-082_0070_20140323_060000_EX1402L2_MB.txt.mb163,https://data.ngdc.noaa.gov/platforms/ocean/ships/okeanos_explorer/EX1402L2/multibeam/data/version2/MB/em302/EX1402L2_Okeanos_March_2011_2014-082_0070_20140323_060000_EX1402L2_MB.txt.mb163,20971520,swath,subset (nav ∩ footprint buffered 4.0 km)
EX1402L2,EX1402L2_Okeanos_March_2011_2014-082_0071_20140323_071702_EX1402L2_MB.txt.mb163,https://data.ngdc.noaa.gov/platforms/ocean/ships/okeanos_explorer/EX1402L2/multibeam/data/version2/MB/em302/EX1402L2_Okeanos_March_2011_2014-082_0071_20140323_071702_EX1402L2_MB.txt.mb163,3774874,swath,subset (nav ∩ footprint buffered 4.0 km)
EX1402L2,EX1402L2_Okeanos_March_2011_2014-082_0072_20140323_073219_EX1402L2_MB.txt.mb163,https://data.ngdc.noaa.gov/platforms/ocean/ships/okeanos_explorer/EX1402L2/multibeam/data/version2/MB/em302/EX1402L2_Okeanos_March_2011_2014-082_0072_20140323_073219_EX1402L2_MB.txt.mb163,32505856,swath,subset (nav ∩ footprint buffered 4.0 km)
EX1402L2,EX1402L2_Okeanos_March_2011_2014-082_0073_20140323_093215_EX1402L2_MB.txt.mb163,https://data.ngdc.noaa.gov/platforms/ocean/ships/okeanos_explorer/EX1402L2/multibeam/data/version2/MB/em302/EX1402L2_Okeanos_March_2011_2014-082_0073_20140323_093215_EX1402L2_MB.txt.mb163,31457280,swath,subset (nav ∩ footprint buffered 4.0 km)
EX1402L2,EX1402L2_Okeanos_March_2011_2014-082_0074_20140323_111506_EX1402L2_MB.txt.mb163,https://data.ngdc.noaa.gov/platforms/ocean/ships/okeanos_explorer/EX1402L2/multibeam/data/version2/MB/em302/EX1402L2_Okeanos_March_2011_2014-082_0074_20140323_111506_EX1402L2_MB.txt.mb163,37748736,swath,subset (nav ∩ footprint buffered 4.0 km)
EX1402L2,EX1402L2_Okeanos_March_2011_2014-082_0075_20140323_131350_EX1402L2_MB.txt.mb163,https://data.ngdc.noaa.gov/platforms/ocean/ships/okeanos_explorer/EX1402L2/multibeam/data/version2/MB/em302/EX1402L2_Okeanos_March_2011_2014-082_0075_20140323_131350_EX1402L2_MB.txt.mb163,41943040,swath,subset (nav ∩ footprint buffered 4.0 km)
EX1402L2,EX1402L2_Okeanos_March_2011_2014-082_0076_20140323_151348_EX1402L2_MB.txt.mb163,https://data.ngdc.noaa.gov/platforms/ocean/ships/okeanos_explorer/EX1402L2/multibeam/data/version2/MB/em302/EX1402L2_Okeanos_March_2011_2014-082_0076_20140323_151348_EX1402L2_MB.txt.mb163,47185920,swath,subset (nav ∩ footprint buffered 4.0 km)
EX1402L2,EX1402L2_Okeanos_March_2011_2014-082_0077_20140323_171351_EX1402L2_MB.txt.mb163,https://data.ngdc.noaa.gov/platforms/ocean/ships/okeanos_explorer/EX1402L2/multibeam/data/version2/MB/em302/EX1402L2_Okeanos_March_2011_2014-082_0077_20140323_171351_EX1402L2_MB.txt.mb163,6396314,swath,subset (nav ∩ footprint buffered 4.0 km)
EX1402L2,EX1402L2_Okeanos_March_2011_2014-082_0078_20140323_172857_EX1402L2_MB.txt.mb163,https://data.ngdc.noaa.gov/platforms/ocean/ships/okeanos_explorer/EX1402L2/multibeam/data/version2/MB/em302/EX1402L2_Okeanos_March_2011_2014-082_0078_20140323_172857_EX1402L2_MB.txt.mb163,8074035,swath,subset (nav ∩ footprint buffered 4.0 km)
EX1402L2,EX1402L2_Okeanos_March_2011_2014-082_0079_20140323_174743_EX1402L2_MB.txt.mb163,https://data.ngdc.noaa.gov/platforms/ocean/ships/okeanos_explorer/EX1402L2/multibeam/data/version2/MB/em302/EX1402L2_Okeanos_March_2011_2014-082_0079_20140323_174743_EX1402L2_MB.txt.mb163,13631488,swath,subset (nav ∩ footprint buffered 4.0 km)
EX1402L2,EX1402L2_Okeanos_March_2011_2014-082_0080_20140323_181934_EX1402L2_MB.txt.mb163,https://data.ngdc.noaa.gov/platforms/ocean/ships/okeanos_explorer/EX1402L2/multibeam/data/version2/MB/em302/EX1402L2_Okeanos_March_2011_2014-082_0080_20140323_181934_EX1402L2_MB.txt.mb163,47185920,swath,subset (nav ∩ footprint buffered 4.0 km)
EX1402L2,EX1402L2_Okeanos_March_2011_2014-082_0081_20140323_201936_EX1402L2_MB.txt.mb163,https://data.ngdc.noaa.gov/platforms/ocean/ships/okeanos_explorer/EX1402L2/multibeam/data/version2/MB/em302/EX1402L2_Okeanos_March_2011_2014-082_0081_20140323_201936_EX1402L2_MB.txt.mb163,40894464,swath,subset (nav ∩ footprint buffered 4.0 km)
EX1402L2,EX1402L2_Okeanos_March_2011_2014-082_0082_20140323_221932_EX1402L2_MB.txt.mb163,https://data.ngdc.noaa.gov/platforms/ocean/ships/okeanos_explorer/EX1402L2/multibeam/data/version2/MB/em302/EX1402L2_Okeanos_March_2011_2014-082_0082_20140323_221932_EX1402L2_MB.txt.mb163,35651584,swath,subset (nav ∩ footprint buffered 4.0 km)
EX1402L2,EX1402L2_Okeanos_March_2011_2014-083_0083_20140324_000008_EX1402L2_MB.txt.mb163,https://data.ngdc.noaa.gov/platforms/ocean/ships/okeanos_explorer/EX1402L2/multibeam/data/version2/MB/em302/EX1402L2_Okeanos_March_2011_2014-083_0083_20140324_000008_EX1402L2_MB.txt.mb163,41943040,swath,subset (nav ∩ footprint buffered 4.0 km)
EX1402L2,EX1402L2_Okeanos_March_2011_2014-083_0084_20140324_020009_EX1402L2_MB.txt.mb163,https://data.ngdc.noaa.gov/platforms/ocean/ships/okeanos_explorer/EX1402L2/multibeam/data/version2/MB/em302/EX1402L2_Okeanos_March_2011_2014-083_0084_20140324_020009_EX1402L2_MB.txt.mb163,35651584,swath,subset (nav ∩ footprint buffered 4.0 km)
EX1402L2,EX1402L2_Okeanos_March_2011_2014-083_0085_20140324_040008_EX1402L2_MB.txt.mb163,https://data.ngdc.noaa.gov/platforms/ocean/ships/okeanos_explorer/EX1402L2/multibeam/data/version2/MB/em302/EX1402L2_Okeanos_March_2011_2014-083_0085_20140324_040008_EX1402L2_MB.txt.mb163,25165824,swath,subset (nav ∩ footprint buffered 4.0 km)
EX1402L2,EX1402L2_Okeanos_March_2011_2014-083_0086_20140324_052339_EX1402L2_MB.txt.mb163,https://data.ngdc.noaa.gov/platforms/ocean/ships/okeanos_explorer/EX1402L2/multibeam/data/version2/MB/em302/EX1402L2_Okeanos_March_2011_2014-083_0086_20140324_052339_EX1402L2_MB.txt.mb163,2306867,swath,subset (nav ∩ footprint buffered 4.0 km)
EX1402L2,EX1402L2_Okeanos_March_2011_2014-083_0087_20140324_053052_EX1402L2_MB.txt.mb163,https://data.ngdc.noaa.gov/platforms/ocean/ships/okeanos_explorer/EX1402L2/multibeam/data/version2/MB/em302/EX1402L2_Okeanos_March_2011_2014-083_0087_20140324_053052_EX1402L2_MB.txt.mb163,38797312,swath,subset (nav ∩ footprint buffered 4.0 km)
EX1402L2,EX1402L2_Okeanos_March_2011_2014-083_0088_20140324_073055_EX1402L2_MB.txt.mb163,https://data.ngdc.noaa.gov/platforms/ocean/ships/okeanos_explorer/EX1402L2/multibeam/data/version2/MB/em302/EX1402L2_Okeanos_March_2011_2014-083_0088_20140324_073055_EX1402L2_MB.txt.mb163,41943040,swath,subset (nav ∩ footprint buffered 4.0 km)
EX1402L2,EX1402L2_Okeanos_March_2011_2014-083_0089_20140324_093054_EX1402L2_MB.txt.mb163,https://data.ngdc.noaa.gov/platforms/ocean/ships/okeanos_explorer/EX1402L2/multibeam/data/version2/MB/em302/EX1402L2_Okeanos_March_2011_2014-083_0089_20140324_093054_EX1402L2_MB.txt.mb163,49283072,swath,subset (nav ∩ footprint buffered 4.0 km)
EX1402L2,EX1402L2_Okeanos_March_2011_2014-083_0090_20140324_113053_EX1402L2_MB.txt.mb163,https://data.ngdc.noaa.gov/platforms/ocean/ships/okeanos_explorer/EX1402L2/multibeam/data/version2/MB/em302/EX1402L2_Okeanos_March_2011_2014-083_0090_20140324_113053_EX1402L2_MB.txt.mb163,45088768,swath,subset (nav ∩ footprint buffered 4.0 km)
EX1402L2,EX1402L2_Okeanos_March_2011_2014-083_0091_20140324_133054_EX1402L2_MB.txt.mb163,https://data.ngdc.noaa.gov/platforms/ocean/ships/okeanos_explorer/EX1402L2/multibeam/data/version2/MB/em302/EX1402L2_Okeanos_March_2011_2014-083_0091_20140324_133054_EX1402L2_MB.txt.mb163,24117248,swath,subset (nav ∩ footprint buffered 4.0 km)
EX1402L2,EX1402L2_Okeanos_March_2011_2014-083_0092_20140324_144450_EX1402L2_MB.txt.mb163,https://data.ngdc.noaa.gov/platforms/ocean/ships/okeanos_explorer/EX1402L2/multibeam/data/version2/MB/em302/EX1402L2_Okeanos_March_2011_2014-083_0092_20140324_144450_EX1402L2_MB.txt.mb163,20971520,swath,subset (nav ∩ footprint buffered 4.0 km)
EX1402L2,EX1402L2_Okeanos_March_2011_2014-083_0093_20140324_154054_EX1402L2_MB.txt.mb163,https://data.ngdc.noaa.gov/platforms/ocean/ships/okeanos_explorer/EX1402L2/multibeam/data/version2/MB/em302/EX1402L2_Okeanos_March_2011_2014-083_0093_20140324_154054_EX1402L2_MB.txt.mb163,50331648,swath,subset (nav ∩ footprint buffered 4.0 km)
EX1402L2,EX1402L2_Okeanos_March_2011_2014-083_0094_20140324_174053_EX1402L2_MB.txt.mb163,https://data.ngdc.noaa.gov/platforms/ocean/ships/okeanos_explorer/EX1402L2/multibeam/data/version2/MB/em302/EX1402L2_Okeanos_March_2011_2014-083_0094_20140324_174053_EX1402L2_MB.txt.mb163,59768832,swath,subset (nav ∩ footprint buffered 4.0 km)
EX1402L2,EX1402L2_Okeanos_March_2011_2014-083_0095_20140324_194054_EX1402L2_MB.txt.mb163,https://data.ngdc.noaa.gov/platforms/ocean/ships/okeanos_explorer/EX1402L2/multibeam/data/version2/MB/em302/EX1402L2_Okeanos_March_2011_2014-083_0095_20140324_194054_EX1402L2_MB.txt.mb163,66060288,swath,subset (nav ∩ footprint buffered 4.0 km)
EX1402L2,EX1402L2_Okeanos_March_2011_2014-083_0096_20140324_214054_EX1402L2_MB.txt.mb163,https://data.ngdc.noaa.gov/platforms/ocean/ships/okeanos_explorer/EX1402L2/multibeam/data/version2/MB/em302/EX1402L2_Okeanos_March_2011_2014-083_0096_20140324_214054_EX1402L2_MB.txt.mb163,30408704,swath,subset (nav ∩ footprint buffered 4.0 km)
EX1402L2,EX1402L2_Okeanos_March_2011_2014-083_0097_20140324_225241_EX1402L2_MB.txt.mb163,https://data.ngdc.noaa.gov/platforms/ocean/ships/okeanos_explorer/EX1402L2/multibeam/data/version2/MB/em302/EX1402L2_Okeanos_March_2011_2014-083_0097_20140324_225241_EX1402L2_MB.txt.mb163,5767168,swath,subset (nav ∩ footprint buffered 4.0 km)
EX1402L2,EX1402L2_Okeanos_March_2011_2014-083_0098_20140324_230702_EX1402L2_MB.txt.mb163,https://data.ngdc.noaa.gov/platforms/ocean/ships/okeanos_explorer/EX1402L2/multibeam/data/version2/MB/em302/EX1402L2_Okeanos_March_2011_2014-083_0098_20140324_230702_EX1402L2_MB.txt.mb163,22020096,swath,subset (nav ∩ footprint buffered 4.0 km)
EX1402L2,EX1402L2_Okeanos_March_2011_2014-084_0099_20140325_000004_EX1402L2_MB.txt.mb163,https://data.ngdc.noaa.gov/platforms/ocean/ships/okeanos_explorer/EX1402L2/multibeam/data/version2/MB/em302/EX1402L2_Okeanos_March_2011_2014-084_0099_20140325_000004_EX1402L2_MB.txt.mb163,66060288,swath,subset (nav ∩ footprint buffered 4.0 km)
EX1402L2,EX1402L2_Okeanos_March_2011_2014-084_0100_20140325_020005_EX1402L2_MB.txt.mb163,https://data.ngdc.noaa.gov/platforms/ocean/ships/okeanos_explorer/EX1402L2/multibeam/data/version2/MB/em302/EX1402L2_Okeanos_March_2011_2014-084_0100_20140325_020005_EX1402L2_MB.txt.mb163,5767168,swath,subset (nav ∩ footprint buffered 4.0 km)
EX1402L2,EX1402L2_Okeanos_March_2011_2014-084_0101_20140325_020920_EX1402L2_MB.txt.mb163,https://data.ngdc.noaa.gov/platforms/ocean/ships/okeanos_explorer/EX1402L2/multibeam/data/version2/MB/em302/EX1402L2_Okeanos_March_2011_2014-084_0101_20140325_020920_EX1402L2_MB.txt.mb163,25165824,swath,subset (nav ∩ footprint buffered 4.0 km)
EX1402L2,EX1402L2_Okeanos_March_2011_2014-084_0102_20140325_025555_EX1402L2_MB.txt.mb163,https://data.ngdc.noaa.gov/platforms/ocean/ships/okeanos_explorer/EX1402L2/multibeam/data/version2/MB/em302/EX1402L2_Okeanos_March_2011_2014-084_0102_20140325_025555_EX1402L2_MB.txt.mb163,57671680,swath,subset (nav ∩ footprint buffered 4.0 km)
EX1402L2,EX1402L2_Okeanos_March_2011_2014-084_0103_20140325_045555_EX1402L2_MB.txt.mb163,https://data.ngdc.noaa.gov/platforms/ocean/ships/okeanos_explorer/EX1402L2/multibeam/data/version2/MB/em302/EX1402L2_Okeanos_March_2011_2014-084_0103_20140325_045555_EX1402L2_MB.txt.mb163,53477376,swath,subset (nav ∩ footprint buffered 4.0 km)
EX1402L2,EX1402L2_Okeanos_March_2011_2014-084_0104_20140325_065556_EX1402L2_MB.txt.mb163,https://data.ngdc.noaa.gov/platforms/ocean/ships/okeanos_explorer/EX1402L2/multibeam/data/version2/MB/em302/EX1402L2_Okeanos_March_2011_2014-084_0104_20140325_065556_EX1402L2_MB.txt.mb163,29360128,swath,subset (nav ∩ footprint buffered 4.0 km)
EX1402L2,EX1402L2_Okeanos_March_2011_2014-084_0105_20140325_081511_EX1402L2_MB.txt.mb163,https://data.ngdc.noaa.gov/platforms/ocean/ships/okeanos_explorer/EX1402L2/multibeam/data/version2/MB/em302/EX1402L2_Okeanos_March_2011_2014-084_0105_20140325_081511_EX1402L2_MB.txt.mb163,27648,swath,subset (nav ∩ footprint buffered 4.0 km)
EX1402L2,EX1402L2_Okeanos_March_2011_2014-084_0107_20140325_081515_EX1402L2_MB.txt.mb163,https://data.ngdc.noaa.gov/platforms/ocean/ships/okeanos_explorer/EX1402L2/multibeam/data/version2/MB/em302/EX1402L2_Okeanos_March_2011_2014-084_0107_20140325_081515_EX1402L2_MB.txt.mb163,11534336,swath,subset (nav ∩ footprint buffered 4.0 km)
EX1402L2,EX1402L2_Okeanos_March_2011_2014-084_0108_20140325_084638_EX1402L2_MB.txt.mb163,https://data.ngdc.noaa.gov/platforms/ocean/ships/okeanos_explorer/EX1402L2/multibeam/data/version2/MB/em302/EX1402L2_Okeanos_March_2011_2014-084_0108_20140325_084638_EX1402L2_MB.txt.mb163,50331648,swath,subset (nav ∩ footprint buffered 4.0 km)
EX1402L2,EX1402L2_Okeanos_March_2011_2014-084_0109_20140325_104635_EX1402L2_MB.txt.mb163,https://data.ngdc.noaa.gov/platforms/ocean/ships/okeanos_explorer/EX1402L2/multibeam/data/version2/MB/em302/EX1402L2_Okeanos_March_2011_2014-084_0109_20140325_104635_EX1402L2_MB.txt.mb163,65011712,swath,subset (nav ∩ footprint buffered 4.0 km)
EX1402L2,EX1402L2_Okeanos_March_2011_2014-084_0110_20140325_124636_EX1402L2_MB.txt.mb163,https://data.ngdc.noaa.gov/platforms/ocean/ships/okeanos_explorer/EX1402L2/multibeam/data/version2/MB/em302/EX1402L2_Okeanos_March_2011_2014-084_0110_20140325_124636_EX1402L2_MB.txt.mb163,28311552,swath,subset (nav ∩ footprint buffered 4.0 km)
EX1402L2,EX1402L2_Okeanos_March_2011_2014-084_0111_20140325_133645_EX1402L2_MB.txt.mb163,https://data.ngdc.noaa.gov/platforms/ocean/ships/okeanos_explorer/EX1402L2/multibeam/data/version2/MB/em302/EX1402L2_Okeanos_March_2011_2014-084_0111_20140325_133645_EX1402L2_MB.txt.mb163,9856614,swath,subset (nav ∩ footprint buffered 4.0 km)
EX1402L2,EX1402L2_Okeanos_March_2011_2014-084_0112_20140325_135302_EX1402L2_MB.txt.mb163,https://data.ngdc.noaa.gov/platforms/ocean/ships/okeanos_explorer/EX1402L2/multibeam/data/version2/MB/em302/EX1402L2_Okeanos_March_2011_2014-084_0112_20140325_135302_EX1402L2_MB.txt.mb163,17825792,swath,subset (nav ∩ footprint buffered 4.0 km)
EX1402L2,EX1402L2_Okeanos_March_2011_2014-084_0113_20140325_142317_EX1402L2_MB.txt.mb163,https://data.ngdc.noaa.gov/platforms/ocean/ships/okeanos_explorer/EX1402L2/multibeam/data/version2/MB/em302/EX1402L2_Okeanos_March_2011_2014-084_0113_20140325_142317_EX1402L2_MB.txt.mb163,11534336,swath,subset (nav ∩ footprint buffered 4.0 km)
EX1402L2,EX1402L2_Okeanos_March_2011_2014-084_0114_20140325_144713_EX1402L2_MB.txt.mb163,https://data.ngdc.noaa.gov/platforms/ocean/ships/okeanos_explorer/EX1402L2/multibeam/data/version2/MB/em302/EX1402L2_Okeanos_March_2011_2014-084_0114_20140325_144713_EX1402L2_MB.txt.mb163,19922944,swath,subset (nav ∩ footprint buffered 4.0 km)
EX1402L2,EX1402L2_Okeanos_March_2011_2014-084_0115_20140325_152350_EX1402L2_MB.txt.mb163,https://data.ngdc.noaa.gov/platforms/ocean/ships/okeanos_explorer/EX1402L2/multibeam/data/version2/MB/em302/EX1402L2_Okeanos_March_2011_2014-084_0115_20140325_152350_EX1402L2_MB.txt.mb163,57671680,swath,subset (nav ∩ footprint buffered 4.0 km)
EX1402L2,EX1402L2_Okeanos_March_2011_2014-084_0116_20140325_172350_EX1402L2_MB.txt.mb163,https://data.ngdc.noaa.gov/platforms/ocean/ships/okeanos_explorer/EX1402L2/multibeam/data/version2/MB/em302/EX1402L2_Okeanos_March_2011_2014-084_0116_20140325_172350_EX1402L2_MB.txt.mb163,47185920,swath,subset (nav ∩ footprint buffered 4.0 km)
EX1402L2,EX1402L2_Okeanos_March_2011_2014-084_0117_20140325_192350_EX1402L2_MB.txt.mb163,https://data.ngdc.noaa.gov/platforms/ocean/ships/okeanos_explorer/EX1402L2/multibeam/data/version2/MB/em302/EX1402L2_Okeanos_March_2011_2014-084_0117_20140325_192350_EX1402L2_MB.txt.mb163,3145728,swath,subset (nav ∩ footprint buffered 4.0 km)
EX1402L2,EX1402L2_Okeanos_March_2011_2014-084_0118_20140325_193152_EX1402L2_MB.txt.mb163,https://data.ngdc.noaa.gov/platforms/ocean/ships/okeanos_explorer/EX1402L2/multibeam/data/version2/MB/em302/EX1402L2_Okeanos_March_2011_2014-084_0118_20140325_193152_EX1402L2_MB.txt.mb163,11534336,swath,subset (nav ∩ footprint buffered 4.0 km)
EX1402L2,EX1402L2_Okeanos_March_2011_2014-084_0119_20140325_195711_EX1402L2_MB.txt.mb163,https://data.ngdc.noaa.gov/platforms/ocean/ships/okeanos_explorer/EX1402L2/multibeam/data/version2/MB/em302/EX1402L2_Okeanos_March_2011_2014-084_0119_20140325_195711_EX1402L2_MB.txt.mb163,52428800,swath,subset (nav ∩ footprint buffered 4.0 km)
EX1402L2,EX1402L2_Okeanos_March_2011_2014-084_0120_20140325_215711_EX1402L2_MB.txt.mb163,https://data.ngdc.noaa.gov/platforms/ocean/ships/okeanos_explorer/EX1402L2/multibeam/data/version2/MB/em302/EX1402L2_Okeanos_March_2011_2014-084_0120_20140325_215711_EX1402L2_MB.txt.mb163,46137344,swath,subset (nav ∩ footprint buffered 4.0 km)
EX1402L2,EX1402L2_Okeanos_March_2011_2014-084_0121_20140325_234637_EX1402L2_MB.txt.mb163,https://data.ngdc.noaa.gov/platforms/ocean/ships/okeanos_explorer/EX1402L2/multibeam/data/version2/MB/em302/EX1402L2_Okeanos_March_2011_2014-084_0121_20140325_234637_EX1402L2_MB.txt.mb163,7549747,swath,subset (nav ∩ footprint buffered 4.0 km)
EX1402L2,EX1402L2_Okeanos_March_2011_2014-085_0122_20140326_000152_EX1402L2_MB.txt.mb163,https://data.ngdc.noaa.gov/platforms/ocean/ships/okeanos_explorer/EX1402L2/multibeam/data/version2/MB/em302/EX1402L2_Okeanos_March_2011_2014-085_0122_20140326_000152_EX1402L2_MB.txt.mb163,31457280,swath,subset (nav ∩ footprint buffered 4.0 km)
EX1402L2,EX1402L2_Okeanos_March_2011_2014-085_0123_20140326_010820_EX1402L2_MB.txt.mb163,https://data.ngdc.noaa.gov/platforms/ocean/ships/okeanos_explorer/EX1402L2/multibeam/data/version2/MB/em302/EX1402L2_Okeanos_March_2011_2014-085_0123_20140326_010820_EX1402L2_MB.txt.mb163,29360128,swath,subset (nav ∩ footprint buffered 4.0 km)
EX1402L2,EX1402L2_Okeanos_March_2011_2014-085_0124_20140326_021855_EX1402L2_MB.txt.mb163,https://data.ngdc.noaa.gov/platforms/ocean/ships/okeanos_explorer/EX1402L2/multibeam/data/version2/MB/em302/EX1402L2_Okeanos_March_2011_2014-085_0124_20140326_021855_EX1402L2_MB.txt.mb163,3355443,swath,subset (nav ∩ footprint buffered 4.0 km)
EX1402L2,EX1402L2_Okeanos_March_2011_2014-085_0125_20140326_022710_EX1402L2_MB.txt.mb163,https://data.ngdc.noaa.gov/platforms/ocean/ships/okeanos_explorer/EX1402L2/multibeam/data/version2/MB/em302/EX1402L2_Okeanos_March_2011_2014-085_0125_20140326_022710_EX1402L2_MB.txt.mb163,46137344,swath,subset (nav ∩ footprint buffered 4.0 km)
EX1402L2,EX1402L2_Okeanos_March_2011_2014-085_0126_20140326_042709_EX1402L2_MB.txt.mb163,https://data.ngdc.noaa.gov/platforms/ocean/ships/okeanos_explorer/EX1402L2/multibeam/data/version2/MB/em302/EX1402L2_Okeanos_March_2011_2014-085_0126_20140326_042709_EX1402L2_MB.txt.mb163,17825792,swath,subset (nav ∩ footprint buffered 4.0 km)
EX1402L2,EX1402L2_Okeanos_March_2011_2014-085_0127_20140326_050410_EX1402L2_MB.txt.mb163,https://data.ngdc.noaa.gov/platforms/ocean/ships/okeanos_explorer/EX1402L2/multibeam/data/version2/MB/em302/EX1402L2_Okeanos_March_2011_2014-085_0127_20140326_050410_EX1402L2_MB.txt.mb163,4823450,swath,subset (nav ∩ footprint buffered 4.0 km)
EX1402L2,EX1402L2_Okeanos_March_2011_2014-085_0128_20140326_051418_EX1402L2_MB.txt.mb163,https://data.ngdc.noaa.gov/platforms/ocean/ships/okeanos_explorer/EX1402L2/multibeam/data/version2/MB/em302/EX1402L2_Okeanos_March_2011_2014-085_0128_20140326_051418_EX1402L2_MB.txt.mb163,50331648,swath,subset (nav ∩ footprint buffered 4.0 km)
EX1402L2,EX1402L2_Okeanos_March_2011_2014-085_0129_20140326_071421_EX1402L2_MB.txt.mb163,https://data.ngdc.noaa.gov/platforms/ocean/ships/okeanos_explorer/EX1402L2/multibeam/data/version2/MB/em302/EX1402L2_Okeanos_March_2011_2014-085_0129_20140326_071421_EX1402L2_MB.txt.mb163,6920602,swath,subset (nav ∩ footprint buffered 4.0 km)
EX1402L2,EX1402L2_Okeanos_March_2011_2014-085_0130_20140326_073106_EX1402L2_MB.txt.mb163,https://data.ngdc.noaa.gov/platforms/ocean/ships/okeanos_explorer/EX1402L2/multibeam/data/version2/MB/em302/EX1402L2_Okeanos_March_2011_2014-085_0130_20140326_073106_EX1402L2_MB.txt.mb163,4089446,swath,subset (nav ∩ footprint buffered 4.0 km)
EX1402L2,EX1402L2_Okeanos_March_2011_2014-085_0131_20140326_074110_EX1402L2_MB.txt.mb163,https://data.ngdc.noaa.gov/platforms/ocean/ships/okeanos_explorer/EX1402L2/multibeam/data/version2/MB/em302/EX1402L2_Okeanos_March_2011_2014-085_0131_20140326_074110_EX1402L2_MB.txt.mb163,49283072,swath,subset (nav ∩ footprint buffered 4.0 km)
EX1402L2,EX1402L2_Okeanos_March_2011_2014-085_0132_20140326_094110_EX1402L2_MB.txt.mb163,https://data.ngdc.noaa.gov/platforms/ocean/ships/okeanos_explorer/EX1402L2/multibeam/data/version2/MB/em302/EX1402L2_Okeanos_March_2011_2014-085_0132_20140326_094110_EX1402L2_MB.txt.mb163,14680064,swath,subset (nav ∩ footprint buffered 4.0 km)
EX1402L2,EX1402L2_Okeanos_March_2011_2014-085_0133_20140326_101651_EX1402L2_MB.txt.mb163,https://data.ngdc.noaa.gov/platforms/ocean/ships/okeanos_explorer/EX1402L2/multibeam/data/version2/MB/em302/EX1402L2_Okeanos_March_2011_2014-085_0133_20140326_101651_EX1402L2_MB.txt.mb163,52428800,swath,subset (nav ∩ footprint buffered 4.0 km)
EX1402L2,EX1402L2_Okeanos_March_2011_2014-085_0134_20140326_121651_EX1402L2_MB.txt.mb163,https://data.ngdc.noaa.gov/platforms/ocean/ships/okeanos_explorer/EX1402L2/multibeam/data/version2/MB/em302/EX1402L2_Okeanos_March_2011_2014-085_0134_20140326_121651_EX1402L2_MB.txt.mb163,36700160,swath,subset (nav ∩ footprint buffered 4.0 km)
EX1402L2,EX1402L2_Okeanos_March_2011_2014-085_0135_20140326_134103_EX1402L2_MB.txt.mb163,https://data.ngdc.noaa.gov/platforms/ocean/ships/okeanos_explorer/EX1402L2/multibeam/data/version2/MB/em302/EX1402L2_Okeanos_March_2011_2014-085_0135_20140326_134103_EX1402L2_MB.txt.mb163,49283072,swath,subset (nav ∩ footprint buffered 4.0 km)
EX1402L2,EX1402L2_Okeanos_March_2011_2014-085_0136_20140326_154101_EX1402L2_MB.txt.mb163,https://data.ngdc.noaa.gov/platforms/ocean/ships/okeanos_explorer/EX1402L2/multibeam/data/version2/MB/em302/EX1402L2_Okeanos_March_2011_2014-085_0136_20140326_154101_EX1402L2_MB.txt.mb163,8912896,swath,subset (nav ∩ footprint buffered 4.0 km)
EX1402L2,EX1402L2_Okeanos_March_2011_2014-085_0137_20140326_161242_EX1402L2_MB.txt.mb163,https://data.ngdc.noaa.gov/platforms/ocean/ships/okeanos_explorer/EX1402L2/multibeam/data/version2/MB/em302/EX1402L2_Okeanos_March_2011_2014-085_0137_20140326_161242_EX1402L2_MB.txt.mb163,12582912,swath,subset (nav ∩ footprint buffered 4.0 km)
EX1402L2,EX1402L2_Okeanos_March_2011_2014-085_0138_20140326_164758_EX1402L2_MB.txt.mb163,https://data.ngdc.noaa.gov/platforms/ocean/ships/okeanos_explorer/EX1402L2/multibeam/data/version2/MB/em302/EX1402L2_Okeanos_March_2011_2014-085_0138_20140326_164758_EX1402L2_MB.txt.mb163,1677722,swath,subset (nav ∩ footprint buffered 4.0 km)
EX1402L2,EX1402L2_Okeanos_March_2011_2014-085_0139_20140326_165153_EX1402L2_MB.txt.mb163,https://data.ngdc.noaa.gov/platforms/ocean/ships/okeanos_explorer/EX1402L2/multibeam/data/version2/MB/em302/EX1402L2_Okeanos_March_2011_2014-085_0139_20140326_165153_EX1402L2_MB.txt.mb163,1048576,swath,subset (nav ∩ footprint buffered 4.0 km)
EX1402L2,EX1402L2_Okeanos_March_2011_2014-085_0140_20140326_165404_EX1402L2_MB.txt.mb163,https://data.ngdc.noaa.gov/platforms/ocean/ships/okeanos_explorer/EX1402L2/multibeam/data/version2/MB/em302/EX1402L2_Okeanos_March_2011_2014-085_0140_20140326_165404_EX1402L2_MB.txt.mb163,13631488,swath,subset (nav ∩ footprint buffered 4.0 km)
EX1402L2,EX1402L2_Okeanos_March_2011_2014-085_0141_20140326_172725_EX1402L2_MB.txt.mb163,https://data.ngdc.noaa.gov/platforms/ocean/ships/okeanos_explorer/EX1402L2/multibeam/data/version2/MB/em302/EX1402L2_Okeanos_March_2011_2014-085_0141_20140326_172725_EX1402L2_MB.txt.mb163,1153434,swath,subset (nav ∩ footprint buffered 4.0 km)
EX1402L2,EX1402L2_Okeanos_March_2011_2014-085_0142_20140326_173016_EX1402L2_MB.txt.mb163,https://data.ngdc.noaa.gov/platforms/ocean/ships/okeanos_explorer/EX1402L2/multibeam/data/version2/MB/em302/EX1402L2_Okeanos_March_2011_2014-085_0142_20140326_173016_EX1402L2_MB.txt.mb163,18874368,swath,subset (nav ∩ footprint buffered 4.0 km)
EX1402L2,EX1402L2_Okeanos_March_2011_2014-085_0143_20140326_181445_EX1402L2_MB.txt.mb163,https://data.ngdc.noaa.gov/platforms/ocean/ships/okeanos_explorer/EX1402L2/multibeam/data/version2/MB/em302/EX1402L2_Okeanos_March_2011_2014-085_0143_20140326_181445_EX1402L2_MB.txt.mb163,1153434,swath,subset (nav ∩ footprint buffered 4.0 km)
EX1402L2,EX1402L2_Okeanos_March_2011_2014-085_0144_20140326_181819_EX1402L2_MB.txt.mb163,https://data.ngdc.noaa.gov/platforms/ocean/ships/okeanos_explorer/EX1402L2/multibeam/data/version2/MB/em302/EX1402L2_Okeanos_March_2011_2014-085_0144_20140326_181819_EX1402L2_MB.txt.mb163,2097152,swath,subset (nav ∩ footprint buffered 4.0 km)
EX1402L2,EX1402L2_Okeanos_March_2011_2014-085_0145_20140326_182304_EX1402L2_MB.txt.mb163,https://data.ngdc.noaa.gov/platforms/ocean/ships/okeanos_explorer/EX1402L2/multibeam/data/version2/MB/em302/EX1402L2_Okeanos_March_2011_2014-085_0145_20140326_182304_EX1402L2_MB.txt.mb163,49283072,swath,subset (nav ∩ footprint buffered 4.0 km)
EX1402L2,EX1402L2_Okeanos_March_2011_2014-085_0146_20140326_202304_EX1402L2_MB.txt.mb163,https://data.ngdc.noaa.gov/platforms/ocean/ships/okeanos_explorer/EX1402L2/multibeam/data/version2/MB/em302/EX1402L2_Okeanos_March_2011_2014-085_0146_20140326_202304_EX1402L2_MB.txt.mb163,65011712,swath,subset (nav ∩ footprint buffered 4.0 km)
EX1402L2,EX1402L2_Okeanos_March_2011_2014-085_0147_20140326_222302_EX1402L2_MB.txt.mb163,https://data.ngdc.noaa.gov/platforms/ocean/ships/okeanos_explorer/EX1402L2/multibeam/data/version2/MB/em302/EX1402L2_Okeanos_March_2011_2014-085_0147_20140326_222302_EX1402L2_MB.txt.mb163,51380224,swath,subset (nav ∩ footprint buffered 4.0 km)
EX1402L2,EX1402L2_Okeanos_March_2011_2014-086_0148_20140327_000002_EX1402L2_MB.txt.mb163,https://data.ngdc.noaa.gov/platforms/ocean/ships/okeanos_explorer/EX1402L2/multibeam/data/version2/MB/em302/EX1402L2_Okeanos_March_2011_2014-086_0148_20140327_000002_EX1402L2_MB.txt.mb163,50331648,swath,subset (nav ∩ footprint buffered 4.0 km)
EX1402L2,EX1402L2_Okeanos_March_2011_2014-086_0149_20140327_012957_EX1402L2_MB.txt.mb163,https://data.ngdc.noaa.gov/platforms/ocean/ships/okeanos_explorer/EX1402L2/multibeam/data/version2/MB/em302/EX1402L2_Okeanos_March_2011_2014-086_0149_20140327_012957_EX1402L2_MB.txt.mb163,4613734,swath,subset (nav ∩ footprint buffered 4.0 km)
EX1402L2,EX1402L2_Okeanos_March_2011_2014-086_0150_20140327_014025_EX1402L2_MB.txt.mb163,https://data.ngdc.noaa.gov/platforms/ocean/ships/okeanos_explorer/EX1402L2/multibeam/data/version2/MB/em302/EX1402L2_Okeanos_March_2011_2014-086_0150_20140327_014025_EX1402L2_MB.txt.mb163,5033165,swath,subset (nav ∩ footprint buffered 4.0 km)
EX1402L2,EX1402L2_Okeanos_March_2011_2014-086_0151_20140327_015106_EX1402L2_MB.txt.mb163,https://data.ngdc.noaa.gov/platforms/ocean/ships/okeanos_explorer/EX1402L2/multibeam/data/version2/MB/em302/EX1402L2_Okeanos_March_2011_2014-086_0151_20140327_015106_EX1402L2_MB.txt.mb163,8178893,swath,subset (nav ∩ footprint buffered 4.0 km)
EX1402L2,EX1402L2_Okeanos_March_2011_2014-086_0152_20140327_020839_EX1402L2_MB.txt.mb163,https://data.ngdc.noaa.gov/platforms/ocean/ships/okeanos_explorer/EX1402L2/multibeam/data/version2/MB/em302/EX1402L2_Okeanos_March_2011_2014-086_0152_20140327_020839_EX1402L2_MB.txt.mb163,28311552,swath,subset (nav ∩ footprint buffered 4.0 km)
EX1402L2,EX1402L2_Okeanos_March_2011_2014-086_0153_20140327_030417_EX1402L2_MB.txt.mb163,https://data.ngdc.noaa.gov/platforms/ocean/ships/okeanos_explorer/EX1402L2/multibeam/data/version2/MB/em302/EX1402L2_Okeanos_March_2011_2014-086_0153_20140327_030417_EX1402L2_MB.txt.mb163,38797312,swath,subset (nav ∩ footprint buffered 4.0 km)
EX1402L2,EX1402L2_Okeanos_March_2011_2014-086_0154_20140327_035231_EX1402L2_MB.txt.mb163,https://data.ngdc.noaa.gov/platforms/ocean/ships/okeanos_explorer/EX1402L2/multibeam/data/version2/MB/em302/EX1402L2_Okeanos_March_2011_2014-086_0154_20140327_035231_EX1402L2_MB.txt.mb163,3774874,swath,subset (nav ∩ footprint buffered 4.0 km)
EX1402L2,EX1402L2_Okeanos_March_2011_2014-086_0155_20140327_040016_EX1402L2_MB.txt.mb163,https://data.ngdc.noaa.gov/platforms/ocean/ships/okeanos_explorer/EX1402L2/multibeam/data/version2/MB/em302/EX1402L2_Okeanos_March_2011_2014-086_0155_20140327_040016_EX1402L2_MB.txt.mb163,69206016,swath,subset (nav ∩ footprint buffered 4.0 km)
EX1402L2,EX1402L2_Okeanos_March_2011_2014-086_0156_20140327_055642_EX1402L2_MB.txt.mb163,https://data.ngdc.noaa.gov/platforms/ocean/ships/okeanos_explorer/EX1402L2/multibeam/data/version2/MB/em302/EX1402L2_Okeanos_March_2011_2014-086_0156_20140327_055642_EX1402L2_MB.txt.mb163,5976883,swath,subset (nav ∩ footprint buffered 4.0 km)
EX1402L2,EX1402L2_Okeanos_March_2011_2014-086_0157_20140327_060422_EX1402L2_MB.txt.mb163,https://data.ngdc.noaa.gov/platforms/ocean/ships/okeanos_explorer/EX1402L2/multibeam/data/version2/MB/em302/EX1402L2_Okeanos_March_2011_2014-086_0157_20140327_060422_EX1402L2_MB.txt.mb163,53477376,swath,subset (nav ∩ footprint buffered 4.0 km)
EX1402L2,EX1402L2_Okeanos_March_2011_2014-086_0158_20140327_073239_EX1402L2_MB.txt.mb163,https://data.ngdc.noaa.gov/platforms/ocean/ships/okeanos_explorer/EX1402L2/multibeam/data/version2/MB/em302/EX1402L2_Okeanos_March_2011_2014-086_0158_20140327_073239_EX1402L2_MB.txt.mb163,5767168,swath,subset (nav ∩ footprint buffered 4.0 km)
EX1402L2,EX1402L2_Okeanos_March_2011_2014-086_0159_20140327_074125_EX1402L2_MB.txt.mb163,https://data.ngdc.noaa.gov/platforms/ocean/ships/okeanos_explorer/EX1402L2/multibeam/data/version2/MB/em302/EX1402L2_Okeanos_March_2011_2014-086_0159_20140327_074125_EX1402L2_MB.txt.mb163,12582912,swath,subset (nav ∩ footprint buffered 4.0 km)
EX1402L2,EX1402L2_Okeanos_March_2011_2014-086_0160_20140327_081815_EX1402L2_MB.txt.mb163,https://data.ngdc.noaa.gov/platforms/ocean/ships/okeanos_explorer/EX1402L2/multibeam/data/version2/MB/em302/EX1402L2_Okeanos_March_2011_2014-086_0160_20140327_081815_EX1402L2_MB.txt.mb163,15728640,swath,subset (nav ∩ footprint buffered 4.0 km)
EX1402L2,EX1402L2_Okeanos_March_2011_2014-086_0161_20140327_090707_EX1402L2_MB.txt.mb163,https://data.ngdc.noaa.gov/platforms/ocean/ships/okeanos_explorer/EX1402L2/multibeam/data/version2/MB/em302/EX1402L2_Okeanos_March_2011_2014-086_0161_20140327_090707_EX1402L2_MB.txt.mb163,16777216,swath,subset (nav ∩ footprint buffered 4.0 km)
EX1402L2,EX1402L2_Okeanos_March_2011_2014-086_0162_20140327_093352_EX1402L2_MB.txt.mb163,https://data.ngdc.noaa.gov/platforms/ocean/ships/okeanos_explorer/EX1402L2/multibeam/data/version2/MB/em302/EX1402L2_Okeanos_March_2011_2014-086_0162_20140327_093352_EX1402L2_MB.txt.mb163,5347738,swath,subset (nav ∩ footprint buffered 4.0 km)
EX1402L2,EX1402L2_Okeanos_March_2011_2014-086_0163_20140327_094225_EX1402L2_MB.txt.mb163,https://data.ngdc.noaa.gov/platforms/ocean/ships/okeanos_explorer/EX1402L2/multibeam/data/version2/MB/em302/EX1402L2_Okeanos_March_2011_2014-086_0163_20140327_094225_EX1402L2_MB.txt.mb163,53477376,swath,subset (nav ∩ footprint buffered 4.0 km)
EX1402L2,EX1402L2_Okeanos_March_2011_2014-086_0164_20140327_110658_EX1402L2_MB.txt.mb163,https://data.ngdc.noaa.gov/platforms/ocean/ships/okeanos_explorer/EX1402L2/multibeam/data/version2/MB/em302/EX1402L2_Okeanos_March_2011_2014-086_0164_20140327_110658_EX1402L2_MB.txt.mb163,73400320,swath,subset (nav ∩ footprint buffered 4.0 km)
EX1402L2,EX1402L2_Okeanos_March_2011_2014-086_0165_20140327_130659_EX1402L2_MB.txt.mb163,https://data.ngdc.noaa.gov/platforms/ocean/ships/okeanos_explorer/EX1402L2/multibeam/data/version2/MB/em302/EX1402L2_Okeanos_March_2011_2014-086_0165_20140327_130659_EX1402L2_MB.txt.mb163,2516582,swath,subset (nav ∩ footprint buffered 4.0 km)
EX1402L2,EX1402L2_Okeanos_March_2011_2014-086_0166_20140327_131325_EX1402L2_MB.txt.mb163,https://data.ngdc.noaa.gov/platforms/ocean/ships/okeanos_explorer/EX1402L2/multibeam/data/version2/MB/em302/EX1402L2_Okeanos_March_2011_2014-086_0166_20140327_131325_EX1402L2_MB.txt.mb163,4299162,swath,subset (nav ∩ footprint buffered 4.0 km)
EX1402L2,EX1402L2_Okeanos_March_2011_2014-086_0167_20140327_131840_EX1402L2_MB.txt.mb163,https://data.ngdc.noaa.gov/platforms/ocean/ships/okeanos_explorer/EX1402L2/multibeam/data/version2/MB/em302/EX1402L2_Okeanos_March_2011_2014-086_0167_20140327_131840_EX1402L2_MB.txt.mb163,50331648,swath,subset (nav ∩ footprint buffered 4.0 km)
EX1402L2,EX1402L2_Okeanos_March_2011_2014-086_0168_20140327_144630_EX1402L2_MB.txt.mb163,https://data.ngdc.noaa.gov/platforms/ocean/ships/okeanos_explorer/EX1402L2/multibeam/data/version2/MB/em302/EX1402L2_Okeanos_March_2011_2014-086_0168_20140327_144630_EX1402L2_MB.txt.mb163,13631488,swath,subset (nav ∩ footprint buffered 4.0 km)
EX1402L2,EX1402L2_Okeanos_March_2011_2014-086_0169_20140327_151120_EX1402L2_MB.txt.mb163,https://data.ngdc.noaa.gov/platforms/ocean/ships/okeanos_explorer/EX1402L2/multibeam/data/version2/MB/em302/EX1402L2_Okeanos_March_2011_2014-086_0169_20140327_151120_EX1402L2_MB.txt.mb163,1782579,swath,subset (nav ∩ footprint buffered 4.0 km)
EX1402L2,EX1402L2_Okeanos_March_2011_2014-086_0170_20140327_151419_EX1402L2_MB.txt.mb163,https://data.ngdc.noaa.gov/platforms/ocean/ships/okeanos_explorer/EX1402L2/multibeam/data/version2/MB/em302/EX1402L2_Okeanos_March_2011_2014-086_0170_20140327_151419_EX1402L2_MB.txt.mb163,9227469,swath,subset (nav ∩ footprint buffered 4.0 km)
EX1402L2,EX1402L2_Okeanos_March_2011_2014-086_0171_20140327_152946_EX1402L2_MB.txt.mb163,https://data.ngdc.noaa.gov/platforms/ocean/ships/okeanos_explorer/EX1402L2/multibeam/data/version2/MB/em302/EX1402L2_Okeanos_March_2011_2014-086_0171_20140327_152946_EX1402L2_MB.txt.mb163,19922944,swath,subset (nav ∩ footprint buffered 4.0 km)
EX1402L2,EX1402L2_Okeanos_March_2011_2014-086_0172_20140327_161236_EX1402L2_MB.txt.mb163,https://data.ngdc.noaa.gov/platforms/ocean/ships/okeanos_explorer/EX1402L2/multibeam/data/version2/MB/em302/EX1402L2_Okeanos_March_2011_2014-086_0172_20140327_161236_EX1402L2_MB.txt.mb163,63963136,swath,subset (nav ∩ footprint buffered 4.0 km)
EX1402L2,EX1402L2_Okeanos_March_2011_2014-086_0173_20140327_181236_EX1402L2_MB.txt.mb163,https://data.ngdc.noaa.gov/platforms/ocean/ships/okeanos_explorer/EX1402L2/multibeam/data/version2/MB/em302/EX1402L2_Okeanos_March_2011_2014-086_0173_20140327_181236_EX1402L2_MB.txt.mb163,74448896,swath,subset (nav ∩ footprint buffered 4.0 km)
EX1402L2,EX1402L2_Okeanos_March_2011_2014-086_0174_20140327_201236_EX1402L2_MB.txt.mb163,https://data.ngdc.noaa.gov/platforms/ocean/ships/okeanos_explorer/EX1402L2/multibeam/data/version2/MB/em302/EX1402L2_Okeanos_March_2011_2014-086_0174_20140327_201236_EX1402L2_MB.txt.mb163,38797312,swath,subset (nav ∩ footprint buffered 4.0 km)
EX1402L2,EX1402L2_Okeanos_March_2011_2014-086_0175_20140327_211046_EX1402L2_MB.txt.mb163,https://data.ngdc.noaa.gov/platforms/ocean/ships/okeanos_explorer/EX1402L2/multibeam/data/version2/MB/em302/EX1402L2_Okeanos_March_2011_2014-086_0175_20140327_211046_EX1402L2_MB.txt.mb163,63963136,swath,subset (nav ∩ footprint buffered 4.0 km)
EX1402L2,EX1402L2_Okeanos_March_2011_2014-086_0176_20140327_224012_EX1402L2_MB.txt.mb163,https://data.ngdc.noaa.gov/platforms/ocean/ships/okeanos_explorer/EX1402L2/multibeam/data/version2/MB/em302/EX1402L2_Okeanos_March_2011_2014-086_0176_20140327_224012_EX1402L2_MB.txt.mb163,10171187,swath,subset (nav ∩ footprint buffered 4.0 km)
EX1402L2,EX1402L2_Okeanos_March_2011_2014-086_0177_20140327_225316_EX1402L2_MB.txt.mb163,https://data.ngdc.noaa.gov/platforms/ocean/ships/okeanos_explorer/EX1402L2/multibeam/data/version2/MB/em302/EX1402L2_Okeanos_March_2011_2014-086_0177_20140327_225316_EX1402L2_MB.txt.mb163,55574528,swath,subset (nav ∩ footprint buffered 4.0 km)
EX1402L2,EX1402L2_Okeanos_March_2011_2014-087_0178_20140328_000455_EX1402L2_MB.txt.mb163,https://data.ngdc.noaa.gov/platforms/ocean/ships/okeanos_explorer/EX1402L2/multibeam/data/version2/MB/em302/EX1402L2_Okeanos_March_2011_2014-087_0178_20140328_000455_EX1402L2_MB.txt.mb163,15728640,swath,subset (nav ∩ footprint buffered 4.0 km)
EX1402L2,EX1402L2_Okeanos_March_2011_2014-087_0179_20140328_003112_EX1402L2_MB.txt.mb163,https://data.ngdc.noaa.gov/platforms/ocean/ships/okeanos_explorer/EX1402L2/multibeam/data/version2/MB/em302/EX1402L2_Okeanos_March_2011_2014-087_0179_20140328_003112_EX1402L2_MB.txt.mb163,5347738,swath,subset (nav ∩ footprint buffered 4.0 km)
EX1402L2,EX1402L2_Okeanos_March_2011_2014-087_0180_20140328_004223_EX1402L2_MB.txt.mb163,https://data.ngdc.noaa.gov/platforms/ocean/ships/okeanos_explorer/EX1402L2/multibeam/data/version2/MB/em302/EX1402L2_Okeanos_March_2011_2014-087_0180_20140328_004223_EX1402L2_MB.txt.mb163,60817408,swath,subset (nav ∩ footprint buffered 4.0 km)
EX1402L2,EX1402L2_Okeanos_March_2011_2014-087_0181_20140328_020929_EX1402L2_MB.txt.mb163,https://data.ngdc.noaa.gov/platforms/ocean/ships/okeanos_explorer/EX1402L2/multibeam/data/version2/MB/em302/EX1402L2_Okeanos_March_2011_2014-087_0181_20140328_020929_EX1402L2_MB.txt.mb163,8493466,swath,subset (nav ∩ footprint buffered 4.0 km)
EX1402L2,EX1402L2_Okeanos_March_2011_2014-087_0182_20140328_021842_EX1402L2_MB.txt.mb163,https://data.ngdc.noaa.gov/platforms/ocean/ships/okeanos_explorer/EX1402L2/multibeam/data/version2/MB/em302/EX1402L2_Okeanos_March_2011_2014-087_0182_20140328_021842_EX1402L2_MB.txt.mb163,59768832,swath,subset (nav ∩ footprint buffered 4.0 km)
EX1402L2,EX1402L2_Okeanos_March_2011_2014-087_0183_20140328_035405_EX1402L2_MB.txt.mb163,https://data.ngdc.noaa.gov/platforms/ocean/ships/okeanos_explorer/EX1402L2/multibeam/data/version2/MB/em302/EX1402L2_Okeanos_March_2011_2014-087_0183_20140328_035405_EX1402L2_MB.txt.mb163,4194304,swath,subset (nav ∩ footprint buffered 4.0 km)
EX1402L2,EX1402L2_Okeanos_March_2011_2014-087_0184_20140328_040206_EX1402L2_MB.txt.mb163,https://data.ngdc.noaa.gov/platforms/ocean/ships/okeanos_explorer/EX1402L2/multibeam/data/version2/MB/em302/EX1402L2_Okeanos_March_2011_2014-087_0184_20140328_040206_EX1402L2_MB.txt.mb163,72351744,swath,subset (nav ∩ footprint buffered 4.0 km)
EX1402L2,EX1402L2_Okeanos_March_2011_2014-087_0185_20140328_060204_EX1402L2_MB.txt.mb163,https://data.ngdc.noaa.gov/platforms/ocean/ships/okeanos_explorer/EX1402L2/multibeam/data/version2/MB/em302/EX1402L2_Okeanos_March_2011_2014-087_0185_20140328_060204_EX1402L2_MB.txt.mb163,10485760,swath,subset (nav ∩ footprint buffered 4.0 km)
EX1402L2,EX1402L2_Okeanos_March_2011_2014-087_0186_20140328_061734_EX1402L2_MB.txt.mb163,https://data.ngdc.noaa.gov/platforms/ocean/ships/okeanos_explorer/EX1402L2/multibeam/data/version2/MB/em302/EX1402L2_Okeanos_March_2011_2014-087_0186_20140328_061734_EX1402L2_MB.txt.mb163,7969178,swath,subset (nav ∩ footprint buffered 4.0 km)
EX1402L2,EX1402L2_Okeanos_March_2011_2014-087_0187_20140328_062846_EX1402L2_MB.txt.mb163,https://data.ngdc.noaa.gov/platforms/ocean/ships/okeanos_explorer/EX1402L2/multibeam/data/version2/MB/em302/EX1402L2_Okeanos_March_2011_2014-087_0187_20140328_062846_EX1402L2_MB.txt.mb163,69206016,swath,subset (nav ∩ footprint buffered 4.0 km)
EX1402L2,EX1402L2_Okeanos_March_2011_2014-087_0188_20140328_082848_EX1402L2_MB.txt.mb163,https://data.ngdc.noaa.gov/platforms/ocean/ships/okeanos_explorer/EX1402L2/multibeam/data/version2/MB/em302/EX1402L2_Okeanos_March_2011_2014-087_0188_20140328_082848_EX1402L2_MB.txt.mb163,14680064,swath,subset (nav ∩ footprint buffered 4.0 km)
EX1402L2,EX1402L2_Okeanos_March_2011_2014-087_0189_20140328_085646_EX1402L2_MB.txt.mb163,https://data.ngdc.noaa.gov/platforms/ocean/ships/okeanos_explorer/EX1402L2/multibeam/data/version2/MB/em302/EX1402L2_Okeanos_March_2011_2014-087_0189_20140328_085646_EX1402L2_MB.txt.mb163,6920602,swath,subset (nav ∩ footprint buffered 4.0 km)
EX1402L2,EX1402L2_Okeanos_March_2011_2014-087_0190_20140328_091213_EX1402L2_MB.txt.mb163,https://data.ngdc.noaa.gov/platforms/ocean/ships/okeanos_explorer/EX1402L2/multibeam/data/version2/MB/em302/EX1402L2_Okeanos_March_2011_2014-087_0190_20140328_091213_EX1402L2_MB.txt.mb163,68157440,swath,subset (nav ∩ footprint buffered 4.0 km)
EX1402L2,EX1402L2_Okeanos_March_2011_2014-087_0191_20140328_111213_EX1402L2_MB.txt.mb163,https://data.ngdc.noaa.gov/platforms/ocean/ships/okeanos_explorer/EX1402L2/multibeam/data/version2/MB/em302/EX1402L2_Okeanos_March_2011_2014-087_0191_20140328_111213_EX1402L2_MB.txt.mb163,9856614,swath,subset (nav ∩ footprint buffered 4.0 km)
EX1402L2,EX1402L2_Okeanos_March_2011_2014-087_0192_20140328_112935_EX1402L2_MB.txt.mb163,https://data.ngdc.noaa.gov/platforms/ocean/ships/okeanos_explorer/EX1402L2/multibeam/data/version2/MB/em302/EX1402L2_Okeanos_March_2011_2014-087_0192_20140328_112935_EX1402L2_MB.txt.mb163,7864320,swath,subset (nav ∩ footprint buffered 4.0 km)
EX1402L2,EX1402L2_Okeanos_March_2011_2014-087_0193_20140328_114148_EX1402L2_MB.txt.mb163,https://data.ngdc.noaa.gov/platforms/ocean/ships/okeanos_explorer/EX1402L2/multibeam/data/version2/MB/em302/EX1402L2_Okeanos_March_2011_2014-087_0193_20140328_114148_EX1402L2_MB.txt.mb163,61865984,swath,subset (nav ∩ footprint buffered 4.0 km)
EX1402L2,EX1402L2_Okeanos_March_2011_2014-087_0194_20140328_134149_EX1402L2_MB.txt.mb163,https://data.ngdc.noaa.gov/platforms/ocean/ships/okeanos_explorer/EX1402L2/multibeam/data/version2/MB/em302/EX1402L2_Okeanos_March_2011_2014-087_0194_20140328_134149_EX1402L2_MB.txt.mb163,4299162,swath,subset (nav ∩ footprint buffered 4.0 km)
EX1402L2,EX1402L2_Okeanos_March_2011_2014-087_0195_20140328_135208_EX1402L2_MB.txt.mb163,https://data.ngdc.noaa.gov/platforms/ocean/ships/okeanos_explorer/EX1402L2/multibeam/data/version2/MB/em302/EX1402L2_Okeanos_March_2011_2014-087_0195_20140328_135208_EX1402L2_MB.txt.mb163,2936013,swath,subset (nav ∩ footprint buffered 4.0 km)
EX1402L2,EX1402L2_Okeanos_March_2011_2014-087_0196_20140328_135920_EX1402L2_MB.txt.mb163,https://data.ngdc.noaa.gov/platforms/ocean/ships/okeanos_explorer/EX1402L2/multibeam/data/version2/MB/em302/EX1402L2_Okeanos_March_2011_2014-087_0196_20140328_135920_EX1402L2_MB.txt.mb163,2726298,swath,subset (nav ∩ footprint buffered 4.0 km)
EX1402L2,EX1402L2_Okeanos_March_2011_2014-087_0197_20140328_140633_EX1402L2_MB.txt.mb163,https://data.ngdc.noaa.gov/platforms/ocean/ships/okeanos_explorer/EX1402L2/multibeam/data/version2/MB/em302/EX1402L2_Okeanos_March_2011_2014-087_0197_20140328_140633_EX1402L2_MB.txt.mb163,375808,swath,subset (nav ∩ footprint buffered 4.0 km)
EX1402L2,EX1402L2_Okeanos_March_2011_2014-087_0198_20140328_140733_EX1402L2_MB.txt.mb163,https://data.ngdc.noaa.gov/platforms/ocean/ships/okeanos_explorer/EX1402L2/multibeam/data/version2/MB/em302/EX1402L2_Okeanos_March_2011_2014-087_0198_20140328_140733_EX1402L2_MB.txt.mb163,58720256,swath,subset (nav ∩ footprint buffered 4.0 km)
EX1402L2,EX1402L2_Okeanos_March_2011_2014-087_0199_20140328_160732_EX1402L2_MB.txt.mb163,https://data.ngdc.noaa.gov/platforms/ocean/ships/okeanos_explorer/EX1402L2/multibeam/data/version2/MB/em302/EX1402L2_Okeanos_March_2011_2014-087_0199_20140328_160732_EX1402L2_MB.txt.mb163,12582912,swath,subset (nav ∩ footprint buffered 4.0 km)
EX1402L2,EX1402L2_Okeanos_March_2011_2014-087_0200_20140328_162845_EX1402L2_MB.txt.mb163,https://data.ngdc.noaa.gov/platforms/ocean/ships/okeanos_explorer/EX1402L2/multibeam/data/version2/MB/em302/EX1402L2_Okeanos_March_2011_2014-087_0200_20140328_162845_EX1402L2_MB.txt.mb163,3250586,swath,subset (nav ∩ footprint buffered 4.0 km)
EX1402L2,EX1402L2_Okeanos_March_2011_2014-087_0201_20140328_163338_EX1402L2_MB.txt.mb163,https://data.ngdc.noaa.gov/platforms/ocean/ships/okeanos_explorer/EX1402L2/multibeam/data/version2/MB/em302/EX1402L2_Okeanos_March_2011_2014-087_0201_20140328_163338_EX1402L2_MB.txt.mb163,954368,swath,subset (nav ∩ footprint buffered 4.0 km)
EX1402L2,EX1402L2_Okeanos_March_2011_2014-087_0202_20140328_163503_EX1402L2_MB.txt.mb163,https://data.ngdc.noaa.gov/platforms/ocean/ships/okeanos_explorer/EX1402L2/multibeam/data/version2/MB/em302/EX1402L2_Okeanos_March_2011_2014-087_0202_20140328_163503_EX1402L2_MB.txt.mb163,41943040,swath,subset (nav ∩ footprint buffered 4.0 km)
EX1402L2,EX1402L2_Okeanos_March_2011_2014-087_0203_20140328_174742_EX1402L2_MB.txt.mb163,https://data.ngdc.noaa.gov/platforms/ocean/ships/okeanos_explorer/EX1402L2/multibeam/data/version2/MB/em302/EX1402L2_Okeanos_March_2011_2014-087_0203_20140328_174742_EX1402L2_MB.txt.mb163,3460301,swath,subset (nav ∩ footprint buffered 4.0 km)
EX1402L2,EX1402L2_Okeanos_March_2011_2014-087_0204_20140328_175506_EX1402L2_MB.txt.mb163,https://data.ngdc.noaa.gov/platforms/ocean/ships/okeanos_explorer/EX1402L2/multibeam/data/version2/MB/em302/EX1402L2_Okeanos_March_2011_2014-087_0204_20140328_175506_EX1402L2_MB.txt.mb163,917504,swath,subset (nav ∩ footprint buffered 4.0 km)
EX1402L2,EX1402L2_Okeanos_March_2011_2014-087_0205_20140328_175657_EX1402L2_MB.txt.mb163,https://data.ngdc.noaa.gov/platforms/ocean/ships/okeanos_explorer/EX1402L2/multibeam/data/version2/MB/em302/EX1402L2_Okeanos_March_2011_2014-087_0205_20140328_175657_EX1402L2_MB.txt.mb163,37748736,swath,subset (nav ∩ footprint buffered 4.0 km)
EX1402L2,EX1402L2_Okeanos_March_2011_2014-087_0206_20140328_190214_EX1402L2_MB.txt.mb163,https://data.ngdc.noaa.gov/platforms/ocean/ships/okeanos_explorer/EX1402L2/multibeam/data/version2/MB/em302/EX1402L2_Okeanos_March_2011_2014-087_0206_20140328_190214_EX1402L2_MB.txt.mb163,5242880,swath,subset (nav ∩ footprint buffered 4.0 km)
EX1402L2,EX1402L2_Okeanos_March_2011_2014-087_0207_20140328_191030_EX1402L2_MB.txt.mb163,https://data.ngdc.noaa.gov/platforms/ocean/ships/okeanos_explorer/EX1402L2/multibeam/data/version2/MB/em302/EX1402L2_Okeanos_March_2011_2014-087_0207_20140328_191030_EX1402L2_MB.txt.mb163,40894464,swath,subset (nav ∩ footprint buffered 4.0 km)
EX1402L2,EX1402L2_Okeanos_March_2011_2014-087_0208_20140328_201705_EX1402L2_MB.txt.mb163,https://data.ngdc.noaa.gov/platforms/ocean/ships/okeanos_explorer/EX1402L2/multibeam/data/version2/MB/em302/EX1402L2_Okeanos_March_2011_2014-087_0208_20140328_201705_EX1402L2_MB.txt.mb163,31457280,swath,subset (nav ∩ footprint buffered 4.0 km)
EX1402L2,EX1402L2_Okeanos_March_2011_2014-087_0209_20140328_213040_EX1402L2_MB.txt.mb163,https://data.ngdc.noaa.gov/platforms/ocean/ships/okeanos_explorer/EX1402L2/multibeam/data/version2/MB/em302/EX1402L2_Okeanos_March_2011_2014-087_0209_20140328_213040_EX1402L2_MB.txt.mb163,13631488,swath,subset (nav ∩ footprint buffered 4.0 km)
EX1402L2,EX1402L2_Okeanos_March_2011_2014-087_0210_20140328_220309_EX1402L2_MB.txt.mb163,https://data.ngdc.noaa.gov/platforms/ocean/ships/okeanos_explorer/EX1402L2/multibeam/data/version2/MB/em302/EX1402L2_Okeanos_March_2011_2014-087_0210_20140328_220309_EX1402L2_MB.txt.mb163,13631488,swath,subset (nav ∩ footprint buffered 4.0 km)
EX1402L2,EX1402L2_Okeanos_March_2011_2014-087_0211_20140328_223507_EX1402L2_MB.txt.mb163,https://data.ngdc.noaa.gov/platforms/ocean/ships/okeanos_explorer/EX1402L2/multibeam/data/version2/MB/em302/EX1402L2_Okeanos_March_2011_2014-087_0211_20140328_223507_EX1402L2_MB.txt.mb163,4299162,swath,subset (nav ∩ footprint buffered 4.0 km)
EX1402L2,EX1402L2_Okeanos_March_2011_2014-087_0212_20140328_224246_EX1402L2_MB.txt.mb163,https://data.ngdc.noaa.gov/platforms/ocean/ships/okeanos_explorer/EX1402L2/multibeam/data/version2/MB/em302/EX1402L2_Okeanos_March_2011_2014-087_0212_20140328_224246_EX1402L2_MB.txt.mb163,19922944,swath,subset (nav ∩ footprint buffered 4.0 km)
EX1402L2,EX1402L2_Okeanos_March_2011_2014-087_0213_20140328_232755_EX1402L2_MB.txt.mb163,https://data.ngdc.noaa.gov/platforms/ocean/ships/okeanos_explorer/EX1402L2/multibeam/data/version2/MB/em302/EX1402L2_Okeanos_March_2011_2014-087_0213_20140328_232755_EX1402L2_MB.txt.mb163,14680064,swath,subset (nav ∩ footprint buffered 4.0 km)
EX1402L2,EX1402L2_Okeanos_March_2011_2014-088_0214_20140329_000401_EX1402L2_MB.txt.mb163,https://data.ngdc.noaa.gov/platforms/ocean/ships/okeanos_explorer/EX1402L2/multibeam/data/version2/MB/em302/EX1402L2_Okeanos_March_2011_2014-088_0214_20140329_000401_EX1402L2_MB.txt.mb163,5557453,swath,subset (nav ∩ footprint buffered 4.0 km)
EX1402L2,EX1402L2_Okeanos_March_2011_2014-088_0215_20140329_001947_EX1402L2_MB.txt.mb163,https://data.ngdc.noaa.gov/platforms/ocean/ships/okeanos_explorer/EX1402L2/multibeam/data/version2/MB/em302/EX1402L2_Okeanos_March_2011_2014-088_0215_20140329_001947_EX1402L2_MB.txt.mb163,41943040,swath,subset (nav ∩ footprint buffered 4.0 km)
EX1402L2,EX1402L2_Okeanos_March_2011_2014-088_0216_20140329_021945_EX1402L2_MB.txt.mb163,https://data.ngdc.noaa.gov/platforms/ocean/ships/okeanos_explorer/EX1402L2/multibeam/data/version2/MB/em302/EX1402L2_Okeanos_March_2011_2014-088_0216_20140329_021945_EX1402L2_MB.txt.mb163,50331648,swath,subset (nav ∩ footprint buffered 4.0 km)
EX1402L2,EX1402L2_Okeanos_March_2011_2014-088_0217_20140329_041947_EX1402L2_MB.txt.mb163,https://data.ngdc.noaa.gov/platforms/ocean/ships/okeanos_explorer/EX1402L2/multibeam/data/version2/MB/em302/EX1402L2_Okeanos_March_2011_2014-088_0217_20140329_041947_EX1402L2_MB.txt.mb163,47185920,swath,subset (nav ∩ footprint buffered 4.0 km)
EX1402L2,EX1402L2_Okeanos_March_2011_2014-088_0218_20140329_061946_EX1402L2_MB.txt.mb163,https://data.ngdc.noaa.gov/platforms/ocean/ships/okeanos_explorer/EX1402L2/multibeam/data/version2/MB/em302/EX1402L2_Okeanos_March_2011_2014-088_0218_20140329_061946_EX1402L2_MB.txt.mb163,41943040,swath,subset (nav ∩ footprint buffered 4.0 km)
EX1402L2,EX1402L2_Okeanos_March_2011_2014-088_0219_20140329_081948_EX1402L2_MB.txt.mb163,https://data.ngdc.noaa.gov/platforms/ocean/ships/okeanos_explorer/EX1402L2/multibeam/data/version2/MB/em302/EX1402L2_Okeanos_March_2011_2014-088_0219_20140329_081948_EX1402L2_MB.txt.mb163,13631488,swath,subset (nav ∩ footprint buffered 4.0 km)
EX1402L2,EX1402L2_Okeanos_March_2011_2014-088_0220_20140329_085554_EX1402L2_MB.txt.mb163,https://data.ngdc.noaa.gov/platforms/ocean/ships/okeanos_explorer/EX1402L2/multibeam/data/version2/MB/em302/EX1402L2_Okeanos_March_2011_2014-088_0220_20140329_085554_EX1402L2_MB.txt.mb163,7864320,swath,subset (nav ∩ footprint buffered 4.0 km)
EX1402L2,EX1402L2_Okeanos_March_2011_2014-088_0221_20140329_091836_EX1402L2_MB.txt.mb163,https://data.ngdc.noaa.gov/platforms/ocean/ships/okeanos_explorer/EX1402L2/multibeam/data/version2/MB/em302/EX1402L2_Okeanos_March_2011_2014-088_0221_20140329_091836_EX1402L2_MB.txt.mb163,44040192,swath,subset (nav ∩ footprint buffered 4.0 km)
EX1402L2,EX1402L2_Okeanos_March_2011_2014-088_0222_20140329_111832_EX1402L2_MB.txt.mb163,https://data.ngdc.noaa.gov/platforms/ocean/ships/okeanos_explorer/EX1402L2/multibeam/data/version2/MB/em302/EX1402L2_Okeanos_March_2011_2014-088_0222_20140329_111832_EX1402L2_MB.txt.mb163,47185920,swath,subset (nav ∩ footprint buffered 4.0 km)
EX1402L2,EX1402L2_Okeanos_March_2011_2014-088_0223_20140329_131834_EX1402L2_MB.txt.mb163,https://data.ngdc.noaa.gov/platforms/ocean/ships/okeanos_explorer/EX1402L2/multibeam/data/version2/MB/em302/EX1402L2_Okeanos_March_2011_2014-088_0223_20140329_131834_EX1402L2_MB.txt.mb163,25165824,swath,subset (nav ∩ footprint buffered 4.0 km)
EX1402L2,EX1402L2_Okeanos_March_2011_2014-088_0224_20140329_153533_EX1402L2_MB.txt.mb163,https://data.ngdc.noaa.gov/platforms/ocean/ships/okeanos_explorer/EX1402L2/multibeam/data/version2/MB/em302/EX1402L2_Okeanos_March_2011_2014-088_0224_20140329_153533_EX1402L2_MB.txt.mb163,39845888,swath,subset (nav ∩ footprint buffered 4.0 km)
EX1402L2,EX1402L2_Okeanos_March_2011_2014-088_0225_20140329_173000_EX1402L2_MB.txt.mb163,https://data.ngdc.noaa.gov/platforms/ocean/ships/okeanos_explorer/EX1402L2/multibeam/data/version2/MB/em302/EX1402L2_Okeanos_March_2011_2014-088_0225_20140329_173000_EX1402L2_MB.txt.mb163,1468006,swath,subset (nav ∩ footprint buffered 4.0 km)
EX1402L2,EX1402L2_Okeanos_March_2011_2014-088_0226_20140329_173439_EX1402L2_MB.txt.mb163,https://data.ngdc.noaa.gov/platforms/ocean/ships/okeanos_explorer/EX1402L2/multibeam/data/version2/MB/em302/EX1402L2_Okeanos_March_2011_2014-088_0226_20140329_173439_EX1402L2_MB.txt.mb163,2097152,swath,subset (nav ∩ footprint buffered 4.0 km)
EX1402L2,EX1402L2_Okeanos_March_2011_2014-088_0227_20140329_174102_EX1402L2_MB.txt.mb163,https://data.ngdc.noaa.gov/platforms/ocean/ships/okeanos_explorer/EX1402L2/multibeam/data/version2/MB/em302/EX1402L2_Okeanos_March_2011_2014-088_0227_20140329_174102_EX1402L2_MB.txt.mb163,1992294,swath,subset (nav ∩ footprint buffered 4.0 km)
EX1402L2,EX1402L2_Okeanos_March_2011_2014-088_0228_20140329_174659_EX1402L2_MB.txt.mb163,https://data.ngdc.noaa.gov/platforms/ocean/ships/okeanos_explorer/EX1402L2/multibeam/data/version2/MB/em302/EX1402L2_Okeanos_March_2011_2014-088_0228_20140329_174659_EX1402L2_MB.txt.mb163,18874368,swath,subset (nav ∩ footprint buffered 4.0 km)
EX1402L2,EX1402L2_Okeanos_March_2011_2014-088_0229_20140329_184420_EX1402L2_MB.txt.mb163,https://data.ngdc.noaa.gov/platforms/ocean/ships/okeanos_explorer/EX1402L2/multibeam/data/version2/MB/em302/EX1402L2_Okeanos_March_2011_2014-088_0229_20140329_184420_EX1402L2_MB.txt.mb163,40894464,swath,subset (nav ∩ footprint buffered 4.0 km)
EX1402L2,EX1402L2_Okeanos_March_2011_2014-088_0230_20140329_204419_EX1402L2_MB.txt.mb163,https://data.ngdc.noaa.gov/platforms/ocean/ships/okeanos_explorer/EX1402L2/multibeam/data/version2/MB/em302/EX1402L2_Okeanos_March_2011_2014-088_0230_20140329_204419_EX1402L2_MB.txt.mb163,47185920,swath,subset (nav ∩ footprint buffered 4.0 km)
EX1402L2,EX1402L2_Okeanos_March_2011_2014-088_0231_20140329_224419_EX1402L2_MB.txt.mb163,https://data.ngdc.noaa.gov/platforms/ocean/ships/okeanos_explorer/EX1402L2/multibeam/data/version2/MB/em302/EX1402L2_Okeanos_March_2011_2014-088_0231_20140329_224419_EX1402L2_MB.txt.mb163,28311552,swath,subset (nav ∩ footprint buffered 4.0 km)
EX1402L2,EX1402L2_Okeanos_March_2011_2014-089_0232_20140329_235657_EX1402L2_MB.txt.mb163,https://data.ngdc.noaa.gov/platforms/ocean/ships/okeanos_explorer/EX1402L2/multibeam/data/version2/MB/em302/EX1402L2_Okeanos_March_2011_2014-089_0232_20140329_235657_EX1402L2_MB.txt.mb163,1153434,swath,subset (nav ∩ footprint buffered 4.0 km)
EX1402L2,EX1402L2_Okeanos_March_2011_2014-089_0233_20140330_000002_EX1402L2_MB.txt.mb163,https://data.ngdc.noaa.gov/platforms/ocean/ships/okeanos_explorer/EX1402L2/multibeam/data/version2/MB/em302/EX1402L2_Okeanos_March_2011_2014-089_0233_20140330_000002_EX1402L2_MB.txt.mb163,7549747,swath,subset (nav ∩ footprint buffered 4.0 km)
EX1402L2,EX1402L2_Okeanos_March_2011_2014-089_0234_20140330_001928_EX1402L2_MB.txt.mb163,https://data.ngdc.noaa.gov/platforms/ocean/ships/okeanos_explorer/EX1402L2/multibeam/data/version2/MB/em302/EX1402L2_Okeanos_March_2011_2014-089_0234_20140330_001928_EX1402L2_MB.txt.mb163,49283072,swath,subset (nav ∩ footprint buffered 4.0 km)
EX1402L2,EX1402L2_Okeanos_March_2011_2014-089_0235_20140330_021926_EX1402L2_MB.txt.mb163,https://data.ngdc.noaa.gov/platforms/ocean/ships/okeanos_explorer/EX1402L2/multibeam/data/version2/MB/em302/EX1402L2_Okeanos_March_2011_2014-089_0235_20140330_021926_EX1402L2_MB.txt.mb163,48234496,swath,subset (nav ∩ footprint buffered 4.0 km)
EX1402L2,EX1402L2_Okeanos_March_2011_2014-089_0236_20140330_041929_EX1402L2_MB.txt.mb163,https://data.ngdc.noaa.gov/platforms/ocean/ships/okeanos_explorer/EX1402L2/multibeam/data/version2/MB/em302/EX1402L2_Okeanos_March_2011_2014-089_0236_20140330_041929_EX1402L2_MB.txt.mb163,15728640,swath,subset (nav ∩ footprint buffered 4.0 km)
EX1402L2,EX1402L2_Okeanos_March_2011_2014-089_0237_20140330_050222_EX1402L2_MB.txt.mb163,https://data.ngdc.noaa.gov/platforms/ocean/ships/okeanos_explorer/EX1402L2/multibeam/data/version2/MB/em302/EX1402L2_Okeanos_March_2011_2014-089_0237_20140330_050222_EX1402L2_MB.txt.mb163,7864320,swath,subset (nav ∩ footprint buffered 4.0 km)
EX1402L2,EX1402L2_Okeanos_March_2011_2014-089_0238_20140330_052357_EX1402L2_MB.txt.mb163,https://data.ngdc.noaa.gov/platforms/ocean/ships/okeanos_explorer/EX1402L2/multibeam/data/version2/MB/em302/EX1402L2_Okeanos_March_2011_2014-089_0238_20140330_052357_EX1402L2_MB.txt.mb163,49283072,swath,subset (nav ∩ footprint buffered 4.0 km)
EX1402L2,EX1402L2_Okeanos_March_2011_2014-089_0239_20140330_072400_EX1402L2_MB.txt.mb163,https://data.ngdc.noaa.gov/platforms/ocean/ships/okeanos_explorer/EX1402L2/multibeam/data/version2/MB/em302/EX1402L2_Okeanos_March_2011_2014-089_0239_20140330_072400_EX1402L2_MB.txt.mb163,54525952,swath,subset (nav ∩ footprint buffered 4.0 km)
EX1402L2,EX1402L2_Okeanos_March_2011_2014-089_0240_20140330_092358_EX1402L2_MB.txt.mb163,https://data.ngdc.noaa.gov/platforms/ocean/ships/okeanos_explorer/EX1402L2/multibeam/data/version2/MB/em302/EX1402L2_Okeanos_March_2011_2014-089_0240_20140330_092358_EX1402L2_MB.txt.mb163,15728640,swath,subset (nav ∩ footprint buffered 4.0 km)
EX1402L2,EX1402L2_Okeanos_March_2011_2014-089_0241_20140330_100120_EX1402L2_MB.txt.mb163,https://data.ngdc.noaa.gov/platforms/ocean/ships/okeanos_explorer/EX1402L2/multibeam/data/version2/MB/em302/EX1402L2_Okeanos_March_2011_2014-089_0241_20140330_100120_EX1402L2_MB.txt.mb163,7025459,swath,subset (nav ∩ footprint buffered 4.0 km)
EX1402L2,EX1402L2_Okeanos_March_2011_2014-089_0242_20140330_102037_EX1402L2_MB.txt.mb163,https://data.ngdc.noaa.gov/platforms/ocean/ships/okeanos_explorer/EX1402L2/multibeam/data/version2/MB/em302/EX1402L2_Okeanos_March_2011_2014-089_0242_20140330_102037_EX1402L2_MB.txt.mb163,55574528,swath,subset (nav ∩ footprint buffered 4.0 km)
EX1402L2,EX1402L2_Okeanos_March_2011_2014-089_0243_20140330_122037_EX1402L2_MB.txt.mb163,https://data.ngdc.noaa.gov/platforms/ocean/ships/okeanos_explorer/EX1402L2/multibeam/data/version2/MB/em302/EX1402L2_Okeanos_March_2011_2014-089_0243_20140330_122037_EX1402L2_MB.txt.mb163,51380224,swath,subset (nav ∩ footprint buffered 4.0 km)
EX1402L2,EX1402L2_Okeanos_March_2011_2014-089_0244_20140330_142038_EX1402L2_MB.txt.mb163,https://data.ngdc.noaa.gov/platforms/ocean/ships/okeanos_explorer/EX1402L2/multibeam/data/version2/MB/em302/EX1402L2_Okeanos_March_2011_2014-089_0244_20140330_142038_EX1402L2_MB.txt.mb163,26214400,swath,subset (nav ∩ footprint buffered 4.0 km)
EX1402L2,EX1402L2_Okeanos_March_2011_2014-089_0245_20140330_152500_EX1402L2_MB.txt.mb163,https://data.ngdc.noaa.gov/platforms/ocean/ships/okeanos_explorer/EX1402L2/multibeam/data/version2/MB/em302/EX1402L2_Okeanos_March_2011_2014-089_0245_20140330_152500_EX1402L2_MB.txt.mb163,55574528,swath,subset (nav ∩ footprint buffered 4.0 km)
EX1402L2,EX1402L2_Okeanos_March_2011_2014-089_0246_20140330_172352_EX1402L2_MB.txt.mb163,https://data.ngdc.noaa.gov/platforms/ocean/ships/okeanos_explorer/EX1402L2/multibeam/data/version2/MB/em302/EX1402L2_Okeanos_March_2011_2014-089_0246_20140330_172352_EX1402L2_MB.txt.mb163,4089446,swath,subset (nav ∩ footprint buffered 4.0 km)
EX1402L2,EX1402L2_Okeanos_March_2011_2014-089_0247_20140330_173349_EX1402L2_MB.txt.mb163,https://data.ngdc.noaa.gov/platforms/ocean/ships/okeanos_explorer/EX1402L2/multibeam/data/version2/MB/em302/EX1402L2_Okeanos_March_2011_2014-089_0247_20140330_173349_EX1402L2_MB.txt.mb163,1153434,swath,subset (nav ∩ footprint buffered 4.0 km)
EX1402L2,EX1402L2_Okeanos_March_2011_2014-089_0248_20140330_173637_EX1402L2_MB.txt.mb163,https://data.ngdc.noaa.gov/platforms/ocean/ships/okeanos_explorer/EX1402L2/multibeam/data/version2/MB/em302/EX1402L2_Okeanos_March_2011_2014-089_0248_20140330_173637_EX1402L2_MB.txt.mb163,5138022,swath,subset (nav ∩ footprint buffered 4.0 km)
EX1402L2,EX1402L2_Okeanos_March_2011_2014-089_0249_20140330_174846_EX1402L2_MB.txt.mb163,https://data.ngdc.noaa.gov/platforms/ocean/ships/okeanos_explorer/EX1402L2/multibeam/data/version2/MB/em302/EX1402L2_Okeanos_March_2011_2014-089_0249_20140330_174846_EX1402L2_MB.txt.mb163,1048576,swath,subset (nav ∩ footprint buffered 4.0 km)
EX1402L2,EX1402L2_Okeanos_March_2011_2014-089_0250_20140330_175100_EX1402L2_MB.txt.mb163,https://data.ngdc.noaa.gov/platforms/ocean/ships/okeanos_explorer/EX1402L2/multibeam/data/version2/MB/em302/EX1402L2_Okeanos_March_2011_2014-089_0250_20140330_175100_EX1402L2_MB.txt.mb163,66060288,swath,subset (nav ∩ footprint buffered 4.0 km)
EX1402L2,EX1402L2_Okeanos_March_2011_2014-089_0251_20140330_195058_EX1402L2_MB.txt.mb163,https://data.ngdc.noaa.gov/platforms/ocean/ships/okeanos_explorer/EX1402L2/multibeam/data/version2/MB/em302/EX1402L2_Okeanos_March_2011_2014-089_0251_20140330_195058_EX1402L2_MB.txt.mb163,66060288,swath,subset (nav ∩ footprint buffered 4.0 km)
EX1402L2,EX1402L2_Okeanos_March_2011_2014-089_0252_20140330_215058_EX1402L2_MB.txt.mb163,https://data.ngdc.noaa.gov/platforms/ocean/ships/okeanos_explorer/EX1402L2/multibeam/data/version2/MB/em302/EX1402L2_Okeanos_March_2011_2014-089_0252_20140330_215058_EX1402L2_MB.txt.mb163,73400320,swath,subset (nav ∩ footprint buffered 4.0 km)
EX1402L2,EX1402L2_Okeanos_March_2011_2014-089_0253_20140330_234647_EX1402L2_MB.txt.mb163,https://data.ngdc.noaa.gov/platforms/ocean/ships/okeanos_explorer/EX1402L2/multibeam/data/version2/MB/em302/EX1402L2_Okeanos_March_2011_2014-089_0253_20140330_234647_EX1402L2_MB.txt.mb163,4508877,swath,subset (nav ∩ footprint buffered 4.0 km)
EX1402L2,EX1402L2_Okeanos_March_2011_2014-089_0254_20140330_235724_EX1402L2_MB.txt.mb163,https://data.ngdc.noaa.gov/platforms/ocean/ships/okeanos_explorer/EX1402L2/multibeam/data/version2/MB/em302/EX1402L2_Okeanos_March_2011_2014-089_0254_20140330_235724_EX1402L2_MB.txt.mb163,1153434,swath,subset (nav ∩ footprint buffered 4.0 km)
EX1402L2,EX1402L2_Okeanos_March_2011_2014-090_0255_20140331_000010_EX1402L2_MB.txt.mb163,https://data.ngdc.noaa.gov/platforms/ocean/ships/okeanos_explorer/EX1402L2/multibeam/data/version2/MB/em302/EX1402L2_Okeanos_March_2011_2014-090_0255_20140331_000010_EX1402L2_MB.txt.mb163,65011712,swath,subset (nav ∩ footprint buffered 4.0 km)
EX1402L2,EX1402L2_Okeanos_March_2011_2014-090_0256_20140331_020010_EX1402L2_MB.txt.mb163,https://data.ngdc.noaa.gov/platforms/ocean/ships/okeanos_explorer/EX1402L2/multibeam/data/version2/MB/em302/EX1402L2_Okeanos_March_2011_2014-090_0256_20140331_020010_EX1402L2_MB.txt.mb163,56623104,swath,subset (nav ∩ footprint buffered 4.0 km)
EX1402L2,EX1402L2_Okeanos_March_2011_2014-090_0257_20140331_040011_EX1402L2_MB.txt.mb163,https://data.ngdc.noaa.gov/platforms/ocean/ships/okeanos_explorer/EX1402L2/multibeam/data/version2/MB/em302/EX1402L2_Okeanos_March_2011_2014-090_0257_20140331_040011_EX1402L2_MB.txt.mb163,55574528,swath,subset (nav ∩ footprint buffered 4.0 km)
EX1402L2,EX1402L2_Okeanos_March_2011_2014-090_0258_20140331_054400_EX1402L2_MB.txt.mb163,https://data.ngdc.noaa.gov/platforms/ocean/ships/okeanos_explorer/EX1402L2/multibeam/data/version2/MB/em302/EX1402L2_Okeanos_March_2011_2014-090_0258_20140331_054400_EX1402L2_MB.txt.mb163,7654605,swath,subset (nav ∩ footprint buffered 4.0 km)
EX1402L2,EX1402L2_Okeanos_March_2011_2014-090_0259_20140331_055952_EX1402L2_MB.txt.mb163,https://data.ngdc.noaa.gov/platforms/ocean/ships/okeanos_explorer/EX1402L2/multibeam/data/version2/MB/em302/EX1402L2_Okeanos_March_2011_2014-090_0259_20140331_055952_EX1402L2_MB.txt.mb163,70254592,swath,subset (nav ∩ footprint buffered 4.0 km)
EX1402L2,EX1402L2_Okeanos_March_2011_2014-090_0260_20140331_075953_EX1402L2_MB.txt.mb163,https://data.ngdc.noaa.gov/platforms/ocean/ships/okeanos_explorer/EX1402L2/multibeam/data/version2/MB/em302/EX1402L2_Okeanos_March_2011_2014-090_0260_20140331_075953_EX1402L2_MB.txt.mb163,69206016,swath,subset (nav ∩ footprint buffered 4.0 km)
EX1402L2,EX1402L2_Okeanos_March_2011_2014-090_0261_20140331_095953_EX1402L2_MB.txt.mb163,https://data.ngdc.noaa.gov/platforms/ocean/ships/okeanos_explorer/EX1402L2/multibeam/data/version2/MB/em302/EX1402L2_Okeanos_March_2011_2014-090_0261_20140331_095953_EX1402L2_MB.txt.mb163,51380224,swath,subset (nav ∩ footprint buffered 4.0 km)
EX1402L2,EX1402L2_Okeanos_March_2011_2014-090_0262_20140331_113636_EX1402L2_MB.txt.mb163,https://data.ngdc.noaa.gov/platforms/ocean/ships/okeanos_explorer/EX1402L2/multibeam/data/version2/MB/em302/EX1402L2_Okeanos_March_2011_2014-090_0262_20140331_113636_EX1402L2_MB.txt.mb163,3984589,swath,subset (nav ∩ footprint buffered 4.0 km)
EX1402L2,EX1402L2_Okeanos_March_2011_2014-090_0263_20140331_114640_EX1402L2_MB.txt.mb163,https://data.ngdc.noaa.gov/platforms/ocean/ships/okeanos_explorer/EX1402L2/multibeam/data/version2/MB/em302/EX1402L2_Okeanos_March_2011_2014-090_0263_20140331_114640_EX1402L2_MB.txt.mb163,66060288,swath,subset (nav ∩ footprint buffered 4.0 km)
EX1402L2,EX1402L2_Okeanos_March_2011_2014-090_0264_20140331_134637_EX1402L2_MB.txt.mb163,https://data.ngdc.noaa.gov/platforms/ocean/ships/okeanos_explorer/EX1402L2/multibeam/data/version2/MB/em302/EX1402L2_Okeanos_March_2011_2014-090_0264_20140331_134637_EX1402L2_MB.txt.mb163,72351744,swath,subset (nav ∩ footprint buffered 4.0 km)
EX1402L2,EX1402L2_Okeanos_March_2011_2014-090_0265_20140331_154638_EX1402L2_MB.txt.mb163,https://data.ngdc.noaa.gov/platforms/ocean/ships/okeanos_explorer/EX1402L2/multibeam/data/version2/MB/em302/EX1402L2_Okeanos_March_2011_2014-090_0265_20140331_154638_EX1402L2_MB.txt.mb163,59768832,swath,subset (nav ∩ footprint buffered 4.0 km)
EX1402L2,EX1402L2_Okeanos_March_2011_2014-090_0266_20140331_172704_EX1402L2_MB.txt.mb163,https://data.ngdc.noaa.gov/platforms/ocean/ships/okeanos_explorer/EX1402L2/multibeam/data/version2/MB/em302/EX1402L2_Okeanos_March_2011_2014-090_0266_20140331_172704_EX1402L2_MB.txt.mb163,1992294,swath,subset (nav ∩ footprint buffered 4.0 km)
EX1402L2,EX1402L2_Okeanos_March_2011_2014-090_0267_20140331_173102_EX1402L2_MB.txt.mb163,https://data.ngdc.noaa.gov/platforms/ocean/ships/okeanos_explorer/EX1402L2/multibeam/data/version2/MB/em302/EX1402L2_Okeanos_March_2011_2014-090_0267_20140331_173102_EX1402L2_MB.txt.mb163,13631488,swath,subset (nav ∩ footprint buffered 4.0 km)
EX1402L2,EX1402L2_Okeanos_March_2011_2014-090_0268_20140331_180016_EX1402L2_MB.txt.mb163,https://data.ngdc.noaa.gov/platforms/ocean/ships/okeanos_explorer/EX1402L2/multibeam/data/version2/MB/em302/EX1402L2_Okeanos_March_2011_2014-090_0268_20140331_180016_EX1402L2_MB.txt.mb163,1363149,swath,subset (nav ∩ footprint buffered 4.0 km)
EX1402L2,EX1402L2_Okeanos_March_2011_2014-090_0269_20140331_180315_EX1402L2_MB.txt.mb163,https://data.ngdc.noaa.gov/platforms/ocean/ships/okeanos_explorer/EX1402L2/multibeam/data/version2/MB/em302/EX1402L2_Okeanos_March_2011_2014-090_0269_20140331_180315_EX1402L2_MB.txt.mb163,34603008,swath,subset (nav ∩ footprint buffered 4.0 km)
EX1402L2,EX1402L2_Okeanos_March_2011_2014-090_0270_20140331_190741_EX1402L2_MB.txt.mb163,https://data.ngdc.noaa.gov/platforms/ocean/ships/okeanos_explorer/EX1402L2/multibeam/data/version2/MB/em302/EX1402L2_Okeanos_March_2011_2014-090_0270_20140331_190741_EX1402L2_MB.txt.mb163,1468006,swath,subset (nav ∩ footprint buffered 4.0 km)
EX1402L2,EX1402L2_Okeanos_March_2011_2014-090_0271_20140331_191101_EX1402L2_MB.txt.mb163,https://data.ngdc.noaa.gov/platforms/ocean/ships/okeanos_explorer/EX1402L2/multibeam/data/version2/MB/em302/EX1402L2_Okeanos_March_2011_2014-090_0271_20140331_191101_EX1402L2_MB.txt.mb163,2097152,swath,subset (nav ∩ footprint buffered 4.0 km)
EX1402L2,EX1402L2_Okeanos_March_2011_2014-090_0272_20140331_191527_EX1402L2_MB.txt.mb163,https://data.ngdc.noaa.gov/platforms/ocean/ships/okeanos_explorer/EX1402L2/multibeam/data/version2/MB/em302/EX1402L2_Okeanos_March_2011_2014-090_0272_20140331_191527_EX1402L2_MB.txt.mb163,1048576,swath,subset (nav ∩ footprint buffered 4.0 km)
EX1402L2,EX1402L2_Okeanos_March_2011_2014-090_0273_20140331_191749_EX1402L2_MB.txt.mb163,https://data.ngdc.noaa.gov/platforms/ocean/ships/okeanos_explorer/EX1402L2/multibeam/data/version2/MB/em302/EX1402L2_Okeanos_March_2011_2014-090_0273_20140331_191749_EX1402L2_MB.txt.mb163,41943040,swath,subset (nav ∩ footprint buffered 4.0 km)
EX1402L2,EX1402L2_Okeanos_March_2011_2014-090_0274_20140331_203914_EX1402L2_MB.txt.mb163,https://data.ngdc.noaa.gov/platforms/ocean/ships/okeanos_explorer/EX1402L2/multibeam/data/version2/MB/em302/EX1402L2_Okeanos_March_2011_2014-090_0274_20140331_203914_EX1402L2_MB.txt.mb163,5557453,swath,subset (nav ∩ footprint buffered 4.0 km)
EX1402L2,EX1402L2_Okeanos_March_2011_2014-090_0275_20140331_205203_EX1402L2_MB.txt.mb163,https://data.ngdc.noaa.gov/platforms/ocean/ships/okeanos_explorer/EX1402L2/multibeam/data/version2/MB/em302/EX1402L2_Okeanos_March_2011_2014-090_0275_20140331_205203_EX1402L2_MB.txt.mb163,35651584,swath,subset (nav ∩ footprint buffered 4.0 km)
EX1402L2,EX1402L2_Okeanos_March_2011_2014-090_0276_20140331_220834_EX1402L2_MB.txt.mb163,https://data.ngdc.noaa.gov/platforms/ocean/ships/okeanos_explorer/EX1402L2/multibeam/data/version2/MB/em302/EX1402L2_Okeanos_March_2011_2014-090_0276_20140331_220834_EX1402L2_MB.txt.mb163,5347738,swath,subset (nav ∩ footprint buffered 4.0 km)
EX1402L2,EX1402L2_Okeanos_March_2011_2014-090_0277_20140331_222212_EX1402L2_MB.txt.mb163,https://data.ngdc.noaa.gov/platforms/ocean/ships/okeanos_explorer/EX1402L2/multibeam/data/version2/MB/em302/EX1402L2_Okeanos_March_2011_2014-090_0277_20140331_222212_EX1402L2_MB.txt.mb163,34603008,swath,subset (nav ∩ footprint buffered 4.0 km)
EX1402L2,EX1402L2_Okeanos_March_2011_2014-090_0278_20140331_234246_EX1402L2_MB.txt.mb163,https://data.ngdc.noaa.gov/platforms/ocean/ships/okeanos_explorer/EX1402L2/multibeam/data/version2/MB/em302/EX1402L2_Okeanos_March_2011_2014-090_0278_20140331_234246_EX1402L2_MB.txt.mb163,3565158,swath,subset (nav ∩ footprint buffered 4.0 km)
EX1402L2,EX1402L2_Okeanos_March_2011_2014-090_0279_20140331_235240_EX1402L2_MB.txt.mb163,https://data.ngdc.noaa.gov/platforms/ocean/ships/okeanos_explorer/EX1402L2/multibeam/data/version2/MB/em302/EX1402L2_Okeanos_March_2011_2014-090_0279_20140331_235240_EX1402L2_MB.txt.mb163,4613734,swath,subset (nav ∩ footprint buffered 4.0 km)
EX1402L2,EX1402L2_Okeanos_March_2011_2014-091_0280_20140401_000651_EX1402L2_MB.txt.mb163,https://data.ngdc.noaa.gov/platforms/ocean/ships/okeanos_explorer/EX1402L2/multibeam/data/version2/MB/em302/EX1402L2_Okeanos_March_2011_2014-091_0280_20140401_000651_EX1402L2_MB.txt.mb163,28311552,swath,subset (nav ∩ footprint buffered 4.0 km)
EX1402L2,EX1402L2_Okeanos_March_2011_2014-091_0281_20140401_011222_EX1402L2_MB.txt.mb163,https://data.ngdc.noaa.gov/platforms/ocean/ships/okeanos_explorer/EX1402L2/multibeam/data/version2/MB/em302/EX1402L2_Okeanos_March_2011_2014-091_0281_20140401_011222_EX1402L2_MB.txt.mb163,4404019,swath,subset (nav ∩ footprint buffered 4.0 km)
EX1402L2,EX1402L2_Okeanos_March_2011_2014-091_0282_20140401_012508_EX1402L2_MB.txt.mb163,https://data.ngdc.noaa.gov/platforms/ocean/ships/okeanos_explorer/EX1402L2/multibeam/data/version2/MB/em302/EX1402L2_Okeanos_March_2011_2014-091_0282_20140401_012508_EX1402L2_MB.txt.mb163,45088768,swath,subset (nav ∩ footprint buffered 4.0 km)
EX1402L2,EX1402L2_Okeanos_March_2011_2014-091_0283_20140401_032509_EX1402L2_MB.txt.mb163,https://data.ngdc.noaa.gov/platforms/ocean/ships/okeanos_explorer/EX1402L2/multibeam/data/version2/MB/em302/EX1402L2_Okeanos_March_2011_2014-091_0283_20140401_032509_EX1402L2_MB.txt.mb163,34603008,swath,subset (nav ∩ footprint buffered 4.0 km)
EX1402L2,EX1402L2_Okeanos_March_2011_2014-091_0284_20140401_043945_EX1402L2_MB.txt.mb163,https://data.ngdc.noaa.gov/platforms/ocean/ships/okeanos_explorer/EX1402L2/multibeam/data/version2/MB/em302/EX1402L2_Okeanos_March_2011_2014-091_0284_20140401_043945_EX1402L2_MB.txt.mb163,78643200,swath,subset (nav ∩ footprint buffered 4.0 km)
EX1402L2,EX1402L2_Okeanos_March_2011_2014-091_0285_20140401_063944_EX1402L2_MB.txt.mb163,https://data.ngdc.noaa.gov/platforms/ocean/ships/okeanos_explorer/EX1402L2/multibeam/data/version2/MB/em302/EX1402L2_Okeanos_March_2011_2014-091_0285_20140401_063944_EX1402L2_MB.txt.mb163,22020096,swath,subset (nav ∩ footprint buffered 4.0 km)
EX1402L2,EX1402L2_Okeanos_March_2011_2014-091_0286_20140401_071450_EX1402L2_MB.txt.mb163,https://data.ngdc.noaa.gov/platforms/ocean/ships/okeanos_explorer/EX1402L2/multibeam/data/version2/MB/em302/EX1402L2_Okeanos_March_2011_2014-091_0286_20140401_071450_EX1402L2_MB.txt.mb163,5347738,swath,subset (nav ∩ footprint buffered 4.0 km)
EX1402L2,EX1402L2_Okeanos_March_2011_2014-091_0287_20140401_072354_EX1402L2_MB.txt.mb163,https://data.ngdc.noaa.gov/platforms/ocean/ships/okeanos_explorer/EX1402L2/multibeam/data/version2/MB/em302/EX1402L2_Okeanos_March_2011_2014-091_0287_20140401_072354_EX1402L2_MB.txt.mb163,80740352,swath,subset (nav ∩ footprint buffered 4.0 km)
EX1402L2,EX1402L2_Okeanos_March_2011_2014-091_0288_20140401_092353_EX1402L2_MB.txt.mb163,https://data.ngdc.noaa.gov/platforms/ocean/ships/okeanos_explorer/EX1402L2/multibeam/data/version2/MB/em302/EX1402L2_Okeanos_March_2011_2014-091_0288_20140401_092353_EX1402L2_MB.txt.mb163,23068672,swath,subset (nav ∩ footprint buffered 4.0 km)
EX1402L2,EX1402L2_Okeanos_March_2011_2014-091_0289_20140401_100038_EX1402L2_MB.txt.mb163,https://data.ngdc.noaa.gov/platforms/ocean/ships/okeanos_explorer/EX1402L2/multibeam/data/version2/MB/em302/EX1402L2_Okeanos_March_2011_2014-091_0289_20140401_100038_EX1402L2_MB.txt.mb163,82837504,swath,subset (nav ∩ footprint buffered 4.0 km)
EX1402L2,EX1402L2_Okeanos_March_2011_2014-091_0290_20140401_120037_EX1402L2_MB.txt.mb163,https://data.ngdc.noaa.gov/platforms/ocean/ships/okeanos_explorer/EX1402L2/multibeam/data/version2/MB/em302/EX1402L2_Okeanos_March_2011_2014-091_0290_20140401_120037_EX1402L2_MB.txt.mb163,37748736,swath,subset (nav ∩ footprint buffered 4.0 km)
EX1402L2,EX1402L2_Okeanos_March_2011_2014-091_0291_20140401_125758_EX1402L2_MB.txt.mb163,https://data.ngdc.noaa.gov/platforms/ocean/ships/okeanos_explorer/EX1402L2/multibeam/data/version2/MB/em302/EX1402L2_Okeanos_March_2011_2014-091_0291_20140401_125758_EX1402L2_MB.txt.mb163,3984589,swath,subset (nav ∩ footprint buffered 4.0 km)
EX1402L2,EX1402L2_Okeanos_March_2011_2014-091_0292_20140401_130425_EX1402L2_MB.txt.mb163,https://data.ngdc.noaa.gov/platforms/ocean/ships/okeanos_explorer/EX1402L2/multibeam/data/version2/MB/em302/EX1402L2_Okeanos_March_2011_2014-091_0292_20140401_130425_EX1402L2_MB.txt.mb163,87031808,swath,subset (nav ∩ footprint buffered 4.0 km)
EX1402L2,EX1402L2_Okeanos_March_2011_2014-091_0293_20140401_150425_EX1402L2_MB.txt.mb163,https://data.ngdc.noaa.gov/platforms/ocean/ships/okeanos_explorer/EX1402L2/multibeam/data/version2/MB/em302/EX1402L2_Okeanos_March_2011_2014-091_0293_20140401_150425_EX1402L2_MB.txt.mb163,35651584,swath,subset (nav ∩ footprint buffered 4.0 km)
EX1402L2,EX1402L2_Okeanos_March_2011_2014-091_0294_20140401_155937_EX1402L2_MB.txt.mb163,https://data.ngdc.noaa.gov/platforms/ocean/ships/okeanos_explorer/EX1402L2/multibeam/data/version2/MB/em302/EX1402L2_Okeanos_March_2011_2014-091_0294_20140401_155937_EX1402L2_MB.txt.mb163,66060288,swath,subset (nav ∩ footprint buffered 4.0 km)
EX1402L2,EX1402L2_Okeanos_March_2011_2014-091_0295_20140401_175936_EX1402L2_MB.txt.mb163,https://data.ngdc.noaa.gov/platforms/ocean/ships/okeanos_explorer/EX1402L2/multibeam/data/version2/MB/em302/EX1402L2_Okeanos_March_2011_2014-091_0295_20140401_175936_EX1402L2_MB.txt.mb163,75497472,swath,subset (nav ∩ footprint buffered 4.0 km)
EX1402L2,EX1402L2_Okeanos_March_2011_2014-091_0296_20140401_195935_EX1402L2_MB.txt.mb163,https://data.ngdc.noaa.gov/platforms/ocean/ships/okeanos_explorer/EX1402L2/multibeam/data/version2/MB/em302/EX1402L2_Okeanos_March_2011_2014-091_0296_20140401_195935_EX1402L2_MB.txt.mb163,75497472,swath,subset (nav ∩ footprint buffered 4.0 km)
EX1402L2,EX1402L2_Okeanos_March_2011_2014-091_0297_20140401_215935_EX1402L2_MB.txt.mb163,https://data.ngdc.noaa.gov/platforms/ocean/ships/okeanos_explorer/EX1402L2/multibeam/data/version2/MB/em302/EX1402L2_Okeanos_March_2011_2014-091_0297_20140401_215935_EX1402L2_MB.txt.mb163,56623104,swath,subset (nav ∩ footprint buffered 4.0 km)
EX1402L2,EX1402L2_Okeanos_March_2011_2014-091_0298_20140401_233006_EX1402L2_MB.txt.mb163,https://data.ngdc.noaa.gov/platforms/ocean/ships/okeanos_explorer/EX1402L2/multibeam/data/version2/MB/em302/EX1402L2_Okeanos_March_2011_2014-091_0298_20140401_233006_EX1402L2_MB.txt.mb163,12582912,swath,subset (nav ∩ footprint buffered 4.0 km)
EX1402L2,EX1402L2_Okeanos_March_2011_2014-092_0299_20140402_000001_EX1402L2_MB.txt.mb163,https://data.ngdc.noaa.gov/platforms/ocean/ships/okeanos_explorer/EX1402L2/multibeam/data/version2/MB/em302/EX1402L2_Okeanos_March_2011_2014-092_0299_20140402_000001_EX1402L2_MB.txt.mb163,58720256,swath,subset (nav ∩ footprint buffered 4.0 km)
EX1402L2,EX1402L2_Okeanos_March_2011_2014-092_0300_20140402_015311_EX1402L2_MB.txt.mb163,https://data.ngdc.noaa.gov/platforms/ocean/ships/okeanos_explorer/EX1402L2/multibeam/data/version2/MB/em302/EX1402L2_Okeanos_March_2011_2014-092_0300_20140402_015311_EX1402L2_MB.txt.mb163,17825792,swath,subset (nav ∩ footprint buffered 4.0 km)
EX1402L2,EX1402L2_Okeanos_March_2011_2014-092_0301_20140402_022702_EX1402L2_MB.txt.mb163,https://data.ngdc.noaa.gov/platforms/ocean/ships/okeanos_explorer/EX1402L2/multibeam/data/version2/MB/em302/EX1402L2_Okeanos_March_2011_2014-092_0301_20140402_022702_EX1402L2_MB.txt.mb163,82837504,swath,subset (nav ∩ footprint buffered 4.0 km)
EX1402L2,EX1402L2_Okeanos_March_2011_2014-092_0302_20140402_042702_EX1402L2_MB.txt.mb163,https://data.ngdc.noaa.gov/platforms/ocean/ships/okeanos_explorer/EX1402L2/multibeam/data/version2/MB/em302/EX1402L2_Okeanos_March_2011_2014-092_0302_20140402_042702_EX1402L2_MB.txt.mb163,94371840,swath,subset (nav ∩ footprint buffered 4.0 km)
EX1402L2,EX1402L2_Okeanos_March_2011_2014-092_0303_20140402_062703_EX1402L2_MB.txt.mb163,https://data.ngdc.noaa.gov/platforms/ocean/ships/okeanos_explorer/EX1402L2/multibeam/data/version2/MB/em302/EX1402L2_Okeanos_March_2011_2014-092_0303_20140402_062703_EX1402L2_MB.txt.mb163,74448896,swath,subset (nav ∩ footprint buffered 4.0 km)
EX1402L2,EX1402L2_Okeanos_March_2011_2014-092_0304_20140402_082704_EX1402L2_MB.txt.mb163,https://data.ngdc.noaa.gov/platforms/ocean/ships/okeanos_explorer/EX1402L2/multibeam/data/version2/MB/em302/EX1402L2_Okeanos_March_2011_2014-092_0304_20140402_082704_EX1402L2_MB.txt.mb163,97517568,swath,subset (nav ∩ footprint buffered 4.0 km)
EX1402L2,EX1402L2_Okeanos_March_2011_2014-092_0305_20140402_102702_EX1402L2_MB.txt.mb163,https://data.ngdc.noaa.gov/platforms/ocean/ships/okeanos_explorer/EX1402L2/multibeam/data/version2/MB/em302/EX1402L2_Okeanos_March_2011_2014-092_0305_20140402_102702_EX1402L2_MB.txt.mb163,87031808,swath,subset (nav ∩ footprint buffered 4.0 km)
EX1402L2,EX1402L2_Okeanos_March_2011_2014-092_0306_20140402_122702_EX1402L2_MB.txt.mb163,https://data.ngdc.noaa.gov/platforms/ocean/ships/okeanos_explorer/EX1402L2/multibeam/data/version2/MB/em302/EX1402L2_Okeanos_March_2011_2014-092_0306_20140402_122702_EX1402L2_MB.txt.mb163,59768832,swath,subset (nav ∩ footprint buffered 4.0 km)
EX1402L2,EX1402L2_Okeanos_March_2011_2014-092_0307_20140402_142703_EX1402L2_MB.txt.mb163,https://data.ngdc.noaa.gov/platforms/ocean/ships/okeanos_explorer/EX1402L2/multibeam/data/version2/MB/em302/EX1402L2_Okeanos_March_2011_2014-092_0307_20140402_142703_EX1402L2_MB.txt.mb163,72351744,swath,subset (nav ∩ footprint buffered 4.0 km)
EX1402L2,EX1402L2_Okeanos_March_2011_2014-092_0308_20140402_162702_EX1402L2_MB.txt.mb163,https://data.ngdc.noaa.gov/platforms/ocean/ships/okeanos_explorer/EX1402L2/multibeam/data/version2/MB/em302/EX1402L2_Okeanos_March_2011_2014-092_0308_20140402_162702_EX1402L2_MB.txt.mb163,44040192,swath,subset (nav ∩ footprint buffered 4.0 km)
EX1402L2,EX1402L2_Okeanos_March_2011_2014-092_0309_20140402_182704_EX1402L2_MB.txt.mb163,https://data.ngdc.noaa.gov/platforms/ocean/ships/okeanos_explorer/EX1402L2/multibeam/data/version2/MB/em302/EX1402L2_Okeanos_March_2011_2014-092_0309_20140402_182704_EX1402L2_MB.txt.mb163,32505856,swath,subset (nav ∩ footprint buffered 4.0 km)
EX1402L2,EX1402L2_Okeanos_March_2011_2014-092_0310_20140402_202702_EX1402L2_MB.txt.mb163,https://data.ngdc.noaa.gov/platforms/ocean/ships/okeanos_explorer/EX1402L2/multibeam/data/version2/MB/em302/EX1402L2_Okeanos_March_2011_2014-092_0310_20140402_202702_EX1402L2_MB.txt.mb163,33554432,swath,subset (nav ∩ footprint buffered 4.0 km)
EX1402L2,EX1402L2_Okeanos_March_2011_2014-092_0311_20140402_222704_EX1402L2_MB.txt.mb163,https://data.ngdc.noaa.gov/platforms/ocean/ships/okeanos_explorer/EX1402L2/multibeam/data/version2/MB/em302/EX1402L2_Okeanos_March_2011_2014-092_0311_20140402_222704_EX1402L2_MB.txt.mb163,27262976,swath,subset (nav ∩ footprint buffered 4.0 km)
EX1402L2,EX1402L2_Okeanos_March_2011_2014-093_0312_20140403_000025_EX1402L2_MB.txt.mb163,https://data.ngdc.noaa.gov/platforms/ocean/ships/okeanos_explorer/EX1402L2/multibeam/data/version2/MB/em302/EX1402L2_Okeanos_March_2011_2014-093_0312_20140403_000025_EX1402L2_MB.txt.mb163,34603008,swath,subset (nav ∩ footprint buffered 4.0 km)
EX1402L2,EX1402L2_Okeanos_March_2011_2014-093_0313_20140403_020025_EX1402L2_MB.txt.mb163,https://data.ngdc.noaa.gov/platforms/ocean/ships/okeanos_explorer/EX1402L2/multibeam/data/version2/MB/em302/EX1402L2_Okeanos_March_2011_2014-093_0313_20140403_020025_EX1402L2_MB.txt.mb163,89128960,swath,subset (nav ∩ footprint buffered 4.0 km)
EX1402L2,EX1402L2_Okeanos_March_2011_2014-093_0314_20140403_040024_EX1402L2_MB.txt.mb163,https://data.ngdc.noaa.gov/platforms/ocean/ships/okeanos_explorer/EX1402L2/multibeam/data/version2/MB/em302/EX1402L2_Okeanos_March_2011_2014-093_0314_20140403_040024_EX1402L2_MB.txt.mb163,404750336,swath,subset (nav ∩ footprint buffered 4.0 km)
FK151121,0000_20151119_214927_FK151121_EM710.all.mb58.gz,https://data.ngdc.noaa.gov/platforms/ocean/ships/falkor/FK151121/multibeam/data/version1/MB/em710/0000_20151119_214927_FK151121_EM710.all.mb58.gz,306184192,swath,whole
FK151121,0001_20151122_214847_FK151121_EM710.all.mb58.gz,https://data.ngdc.noaa.gov/platforms/ocean/ships/falkor/FK151121/multibeam/data/version1/MB/em710/0001_20151122_214847_FK151121_EM710.all.mb58.gz,598736896,swath,whole
FK151121,0002_20151122_224845_FK151121_EM710.all.mb58.gz,https://data.ngdc.noaa.gov/platforms/ocean/ships/falkor/FK151121/multibeam/data/version1/MB/em710/0002_20151122_224845_FK151121_EM710.all.mb58.gz,165675008,swath,whole
FK151121,0003_20151123_041009_FK151121_EM710.all.mb58.gz,https://data.ngdc.noaa.gov/platforms/ocean/ships/falkor/FK151121/multibeam/data/version1/MB/em710/0003_20151123_041009_FK151121_EM710.all.mb58.gz,143654912,swath,whole
FK151121,0004_20151123_042253_FK151121_EM710.all.mb58.gz,https://data.ngdc.noaa.gov/platforms/ocean/ships/falkor/FK151121/multibeam/data/version1/MB/em710/0004_20151123_042253_FK151121_EM710.all.mb58.gz,40960,swath,whole
FK151121,0006_20151123_042254_FK151121_EM710.all.mb58.gz,https://data.ngdc.noaa.gov/platforms/ocean/ships/falkor/FK151121/multibeam/data/version1/MB/em710/0006_20151123_042254_FK151121_EM710.all.mb58.gz,277872640,swath,whole
FK151121,0007_20151123_052254_FK151121_EM710.all.mb58.gz,https://data.ngdc.noaa.gov/platforms/ocean/ships/falkor/FK151121/multibeam/data/version1/MB/em710/0007_20151123_052254_FK151121_EM710.all.mb58.gz,27262976,swath,whole
FK151121,0002_20151119_231913_FK151121_EM302.all.mb58.gz,https://data.ngdc.noaa.gov/platforms/ocean/ships/falkor/FK151121/multibeam/data/version1/MB/em302/0002_20151119_231913_FK151121_EM302.all.mb58.gz,34603008,swath,whole
FK151121,0003_20151120_001918_FK151121_EM302.all.mb58.gz,https://data.ngdc.noaa.gov/platforms/ocean/ships/falkor/FK151121/multibeam/data/version1/MB/em302/0003_20151120_001918_FK151121_EM302.all.mb58.gz,30408704,swath,whole
FK151121,0004_20151120_011916_FK151121_EM302.all.mb58.gz,https://data.ngdc.noaa.gov/platforms/ocean/ships/falkor/FK151121/multibeam/data/version1/MB/em302/0004_20151120_011916_FK151121_EM302.all.mb58.gz,16777216,swath,whole
FK151121,0005_20151120_014846_FK151121_EM302.all.mb58.gz,https://data.ngdc.noaa.gov/platforms/ocean/ships/falkor/FK151121/multibeam/data/version1/MB/em302/0005_20151120_014846_FK151121_EM302.all.mb58.gz,26214400,swath,whole
FK151121,0006_20151120_024828_FK151121_EM302.all.mb58.gz,https://data.ngdc.noaa.gov/platforms/ocean/ships/falkor/FK151121/multibeam/data/version1/MB/em302/0006_20151120_024828_FK151121_EM302.all.mb58.gz,27262976,swath,whole
FK151121,0007_20151120_034836_FK151121_EM302.all.mb58.gz,https://data.ngdc.noaa.gov/platforms/ocean/ships/falkor/FK151121/multibeam/data/version1/MB/em302/0007_20151120_034836_FK151121_EM302.all.mb58.gz,10485760,swath,whole
FK151121,0008_20151120_041630_FK151121_EM302.all.mb58.gz,https://data.ngdc.noaa.gov/platforms/ocean/ships/falkor/FK151121/multibeam/data/version1/MB/em302/0008_20151120_041630_FK151121_EM302.all.mb58.gz,35651584,swath,whole
FK151121,0009_20151120_051633_FK151121_EM302.all.mb58.gz,https://data.ngdc.noaa.gov/platforms/ocean/ships/falkor/FK151121/multibeam/data/version1/MB/em302/0009_20151120_051633_FK151121_EM302.all.mb58.gz,3145728,swath,whole
FK151121,0010_20151120_052302_FK151121_EM302.all.mb58.gz,https://data.ngdc.noaa.gov/platforms/ocean/ships/falkor/FK151121/multibeam/data/version1/MB/em302/0010_20151120_052302_FK151121_EM302.all.mb58.gz,3565158,swath,whole
FK151121,0011_20151120_053320_FK151121_EM302.all.mb58.gz,https://data.ngdc.noaa.gov/platforms/ocean/ships/falkor/FK151121/multibeam/data/version1/MB/em302/0011_20151120_053320_FK151121_EM302.all.mb58.gz,2621440,swath,whole
FK151121,0012_20151120_054449_FK151121_EM302.all.mb58.gz,https://data.ngdc.noaa.gov/platforms/ocean/ships/falkor/FK151121/multibeam/data/version1/MB/em302/0012_20151120_054449_FK151121_EM302.all.mb58.gz,23068672,swath,whole
FK151121,0013_20151120_064453_FK151121_EM302.all.mb58.gz,https://data.ngdc.noaa.gov/platforms/ocean/ships/falkor/FK151121/multibeam/data/version1/MB/em302/0013_20151120_064453_FK151121_EM302.all.mb58.gz,23068672,swath,whole
FK151121,0014_20151120_074452_FK151121_EM302.all.mb58.gz,https://data.ngdc.noaa.gov/platforms/ocean/ships/falkor/FK151121/multibeam/data/version1/MB/em302/0014_20151120_074452_FK151121_EM302.all.mb58.gz,22020096,swath,whole
FK151121,0015_20151120_084449_FK151121_EM302.all.mb58.gz,https://data.ngdc.noaa.gov/platforms/ocean/ships/falkor/FK151121/multibeam/data/version1/MB/em302/0015_20151120_084449_FK151121_EM302.all.mb58.gz,22020096,swath,whole
FK151121,0016_20151120_094449_FK151121_EM302.all.mb58.gz,https://data.ngdc.noaa.gov/platforms/ocean/ships/falkor/FK151121/multibeam/data/version1/MB/em302/0016_20151120_094449_FK151121_EM302.all.mb58.gz,22020096,swath,whole
FK151121,0017_20151120_104453_FK151121_EM302.all.mb58.gz,https://data.ngdc.noaa.gov/platforms/ocean/ships/falkor/FK151121/multibeam/data/version1/MB/em302/0017_20151120_104453_FK151121_EM302.all.mb58.gz,22020096,swath,whole
FK151121,0018_20151120_114447_FK151121_EM302.all.mb58.gz,https://data.ngdc.noaa.gov/platforms/ocean/ships/falkor/FK151121/multibeam/data/version1/MB/em302/0018_20151120_114447_FK151121_EM302.all.mb58.gz,22020096,swath,whole
FK151121,0019_20151120_124449_FK151121_EM302.all.mb58.gz,https://data.ngdc.noaa.gov/platforms/ocean/ships/falkor/FK151121/multibeam/data/version1/MB/em302/0019_20151120_124449_FK151121_EM302.all.mb58.gz,22020096,swath,whole
FK151121,0020_20151120_134448_FK151121_EM302.all.mb58.gz,https://data.ngdc.noaa.gov/platforms/ocean/ships/falkor/FK151121/multibeam/data/version1/MB/em302/0020_20151120_134448_FK151121_EM302.all.mb58.gz,22020096,swath,whole
FK151121,0021_20151120_144452_FK151121_EM302.all.mb58.gz,https://data.ngdc.noaa.gov/platforms/ocean/ships/falkor/FK151121/multibeam/data/version1/MB/em302/0021_20151120_144452_FK151121_EM302.all.mb58.gz,22020096,swath,whole
FK151121,0022_20151120_154447_FK151121_EM302.all.mb58.gz,https://data.ngdc.noaa.gov/platforms/ocean/ships/falkor/FK151121/multibeam/data/version1/MB/em302/0022_20151120_154447_FK151121_EM302.all.mb58.gz,22020096,swath,whole
FK151121,0023_20151120_164451_FK151121_EM302.all.mb58.gz,https://data.ngdc.noaa.gov/platforms/ocean/ships/falkor/FK151121/multibeam/data/version1/MB/em302/0023_20151120_164451_FK151121_EM302.all.mb58.gz,23068672,swath,whole
FK151121,0024_20151120_174451_FK151121_EM302.all.mb58.gz,https://data.ngdc.noaa.gov/platforms/ocean/ships/falkor/FK151121/multibeam/data/version1/MB/em302/0024_20151120_174451_FK151121_EM302.all.mb58.gz,27262976,swath,whole
FK151121,0025_20151120_184449_FK151121_EM302.all.mb58.gz,https://data.ngdc.noaa.gov/platforms/ocean/ships/falkor/FK151121/multibeam/data/version1/MB/em302/0025_20151120_184449_FK151121_EM302.all.mb58.gz,29360128,swath,whole
FK151121,0026_20151120_194444_FK151121_EM302.all.mb58.gz,https://data.ngdc.noaa.gov/platforms/ocean/ships/falkor/FK151121/multibeam/data/version1/MB/em302/0026_20151120_194444_FK151121_EM302.all.mb58.gz,31457280,swath,whole
FK151121,0027_20151120_204450_FK151121_EM302.all.mb58.gz,https://data.ngdc.noaa.gov/platforms/ocean/ships/falkor/FK151121/multibeam/data/version1/MB/em302/0027_20151120_204450_FK151121_EM302.all.mb58.gz,32505856,swath,whole
FK151121,0028_20151120_214445_FK151121_EM302.all.mb58.gz,https://data.ngdc.noaa.gov/platforms/ocean/ships/falkor/FK151121/multibeam/data/version1/MB/em302/0028_20151120_214445_FK151121_EM302.all.mb58.gz,6186598,swath,whole
FK151121,0029_20151120_215648_FK151121_EM302.all.mb58.gz,https://data.ngdc.noaa.gov/platforms/ocean/ships/falkor/FK151121/multibeam/data/version1/MB/em302/0029_20151120_215648_FK151121_EM302.all.mb58.gz,37748736,swath,whole
FK151121,0030_20151120_225650_FK151121_EM302.all.mb58.gz,https://data.ngdc.noaa.gov/platforms/ocean/ships/falkor/FK151121/multibeam/data/version1/MB/em302/0030_20151120_225650_FK151121_EM302.all.mb58.gz,38797312,swath,whole
FK151121,0031_20151120_235645_FK151121_EM302.all.mb58.gz,https://data.ngdc.noaa.gov/platforms/ocean/ships/falkor/FK151121/multibeam/data/version1/MB/em302/0031_20151120_235645_FK151121_EM302.all.mb58.gz,35651584,swath,whole
FK151121,0032_20151121_005649_FK151121_EM302.all.mb58.gz,https://data.ngdc.noaa.gov/platforms/ocean/ships/falkor/FK151121/multibeam/data/version1/MB/em302/0032_20151121_005649_FK151121_EM302.all.mb58.gz,31457280,swath,whole
FK151121,0033_20151121_015653_FK151121_EM302.all.mb58.gz,https://data.ngdc.noaa.gov/platforms/ocean/ships/falkor/FK151121/multibeam/data/version1/MB/em302/0033_20151121_015653_FK151121_EM302.all.mb58.gz,23068672,swath,whole
FK151121,0034_20151121_025651_FK151121_EM302.all.mb58.gz,https://data.ngdc.noaa.gov/platforms/ocean/ships/falkor/FK151121/multibeam/data/version1/MB/em302/0034_20151121_025651_FK151121_EM302.all.mb58.gz,22020096,swath,whole
FK151121,0035_20151121_035654_FK151121_EM302.all.mb58.gz,https://data.ngdc.noaa.gov/platforms/ocean/ships/falkor/FK151121/multibeam/data/version1/MB/em302/0035_20151121_035654_FK151121_EM302.all.mb58.gz,1992294,swath,whole
FK151121,0036_20151121_043920_FK151121_EM302.all.mb58.gz,https://data.ngdc.noaa.gov/platforms/ocean/ships/falkor/FK151121/multibeam/data/version1/MB/em302/0036_20151121_043920_FK151121_EM302.all.mb58.gz,5976883,swath,whole
FK151121,0037_20151121_054743_FK151121_EM302.all.mb58.gz,https://data.ngdc.noaa.gov/platforms/ocean/ships/falkor/FK151121/multibeam/data/version1/MB/em302/0037_20151121_054743_FK151121_EM302.all.mb58.gz,19922944,swath,whole
FK151121,0038_20151121_064525_FK151121_EM302.all.mb58.gz,https://data.ngdc.noaa.gov/platforms/ocean/ships/falkor/FK151121/multibeam/data/version1/MB/em302/0038_20151121_064525_FK151121_EM302.all.mb58.gz,20971520,swath,whole
FK151121,0039_20151121_074527_FK151121_EM302.all.mb58.gz,https://data.ngdc.noaa.gov/platforms/ocean/ships/falkor/FK151121/multibeam/data/version1/MB/em302/0039_20151121_074527_FK151121_EM302.all.mb58.gz,20971520,swath,whole
FK151121,0040_20151121_084529_FK151121_EM302.all.mb58.gz,https://data.ngdc.noaa.gov/platforms/ocean/ships/falkor/FK151121/multibeam/data/version1/MB/em302/0040_20151121_084529_FK151121_EM302.all.mb58.gz,22020096,swath,whole
FK151121,0041_20151121_094528_FK151121_EM302.all.mb58.gz,https://data.ngdc.noaa.gov/platforms/ocean/ships/falkor/FK151121/multibeam/data/version1/MB/em302/0041_20151121_094528_FK151121_EM302.all.mb58.gz,20971520,swath,whole
FK151121,0042_20151121_104525_FK151121_EM302.all.mb58.gz,https://data.ngdc.noaa.gov/platforms/ocean/ships/falkor/FK151121/multibeam/data/version1/MB/em302/0042_20151121_104525_FK151121_EM302.all.mb58.gz,20971520,swath,whole
FK151121,0043_20151121_114532_FK151121_EM302.all.mb58.gz,https://data.ngdc.noaa.gov/platforms/ocean/ships/falkor/FK151121/multibeam/data/version1/MB/em302/0043_20151121_114532_FK151121_EM302.all.mb58.gz,22020096,swath,whole
FK151121,0044_20151121_124527_FK151121_EM302.all.mb58.gz,https://data.ngdc.noaa.gov/platforms/ocean/ships/falkor/FK151121/multibeam/data/version1/MB/em302/0044_20151121_124527_FK151121_EM302.all.mb58.gz,22020096,swath,whole
FK151121,0045_20151121_134531_FK151121_EM302.all.mb58.gz,https://data.ngdc.noaa.gov/platforms/ocean/ships/falkor/FK151121/multibeam/data/version1/MB/em302/0045_20151121_134531_FK151121_EM302.all.mb58.gz,22020096,swath,whole
FK151121,0046_20151121_144531_FK151121_EM302.all.mb58.gz,https://data.ngdc.noaa.gov/platforms/ocean/ships/falkor/FK151121/multibeam/data/version1/MB/em302/0046_20151121_144531_FK151121_EM302.all.mb58.gz,22020096,swath,whole
FK151121,0047_20151121_154531_FK151121_EM302.all.mb58.gz,https://data.ngdc.noaa.gov/platforms/ocean/ships/falkor/FK151121/multibeam/data/version1/MB/em302/0047_20151121_154531_FK151121_EM302.all.mb58.gz,22020096,swath,whole
FK151121,0048_20151121_164531_FK151121_EM302.all.mb58.gz,https://data.ngdc.noaa.gov/platforms/ocean/ships/falkor/FK151121/multibeam/data/version1/MB/em302/0048_20151121_164531_FK151121_EM302.all.mb58.gz,22020096,swath,whole
FK151121,0049_20151121_174528_FK151121_EM302.all.mb58.gz,https://data.ngdc.noaa.gov/platforms/ocean/ships/falkor/FK151121/multibeam/data/version1/MB/em302/0049_20151121_174528_FK151121_EM302.all.mb58.gz,22020096,swath,whole
FK151121,0050_20151121_184528_FK151121_EM302.all.mb58.gz,https://data.ngdc.noaa.gov/platforms/ocean/ships/falkor/FK151121/multibeam/data/version1/MB/em302/0050_20151121_184528_FK151121_EM302.all.mb58.gz,22020096,swath,whole
FK151121,0051_20151121_194524_FK151121_EM302.all.mb58.gz,https://data.ngdc.noaa.gov/platforms/ocean/ships/falkor/FK151121/multibeam/data/version1/MB/em302/0051_20151121_194524_FK151121_EM302.all.mb58.gz,22020096,swath,whole
FK151121,0052_20151121_204530_FK151121_EM302.all.mb58.gz,https://data.ngdc.noaa.gov/platforms/ocean/ships/falkor/FK151121/multibeam/data/version1/MB/em302/0052_20151121_204530_FK151121_EM302.all.mb58.gz,22020096,swath,whole
FK151121,0053_20151121_214530_FK151121_EM302.all.mb58.gz,https://data.ngdc.noaa.gov/platforms/ocean/ships/falkor/FK151121/multibeam/data/version1/MB/em302/0053_20151121_214530_FK151121_EM302.all.mb58.gz,22020096,swath,whole
FK151121,0054_20151121_224525_FK151121_EM302.all.mb58.gz,https://data.ngdc.noaa.gov/platforms/ocean/ships/falkor/FK151121/multibeam/data/version1/MB/em302/0054_20151121_224525_FK151121_EM302.all.mb58.gz,25165824,swath,whole
FK151121,0055_20151121_234526_FK151121_EM302.all.mb58.gz,https://data.ngdc.noaa.gov/platforms/ocean/ships/falkor/FK151121/multibeam/data/version1/MB/em302/0055_20151121_234526_FK151121_EM302.all.mb58.gz,31457280,swath,whole
FK151121,0056_20151122_004526_FK151121_EM302.all.mb58.gz,https://data.ngdc.noaa.gov/platforms/ocean/ships/falkor/FK151121/multibeam/data/version1/MB/em302/0056_20151122_004526_FK151121_EM302.all.mb58.gz,34603008,swath,whole
FK151121,0057_20151122_014524_FK151121_EM302.all.mb58.gz,https://data.ngdc.noaa.gov/platforms/ocean/ships/falkor/FK151121/multibeam/data/version1/MB/em302/0057_20151122_014524_FK151121_EM302.all.mb58.gz,40894464,swath,whole
FK151121,0058_20151122_024522_FK151121_EM302.all.mb58.gz,https://data.ngdc.noaa.gov/platforms/ocean/ships/falkor/FK151121/multibeam/data/version1/MB/em302/0058_20151122_024522_FK151121_EM302.all.mb58.gz,52428800,swath,whole
FK151121,0059_20151122_034525_FK151121_EM302.all.mb58.gz,https://data.ngdc.noaa.gov/platforms/ocean/ships/falkor/FK151121/multibeam/data/version1/MB/em302/0059_20151122_034525_FK151121_EM302.all.mb58.gz,6606029,swath,whole
FK151121,0060_20151122_040029_FK151121_EM302.all.mb58.gz,https://data.ngdc.noaa.gov/platforms/ocean/ships/falkor/FK151121/multibeam/data/version1/MB/em302/0060_20151122_040029_FK151121_EM302.all.mb58.gz,6710886,swath,whole
FK151121,0061_20151122_041251_FK151121_EM302.all.mb58.gz,https://data.ngdc.noaa.gov/platforms/ocean/ships/falkor/FK151121/multibeam/data/version1/MB/em302/0061_20151122_041251_FK151121_EM302.all.mb58.gz,38797312,swath,whole
FK151121,0062_20151122_051250_FK151121_EM302.all.mb58.gz,https://data.ngdc.noaa.gov/platforms/ocean/ships/falkor/FK151121/multibeam/data/version1/MB/em302/0062_20151122_051250_FK151121_EM302.all.mb58.gz,33554432,swath,whole
FK151121,0063_20151122_070734_FK151121_EM302.all.mb58.gz,https://data.ngdc.noaa.gov/platforms/ocean/ships/falkor/FK151121/multibeam/data/version1/MB/em302/0063_20151122_070734_FK151121_EM302.all.mb58.gz,38797312,swath,whole
FK151121,0064_20151122_080734_FK151121_EM302.all.mb58.gz,https://data.ngdc.noaa.gov/platforms/ocean/ships/falkor/FK151121/multibeam/data/version1/MB/em302/0064_20151122_080734_FK151121_EM302.all.mb58.gz,19922944,swath,whole
FK151121,0065_20151122_130700_FK151121_EM302.all.mb58.gz,https://data.ngdc.noaa.gov/platforms/ocean/ships/falkor/FK151121/multibeam/data/version1/MB/em302/0065_20151122_130700_FK151121_EM302.all.mb58.gz,22020096,swath,whole
FK151121,0066_20151122_140701_FK151121_EM302.all.mb58.gz,https://data.ngdc.noaa.gov/platforms/ocean/ships/falkor/FK151121/multibeam/data/version1/MB/em302/0066_20151122_140701_FK151121_EM302.all.mb58.gz,22020096,swath,whole
FK151121,0067_20151122_150700_FK151121_EM302.all.mb58.gz,https://data.ngdc.noaa.gov/platforms/ocean/ships/falkor/FK151121/multibeam/data/version1/MB/em302/0067_20151122_150700_FK151121_EM302.all.mb58.gz,29360128,swath,whole
FK151121,0068_20151122_160701_FK151121_EM302.all.mb58.gz,https://data.ngdc.noaa.gov/platforms/ocean/ships/falkor/FK151121/multibeam/data/version1/MB/em302/0068_20151122_160701_FK151121_EM302.all.mb58.gz,31457280,swath,whole
FK151121,0069_20151122_170700_FK151121_EM302.all.mb58.gz,https://data.ngdc.noaa.gov/platforms/ocean/ships/falkor/FK151121/multibeam/data/version1/MB/em302/0069_20151122_170700_FK151121_EM302.all.mb58.gz,32505856,swath,whole
FK151121,0070_20151122_180701_FK151121_EM302.all.mb58.gz,https://data.ngdc.noaa.gov/platforms/ocean/ships/falkor/FK151121/multibeam/data/version1/MB/em302/0070_20151122_180701_FK151121_EM302.all.mb58.gz,30408704,swath,whole
FK151121,0071_20151122_190702_FK151121_EM302.all.mb58.gz,https://data.ngdc.noaa.gov/platforms/ocean/ships/falkor/FK151121/multibeam/data/version1/MB/em302/0071_20151122_190702_FK151121_EM302.all.mb58.gz,30408704,swath,whole
FK151121,0072_20151122_200700_FK151121_EM302.all.mb58.gz,https://data.ngdc.noaa.gov/platforms/ocean/ships/falkor/FK151121/multibeam/data/version1/MB/em302/0072_20151122_200700_FK151121_EM302.all.mb58.gz,30408704,swath,whole
FK151121,0073_20151122_210658_FK151121_EM302.all.mb58.gz,https://data.ngdc.noaa.gov/platforms/ocean/ships/falkor/FK151121/multibeam/data/version1/MB/em302/0073_20151122_210658_FK151121_EM302.all.mb58.gz,74448896,swath,whole
FK151121,0074_20151123_074835_FK151121_EM302.all.mb58.gz,https://data.ngdc.noaa.gov/platforms/ocean/ships/falkor/FK151121/multibeam/data/version1/MB/em302/0074_20151123_074835_FK151121_EM302.all.mb58.gz,29360128,swath,whole
FK151121,0075_20151123_084841_FK151121_EM302.all.mb58.gz,https://data.ngdc.noaa.gov/platforms/ocean/ships/falkor/FK151121/multibeam/data/version1/MB/em302/0075_20151123_084841_FK151121_EM302.all.mb58.gz,19922944,swath,whole
FK151121,0076_20151123_094836_FK151121_EM302.all.mb58.gz,https://data.ngdc.noaa.gov/platforms/ocean/ships/falkor/FK151121/multibeam/data/version1/MB/em302/0076_20151123_094836_FK151121_EM302.all.mb58.gz,20971520,swath,whole
FK151121,0077_20151123_104835_FK151121_EM302.all.mb58.gz,https://data.ngdc.noaa.gov/platforms/ocean/ships/falkor/FK151121/multibeam/data/version1/MB/em302/0077_20151123_104835_FK151121_EM302.all.mb58.gz,20971520,swath,whole
FK151121,0078_20151123_114841_FK151121_EM302.all.mb58.gz,https://data.ngdc.noaa.gov/platforms/ocean/ships/falkor/FK151121/multibeam/data/version1/MB/em302/0078_20151123_114841_FK151121_EM302.all.mb58.gz,20971520,swath,whole
FK151121,0079_20151123_124835_FK151121_EM302.all.mb58.gz,https://data.ngdc.noaa.gov/platforms/ocean/ships/falkor/FK151121/multibeam/data/version1/MB/em302/0079_20151123_124835_FK151121_EM302.all.mb58.gz,23068672,swath,whole
FK151121,0080_20151123_134834_FK151121_EM302.all.mb58.gz,https://data.ngdc.noaa.gov/platforms/ocean/ships/falkor/FK151121/multibeam/data/version1/MB/em302/0080_20151123_134834_FK151121_EM302.all.mb58.gz,28311552,swath,whole
FK151121,0081_20151123_144840_FK151121_EM302.all.mb58.gz,https://data.ngdc.noaa.gov/platforms/ocean/ships/falkor/FK151121/multibeam/data/version1/MB/em302/0081_20151123_144840_FK151121_EM302.all.mb58.gz,28311552,swath,whole
FK151121,0082_20151123_154835_FK151121_EM302.all.mb58.gz,https://data.ngdc.noaa.gov/platforms/ocean/ships/falkor/FK151121/multibeam/data/version1/MB/em302/0082_20151123_154835_FK151121_EM302.all.mb58.gz,29360128,swath,whole
FK151121,0083_20151123_164835_FK151121_EM302.all.mb58.gz,https://data.ngdc.noaa.gov/platforms/ocean/ships/falkor/FK151121/multibeam/data/version1/MB/em302/0083_20151123_164835_FK151121_EM302.all.mb58.gz,29360128,swath,whole
FK151121,0084_20151123_174840_FK151121_EM302.all.mb58.gz,https://data.ngdc.noaa.gov/platforms/ocean/ships/falkor/FK151121/multibeam/data/version1/MB/em302/0084_20151123_174840_FK151121_EM302.all.mb58.gz,29360128,swath,whole
FK151121,0085_20151123_184840_FK151121_EM302.all.mb58.gz,https://data.ngdc.noaa.gov/platforms/ocean/ships/falkor/FK151121/multibeam/data/version1/MB/em302/0085_20151123_184840_FK151121_EM302.all.mb58.gz,29360128,swath,whole
FK151121,0086_20151123_194836_FK151121_EM302.all.mb58.gz,https://data.ngdc.noaa.gov/platforms/ocean/ships/falkor/FK151121/multibeam/data/version1/MB/em302/0086_20151123_194836_FK151121_EM302.all.mb58.gz,29360128,swath,whole
FK151121,0087_20151124_035002_FK151121_EM302.all.mb58.gz,https://data.ngdc.noaa.gov/platforms/ocean/ships/falkor/FK151121/multibeam/data/version1/MB/em302/0087_20151124_035002_FK151121_EM302.all.mb58.gz,3040870,swath,whole
FK151121,0088_20151124_035800_FK151121_EM302.all.mb58.gz,https://data.ngdc.noaa.gov/platforms/ocean/ships/falkor/FK151121/multibeam/data/version1/MB/em302/0088_20151124_035800_FK151121_EM302.all.mb58.gz,936960,swath,whole
FK151121,0089_20151124_040143_FK151121_EM302.all.mb58.gz,https://data.ngdc.noaa.gov/platforms/ocean/ships/falkor/FK151121/multibeam/data/version1/MB/em302/0089_20151124_040143_FK151121_EM302.all.mb58.gz,30408704,swath,whole
FK151121,0090_20151124_050151_FK151121_EM302.all.mb58.gz,https://data.ngdc.noaa.gov/platforms/ocean/ships/falkor/FK151121/multibeam/data/version1/MB/em302/0090_20151124_050151_FK151121_EM302.all.mb58.gz,30408704,swath,whole
FK151121,0091_20151124_060145_FK151121_EM302.all.mb58.gz,https://data.ngdc.noaa.gov/platforms/ocean/ships/falkor/FK151121/multibeam/data/version1/MB/em302/0091_20151124_060145_FK151121_EM302.all.mb58.gz,16777216,swath,whole
FK151121,0092_20151125_031436_FK151121_EM302.all.mb58.gz,https://data.ngdc.noaa.gov/platforms/ocean/ships/falkor/FK151121/multibeam/data/version1/MB/em302/0092_20151125_031436_FK151121_EM302.all.mb58.gz,12582912,swath,whole
FK151121,0093_20151126_063003_FK151121_EM302.all.mb58.gz,https://data.ngdc.noaa.gov/platforms/ocean/ships/falkor/FK151121/multibeam/data/version1/MB/em302/0093_20151126_063003_FK151121_EM302.all.mb58.gz,623616,swath,whole
FK151121,0094_20151126_075605_FK151121_EM302.all.mb58.gz,https://data.ngdc.noaa.gov/platforms/ocean/ships/falkor/FK151121/multibeam/data/version1/MB/em302/0094_20151126_075605_FK151121_EM302.all.mb58.gz,9751757,swath,whole
FK151121,0095_20151126_082346_FK151121_EM302.all.mb58.gz,https://data.ngdc.noaa.gov/platforms/ocean/ships/falkor/FK151121/multibeam/data/version1/MB/em302/0095_20151126_082346_FK151121_EM302.all.mb58.gz,1153434,swath,whole
FK151121,0096_20151126_082657_FK151121_EM302.all.mb58.gz,https://data.ngdc.noaa.gov/platforms/ocean/ships/falkor/FK151121/multibeam/data/version1/MB/em302/0096_20151126_082657_FK151121_EM302.all.mb58.gz,22020096,swath,whole
FK151121,0097_20151126_092649_FK151121_EM302.all.mb58.gz,https://data.ngdc.noaa.gov/platforms/ocean/ships/falkor/FK151121/multibeam/data/version1/MB/em302/0097_20151126_092649_FK151121_EM302.all.mb58.gz,20971520,swath,whole
FK151121,0098_20151126_102649_FK151121_EM302.all.mb58.gz,https://data.ngdc.noaa.gov/platforms/ocean/ships/falkor/FK151121/multibeam/data/version1/MB/em302/0098_20151126_102649_FK151121_EM302.all.mb58.gz,20971520,swath,whole
FK151121,0099_20151126_112657_FK151121_EM302.all.mb58.gz,https://data.ngdc.noaa.gov/platforms/ocean/ships/falkor/FK151121/multibeam/data/version1/MB/em302/0099_20151126_112657_FK151121_EM302.all.mb58.gz,20971520,swath,whole
FK151121,0100_20151126_122650_FK151121_EM302.all.mb58.gz,https://data.ngdc.noaa.gov/platforms/ocean/ships/falkor/FK151121/multibeam/data/version1/MB/em302/0100_20151126_122650_FK151121_EM302.all.mb58.gz,20971520,swath,whole
FK151121,0101_20151126_132657_FK151121_EM302.all.mb58.gz,https://data.ngdc.noaa.gov/platforms/ocean/ships/falkor/FK151121/multibeam/data/version1/MB/em302/0101_20151126_132657_FK151121_EM302.all.mb58.gz,20971520,swath,whole
FK151121,0102_20151126_142653_FK151121_EM302.all.mb58.gz,https://data.ngdc.noaa.gov/platforms/ocean/ships/falkor/FK151121/multibeam/data/version1/MB/em302/0102_20151126_142653_FK151121_EM302.all.mb58.gz,10380902,swath,whole
FK151121,0103_20151127_021222_FK151121_EM302.all.mb58.gz,https://data.ngdc.noaa.gov/platforms/ocean/ships/falkor/FK151121/multibeam/data/version1/MB/em302/0103_20151127_021222_FK151121_EM302.all.mb58.gz,19922944,swath,whole
FK151121,0104_20151127_031218_FK151121_EM302.all.mb58.gz,https://data.ngdc.noaa.gov/platforms/ocean/ships/falkor/FK151121/multibeam/data/version1/MB/em302/0104_20151127_031218_FK151121_EM302.all.mb58.gz,19922944,swath,whole
FK151121,0105_20151127_041222_FK151121_EM302.all.mb58.gz,https://data.ngdc.noaa.gov/platforms/ocean/ships/falkor/FK151121/multibeam/data/version1/MB/em302/0105_20151127_041222_FK151121_EM302.all.mb58.gz,19922944,swath,whole
FK151121,0106_20151127_051217_FK151121_EM302.all.mb58.gz,https://data.ngdc.noaa.gov/platforms/ocean/ships/falkor/FK151121/multibeam/data/version1/MB/em302/0106_20151127_051217_FK151121_EM302.all.mb58.gz,18874368,swath,whole
FK151121,0107_20151127_061223_FK151121_EM302.all.mb58.gz,https://data.ngdc.noaa.gov/platforms/ocean/ships/falkor/FK151121/multibeam/data/version1/MB/em302/0107_20151127_061223_FK151121_EM302.all.mb58.gz,9332326,swath,whole
FK151121,0109_20151128_102551_FK151121_EM302.all.mb58.gz,https://data.ngdc.noaa.gov/platforms/ocean/ships/falkor/FK151121/multibeam/data/version1/MB/em302/0109_20151128_102551_FK151121_EM302.all.mb58.gz,22020096,swath,whole
FK151121,0110_20151128_112555_FK151121_EM302.all.mb58.gz,https://data.ngdc.noaa.gov/platforms/ocean/ships/falkor/FK151121/multibeam/data/version1/MB/em302/0110_20151128_112555_FK151121_EM302.all.mb58.gz,22020096,swath,whole
FK151121,0111_20151128_122556_FK151121_EM302.all.mb58.gz,https://data.ngdc.noaa.gov/platforms/ocean/ships/falkor/FK151121/multibeam/data/version1/MB/em302/0111_20151128_122556_FK151121_EM302.all.mb58.gz,24117248,swath,whole
FK151121,0112_20151128_132558_FK151121_EM302.all.mb58.gz,https://data.ngdc.noaa.gov/platforms/ocean/ships/falkor/FK151121/multibeam/data/version1/MB/em302/0112_20151128_132558_FK151121_EM302.all.mb58.gz,2831155,swath,whole
FK151121,0113_20151128_155104_FK151121_EM302.all.mb58.gz,https://data.ngdc.noaa.gov/platforms/ocean/ships/falkor/FK151121/multibeam/data/version1/MB/em302/0113_20151128_155104_FK151121_EM302.all.mb58.gz,22020096,swath,whole
FK151121,0114_20151128_165104_FK151121_EM302.all.mb58.gz,https://data.ngdc.noaa.gov/platforms/ocean/ships/falkor/FK151121/multibeam/data/version1/MB/em302/0114_20151128_165104_FK151121_EM302.all.mb58.gz,23068672,swath,whole
FK151121,0115_20151128_175104_FK151121_EM302.all.mb58.gz,https://data.ngdc.noaa.gov/platforms/ocean/ships/falkor/FK151121/multibeam/data/version1/MB/em302/0115_20151128_175104_FK151121_EM302.all.mb58.gz,22020096,swath,whole
FK151121,0116_20151128_185102_FK151121_EM302.all.mb58.gz,https://data.ngdc.noaa.gov/platforms/ocean/ships/falkor/FK151121/multibeam/data/version1/MB/em302/0116_20151128_185102_FK151121_EM302.all.mb58.gz,22020096,swath,whole
FK151121,0117_20151128_195103_FK151121_EM302.all.mb58.gz,https://data.ngdc.noaa.gov/platforms/ocean/ships/falkor/FK151121/multibeam/data/version1/MB/em302/0117_20151128_195103_FK151121_EM302.all.mb58.gz,22020096,swath,whole
FK151121,0118_20151128_205100_FK151121_EM302.all.mb58.gz,https://data.ngdc.noaa.gov/platforms/ocean/ships/falkor/FK151121/multibeam/data/version1/MB/em302/0118_20151128_205100_FK151121_EM302.all.mb58.gz,23068672,swath,whole
FK151121,0119_20151128_215103_FK151121_EM302.all.mb58.gz,https://data.ngdc.noaa.gov/platforms/ocean/ships/falkor/FK151121/multibeam/data/version1/MB/em302/0119_20151128_215103_FK151121_EM302.all.mb58.gz,23068672,swath,whole
FK151121,0120_20151128_225103_FK151121_EM302.all.mb58.gz,https://data.ngdc.noaa.gov/platforms/ocean/ships/falkor/FK151121/multibeam/data/version1/MB/em302/0120_20151128_225103_FK151121_EM302.all.mb58.gz,23068672,swath,whole
FK151121,0121_20151128_235106_FK151121_EM302.all.mb58.gz,https://data.ngdc.noaa.gov/platforms/ocean/ships/falkor/FK151121/multibeam/data/version1/MB/em302/0121_20151128_235106_FK151121_EM302.all.mb58.gz,2936013,swath,whole
FK151121,0122_20151129_162400_FK151121_EM302.all.mb58.gz,https://data.ngdc.noaa.gov/platforms/ocean/ships/falkor/FK151121/multibeam/data/version1/MB/em302/0122_20151129_162400_FK151121_EM302.all.mb58.gz,25165824,swath,whole
FK151121,0123_20151129_172407_FK151121_EM302.all.mb58.gz,https://data.ngdc.noaa.gov/platforms/ocean/ships/falkor/FK151121/multibeam/data/version1/MB/em302/0123_20151129_172407_FK151121_EM302.all.mb58.gz,23068672,swath,whole
FK151121,0124_20151129_182408_FK151121_EM302.all.mb58.gz,https://data.ngdc.noaa.gov/platforms/ocean/ships/falkor/FK151121/multibeam/data/version1/MB/em302/0124_20151129_182408_FK151121_EM302.all.mb58.gz,23068672,swath,whole
FK151121,0125_20151129_192404_FK151121_EM302.all.mb58.gz,https://data.ngdc.noaa.gov/platforms/ocean/ships/falkor/FK151121/multibeam/data/version1/MB/em302/0125_20151129_192404_FK151121_EM302.all.mb58.gz,22020096,swath,whole
FK151121,0126_20151129_202409_FK151121_EM302.all.mb58.gz,https://data.ngdc.noaa.gov/platforms/ocean/ships/falkor/FK151121/multibeam/data/version1/MB/em302/0126_20151129_202409_FK151121_EM302.all.mb58.gz,22020096,swath,whole
FK151121,0127_20151129_212400_FK151121_EM302.all.mb58.gz,https://data.ngdc.noaa.gov/platforms/ocean/ships/falkor/FK151121/multibeam/data/version1/MB/em302/0127_20151129_212400_FK151121_EM302.all.mb58.gz,22020096,swath,whole
FK151121,0128_20151129_222359_FK151121_EM302.all.mb58.gz,https://data.ngdc.noaa.gov/platforms/ocean/ships/falkor/FK151121/multibeam/data/version1/MB/em302/0128_20151129_222359_FK151121_EM302.all.mb58.gz,24117248,swath,whole
FK151121,0129_20151129_232406_FK151121_EM302.all.mb58.gz,https://data.ngdc.noaa.gov/platforms/ocean/ships/falkor/FK151121/multibeam/data/version1/MB/em302/0129_20151129_232406_FK151121_EM302.all.mb58.gz,8283750,swath,whole
FK151121,0130_20151130_013144_FK151121_EM302.all.mb58.gz,https://data.ngdc.noaa.gov/platforms/ocean/ships/falkor/FK151121/multibeam/data/version1/MB/em302/0130_20151130_013144_FK151121_EM302.all.mb58.gz,23068672,swath,whole
FK151121,0131_20151130_023144_FK151121_EM302.all.mb58.gz,https://data.ngdc.noaa.gov/platforms/ocean/ships/falkor/FK151121/multibeam/data/version1/MB/em302/0131_20151130_023144_FK151121_EM302.all.mb58.gz,23068672,swath,whole
FK151121,0132_20151130_033145_FK151121_EM302.all.mb58.gz,https://data.ngdc.noaa.gov/platforms/ocean/ships/falkor/FK151121/multibeam/data/version1/MB/em302/0132_20151130_033145_FK151121_EM302.all.mb58.gz,22020096,swath,whole
FK151121,0133_20151130_043147_FK151121_EM302.all.mb58.gz,https://data.ngdc.noaa.gov/platforms/ocean/ships/falkor/FK151121/multibeam/data/version1/MB/em302/0133_20151130_043147_FK151121_EM302.all.mb58.gz,24117248,swath,whole
FK151121,0134_20151130_053142_FK151121_EM302.all.mb58.gz,https://data.ngdc.noaa.gov/platforms/ocean/ships/falkor/FK151121/multibeam/data/version1/MB/em302/0134_20151130_053142_FK151121_EM302.all.mb58.gz,23068672,swath,whole
FK151121,0135_20151130_063142_FK151121_EM302.all.mb58.gz,https://data.ngdc.noaa.gov/platforms/ocean/ships/falkor/FK151121/multibeam/data/version1/MB/em302/0135_20151130_063142_FK151121_EM302.all.mb58.gz,2202010,swath,whole
FK151121,0136_20151201_060352_FK151121_EM302.all.mb58.gz,https://data.ngdc.noaa.gov/platforms/ocean/ships/falkor/FK151121/multibeam/data/version1/MB/em302/0136_20151201_060352_FK151121_EM302.all.mb58.gz,23068672,swath,whole
FK151121,0137_20151201_070355_FK151121_EM302.all.mb58.gz,https://data.ngdc.noaa.gov/platforms/ocean/ships/falkor/FK151121/multibeam/data/version1/MB/em302/0137_20151201_070355_FK151121_EM302.all.mb58.gz,12582912,swath,whole
FK151121,0138_20151201_090846_FK151121_EM302.all.mb58.gz,https://data.ngdc.noaa.gov/platforms/ocean/ships/falkor/FK151121/multibeam/data/version1/MB/em302/0138_20151201_090846_FK151121_EM302.all.mb58.gz,20971520,swath,whole
FK151121,0139_20151201_100843_FK151121_EM302.all.mb58.gz,https://data.ngdc.noaa.gov/platforms/ocean/ships/falkor/FK151121/multibeam/data/version1/MB/em302/0139_20151201_100843_FK151121_EM302.all.mb58.gz,22020096,swath,whole
FK151121,0140_20151201_110846_FK151121_EM302.all.mb58.gz,https://data.ngdc.noaa.gov/platforms/ocean/ships/falkor/FK151121/multibeam/data/version1/MB/em302/0140_20151201_110846_FK151121_EM302.all.mb58.gz,20971520,swath,whole
FK151121,0141_20151201_120844_FK151121_EM302.all.mb58.gz,https://data.ngdc.noaa.gov/platforms/ocean/ships/falkor/FK151121/multibeam/data/version1/MB/em302/0141_20151201_120844_FK151121_EM302.all.mb58.gz,23068672,swath,whole
FK151121,0142_20151201_130843_FK151121_EM302.all.mb58.gz,https://data.ngdc.noaa.gov/platforms/ocean/ships/falkor/FK151121/multibeam/data/version1/MB/em302/0142_20151201_130843_FK151121_EM302.all.mb58.gz,6501171,swath,whole
FK151121,0143_20151201_145600_FK151121_EM302.all.mb58.gz,https://data.ngdc.noaa.gov/platforms/ocean/ships/falkor/FK151121/multibeam/data/version1/MB/em302/0143_20151201_145600_FK151121_EM302.all.mb58.gz,22020096,swath,whole
FK151121,0144_20151201_155553_FK151121_EM302.all.mb58.gz,https://data.ngdc.noaa.gov/platforms/ocean/ships/falkor/FK151121/multibeam/data/version1/MB/em302/0144_20151201_155553_FK151121_EM302.all.mb58.gz,24117248,swath,whole
FK151121,0145_20151201_165557_FK151121_EM302.all.mb58.gz,https://data.ngdc.noaa.gov/platforms/ocean/ships/falkor/FK151121/multibeam/data/version1/MB/em302/0145_20151201_165557_FK151121_EM302.all.mb58.gz,20971520,swath,whole
FK151121,0146_20151201_175555_FK151121_EM302.all.mb58.gz,https://data.ngdc.noaa.gov/platforms/ocean/ships/falkor/FK151121/multibeam/data/version1/MB/em302/0146_20151201_175555_FK151121_EM302.all.mb58.gz,8388608,swath,whole
FK151121,0147_20151202_094154_FK151121_EM302.all.mb58.gz,https://data.ngdc.noaa.gov/platforms/ocean/ships/falkor/FK151121/multibeam/data/version1/MB/em302/0147_20151202_094154_FK151121_EM302.all.mb58.gz,7759462,swath,whole
FK151121,0148_20151202_100411_FK151121_EM302.all.mb58.gz,https://data.ngdc.noaa.gov/platforms/ocean/ships/falkor/FK151121/multibeam/data/version1/MB/em302/0148_20151202_100411_FK151121_EM302.all.mb58.gz,19922944,swath,whole
FK151121,0149_20151202_110412_FK151121_EM302.all.mb58.gz,https://data.ngdc.noaa.gov/platforms/ocean/ships/falkor/FK151121/multibeam/data/version1/MB/em302/0149_20151202_110412_FK151121_EM302.all.mb58.gz,13631488,swath,whole
FK151121,0150_20151202_114652_FK151121_EM302.all.mb58.gz,https://data.ngdc.noaa.gov/platforms/ocean/ships/falkor/FK151121/multibeam/data/version1/MB/em302/0150_20151202_114652_FK151121_EM302.all.mb58.gz,2936013,swath,whole
FK151121,0151_20151202_233845_FK151121_EM302.all.mb58.gz,https://data.ngdc.noaa.gov/platforms/ocean/ships/falkor/FK151121/multibeam/data/version1/MB/em302/0151_20151202_233845_FK151121_EM302.all.mb58.gz,20971520,swath,whole
FK151121,0152_20151203_003846_FK151121_EM302.all.mb58.gz,https://data.ngdc.noaa.gov/platforms/ocean/ships/falkor/FK151121/multibeam/data/version1/MB/em302/0152_20151203_003846_FK151121_EM302.all.mb58.gz,1153434,swath,whole
FK151121,0153_20151203_035454_FK151121_EM302.all.mb58.gz,https://data.ngdc.noaa.gov/platforms/ocean/ships/falkor/FK151121/multibeam/data/version1/MB/em302/0153_20151203_035454_FK151121_EM302.all.mb58.gz,17825792,swath,whole
FK151121,0154_20151203_144001_FK151121_EM302.all.mb58.gz,https://data.ngdc.noaa.gov/platforms/ocean/ships/falkor/FK151121/multibeam/data/version1/MB/em302/0154_20151203_144001_FK151121_EM302.all.mb58.gz,20971520,swath,whole
FK151121,0155_20151203_154004_FK151121_EM302.all.mb58.gz,https://data.ngdc.noaa.gov/platforms/ocean/ships/falkor/FK151121/multibeam/data/version1/MB/em302/0155_20151203_154004_FK151121_EM302.all.mb58.gz,20971520,swath,whole
FK151121,0156_20151203_164003_FK151121_EM302.all.mb58.gz,https://data.ngdc.noaa.gov/platforms/ocean/ships/falkor/FK151121/multibeam/data/version1/MB/em302/0156_20151203_164003_FK151121_EM302.all.mb58.gz,19922944,swath,whole
FK151121,0157_20151203_174006_FK151121_EM302.all.mb58.gz,https://data.ngdc.noaa.gov/platforms/ocean/ships/falkor/FK151121/multibeam/data/version1/MB/em302/0157_20151203_174006_FK151121_EM302.all.mb58.gz,20971520,swath,whole
FK151121,0158_20151203_184001_FK151121_EM302.all.mb58.gz,https://data.ngdc.noaa.gov/platforms/ocean/ships/falkor/FK151121/multibeam/data/version1/MB/em302/0158_20151203_184001_FK151121_EM302.all.mb58.gz,7759462,swath,whole
FK151121,0159_20151203_233608_FK151121_EM302.all.mb58.gz,https://data.ngdc.noaa.gov/platforms/ocean/ships/falkor/FK151121/multibeam/data/version1/MB/em302/0159_20151203_233608_FK151121_EM302.all.mb58.gz,2621440,swath,whole
FK151121,0160_20151204_020207_FK151121_EM302.all.mb58.gz,https://data.ngdc.noaa.gov/platforms/ocean/ships/falkor/FK151121/multibeam/data/version1/MB/em302/0160_20151204_020207_FK151121_EM302.all.mb58.gz,16777216,swath,whole
FK151121,0161_20151205_090234_FK151121_EM302.all.mb58.gz,https://data.ngdc.noaa.gov/platforms/ocean/ships/falkor/FK151121/multibeam/data/version1/MB/em302/0161_20151205_090234_FK151121_EM302.all.mb58.gz,3250586,swath,whole
FK151121,0162_20151205_091858_FK151121_EM302.all.mb58.gz,https://data.ngdc.noaa.gov/platforms/ocean/ships/falkor/FK151121/multibeam/data/version1/MB/em302/0162_20151205_091858_FK151121_EM302.all.mb58.gz,22020096,swath,whole
FK151121,0163_20151205_101908_FK151121_EM302.all.mb58.gz,https://data.ngdc.noaa.gov/platforms/ocean/ships/falkor/FK151121/multibeam/data/version1/MB/em302/0163_20151205_101908_FK151121_EM302.all.mb58.gz,22020096,swath,whole
FK151121,0164_20151205_111907_FK151121_EM302.all.mb58.gz,https://data.ngdc.noaa.gov/platforms/ocean/ships/falkor/FK151121/multibeam/data/version1/MB/em302/0164_20151205_111907_FK151121_EM302.all.mb58.gz,1258291,swath,whole
FK151121,0165_20151205_130812_FK151121_EM302.all.mb58.gz,https://data.ngdc.noaa.gov/platforms/ocean/ships/falkor/FK151121/multibeam/data/version1/MB/em302/0165_20151205_130812_FK151121_EM302.all.mb58.gz,22020096,swath,whole
FK151121,0166_20151205_140815_FK151121_EM302.all.mb58.gz,https://data.ngdc.noaa.gov/platforms/ocean/ships/falkor/FK151121/multibeam/data/version1/MB/em302/0166_20151205_140815_FK151121_EM302.all.mb58.gz,6291456,swath,whole
FK151121,0167_20151206_115639_FK151121_EM302.all.mb58.gz,https://data.ngdc.noaa.gov/platforms/ocean/ships/falkor/FK151121/multibeam/data/version1/MB/em302/0167_20151206_115639_FK151121_EM302.all.mb58.gz,22020096,swath,whole
FK151121,0168_20151206_125638_FK151121_EM302.all.mb58.gz,https://data.ngdc.noaa.gov/platforms/ocean/ships/falkor/FK151121/multibeam/data/version1/MB/em302/0168_20151206_125638_FK151121_EM302.all.mb58.gz,23068672,swath,whole
FK151121,0169_20151206_135640_FK151121_EM302.all.mb58.gz,https://data.ngdc.noaa.gov/platforms/ocean/ships/falkor/FK151121/multibeam/data/version1/MB/em302/0169_20151206_135640_FK151121_EM302.all.mb58.gz,17825792,swath,whole
FK151121,0170_20151206_144049_FK151121_EM302.all.mb58.gz,https://data.ngdc.noaa.gov/platforms/ocean/ships/falkor/FK151121/multibeam/data/version1/MB/em302/0170_20151206_144049_FK151121_EM302.all.mb58.gz,701440,swath,whole
FK151121,0171_20151206_160209_FK151121_EM302.all.mb58.gz,https://data.ngdc.noaa.gov/platforms/ocean/ships/falkor/FK151121/multibeam/data/version1/MB/em302/0171_20151206_160209_FK151121_EM302.all.mb58.gz,22020096,swath,whole
FK151121,0172_20151206_170204_FK151121_EM302.all.mb58.gz,https://data.ngdc.noaa.gov/platforms/ocean/ships/falkor/FK151121/multibeam/data/version1/MB/em302/0172_20151206_170204_FK151121_EM302.all.mb58.gz,22020096,swath,whole
FK151121,0173_20151206_180209_FK151121_EM302.all.mb58.gz,https://data.ngdc.noaa.gov/platforms/ocean/ships/falkor/FK151121/multibeam/data/version1/MB/em302/0173_20151206_180209_FK151121_EM302.all.mb58.gz,22020096,swath,whole
FK151121,0174_20151206_190206_FK151121_EM302.all.mb58.gz,https://data.ngdc.noaa.gov/platforms/ocean/ships/falkor/FK151121/multibeam/data/version1/MB/em302/0174_20151206_190206_FK151121_EM302.all.mb58.gz,22020096,swath,whole
FK151121,0175_20151206_200205_FK151121_EM302.all.mb58.gz,https://data.ngdc.noaa.gov/platforms/ocean/ships/falkor/FK151121/multibeam/data/version1/MB/em302/0175_20151206_200205_FK151121_EM302.all.mb58.gz,23068672,swath,whole
FK151121,0176_20151206_210208_FK151121_EM302.all.mb58.gz,https://data.ngdc.noaa.gov/platforms/ocean/ships/falkor/FK151121/multibeam/data/version1/MB/em302/0176_20151206_210208_FK151121_EM302.all.mb58.gz,23068672,swath,whole
FK151121,0177_20151206_220205_FK151121_EM302.all.mb58.gz,https://data.ngdc.noaa.gov/platforms/ocean/ships/falkor/FK151121/multibeam/data/version1/MB/em302/0177_20151206_220205_FK151121_EM302.all.mb58.gz,22020096,swath,whole
FK151121,0178_20151206_230204_FK151121_EM302.all.mb58.gz,https://data.ngdc.noaa.gov/platforms/ocean/ships/falkor/FK151121/multibeam/data/version1/MB/em302/0178_20151206_230204_FK151121_EM302.all.mb58.gz,9437184,swath,whole
FK151121,0179_20151207_122835_FK151121_EM302.all.mb58.gz,https://data.ngdc.noaa.gov/platforms/ocean/ships/falkor/FK151121/multibeam/data/version1/MB/em302/0179_20151207_122835_FK151121_EM302.all.mb58.gz,1468006,swath,whole
FK151121,0180_20151207_123224_FK151121_EM302.all.mb58.gz,https://data.ngdc.noaa.gov/platforms/ocean/ships/falkor/FK151121/multibeam/data/version1/MB/em302/0180_20151207_123224_FK151121_EM302.all.mb58.gz,15728640,swath,whole
FK151121,0181_20151208_185639_FK151121_EM302.all.mb58.gz,https://data.ngdc.noaa.gov/platforms/ocean/ships/falkor/FK151121/multibeam/data/version1/MB/em302/0181_20151208_185639_FK151121_EM302.all.mb58.gz,8493466,swath,whole
FK151121,0182_20151208_191916_FK151121_EM302.all.mb58.gz,https://data.ngdc.noaa.gov/platforms/ocean/ships/falkor/FK151121/multibeam/data/version1/MB/em302/0182_20151208_191916_FK151121_EM302.all.mb58.gz,22020096,swath,whole
FK151121,0183_20151208_201918_FK151121_EM302.all.mb58.gz,https://data.ngdc.noaa.gov/platforms/ocean/ships/falkor/FK151121/multibeam/data/version1/MB/em302/0183_20151208_201918_FK151121_EM302.all.mb58.gz,22020096,swath,whole
FK151121,0184_20151208_211919_FK151121_EM302.all.mb58.gz,https://data.ngdc.noaa.gov/platforms/ocean/ships/falkor/FK151121/multibeam/data/version1/MB/em302/0184_20151208_211919_FK151121_EM302.all.mb58.gz,15728640,swath,whole
FK151121,0185_20151208_235958_FK151121_EM302.all.mb58.gz,https://data.ngdc.noaa.gov/platforms/ocean/ships/falkor/FK151121/multibeam/data/version1/MB/em302/0185_20151208_235958_FK151121_EM302.all.mb58.gz,19922944,swath,whole
FK151121,0186_20151209_005957_FK151121_EM302.all.mb58.gz,https://data.ngdc.noaa.gov/platforms/ocean/ships/falkor/FK151121/multibeam/data/version1/MB/em302/0186_20151209_005957_FK151121_EM302.all.mb58.gz,20971520,swath,whole
FK151121,0187_20151209_015959_FK151121_EM302.all.mb58.gz,https://data.ngdc.noaa.gov/platforms/ocean/ships/falkor/FK151121/multibeam/data/version1/MB/em302/0187_20151209_015959_FK151121_EM302.all.mb58.gz,22020096,swath,whole
FK151121,0188_20151209_025959_FK151121_EM302.all.mb58.gz,https://data.ngdc.noaa.gov/platforms/ocean/ships/falkor/FK151121/multibeam/data/version1/MB/em302/0188_20151209_025959_FK151121_EM302.all.mb58.gz,5662310,swath,whole
FK151121,0189_20151209_035114_FK151121_EM302.all.mb58.gz,https://data.ngdc.noaa.gov/platforms/ocean/ships/falkor/FK151121/multibeam/data/version1/MB/em302/0189_20151209_035114_FK151121_EM302.all.mb58.gz,10171187,swath,whole
FK151121,0190_20151209_213646_FK151121_EM302.all.mb58.gz,https://data.ngdc.noaa.gov/platforms/ocean/ships/falkor/FK151121/multibeam/data/version1/MB/em302/0190_20151209_213646_FK151121_EM302.all.mb58.gz,23068672,swath,whole
FK151121,0191_20151209_223648_FK151121_EM302.all.mb58.gz,https://data.ngdc.noaa.gov/platforms/ocean/ships/falkor/FK151121/multibeam/data/version1/MB/em302/0191_20151209_223648_FK151121_EM302.all.mb58.gz,23068672,swath,whole
FK151121,0192_20151209_233648_FK151121_EM302.all.mb58.gz,https://data.ngdc.noaa.gov/platforms/ocean/ships/falkor/FK151121/multibeam/data/version1/MB/em302/0192_20151209_233648_FK151121_EM302.all.mb58.gz,23068672,swath,whole
FK151121,0193_20151210_003644_FK151121_EM302.all.mb58.gz,https://data.ngdc.noaa.gov/platforms/ocean/ships/falkor/FK151121/multibeam/data/version1/MB/em302/0193_20151210_003644_FK151121_EM302.all.mb58.gz,23068672,swath,whole
FK151121,0194_20151210_013648_FK151121_EM302.all.mb58.gz,https://data.ngdc.noaa.gov/platforms/ocean/ships/falkor/FK151121/multibeam/data/version1/MB/em302/0194_20151210_013648_FK151121_EM302.all.mb58.gz,22020096,swath,whole
FK151121,0195_20151210_023643_FK151121_EM302.all.mb58.gz,https://data.ngdc.noaa.gov/platforms/ocean/ships/falkor/FK151121/multibeam/data/version1/MB/em302/0195_20151210_023643_FK151121_EM302.all.mb58.gz,22020096,swath,whole
FK151121,0196_20151210_033648_FK151121_EM302.all.mb58.gz,https://data.ngdc.noaa.gov/platforms/ocean/ships/falkor/FK151121/multibeam/data/version1/MB/em302/0196_20151210_033648_FK151121_EM302.all.mb58.gz,465920,swath,whole
FK151121,0197_20151210_094747_FK151121_EM302.all.mb58.gz,https://data.ngdc.noaa.gov/platforms/ocean/ships/falkor/FK151121/multibeam/data/version1/MB/em302/0197_20151210_094747_FK151121_EM302.all.mb58.gz,7444890,swath,whole
FK151121,0198_20151210_100918_FK151121_EM302.all.mb58.gz,https://data.ngdc.noaa.gov/platforms/ocean/ships/falkor/FK151121/multibeam/data/version1/MB/em302/0198_20151210_100918_FK151121_EM302.all.mb58.gz,3774874,swath,whole
FK151121,0199_20151210_101953_FK151121_EM302.all.mb58.gz,https://data.ngdc.noaa.gov/platforms/ocean/ships/falkor/FK151121/multibeam/data/version1/MB/em302/0199_20151210_101953_FK151121_EM302.all.mb58.gz,22020096,swath,whole
FK151121,0200_20151210_111958_FK151121_EM302.all.mb58.gz,https://data.ngdc.noaa.gov/platforms/ocean/ships/falkor/FK151121/multibeam/data/version1/MB/em302/0200_20151210_111958_FK151121_EM302.all.mb58.gz,22020096,swath,whole
FK151121,0201_20151210_121952_FK151121_EM302.all.mb58.gz,https://data.ngdc.noaa.gov/platforms/ocean/ships/falkor/FK151121/multibeam/data/version1/MB/em302/0201_20151210_121952_FK151121_EM302.all.mb58.gz,24117248,swath,whole
FK151121,0202_20151210_131959_FK151121_EM302.all.mb58.gz,https://data.ngdc.noaa.gov/platforms/ocean/ships/falkor/FK151121/multibeam/data/version1/MB/em302/0202_20151210_131959_FK151121_EM302.all.mb58.gz,16777216,swath,whole
FK151121,0203_20151210_140333_FK151121_EM302.all.mb58.gz,https://data.ngdc.noaa.gov/platforms/ocean/ships/falkor/FK151121/multibeam/data/version1/MB/em302/0203_20151210_140333_FK151121_EM302.all.mb58.gz,23068672,swath,whole
FK151121,0204_20151210_150332_FK151121_EM302.all.mb58.gz,https://data.ngdc.noaa.gov/platforms/ocean/ships/falkor/FK151121/multibeam/data/version1/MB/em302/0204_20151210_150332_FK151121_EM302.all.mb58.gz,23068672,swath,whole
FK151121,0205_20151210_160334_FK151121_EM302.all.mb58.gz,https://data.ngdc.noaa.gov/platforms/ocean/ships/falkor/FK151121/multibeam/data/version1/MB/em302/0205_20151210_160334_FK151121_EM302.all.mb58.gz,25165824,swath,whole
FK151121,0206_20151210_170329_FK151121_EM302.all.mb58.gz,https://data.ngdc.noaa.gov/platforms/ocean/ships/falkor/FK151121/multibeam/data/version1/MB/em302/0206_20151210_170329_FK151121_EM302.all.mb58.gz,22020096,swath,whole
FK151121,0207_20151210_180332_FK151121_EM302.all.mb58.gz,https://data.ngdc.noaa.gov/platforms/ocean/ships/falkor/FK151121/multibeam/data/version1/MB/em302/0207_20151210_180332_FK151121_EM302.all.mb58.gz,23068672,swath,whole
FK151121,0208_20151210_190328_FK151121_EM302.all.mb58.gz,https://data.ngdc.noaa.gov/platforms/ocean/ships/falkor/FK151121/multibeam/data/version1/MB/em302/0208_20151210_190328_FK151121_EM302.all.mb58.gz,22020096,swath,whole
FK151121,0209_20151210_200331_FK151121_EM302.all.mb58.gz,https://data.ngdc.noaa.gov/platforms/ocean/ships/falkor/FK151121/multibeam/data/version1/MB/em302/0209_20151210_200331_FK151121_EM302.all.mb58.gz,22020096,swath,whole
FK151121,0210_20151210_210330_FK151121_EM302.all.mb58.gz,https://data.ngdc.noaa.gov/platforms/ocean/ships/falkor/FK151121/multibeam/data/version1/MB/em302/0210_20151210_210330_FK151121_EM302.all.mb58.gz,15728640,swath,whole
FK151121,0211_20151210_220518_FK151121_EM302.all.mb58.gz,https://data.ngdc.noaa.gov/platforms/ocean/ships/falkor/FK151121/multibeam/data/version1/MB/em302/0211_20151210_220518_FK151121_EM302.all.mb58.gz,23068672,swath,whole
FK151121,0212_20151210_230516_FK151121_EM302.all.mb58.gz,https://data.ngdc.noaa.gov/platforms/ocean/ships/falkor/FK151121/multibeam/data/version1/MB/em302/0212_20151210_230516_FK151121_EM302.all.mb58.gz,23068672,swath,whole
FK151121,0213_20151211_000514_FK151121_EM302.all.mb58.gz,https://data.ngdc.noaa.gov/platforms/ocean/ships/falkor/FK151121/multibeam/data/version1/MB/em302/0213_20151211_000514_FK151121_EM302.all.mb58.gz,23068672,swath,whole
FK151121,0214_20151211_010514_FK151121_EM302.all.mb58.gz,https://data.ngdc.noaa.gov/platforms/ocean/ships/falkor/FK151121/multibeam/data/version1/MB/em302/0214_20151211_010514_FK151121_EM302.all.mb58.gz,28311552,swath,whole
FK151121,0215_20151211_020514_FK151121_EM302.all.mb58.gz,https://data.ngdc.noaa.gov/platforms/ocean/ships/falkor/FK151121/multibeam/data/version1/MB/em302/0215_20151211_020514_FK151121_EM302.all.mb58.gz,33554432,swath,whole
FK151121,0216_20151211_030512_FK151121_EM302.all.mb58.gz,https://data.ngdc.noaa.gov/platforms/ocean/ships/falkor/FK151121/multibeam/data/version1/MB/em302/0216_20151211_030512_FK151121_EM302.all.mb58.gz,20971520,swath,whole
FK151121,0217_20151211_051800_FK151121_EM302.all.mb58.gz,https://data.ngdc.noaa.gov/platforms/ocean/ships/falkor/FK151121/multibeam/data/version1/MB/em302/0217_20151211_051800_FK151121_EM302.all.mb58.gz,33554432,swath,whole
FK151121,0218_20151211_061800_FK151121_EM302.all.mb58.gz,https://data.ngdc.noaa.gov/platforms/ocean/ships/falkor/FK151121/multibeam/data/version1/MB/em302/0218_20151211_061800_FK151121_EM302.all.mb58.gz,20971520,swath,whole
FK151121,0219_20151211_065556_FK151121_EM302.all.mb58.gz,https://data.ngdc.noaa.gov/platforms/ocean/ships/falkor/FK151121/multibeam/data/version1/MB/em302/0219_20151211_065556_FK151121_EM302.all.mb58.gz,25165824,swath,whole
FK151121,0220_20151211_080652_FK151121_EM302.all.mb58.gz,https://data.ngdc.noaa.gov/platforms/ocean/ships/falkor/FK151121/multibeam/data/version1/MB/em302/0220_20151211_080652_FK151121_EM302.all.mb58.gz,53477376,swath,whole
FK151121,0221_20151211_085755_FK151121_EM302.all.mb58.gz,https://data.ngdc.noaa.gov/platforms/ocean/ships/falkor/FK151121/multibeam/data/version1/MB/em302/0221_20151211_085755_FK151121_EM302.all.mb58.gz,10066330,swath,whole
FK151121,0222_20151211_090735_FK151121_EM302.all.mb58.gz,https://data.ngdc.noaa.gov/platforms/ocean/ships/falkor/FK151121/multibeam/data/version1/MB/em302/0222_20151211_090735_FK151121_EM302.all.mb58.gz,7235174,swath,whole
FK151121,0223_20151211_091652_FK151121_EM302.all.mb58.gz,https://data.ngdc.noaa.gov/platforms/ocean/ships/falkor/FK151121/multibeam/data/version1/MB/em302/0223_20151211_091652_FK151121_EM302.all.mb58.gz,29360128,swath,whole
FK151121,0224_20151211_101653_FK151121_EM302.all.mb58.gz,https://data.ngdc.noaa.gov/platforms/ocean/ships/falkor/FK151121/multibeam/data/version1/MB/em302/0224_20151211_101653_FK151121_EM302.all.mb58.gz,24117248,swath,whole
FK151121,0225_20151211_111650_FK151121_EM302.all.mb58.gz,https://data.ngdc.noaa.gov/platforms/ocean/ships/falkor/FK151121/multibeam/data/version1/MB/em302/0225_20151211_111650_FK151121_EM302.all.mb58.gz,23068672,swath,whole
FK151121,0226_20151211_121658_FK151121_EM302.all.mb58.gz,https://data.ngdc.noaa.gov/platforms/ocean/ships/falkor/FK151121/multibeam/data/version1/MB/em302/0226_20151211_121658_FK151121_EM302.all.mb58.gz,23068672,swath,whole
FK151121,0227_20151211_131716_FK151121_EM302.all.mb58.gz,https://data.ngdc.noaa.gov/platforms/ocean/ships/falkor/FK151121/multibeam/data/version1/MB/em302/0227_20151211_131716_FK151121_EM302.all.mb58.gz,23068672,swath,whole
FK151121,0228_20151211_141714_FK151121_EM302.all.mb58.gz,https://data.ngdc.noaa.gov/platforms/ocean/ships/falkor/FK151121/multibeam/data/version1/MB/em302/0228_20151211_141714_FK151121_EM302.all.mb58.gz,128000,swath,whole
FK151121,0229_20151212_175238_FK151121_EM302.all.mb58.gz,https://data.ngdc.noaa.gov/platforms/ocean/ships/falkor/FK151121/multibeam/data/version1/MB/em302/0229_20151212_175238_FK151121_EM302.all.mb58.gz,22020096,swath,whole
FK151121,0230_20151212_185240_FK151121_EM302.all.mb58.gz,https://data.ngdc.noaa.gov/platforms/ocean/ships/falkor/FK151121/multibeam/data/version1/MB/em302/0230_20151212_185240_FK151121_EM302.all.mb58.gz,22020096,swath,whole
FK151121,0231_20151212_195237_FK151121_EM302.all.mb58.gz,https://data.ngdc.noaa.gov/platforms/ocean/ships/falkor/FK151121/multibeam/data/version1/MB/em302/0231_20151212_195237_FK151121_EM302.all.mb58.gz,23068672,swath,whole
FK151121,0232_20151212_205238_FK151121_EM302.all.mb58.gz,https://data.ngdc.noaa.gov/platforms/ocean/ships/falkor/FK151121/multibeam/data/version1/MB/em302/0232_20151212_205238_FK151121_EM302.all.mb58.gz,24117248,swath,whole
FK151121,0233_20151212_215240_FK151121_EM302.all.mb58.gz,https://data.ngdc.noaa.gov/platforms/ocean/ships/falkor/FK151121/multibeam/data/version1/MB/em302/0233_20151212_215240_FK151121_EM302.all.mb58.gz,23068672,swath,whole
FK151121,0234_20151212_225242_FK151121_EM302.all.mb58.gz,https://data.ngdc.noaa.gov/platforms/ocean/ships/falkor/FK151121/multibeam/data/version1/MB/em302/0234_20151212_225242_FK151121_EM302.all.mb58.gz,23068672,swath,whole
FK151121,0235_20151212_235237_FK151121_EM302.all.mb58.gz,https://data.ngdc.noaa.gov/platforms/ocean/ships/falkor/FK151121/multibeam/data/version1/MB/em302/0235_20151212_235237_FK151121_EM302.all.mb58.gz,25165824,swath,whole
FK151121,0236_20151213_005239_FK151121_EM302.all.mb58.gz,https://data.ngdc.noaa.gov/platforms/ocean/ships/falkor/FK151121/multibeam/data/version1/MB/em302/0236_20151213_005239_FK151121_EM302.all.mb58.gz,23068672,swath,whole
FK151121,0237_20151213_015242_FK151121_EM302.all.mb58.gz,https://data.ngdc.noaa.gov/platforms/ocean/ships/falkor/FK151121/multibeam/data/version1/MB/em302/0237_20151213_015242_FK151121_EM302.all.mb58.gz,23068672,swath,whole
FK151121,0238_20151213_025245_FK151121_EM302.all.mb58.gz,https://data.ngdc.noaa.gov/platforms/ocean/ships/falkor/FK151121/multibeam/data/version1/MB/em302/0238_20151213_025245_FK151121_EM302.all.mb58.gz,22020096,swath,whole
FK151121,0239_20151213_035241_FK151121_EM302.all.mb58.gz,https://data.ngdc.noaa.gov/platforms/ocean/ships/falkor/FK151121/multibeam/data/version1/MB/em302/0239_20151213_035241_FK151121_EM302.all.mb58.gz,12582912,swath,whole
FK151121,0240_20151213_195339_FK151121_EM302.all.mb58.gz,https://data.ngdc.noaa.gov/platforms/ocean/ships/falkor/FK151121/multibeam/data/version1/MB/em302/0240_20151213_195339_FK151121_EM302.all.mb58.gz,20971520,swath,whole
FK151121,0241_20151213_205336_FK151121_EM302.all.mb58.gz,https://data.ngdc.noaa.gov/platforms/ocean/ships/falkor/FK151121/multibeam/data/version1/MB/em302/0241_20151213_205336_FK151121_EM302.all.mb58.gz,19922944,swath,whole
FK151121,0242_20151213_215341_FK151121_EM302.all.mb58.gz,https://data.ngdc.noaa.gov/platforms/ocean/ships/falkor/FK151121/multibeam/data/version1/MB/em302/0242_20151213_215341_FK151121_EM302.all.mb58.gz,22020096,swath,whole
FK151121,0243_20151213_225336_FK151121_EM302.all.mb58.gz,https://data.ngdc.noaa.gov/platforms/ocean/ships/falkor/FK151121/multibeam/data/version1/MB/em302/0243_20151213_225336_FK151121_EM302.all.mb58.gz,22020096,swath,whole
FK151121,0244_20151213_235335_FK151121_EM302.all.mb58.gz,https://data.ngdc.noaa.gov/platforms/ocean/ships/falkor/FK151121/multibeam/data/version1/MB/em302/0244_20151213_235335_FK151121_EM302.all.mb58.gz,20971520,swath,whole
FK151121,0245_20151214_005338_FK151121_EM302.all.mb58.gz,https://data.ngdc.noaa.gov/platforms/ocean/ships/falkor/FK151121/multibeam/data/version1/MB/em302/0245_20151214_005338_FK151121_EM302.all.mb58.gz,2726298,swath,whole
FK151121,0246_20151215_231156_FK151121_EM302.all.mb58.gz,https://data.ngdc.noaa.gov/platforms/ocean/ships/falkor/FK151121/multibeam/data/version1/MB/em302/0246_20151215_231156_FK151121_EM302.all.mb58.gz,22020096,swath,whole
FK151121,0247_20151216_001154_FK151121_EM302.all.mb58.gz,https://data.ngdc.noaa.gov/platforms/ocean/ships/falkor/FK151121/multibeam/data/version1/MB/em302/0247_20151216_001154_FK151121_EM302.all.mb58.gz,22020096,swath,whole
FK151121,0248_20151216_011149_FK151121_EM302.all.mb58.gz,https://data.ngdc.noaa.gov/platforms/ocean/ships/falkor/FK151121/multibeam/data/version1/MB/em302/0248_20151216_011149_FK151121_EM302.all.mb58.gz,22020096,swath,whole
FK151121,0249_20151216_021147_FK151121_EM302.all.mb58.gz,https://data.ngdc.noaa.gov/platforms/ocean/ships/falkor/FK151121/multibeam/data/version1/MB/em302/0249_20151216_021147_FK151121_EM302.all.mb58.gz,22020096,swath,whole
FK151121,0250_20151216_031155_FK151121_EM302.all.mb58.gz,https://data.ngdc.noaa.gov/platforms/ocean/ships/falkor/FK151121/multibeam/data/version1/MB/em302/0250_20151216_031155_FK151121_EM302.all.mb58.gz,20971520,swath,whole
FK151121,0251_20151216_041151_FK151121_EM302.all.mb58.gz,https://data.ngdc.noaa.gov/platforms/ocean/ships/falkor/FK151121/multibeam/data/version1/MB/em302/0251_20151216_041151_FK151121_EM302.all.mb58.gz,20971520,swath,whole
FK151121,0252_20151216_051148_FK151121_EM302.all.mb58.gz,https://data.ngdc.noaa.gov/platforms/ocean/ships/falkor/FK151121/multibeam/data/version1/MB/em302/0252_20151216_051148_FK151121_EM302.all.mb58.gz,20971520,swath,whole
FK151121,0253_20151216_061153_FK151121_EM302.all.mb58.gz,https://data.ngdc.noaa.gov/platforms/ocean/ships/falkor/FK151121/multibeam/data/version1/MB/em302/0253_20151216_061153_FK151121_EM302.all.mb58.gz,19922944,swath,whole
FK151121,0254_20151216_071151_FK151121_EM302.all.mb58.gz,https://data.ngdc.noaa.gov/platforms/ocean/ships/falkor/FK151121/multibeam/data/version1/MB/em302/0254_20151216_071151_FK151121_EM302.all.mb58.gz,19922944,swath,whole
FK151121,0255_20151216_081150_FK151121_EM302.all.mb58.gz,https://data.ngdc.noaa.gov/platforms/ocean/ships/falkor/FK151121/multibeam/data/version1/MB/em302/0255_20151216_081150_FK151121_EM302.all.mb58.gz,20971520,swath,whole
FK151121,0256_20151216_091150_FK151121_EM302.all.mb58.gz,https://data.ngdc.noaa.gov/platforms/ocean/ships/falkor/FK151121/multibeam/data/version1/MB/em302/0256_20151216_091150_FK151121_EM302.all.mb58.gz,19922944,swath,whole
FK151121,0257_20151216_101150_FK151121_EM302.all.mb58.gz,https://data.ngdc.noaa.gov/platforms/ocean/ships/falkor/FK151121/multibeam/data/version1/MB/em302/0257_20151216_101150_FK151121_EM302.all.mb58.gz,20971520,swath,whole
FK151121,0258_20151216_111149_FK151121_EM302.all.mb58.gz,https://data.ngdc.noaa.gov/platforms/ocean/ships/falkor/FK151121/multibeam/data/version1/MB/em302/0258_20151216_111149_FK151121_EM302.all.mb58.gz,20971520,swath,whole
FK151121,0259_20151216_121146_FK151121_EM302.all.mb58.gz,https://data.ngdc.noaa.gov/platforms/ocean/ships/falkor/FK151121/multibeam/data/version1/MB/em302/0259_20151216_121146_FK151121_EM302.all.mb58.gz,20971520,swath,whole
FK151121,0260_20151216_131145_FK151121_EM302.all.mb58.gz,https://data.ngdc.noaa.gov/platforms/ocean/ships/falkor/FK151121/multibeam/data/version1/MB/em302/0260_20151216_131145_FK151121_EM302.all.mb58.gz,22020096,swath,whole
FK151121,0261_20151216_141148_FK151121_EM302.all.mb58.gz,https://data.ngdc.noaa.gov/platforms/ocean/ships/falkor/FK151121/multibeam/data/version1/MB/em302/0261_20151216_141148_FK151121_EM302.all.mb58.gz,22020096,swath,whole
FK151121,0262_20151216_151145_FK151121_EM302.all.mb58.gz,https://data.ngdc.noaa.gov/platforms/ocean/ships/falkor/FK151121/multibeam/data/version1/MB/em302/0262_20151216_151145_FK151121_EM302.all.mb58.gz,22020096,swath,whole
FK151121,0263_20151216_161146_FK151121_EM302.all.mb58.gz,https://data.ngdc.noaa.gov/platforms/ocean/ships/falkor/FK151121/multibeam/data/version1/MB/em302/0263_20151216_161146_FK151121_EM302.all.mb58.gz,22020096,swath,whole
FK151121,0264_20151216_171146_FK151121_EM302.all.mb58.gz,https://data.ngdc.noaa.gov/platforms/ocean/ships/falkor/FK151121/multibeam/data/version1/MB/em302/0264_20151216_171146_FK151121_EM302.all.mb58.gz,20971520,swath,whole
FK151121,0265_20151216_181144_FK151121_EM302.all.mb58.gz,https://data.ngdc.noaa.gov/platforms/ocean/ships/falkor/FK151121/multibeam/data/version1/MB/em302/0265_20151216_181144_FK151121_EM302.all.mb58.gz,22020096,swath,whole
FK151121,0266_20151216_191150_FK151121_EM302.all.mb58.gz,https://data.ngdc.noaa.gov/platforms/ocean/ships/falkor/FK151121/multibeam/data/version1/MB/em302/0266_20151216_191150_FK151121_EM302.all.mb58.gz,26214400,swath,whole
FK151121,0267_20151216_201147_FK151121_EM302.all.mb58.gz,https://data.ngdc.noaa.gov/platforms/ocean/ships/falkor/FK151121/multibeam/data/version1/MB/em302/0267_20151216_201147_FK151121_EM302.all.mb58.gz,30408704,swath,whole
FK151121,0268_20151216_211150_FK151121_EM302.all.mb58.gz,https://data.ngdc.noaa.gov/platforms/ocean/ships/falkor/FK151121/multibeam/data/version1/MB/em302/0268_20151216_211150_FK151121_EM302.all.mb58.gz,123731968,swath,whole
FK151121,0269_20151216_221144_FK151121_EM302.all.mb58.gz,https://data.ngdc.noaa.gov/platforms/ocean/ships/falkor/FK151121/multibeam/data/version1/MB/em302/0269_20151216_221144_FK151121_EM302.all.mb58.gz,192937984,swath,whole
FK171110,0001_20171118_185154_FK171110_EM302.all.mb58.gz,https://data.ngdc.noaa.gov/platforms/ocean/ships/falkor/FK171110/multibeam/data/version1/MB/em302/0001_20171118_185154_FK171110_EM302.all.mb58.gz,48234496,swath,subset (nav ∩ footprint buffered 4.0 km)
FK171110,0002_20171110_055940_FK171110_EM302.all.mb58.gz,https://data.ngdc.noaa.gov/platforms/ocean/ships/falkor/FK171110/multibeam/data/version1/MB/em302/0002_20171110_055940_FK171110_EM302.all.mb58.gz,108003328,swath,subset (nav ∩ footprint buffered 4.0 km)
FK171110,0002_20171119_005734_FK171110_EM302.all.mb58.gz,https://data.ngdc.noaa.gov/platforms/ocean/ships/falkor/FK171110/multibeam/data/version1/MB/em302/0002_20171119_005734_FK171110_EM302.all.mb58.gz,89128960,swath,subset (nav ∩ footprint buffered 4.0 km)
FK171110,0002_20171126_155007_FK171005_EM302.all.mb58.gz,https://data.ngdc.noaa.gov/platforms/ocean/ships/falkor/FK171110/multibeam/data/version1/MB/em302/0002_20171126_155007_FK171005_EM302.all.mb58.gz,74448896,swath,subset (nav ∩ footprint buffered 4.0 km)
FK171110,0003_20171110_065943_FK171110_EM302.all.mb58.gz,https://data.ngdc.noaa.gov/platforms/ocean/ships/falkor/FK171110/multibeam/data/version1/MB/em302/0003_20171110_065943_FK171110_EM302.all.mb58.gz,10066330,swath,subset (nav ∩ footprint buffered 4.0 km)
FK171110,0003_20171120_003845_FK171110_EM302.all.mb58.gz,https://data.ngdc.noaa.gov/platforms/ocean/ships/falkor/FK171110/multibeam/data/version1/MB/em302/0003_20171120_003845_FK171110_EM302.all.mb58.gz,105906176,swath,subset (nav ∩ footprint buffered 4.0 km)
FK171110,0003_20171127_060914_FK171005_EM302.all.mb58.gz,https://data.ngdc.noaa.gov/platforms/ocean/ships/falkor/FK171110/multibeam/data/version1/MB/em302/0003_20171127_060914_FK171005_EM302.all.mb58.gz,109051904,swath,subset (nav ∩ footprint buffered 4.0 km)
FK171110,0004_20171110_070522_FK171110_EM302.all.mb58.gz,https://data.ngdc.noaa.gov/platforms/ocean/ships/falkor/FK171110/multibeam/data/version1/MB/em302/0004_20171110_070522_FK171110_EM302.all.mb58.gz,67108864,swath,subset (nav ∩ footprint buffered 4.0 km)
FK171110,0005_20171110_080413_FK171110_EM302.all.mb58.gz,https://data.ngdc.noaa.gov/platforms/ocean/ships/falkor/FK171110/multibeam/data/version1/MB/em302/0005_20171110_080413_FK171110_EM302.all.mb58.gz,40894464,swath,subset (nav ∩ footprint buffered 4.0 km)
FK171110,0012_20171111_155931_FK171110_EM302.all.mb58.gz,https://data.ngdc.noaa.gov/platforms/ocean/ships/falkor/FK171110/multibeam/data/version1/MB/em302/0012_20171111_155931_FK171110_EM302.all.mb58.gz,12582912,swath,subset (nav ∩ footprint buffered 4.0 km)
FK171110,0013_20171206_153510_FK171110_EM302.all.mb58.gz,https://data.ngdc.noaa.gov/platforms/ocean/ships/falkor/FK171110/multibeam/data/version1/MB/em302/0013_20171206_153510_FK171110_EM302.all.mb58.gz,105906176,swath,subset (nav ∩ footprint buffered 4.0 km)
FK171110,0014_20171112_203356_FK171110_EM302.all.mb58.gz,https://data.ngdc.noaa.gov/platforms/ocean/ships/falkor/FK171110/multibeam/data/version1/MB/em302/0014_20171112_203356_FK171110_EM302.all.mb58.gz,6606029,swath,subset (nav ∩ footprint buffered 4.0 km)
FK171110,0014_20171206_163504_FK171110_EM302.all.mb58.gz,https://data.ngdc.noaa.gov/platforms/ocean/ships/falkor/FK171110/multibeam/data/version1/MB/em302/0014_20171206_163504_FK171110_EM302.all.mb58.gz,2936013,swath,subset (nav ∩ footprint buffered 4.0 km)
FK171110,0015_20171112_203732_FK171110_EM302.all.mb58.gz,https://data.ngdc.noaa.gov/platforms/ocean/ships/falkor/FK171110/multibeam/data/version1/MB/em302/0015_20171112_203732_FK171110_EM302.all.mb58.gz,108003328,swath,subset (nav ∩ footprint buffered 4.0 km)
FK171110,0022_20171127_152418_FK171005_EM302.all.mb58.gz,https://data.ngdc.noaa.gov/platforms/ocean/ships/falkor/FK171110/multibeam/data/version1/MB/em302/0022_20171127_152418_FK171005_EM302.all.mb58.gz,108003328,swath,subset (nav ∩ footprint buffered 4.0 km)
FK171110,0023_20171127_162419_FK171005_EM302.all.mb58.gz,https://data.ngdc.noaa.gov/platforms/ocean/ships/falkor/FK171110/multibeam/data/version1/MB/em302/0023_20171127_162419_FK171005_EM302.all.mb58.gz,14680064,swath,subset (nav ∩ footprint buffered 4.0 km)
FK171110,0027_20171113_080006_FK171110_EM302.all.mb58.gz,https://data.ngdc.noaa.gov/platforms/ocean/ships/falkor/FK171110/multibeam/data/version1/MB/em302/0027_20171113_080006_FK171110_EM302.all.mb58.gz,108003328,swath,subset (nav ∩ footprint buffered 4.0 km)
FK171110,0027_20171128_054002_FK171005_EM302.all.mb58.gz,https://data.ngdc.noaa.gov/platforms/ocean/ships/falkor/FK171110/multibeam/data/version1/MB/em302/0027_20171128_054002_FK171005_EM302.all.mb58.gz,95420416,swath,subset (nav ∩ footprint buffered 4.0 km)
FK171110,0028_20171113_090005_FK171110_EM302.all.mb58.gz,https://data.ngdc.noaa.gov/platforms/ocean/ships/falkor/FK171110/multibeam/data/version1/MB/em302/0028_20171113_090005_FK171110_EM302.all.mb58.gz,42991616,swath,subset (nav ∩ footprint buffered 4.0 km)
FK171110,0028_20171128_063238_FK171005_EM302.all.mb58.gz,https://data.ngdc.noaa.gov/platforms/ocean/ships/falkor/FK171110/multibeam/data/version1/MB/em302/0028_20171128_063238_FK171005_EM302.all.mb58.gz,8283750,swath,subset (nav ∩ footprint buffered 4.0 km)
FK171110,0029_20171128_063716_FK171005_EM302.all.mb58.gz,https://data.ngdc.noaa.gov/platforms/ocean/ships/falkor/FK171110/multibeam/data/version1/MB/em302/0029_20171128_063716_FK171005_EM302.all.mb58.gz,106954752,swath,subset (nav ∩ footprint buffered 4.0 km)
FK171110,0030_20171114_110736_FK171110_EM302.all.mb58.gz,https://data.ngdc.noaa.gov/platforms/ocean/ships/falkor/FK171110/multibeam/data/version1/MB/em302/0030_20171114_110736_FK171110_EM302.all.mb58.gz,105906176,swath,subset (nav ∩ footprint buffered 4.0 km)
FK171110,0031_20171114_120734_FK171110_EM302.all.mb58.gz,https://data.ngdc.noaa.gov/platforms/ocean/ships/falkor/FK171110/multibeam/data/version1/MB/em302/0031_20171114_120734_FK171110_EM302.all.mb58.gz,40894464,swath,subset (nav ∩ footprint buffered 4.0 km)
FK171110,0032_20171114_123047_FK171110_EM302.all.mb58.gz,https://data.ngdc.noaa.gov/platforms/ocean/ships/falkor/FK171110/multibeam/data/version1/MB/em302/0032_20171114_123047_FK171110_EM302.all.mb58.gz,29360128,swath,subset (nav ∩ footprint buffered 4.0 km)
FK171110,0034_20171114_130727_FK171110_EM302.all.mb58.gz,https://data.ngdc.noaa.gov/platforms/ocean/ships/falkor/FK171110/multibeam/data/version1/MB/em302/0034_20171114_130727_FK171110_EM302.all.mb58.gz,42991616,swath,subset (nav ∩ footprint buffered 4.0 km)
FK171110,0035_20171114_133209_FK171110_EM302.all.mb58.gz,https://data.ngdc.noaa.gov/platforms/ocean/ships/falkor/FK171110/multibeam/data/version1/MB/em302/0035_20171114_133209_FK171110_EM302.all.mb58.gz,59768832,swath,subset (nav ∩ footprint buffered 4.0 km)
FK171110,0036_20171114_140628_FK171110_EM302.all.mb58.gz,https://data.ngdc.noaa.gov/platforms/ocean/ships/falkor/FK171110/multibeam/data/version1/MB/em302/0036_20171114_140628_FK171110_EM302.all.mb58.gz,26214400,swath,subset (nav ∩ footprint buffered 4.0 km)
FK171110,0037_20171114_142213_FK171110_EM302.all.mb58.gz,https://data.ngdc.noaa.gov/platforms/ocean/ships/falkor/FK171110/multibeam/data/version1/MB/em302/0037_20171114_142213_FK171110_EM302.all.mb58.gz,49283072,swath,subset (nav ∩ footprint buffered 4.0 km)
FK171110,0039_20171114_150148_FK171110_EM302.all.mb58.gz,https://data.ngdc.noaa.gov/platforms/ocean/ships/falkor/FK171110/multibeam/data/version1/MB/em302/0039_20171114_150148_FK171110_EM302.all.mb58.gz,54525952,swath,subset (nav ∩ footprint buffered 4.0 km)
FK171110,0040_20171114_153506_FK171110_EM302.all.mb58.gz,https://data.ngdc.noaa.gov/platforms/ocean/ships/falkor/FK171110/multibeam/data/version1/MB/em302/0040_20171114_153506_FK171110_EM302.all.mb58.gz,42991616,swath,subset (nav ∩ footprint buffered 4.0 km)
FK171110,0041_20171128_151609_FK171005_EM302.all.mb58.gz,https://data.ngdc.noaa.gov/platforms/ocean/ships/falkor/FK171110/multibeam/data/version1/MB/em302/0041_20171128_151609_FK171005_EM302.all.mb58.gz,108003328,swath,subset (nav ∩ footprint buffered 4.0 km)
FK171110,0042_20171128_161614_FK171005_EM302.all.mb58.gz,https://data.ngdc.noaa.gov/platforms/ocean/ships/falkor/FK171110/multibeam/data/version1/MB/em302/0042_20171128_161614_FK171005_EM302.all.mb58.gz,14680064,swath,subset (nav ∩ footprint buffered 4.0 km)
FK171110,0044_20171115_224744_FK171110_EM302.all.mb58.gz,https://data.ngdc.noaa.gov/platforms/ocean/ships/falkor/FK171110/multibeam/data/version1/MB/em302/0044_20171115_224744_FK171110_EM302.all.mb58.gz,105906176,swath,subset (nav ∩ footprint buffered 4.0 km)
FK171110,0045_20171115_234749_FK171110_EM302.all.mb58.gz,https://data.ngdc.noaa.gov/platforms/ocean/ships/falkor/FK171110/multibeam/data/version1/MB/em302/0045_20171115_234749_FK171110_EM302.all.mb58.gz,4404019,swath,subset (nav ∩ footprint buffered 4.0 km)
FK171110,0052_20171117_140657_FK171110_EM302.all.mb58.gz,https://data.ngdc.noaa.gov/platforms/ocean/ships/falkor/FK171110/multibeam/data/version1/MB/em302/0052_20171117_140657_FK171110_EM302.all.mb58.gz,71303168,swath,subset (nav ∩ footprint buffered 4.0 km)
FK171110,0053_20171117_144703_FK171110_EM302.all.mb58.gz,https://data.ngdc.noaa.gov/platforms/ocean/ships/falkor/FK171110/multibeam/data/version1/MB/em302/0053_20171117_144703_FK171110_EM302.all.mb58.gz,31457280,swath,subset (nav ∩ footprint buffered 4.0 km)
FK171110,0074_20171212_065445_FK171110_EM302.all.mb58.gz,https://data.ngdc.noaa.gov/platforms/ocean/ships/falkor/FK171110/multibeam/data/version1/MB/em302/0074_20171212_065445_FK171110_EM302.all.mb58.gz,8493466,swath,subset (nav ∩ footprint buffered 4.0 km)
FK171110,0075_20171212_065928_FK171110_EM302.all.mb58.gz,https://data.ngdc.noaa.gov/platforms/ocean/ships/falkor/FK171110/multibeam/data/version1/MB/em302/0075_20171212_065928_FK171110_EM302.all.mb58.gz,103809024,swath,subset (nav ∩ footprint buffered 4.0 km)
FK171110,0086_20171212_152932_FK171110_EM302.all.mb58.gz,https://data.ngdc.noaa.gov/platforms/ocean/ships/falkor/FK171110/multibeam/data/version1/MB/em302/0086_20171212_152932_FK171110_EM302.all.mb58.gz,102760448,swath,subset (nav ∩ footprint buffered 4.0 km)
FK171110,0087_20171212_162930_FK171110_EM302.all.mb58.gz,https://data.ngdc.noaa.gov/platforms/ocean/ships/falkor/FK171110/multibeam/data/version1/MB/em302/0087_20171212_162930_FK171110_EM302.all.mb58.gz,13631488,swath,subset (nav ∩ footprint buffered 4.0 km)
FK171110,0091_20171201_161434_FK171005_EM302.all.mb58.gz,https://data.ngdc.noaa.gov/platforms/ocean/ships/falkor/FK171110/multibeam/data/version1/MB/em302/0091_20171201_161434_FK171005_EM302.all.mb58.gz,1677722,swath,subset (nav ∩ footprint buffered 4.0 km)
FK171110,0092_20171201_161823_FK171005_EM302.all.mb58.gz,https://data.ngdc.noaa.gov/platforms/ocean/ships/falkor/FK171110/multibeam/data/version1/MB/em302/0092_20171201_161823_FK171005_EM302.all.mb58.gz,1572864,swath,subset (nav ∩ footprint buffered 4.0 km)
FK171110,0093_20171202_060917_FK171005_EM302.all.mb58.gz,https://data.ngdc.noaa.gov/platforms/ocean/ships/falkor/FK171110/multibeam/data/version1/MB/em302/0093_20171202_060917_FK171005_EM302.all.mb58.gz,38797312,swath,subset (nav ∩ footprint buffered 4.0 km)
FK171110,0094_20171202_063140_FK171005_EM302.all.mb58.gz,https://data.ngdc.noaa.gov/platforms/ocean/ships/falkor/FK171110/multibeam/data/version1/MB/em302/0094_20171202_063140_FK171005_EM302.all.mb58.gz,106954752,swath,subset (nav ∩ footprint buffered 4.0 km)
FK171110,0104_20171213_123426_FK171110_EM302.all.mb58.gz,https://data.ngdc.noaa.gov/platforms/ocean/ships/falkor/FK171110/multibeam/data/version1/MB/em302/0104_20171213_123426_FK171110_EM302.all.mb58.gz,98566144,swath,subset (nav ∩ footprint buffered 4.0 km)
FK171110,0105_20171213_133427_FK171110_EM302.all.mb58.gz,https://data.ngdc.noaa.gov/platforms/ocean/ships/falkor/FK171110/multibeam/data/version1/MB/em302/0105_20171213_133427_FK171110_EM302.all.mb58.gz,69206016,swath,subset (nav ∩ footprint buffered 4.0 km)
FK171110,0110_20171203_070023_FK171005_EM302.all.mb58.gz,https://data.ngdc.noaa.gov/platforms/ocean/ships/falkor/FK171110/multibeam/data/version1/MB/em302/0110_20171203_070023_FK171005_EM302.all.mb58.gz,53477376,swath,subset (nav ∩ footprint buffered 4.0 km)
FK171110,0117_20171214_154035_FK171110_EM302.all.mb58.gz,https://data.ngdc.noaa.gov/platforms/ocean/ships/falkor/FK171110/multibeam/data/version1/MB/em302/0117_20171214_154035_FK171110_EM302.all.mb58.gz,85983232,swath,subset (nav ∩ footprint buffered 4.0 km)
FK171110,0139_20171204_150807_FK171005_EM302.all.mb58.gz,https://data.ngdc.noaa.gov/platforms/ocean/ships/falkor/FK171110/multibeam/data/version1/MB/em302/0139_20171204_150807_FK171005_EM302.all.mb58.gz,106954752,swath,subset (nav ∩ footprint buffered 4.0 km)
FK171110,0140_20171204_160809_FK171005_EM302.all.mb58.gz,https://data.ngdc.noaa.gov/platforms/ocean/ships/falkor/FK171110/multibeam/data/version1/MB/em302/0140_20171204_160809_FK171005_EM302.all.mb58.gz,45088768,swath,subset (nav ∩ footprint buffered 4.0 km)
KM0923,em120-274-184413-0001.mb56.gz,https://data.ngdc.noaa.gov/platforms/ocean/ships/kilo_moana/KM0923/multibeam/data/version1/MB/em120-274-184413-0001.mb56.gz,8598323,swath,whole
KM0923,em120-274-194411-0002.mb56.gz,https://data.ngdc.noaa.gov/platforms/ocean/ships/kilo_moana/KM0923/multibeam/data/version1/MB/em120-274-194411-0002.mb56.gz,11534336,swath,whole
KM0923,em120-274-221302-0003.mb56.gz,https://data.ngdc.noaa.gov/platforms/ocean/ships/kilo_moana/KM0923/multibeam/data/version1/MB/em120-274-221302-0003.mb56.gz,2306867,swath,whole
KM0923,em120-274-225333-0004.mb56.gz,https://data.ngdc.noaa.gov/platforms/ocean/ships/kilo_moana/KM0923/multibeam/data/version1/MB/em120-274-225333-0004.mb56.gz,3460301,swath,whole
KM0923,em120-274-235334-0005.mb56.gz,https://data.ngdc.noaa.gov/platforms/ocean/ships/kilo_moana/KM0923/multibeam/data/version1/MB/em120-274-235334-0005.mb56.gz,3565158,swath,whole
KM0923,em120-275-005332-0006.mb56.gz,https://data.ngdc.noaa.gov/platforms/ocean/ships/kilo_moana/KM0923/multibeam/data/version1/MB/em120-275-005332-0006.mb56.gz,3670016,swath,whole
KM0923,em120-275-015333-0007.mb56.gz,https://data.ngdc.noaa.gov/platforms/ocean/ships/kilo_moana/KM0923/multibeam/data/version1/MB/em120-275-015333-0007.mb56.gz,3460301,swath,whole
KM0923,em120-275-025333-0008.mb56.gz,https://data.ngdc.noaa.gov/platforms/ocean/ships/kilo_moana/KM0923/multibeam/data/version1/MB/em120-275-025333-0008.mb56.gz,3355443,swath,whole
KM0923,em120-275-035334-0009.mb56.gz,https://data.ngdc.noaa.gov/platforms/ocean/ships/kilo_moana/KM0923/multibeam/data/version1/MB/em120-275-035334-0009.mb56.gz,3460301,swath,whole
KM0923,em120-275-045334-0010.mb56.gz,https://data.ngdc.noaa.gov/platforms/ocean/ships/kilo_moana/KM0923/multibeam/data/version1/MB/em120-275-045334-0010.mb56.gz,3355443,swath,whole
KM0923,em120-275-055333-0011.mb56.gz,https://data.ngdc.noaa.gov/platforms/ocean/ships/kilo_moana/KM0923/multibeam/data/version1/MB/em120-275-055333-0011.mb56.gz,2831155,swath,whole
KM0923,em120-275-065333-0012.mb56.gz,https://data.ngdc.noaa.gov/platforms/ocean/ships/kilo_moana/KM0923/multibeam/data/version1/MB/em120-275-065333-0012.mb56.gz,3040870,swath,whole
KM0923,em120-275-075333-0013.mb56.gz,https://data.ngdc.noaa.gov/platforms/ocean/ships/kilo_moana/KM0923/multibeam/data/version1/MB/em120-275-075333-0013.mb56.gz,3040870,swath,whole
KM0923,em120-275-085334-0014.mb56.gz,https://data.ngdc.noaa.gov/platforms/ocean/ships/kilo_moana/KM0923/multibeam/data/version1/MB/em120-275-085334-0014.mb56.gz,2936013,swath,whole
KM0923,em120-275-095332-0015.mb56.gz,https://data.ngdc.noaa.gov/platforms/ocean/ships/kilo_moana/KM0923/multibeam/data/version1/MB/em120-275-095332-0015.mb56.gz,3145728,swath,whole
KM0923,em120-275-105333-0016.mb56.gz,https://data.ngdc.noaa.gov/platforms/ocean/ships/kilo_moana/KM0923/multibeam/data/version1/MB/em120-275-105333-0016.mb56.gz,3774874,swath,whole
KM0923,em120-275-115333-0017.mb56.gz,https://data.ngdc.noaa.gov/platforms/ocean/ships/kilo_moana/KM0923/multibeam/data/version1/MB/em120-275-115333-0017.mb56.gz,4823450,swath,whole
KM0923,em120-275-125334-0018.mb56.gz,https://data.ngdc.noaa.gov/platforms/ocean/ships/kilo_moana/KM0923/multibeam/data/version1/MB/em120-275-125334-0018.mb56.gz,3145728,swath,whole
KM0923,em120-275-135334-0019.mb56.gz,https://data.ngdc.noaa.gov/platforms/ocean/ships/kilo_moana/KM0923/multibeam/data/version1/MB/em120-275-135334-0019.mb56.gz,3040870,swath,whole
KM0923,em120-275-145333-0020.mb56.gz,https://data.ngdc.noaa.gov/platforms/ocean/ships/kilo_moana/KM0923/multibeam/data/version1/MB/em120-275-145333-0020.mb56.gz,4089446,swath,whole
KM0923,em120-275-155333-0021.mb56.gz,https://data.ngdc.noaa.gov/platforms/ocean/ships/kilo_moana/KM0923/multibeam/data/version1/MB/em120-275-155333-0021.mb56.gz,1363149,swath,whole
KM0923,em120-275-205441-0022.mb56.gz,https://data.ngdc.noaa.gov/platforms/ocean/ships/kilo_moana/KM0923/multibeam/data/version1/MB/em120-275-205441-0022.mb56.gz,2936013,swath,whole
KM0923,em120-275-215441-0023.mb56.gz,https://data.ngdc.noaa.gov/platforms/ocean/ships/kilo_moana/KM0923/multibeam/data/version1/MB/em120-275-215441-0023.mb56.gz,3460301,swath,whole
KM0923,em120-276-013403-0024.mb56.gz,https://data.ngdc.noaa.gov/platforms/ocean/ships/kilo_moana/KM0923/multibeam/data/version1/MB/em120-276-013403-0024.mb56.gz,3250586,swath,whole
KM0923,em120-276-023403-0025.mb56.gz,https://data.ngdc.noaa.gov/platforms/ocean/ships/kilo_moana/KM0923/multibeam/data/version1/MB/em120-276-023403-0025.mb56.gz,5033165,swath,whole
KM0923,em120-276-033404-0026.mb56.gz,https://data.ngdc.noaa.gov/platforms/ocean/ships/kilo_moana/KM0923/multibeam/data/version1/MB/em120-276-033404-0026.mb56.gz,5557453,swath,whole
KM0923,em120-276-043402-0027.mb56.gz,https://data.ngdc.noaa.gov/platforms/ocean/ships/kilo_moana/KM0923/multibeam/data/version1/MB/em120-276-043402-0027.mb56.gz,4613734,swath,whole
KM0923,em120-276-053403-0028.mb56.gz,https://data.ngdc.noaa.gov/platforms/ocean/ships/kilo_moana/KM0923/multibeam/data/version1/MB/em120-276-053403-0028.mb56.gz,4508877,swath,whole
KM0923,em120-276-063403-0029.mb56.gz,https://data.ngdc.noaa.gov/platforms/ocean/ships/kilo_moana/KM0923/multibeam/data/version1/MB/em120-276-063403-0029.mb56.gz,4508877,swath,whole
KM0923,em120-276-073404-0030.mb56.gz,https://data.ngdc.noaa.gov/platforms/ocean/ships/kilo_moana/KM0923/multibeam/data/version1/MB/em120-276-073404-0030.mb56.gz,4404019,swath,whole
KM0923,em120-276-083404-0031.mb56.gz,https://data.ngdc.noaa.gov/platforms/ocean/ships/kilo_moana/KM0923/multibeam/data/version1/MB/em120-276-083404-0031.mb56.gz,4508877,swath,whole
KM0923,em120-276-093403-0032.mb56.gz,https://data.ngdc.noaa.gov/platforms/ocean/ships/kilo_moana/KM0923/multibeam/data/version1/MB/em120-276-093403-0032.mb56.gz,4613734,swath,whole
KM0923,em120-276-103403-0033.mb56.gz,https://data.ngdc.noaa.gov/platforms/ocean/ships/kilo_moana/KM0923/multibeam/data/version1/MB/em120-276-103403-0033.mb56.gz,4508877,swath,whole
KM0923,em120-276-113404-0034.mb56.gz,https://data.ngdc.noaa.gov/platforms/ocean/ships/kilo_moana/KM0923/multibeam/data/version1/MB/em120-276-113404-0034.mb56.gz,4508877,swath,whole
KM0923,em120-276-123404-0035.mb56.gz,https://data.ngdc.noaa.gov/platforms/ocean/ships/kilo_moana/KM0923/multibeam/data/version1/MB/em120-276-123404-0035.mb56.gz,4404019,swath,whole
KM0923,em120-276-133403-0036.mb56.gz,https://data.ngdc.noaa.gov/platforms/ocean/ships/kilo_moana/KM0923/multibeam/data/version1/MB/em120-276-133403-0036.mb56.gz,4404019,swath,whole
KM0923,em120-276-143403-0037.mb56.gz,https://data.ngdc.noaa.gov/platforms/ocean/ships/kilo_moana/KM0923/multibeam/data/version1/MB/em120-276-143403-0037.mb56.gz,4508877,swath,whole
KM0923,em120-276-153403-0038.mb56.gz,https://data.ngdc.noaa.gov/platforms/ocean/ships/kilo_moana/KM0923/multibeam/data/version1/MB/em120-276-153403-0038.mb56.gz,4299162,swath,whole
KM0923,em120-276-163404-0039.mb56.gz,https://data.ngdc.noaa.gov/platforms/ocean/ships/kilo_moana/KM0923/multibeam/data/version1/MB/em120-276-163404-0039.mb56.gz,4299162,swath,whole
KM0923,em120-276-173404-0040.mb56.gz,https://data.ngdc.noaa.gov/platforms/ocean/ships/kilo_moana/KM0923/multibeam/data/version1/MB/em120-276-173404-0040.mb56.gz,4299162,swath,whole
KM0923,em120-276-183403-0041.mb56.gz,https://data.ngdc.noaa.gov/platforms/ocean/ships/kilo_moana/KM0923/multibeam/data/version1/MB/em120-276-183403-0041.mb56.gz,4194304,swath,whole
KM0923,em120-276-193403-0042.mb56.gz,https://data.ngdc.noaa.gov/platforms/ocean/ships/kilo_moana/KM0923/multibeam/data/version1/MB/em120-276-193403-0042.mb56.gz,4194304,swath,whole
KM0923,em120-276-203404-0043.mb56.gz,https://data.ngdc.noaa.gov/platforms/ocean/ships/kilo_moana/KM0923/multibeam/data/version1/MB/em120-276-203404-0043.mb56.gz,4194304,swath,whole
KM0923,em120-276-213404-0044.mb56.gz,https://data.ngdc.noaa.gov/platforms/ocean/ships/kilo_moana/KM0923/multibeam/data/version1/MB/em120-276-213404-0044.mb56.gz,4299162,swath,whole
KM0923,em120-276-223405-0045.mb56.gz,https://data.ngdc.noaa.gov/platforms/ocean/ships/kilo_moana/KM0923/multibeam/data/version1/MB/em120-276-223405-0045.mb56.gz,3774874,swath,whole
KM0923,em120-276-233403-0046.mb56.gz,https://data.ngdc.noaa.gov/platforms/ocean/ships/kilo_moana/KM0923/multibeam/data/version1/MB/em120-276-233403-0046.mb56.gz,3145728,swath,whole
KM0923,em120-277-003404-0047.mb56.gz,https://data.ngdc.noaa.gov/platforms/ocean/ships/kilo_moana/KM0923/multibeam/data/version1/MB/em120-277-003404-0047.mb56.gz,3250586,swath,whole
KM0923,em120-277-013404-0048.mb56.gz,https://data.ngdc.noaa.gov/platforms/ocean/ships/kilo_moana/KM0923/multibeam/data/version1/MB/em120-277-013404-0048.mb56.gz,3879731,swath,whole
KM0923,em120-277-023405-0049.mb56.gz,https://data.ngdc.noaa.gov/platforms/ocean/ships/kilo_moana/KM0923/multibeam/data/version1/MB/em120-277-023405-0049.mb56.gz,4928307,swath,whole
KM0923,em120-277-033403-0050.mb56.gz,https://data.ngdc.noaa.gov/platforms/ocean/ships/kilo_moana/KM0923/multibeam/data/version1/MB/em120-277-033403-0050.mb56.gz,3355443,swath,whole
KM0923,em120-277-043404-0051.mb56.gz,https://data.ngdc.noaa.gov/platforms/ocean/ships/kilo_moana/KM0923/multibeam/data/version1/MB/em120-277-043404-0051.mb56.gz,1677722,swath,whole
KM0923,em120-277-050547-0052.mb56.gz,https://data.ngdc.noaa.gov/platforms/ocean/ships/kilo_moana/KM0923/multibeam/data/version1/MB/em120-277-050547-0052.mb56.gz,2202010,swath,whole
KM0923,em120-277-084048-0053.mb56.gz,https://data.ngdc.noaa.gov/platforms/ocean/ships/kilo_moana/KM0923/multibeam/data/version1/MB/em120-277-084048-0053.mb56.gz,3040870,swath,whole
KM0923,em120-277-094049-0054.mb56.gz,https://data.ngdc.noaa.gov/platforms/ocean/ships/kilo_moana/KM0923/multibeam/data/version1/MB/em120-277-094049-0054.mb56.gz,2936013,swath,whole
KM0923,em120-277-104049-0055.mb56.gz,https://data.ngdc.noaa.gov/platforms/ocean/ships/kilo_moana/KM0923/multibeam/data/version1/MB/em120-277-104049-0055.mb56.gz,2726298,swath,whole
KM0923,em120-277-114050-0056.mb56.gz,https://data.ngdc.noaa.gov/platforms/ocean/ships/kilo_moana/KM0923/multibeam/data/version1/MB/em120-277-114050-0056.mb56.gz,2831155,swath,whole
KM0923,em120-277-124050-0057.mb56.gz,https://data.ngdc.noaa.gov/platforms/ocean/ships/kilo_moana/KM0923/multibeam/data/version1/MB/em120-277-124050-0057.mb56.gz,2831155,swath,whole
KM0923,em120-277-134049-0058.mb56.gz,https://data.ngdc.noaa.gov/platforms/ocean/ships/kilo_moana/KM0923/multibeam/data/version1/MB/em120-277-134049-0058.mb56.gz,2831155,swath,whole
KM0923,em120-277-144049-0059.mb56.gz,https://data.ngdc.noaa.gov/platforms/ocean/ships/kilo_moana/KM0923/multibeam/data/version1/MB/em120-277-144049-0059.mb56.gz,2831155,swath,whole
KM0923,em120-277-154050-0060.mb56.gz,https://data.ngdc.noaa.gov/platforms/ocean/ships/kilo_moana/KM0923/multibeam/data/version1/MB/em120-277-154050-0060.mb56.gz,2831155,swath,whole
KM0923,em120-277-164050-0061.mb56.gz,https://data.ngdc.noaa.gov/platforms/ocean/ships/kilo_moana/KM0923/multibeam/data/version1/MB/em120-277-164050-0061.mb56.gz,2831155,swath,whole
KM0923,em120-277-174049-0062.mb56.gz,https://data.ngdc.noaa.gov/platforms/ocean/ships/kilo_moana/KM0923/multibeam/data/version1/MB/em120-277-174049-0062.mb56.gz,3040870,swath,whole
KM0923,em120-279-090153-0063.mb56.gz,https://data.ngdc.noaa.gov/platforms/ocean/ships/kilo_moana/KM0923/multibeam/data/version1/MB/em120-279-090153-0063.mb56.gz,3145728,swath,whole
KM0923,em120-279-100153-0064.mb56.gz,https://data.ngdc.noaa.gov/platforms/ocean/ships/kilo_moana/KM0923/multibeam/data/version1/MB/em120-279-100153-0064.mb56.gz,3355443,swath,whole
KM0923,em120-279-110154-0065.mb56.gz,https://data.ngdc.noaa.gov/platforms/ocean/ships/kilo_moana/KM0923/multibeam/data/version1/MB/em120-279-110154-0065.mb56.gz,3774874,swath,whole
KM0923,em120-279-120152-0066.mb56.gz,https://data.ngdc.noaa.gov/platforms/ocean/ships/kilo_moana/KM0923/multibeam/data/version1/MB/em120-279-120152-0066.mb56.gz,3670016,swath,whole
KM0923,em120-279-130153-0067.mb56.gz,https://data.ngdc.noaa.gov/platforms/ocean/ships/kilo_moana/KM0923/multibeam/data/version1/MB/em120-279-130153-0067.mb56.gz,5138022,swath,whole
KM0923,em120-279-140153-0068.mb56.gz,https://data.ngdc.noaa.gov/platforms/ocean/ships/kilo_moana/KM0923/multibeam/data/version1/MB/em120-279-140153-0068.mb56.gz,5662310,swath,whole
KM0923,em120-279-190101-0069.mb56.gz,https://data.ngdc.noaa.gov/platforms/ocean/ships/kilo_moana/KM0923/multibeam/data/version1/MB/em120-279-190101-0069.mb56.gz,3565158,swath,whole
KM0923,em120-279-200101-0070.mb56.gz,https://data.ngdc.noaa.gov/platforms/ocean/ships/kilo_moana/KM0923/multibeam/data/version1/MB/em120-279-200101-0070.mb56.gz,4718592,swath,whole
KM0923,em120-279-210100-0071.mb56.gz,https://data.ngdc.noaa.gov/platforms/ocean/ships/kilo_moana/KM0923/multibeam/data/version1/MB/em120-279-210100-0071.mb56.gz,3460301,swath,whole
KM0923,em120-279-220100-0072.mb56.gz,https://data.ngdc.noaa.gov/platforms/ocean/ships/kilo_moana/KM0923/multibeam/data/version1/MB/em120-279-220100-0072.mb56.gz,3355443,swath,whole
KM0923,em120-279-230101-0073.mb56.gz,https://data.ngdc.noaa.gov/platforms/ocean/ships/kilo_moana/KM0923/multibeam/data/version1/MB/em120-279-230101-0073.mb56.gz,2936013,swath,whole
KM0923,em120-280-000101-0074.mb56.gz,https://data.ngdc.noaa.gov/platforms/ocean/ships/kilo_moana/KM0923/multibeam/data/version1/MB/em120-280-000101-0074.mb56.gz,2621440,swath,whole
KM0923,em120-280-010102-0075.mb56.gz,https://data.ngdc.noaa.gov/platforms/ocean/ships/kilo_moana/KM0923/multibeam/data/version1/MB/em120-280-010102-0075.mb56.gz,2621440,swath,whole
KM0923,em120-280-020100-0076.mb56.gz,https://data.ngdc.noaa.gov/platforms/ocean/ships/kilo_moana/KM0923/multibeam/data/version1/MB/em120-280-020100-0076.mb56.gz,1887437,swath,whole
KM0923,em120-281-034248-0077.mb56.gz,https://data.ngdc.noaa.gov/platforms/ocean/ships/kilo_moana/KM0923/multibeam/data/version1/MB/em120-281-034248-0077.mb56.gz,2726298,swath,whole
KM0923,em120-281-044248-0078.mb56.gz,https://data.ngdc.noaa.gov/platforms/ocean/ships/kilo_moana/KM0923/multibeam/data/version1/MB/em120-281-044248-0078.mb56.gz,2726298,swath,whole
KM0923,em120-281-054247-0079.mb56.gz,https://data.ngdc.noaa.gov/platforms/ocean/ships/kilo_moana/KM0923/multibeam/data/version1/MB/em120-281-054247-0079.mb56.gz,2726298,swath,whole
KM0923,em120-281-064247-0080.mb56.gz,https://data.ngdc.noaa.gov/platforms/ocean/ships/kilo_moana/KM0923/multibeam/data/version1/MB/em120-281-064247-0080.mb56.gz,2726298,swath,whole
KM0923,em120-281-074248-0081.mb56.gz,https://data.ngdc.noaa.gov/platforms/ocean/ships/kilo_moana/KM0923/multibeam/data/version1/MB/em120-281-074248-0081.mb56.gz,2726298,swath,whole
KM0923,em120-281-084248-0082.mb56.gz,https://data.ngdc.noaa.gov/platforms/ocean/ships/kilo_moana/KM0923/multibeam/data/version1/MB/em120-281-084248-0082.mb56.gz,2831155,swath,whole
KM0923,em120-281-094249-0083.mb56.gz,https://data.ngdc.noaa.gov/platforms/ocean/ships/kilo_moana/KM0923/multibeam/data/version1/MB/em120-281-094249-0083.mb56.gz,785408,swath,whole
KM0923,em120-281-095906-0084.mb56.gz,https://data.ngdc.noaa.gov/platforms/ocean/ships/kilo_moana/KM0923/multibeam/data/version1/MB/em120-281-095906-0084.mb56.gz,3145728,swath,whole
KM0923,em120-281-105907-0085.mb56.gz,https://data.ngdc.noaa.gov/platforms/ocean/ships/kilo_moana/KM0923/multibeam/data/version1/MB/em120-281-105907-0085.mb56.gz,2936013,swath,whole
KM0923,em120-281-115907-0086.mb56.gz,https://data.ngdc.noaa.gov/platforms/ocean/ships/kilo_moana/KM0923/multibeam/data/version1/MB/em120-281-115907-0086.mb56.gz,3040870,swath,whole
KM0923,em120-281-125908-0087.mb56.gz,https://data.ngdc.noaa.gov/platforms/ocean/ships/kilo_moana/KM0923/multibeam/data/version1/MB/em120-281-125908-0087.mb56.gz,2936013,swath,whole
KM0923,em120-281-135908-0088.mb56.gz,https://data.ngdc.noaa.gov/platforms/ocean/ships/kilo_moana/KM0923/multibeam/data/version1/MB/em120-281-135908-0088.mb56.gz,547840,swath,whole
KM0923,em120-281-235934-0089.mb56.gz,https://data.ngdc.noaa.gov/platforms/ocean/ships/kilo_moana/KM0923/multibeam/data/version1/MB/em120-281-235934-0089.mb56.gz,3040870,swath,whole
KM0923,em120-282-005934-0090.mb56.gz,https://data.ngdc.noaa.gov/platforms/ocean/ships/kilo_moana/KM0923/multibeam/data/version1/MB/em120-282-005934-0090.mb56.gz,3355443,swath,whole
KM0923,em120-282-015935-0091.mb56.gz,https://data.ngdc.noaa.gov/platforms/ocean/ships/kilo_moana/KM0923/multibeam/data/version1/MB/em120-282-015935-0091.mb56.gz,3460301,swath,whole
KM0923,em120-282-025935-0092.mb56.gz,https://data.ngdc.noaa.gov/platforms/ocean/ships/kilo_moana/KM0923/multibeam/data/version1/MB/em120-282-025935-0092.mb56.gz,2831155,swath,whole
KM0923,em120-282-035936-0093.mb56.gz,https://data.ngdc.noaa.gov/platforms/ocean/ships/kilo_moana/KM0923/multibeam/data/version1/MB/em120-282-035936-0093.mb56.gz,2936013,swath,whole
KM0923,em120-282-045934-0094.mb56.gz,https://data.ngdc.noaa.gov/platforms/ocean/ships/kilo_moana/KM0923/multibeam/data/version1/MB/em120-282-045934-0094.mb56.gz,2726298,swath,whole
KM0923,em120-282-055935-0095.mb56.gz,https://data.ngdc.noaa.gov/platforms/ocean/ships/kilo_moana/KM0923/multibeam/data/version1/MB/em120-282-055935-0095.mb56.gz,2831155,swath,whole
KM0923,em120-282-065935-0096.mb56.gz,https://data.ngdc.noaa.gov/platforms/ocean/ships/kilo_moana/KM0923/multibeam/data/version1/MB/em120-282-065935-0096.mb56.gz,3250586,swath,whole
KM0923,em120-282-075936-0097.mb56.gz,https://data.ngdc.noaa.gov/platforms/ocean/ships/kilo_moana/KM0923/multibeam/data/version1/MB/em120-282-075936-0097.mb56.gz,3355443,swath,whole
KM0923,em120-282-085936-0098.mb56.gz,https://data.ngdc.noaa.gov/platforms/ocean/ships/kilo_moana/KM0923/multibeam/data/version1/MB/em120-282-085936-0098.mb56.gz,3774874,swath,whole
KM0923,em120-282-095934-0099.mb56.gz,https://data.ngdc.noaa.gov/platforms/ocean/ships/kilo_moana/KM0923/multibeam/data/version1/MB/em120-282-095934-0099.mb56.gz,3670016,swath,whole
KM0923,em120-282-105935-0100.mb56.gz,https://data.ngdc.noaa.gov/platforms/ocean/ships/kilo_moana/KM0923/multibeam/data/version1/MB/em120-282-105935-0100.mb56.gz,3355443,swath,whole
KM0923,em120-282-115935-0101.mb56.gz,https://data.ngdc.noaa.gov/platforms/ocean/ships/kilo_moana/KM0923/multibeam/data/version1/MB/em120-282-115935-0101.mb56.gz,81920,swath,whole
KM0923,em120-283-063849-0102.mb56.gz,https://data.ngdc.noaa.gov/platforms/ocean/ships/kilo_moana/KM0923/multibeam/data/version1/MB/em120-283-063849-0102.mb56.gz,3879731,swath,whole
KM0923,em120-283-073850-0103.mb56.gz,https://data.ngdc.noaa.gov/platforms/ocean/ships/kilo_moana/KM0923/multibeam/data/version1/MB/em120-283-073850-0103.mb56.gz,1048576,swath,whole
KM0923,em120-283-075945-0104.mb56.gz,https://data.ngdc.noaa.gov/platforms/ocean/ships/kilo_moana/KM0923/multibeam/data/version1/MB/em120-283-075945-0104.mb56.gz,2936013,swath,whole
KM0923,em120-283-085944-0105.mb56.gz,https://data.ngdc.noaa.gov/platforms/ocean/ships/kilo_moana/KM0923/multibeam/data/version1/MB/em120-283-085944-0105.mb56.gz,3250586,swath,whole
KM0923,em120-283-095944-0106.mb56.gz,https://data.ngdc.noaa.gov/platforms/ocean/ships/kilo_moana/KM0923/multibeam/data/version1/MB/em120-283-095944-0106.mb56.gz,3250586,swath,whole
KM0923,em120-283-105945-0107.mb56.gz,https://data.ngdc.noaa.gov/platforms/ocean/ships/kilo_moana/KM0923/multibeam/data/version1/MB/em120-283-105945-0107.mb56.gz,3355443,swath,whole
KM0923,em120-283-115945-0108.mb56.gz,https://data.ngdc.noaa.gov/platforms/ocean/ships/kilo_moana/KM0923/multibeam/data/version1/MB/em120-283-115945-0108.mb56.gz,3250586,swath,whole
KM0923,em120-283-125944-0109.mb56.gz,https://data.ngdc.noaa.gov/platforms/ocean/ships/kilo_moana/KM0923/multibeam/data/version1/MB/em120-283-125944-0109.mb56.gz,3460301,swath,whole
KM0923,em120-283-135944-0110.mb56.gz,https://data.ngdc.noaa.gov/platforms/ocean/ships/kilo_moana/KM0923/multibeam/data/version1/MB/em120-283-135944-0110.mb56.gz,3355443,swath,whole
KM0923,em120-283-145945-0111.mb56.gz,https://data.ngdc.noaa.gov/platforms/ocean/ships/kilo_moana/KM0923/multibeam/data/version1/MB/em120-283-145945-0111.mb56.gz,3145728,swath,whole
KM0923,em120-283-155945-0112.mb56.gz,https://data.ngdc.noaa.gov/platforms/ocean/ships/kilo_moana/KM0923/multibeam/data/version1/MB/em120-283-155945-0112.mb56.gz,3250586,swath,whole
KM0923,em120-283-165946-0113.mb56.gz,https://data.ngdc.noaa.gov/platforms/ocean/ships/kilo_moana/KM0923/multibeam/data/version1/MB/em120-283-165946-0113.mb56.gz,3250586,swath,whole
KM0923,em120-283-175944-0114.mb56.gz,https://data.ngdc.noaa.gov/platforms/ocean/ships/kilo_moana/KM0923/multibeam/data/version1/MB/em120-283-175944-0114.mb56.gz,3250586,swath,whole
KM0923,em120-283-185945-0115.mb56.gz,https://data.ngdc.noaa.gov/platforms/ocean/ships/kilo_moana/KM0923/multibeam/data/version1/MB/em120-283-185945-0115.mb56.gz,2411725,swath,whole
KM0923,em120-283-215602-0116.mb56.gz,https://data.ngdc.noaa.gov/platforms/ocean/ships/kilo_moana/KM0923/multibeam/data/version1/MB/em120-283-215602-0116.mb56.gz,3565158,swath,whole
KM0923,em120-283-225600-0117.mb56.gz,https://data.ngdc.noaa.gov/platforms/ocean/ships/kilo_moana/KM0923/multibeam/data/version1/MB/em120-283-225600-0117.mb56.gz,3670016,swath,whole
KM0923,em120-283-235601-0118.mb56.gz,https://data.ngdc.noaa.gov/platforms/ocean/ships/kilo_moana/KM0923/multibeam/data/version1/MB/em120-283-235601-0118.mb56.gz,3774874,swath,whole
KM0923,em120-284-005601-0119.mb56.gz,https://data.ngdc.noaa.gov/platforms/ocean/ships/kilo_moana/KM0923/multibeam/data/version1/MB/em120-284-005601-0119.mb56.gz,3774874,swath,whole
KM0923,em120-284-015602-0120.mb56.gz,https://data.ngdc.noaa.gov/platforms/ocean/ships/kilo_moana/KM0923/multibeam/data/version1/MB/em120-284-015602-0120.mb56.gz,3670016,swath,whole
KM0923,em120-284-025600-0121.mb56.gz,https://data.ngdc.noaa.gov/platforms/ocean/ships/kilo_moana/KM0923/multibeam/data/version1/MB/em120-284-025600-0121.mb56.gz,3774874,swath,whole
KM0923,em120-284-035601-0122.mb56.gz,https://data.ngdc.noaa.gov/platforms/ocean/ships/kilo_moana/KM0923/multibeam/data/version1/MB/em120-284-035601-0122.mb56.gz,3670016,swath,whole
KM0923,em120-284-045601-0123.mb56.gz,https://data.ngdc.noaa.gov/platforms/ocean/ships/kilo_moana/KM0923/multibeam/data/version1/MB/em120-284-045601-0123.mb56.gz,3670016,swath,whole
KM0923,em120-284-055602-0124.mb56.gz,https://data.ngdc.noaa.gov/platforms/ocean/ships/kilo_moana/KM0923/multibeam/data/version1/MB/em120-284-055602-0124.mb56.gz,2831155,swath,whole
KM0923,em120-284-064211-0125.mb56.gz,https://data.ngdc.noaa.gov/platforms/ocean/ships/kilo_moana/KM0923/multibeam/data/version1/MB/em120-284-064211-0125.mb56.gz,3460301,swath,whole
KM0923,em120-284-074209-0126.mb56.gz,https://data.ngdc.noaa.gov/platforms/ocean/ships/kilo_moana/KM0923/multibeam/data/version1/MB/em120-284-074209-0126.mb56.gz,3040870,swath,whole
KM0923,em120-284-084210-0127.mb56.gz,https://data.ngdc.noaa.gov/platforms/ocean/ships/kilo_moana/KM0923/multibeam/data/version1/MB/em120-284-084210-0127.mb56.gz,2831155,swath,whole
KM0923,em120-284-094210-0128.mb56.gz,https://data.ngdc.noaa.gov/platforms/ocean/ships/kilo_moana/KM0923/multibeam/data/version1/MB/em120-284-094210-0128.mb56.gz,2831155,swath,whole
KM0923,em120-284-104211-0129.mb56.gz,https://data.ngdc.noaa.gov/platforms/ocean/ships/kilo_moana/KM0923/multibeam/data/version1/MB/em120-284-104211-0129.mb56.gz,2726298,swath,whole
KM0923,em120-284-114211-0130.mb56.gz,https://data.ngdc.noaa.gov/platforms/ocean/ships/kilo_moana/KM0923/multibeam/data/version1/MB/em120-284-114211-0130.mb56.gz,3250586,swath,whole
KM0923,em120-284-124210-0131.mb56.gz,https://data.ngdc.noaa.gov/platforms/ocean/ships/kilo_moana/KM0923/multibeam/data/version1/MB/em120-284-124210-0131.mb56.gz,4194304,swath,whole
KM0923,em120-284-134210-0132.mb56.gz,https://data.ngdc.noaa.gov/platforms/ocean/ships/kilo_moana/KM0923/multibeam/data/version1/MB/em120-284-134210-0132.mb56.gz,4613734,swath,whole
KM0923,em120-284-144211-0133.mb56.gz,https://data.ngdc.noaa.gov/platforms/ocean/ships/kilo_moana/KM0923/multibeam/data/version1/MB/em120-284-144211-0133.mb56.gz,4194304,swath,whole
KM0923,em120-284-154211-0134.mb56.gz,https://data.ngdc.noaa.gov/platforms/ocean/ships/kilo_moana/KM0923/multibeam/data/version1/MB/em120-284-154211-0134.mb56.gz,1468006,swath,whole
KM0923,em120-284-175600-0135.mb56.gz,https://data.ngdc.noaa.gov/platforms/ocean/ships/kilo_moana/KM0923/multibeam/data/version1/MB/em120-284-175600-0135.mb56.gz,4194304,swath,whole
KM0923,em120-284-185600-0136.mb56.gz,https://data.ngdc.noaa.gov/platforms/ocean/ships/kilo_moana/KM0923/multibeam/data/version1/MB/em120-284-185600-0136.mb56.gz,4089446,swath,whole
KM0923,em120-284-195601-0137.mb56.gz,https://data.ngdc.noaa.gov/platforms/ocean/ships/kilo_moana/KM0923/multibeam/data/version1/MB/em120-284-195601-0137.mb56.gz,4299162,swath,whole
KM0923,em120-284-205601-0138.mb56.gz,https://data.ngdc.noaa.gov/platforms/ocean/ships/kilo_moana/KM0923/multibeam/data/version1/MB/em120-284-205601-0138.mb56.gz,4299162,swath,whole
KM0923,em120-284-215600-0139.mb56.gz,https://data.ngdc.noaa.gov/platforms/ocean/ships/kilo_moana/KM0923/multibeam/data/version1/MB/em120-284-215600-0139.mb56.gz,4089446,swath,whole
KM0923,em120-284-225600-0140.mb56.gz,https://data.ngdc.noaa.gov/platforms/ocean/ships/kilo_moana/KM0923/multibeam/data/version1/MB/em120-284-225600-0140.mb56.gz,3565158,swath,whole
KM0923,em120-284-235601-0141.mb56.gz,https://data.ngdc.noaa.gov/platforms/ocean/ships/kilo_moana/KM0923/multibeam/data/version1/MB/em120-284-235601-0141.mb56.gz,3774874,swath,whole
KM0923,em120-285-005601-0142.mb56.gz,https://data.ngdc.noaa.gov/platforms/ocean/ships/kilo_moana/KM0923/multibeam/data/version1/MB/em120-285-005601-0142.mb56.gz,3460301,swath,whole
KM0923,em120-285-015602-0143.mb56.gz,https://data.ngdc.noaa.gov/platforms/ocean/ships/kilo_moana/KM0923/multibeam/data/version1/MB/em120-285-015602-0143.mb56.gz,3355443,swath,whole
KM0923,em120-285-025600-0144.mb56.gz,https://data.ngdc.noaa.gov/platforms/ocean/ships/kilo_moana/KM0923/multibeam/data/version1/MB/em120-285-025600-0144.mb56.gz,3565158,swath,whole
KM0923,em120-285-035601-0145.mb56.gz,https://data.ngdc.noaa.gov/platforms/ocean/ships/kilo_moana/KM0923/multibeam/data/version1/MB/em120-285-035601-0145.mb56.gz,3250586,swath,whole
KM0923,em120-285-045601-0146.mb56.gz,https://data.ngdc.noaa.gov/platforms/ocean/ships/kilo_moana/KM0923/multibeam/data/version1/MB/em120-285-045601-0146.mb56.gz,3460301,swath,whole
KM0923,em120-285-055602-0147.mb56.gz,https://data.ngdc.noaa.gov/platforms/ocean/ships/kilo_moana/KM0923/multibeam/data/version1/MB/em120-285-055602-0147.mb56.gz,3460301,swath,whole
KM0923,em120-285-065600-0148.mb56.gz,https://data.ngdc.noaa.gov/platforms/ocean/ships/kilo_moana/KM0923/multibeam/data/version1/MB/em120-285-065600-0148.mb56.gz,3670016,swath,whole
KM0923,em120-285-075601-0149.mb56.gz,https://data.ngdc.noaa.gov/platforms/ocean/ships/kilo_moana/KM0923/multibeam/data/version1/MB/em120-285-075601-0149.mb56.gz,3565158,swath,whole
KM0923,em120-285-085601-0150.mb56.gz,https://data.ngdc.noaa.gov/platforms/ocean/ships/kilo_moana/KM0923/multibeam/data/version1/MB/em120-285-085601-0150.mb56.gz,3565158,swath,whole
KM0923,em120-285-095602-0151.mb56.gz,https://data.ngdc.noaa.gov/platforms/ocean/ships/kilo_moana/KM0923/multibeam/data/version1/MB/em120-285-095602-0151.mb56.gz,3565158,swath,whole
KM0923,em120-285-105602-0152.mb56.gz,https://data.ngdc.noaa.gov/platforms/ocean/ships/kilo_moana/KM0923/multibeam/data/version1/MB/em120-285-105602-0152.mb56.gz,3355443,swath,whole
KM0923,em120-285-115600-0153.mb56.gz,https://data.ngdc.noaa.gov/platforms/ocean/ships/kilo_moana/KM0923/multibeam/data/version1/MB/em120-285-115600-0153.mb56.gz,3145728,swath,whole
KM0923,em120-285-125601-0154.mb56.gz,https://data.ngdc.noaa.gov/platforms/ocean/ships/kilo_moana/KM0923/multibeam/data/version1/MB/em120-285-125601-0154.mb56.gz,3145728,swath,whole
KM0923,em120-285-135601-0155.mb56.gz,https://data.ngdc.noaa.gov/platforms/ocean/ships/kilo_moana/KM0923/multibeam/data/version1/MB/em120-285-135601-0155.mb56.gz,3145728,swath,whole
KM0923,em120-285-145602-0156.mb56.gz,https://data.ngdc.noaa.gov/platforms/ocean/ships/kilo_moana/KM0923/multibeam/data/version1/MB/em120-285-145602-0156.mb56.gz,3565158,swath,whole
KM0923,em120-285-155602-0157.mb56.gz,https://data.ngdc.noaa.gov/platforms/ocean/ships/kilo_moana/KM0923/multibeam/data/version1/MB/em120-285-155602-0157.mb56.gz,4404019,swath,whole
KM0923,em120-285-165601-0158.mb56.gz,https://data.ngdc.noaa.gov/platforms/ocean/ships/kilo_moana/KM0923/multibeam/data/version1/MB/em120-285-165601-0158.mb56.gz,4299162,swath,whole
KM0923,em120-285-175601-0159.mb56.gz,https://data.ngdc.noaa.gov/platforms/ocean/ships/kilo_moana/KM0923/multibeam/data/version1/MB/em120-285-175601-0159.mb56.gz,4299162,swath,whole
KM0923,em120-285-185602-0160.mb56.gz,https://data.ngdc.noaa.gov/platforms/ocean/ships/kilo_moana/KM0923/multibeam/data/version1/MB/em120-285-185602-0160.mb56.gz,4194304,swath,whole
KM0923,em120-285-195602-0161.mb56.gz,https://data.ngdc.noaa.gov/platforms/ocean/ships/kilo_moana/KM0923/multibeam/data/version1/MB/em120-285-195602-0161.mb56.gz,4089446,swath,whole
KM0923,em120-285-205601-0162.mb56.gz,https://data.ngdc.noaa.gov/platforms/ocean/ships/kilo_moana/KM0923/multibeam/data/version1/MB/em120-285-205601-0162.mb56.gz,3984589,swath,whole
KM0923,em120-285-215601-0163.mb56.gz,https://data.ngdc.noaa.gov/platforms/ocean/ships/kilo_moana/KM0923/multibeam/data/version1/MB/em120-285-215601-0163.mb56.gz,3774874,swath,whole
KM0923,em120-285-225602-0164.mb56.gz,https://data.ngdc.noaa.gov/platforms/ocean/ships/kilo_moana/KM0923/multibeam/data/version1/MB/em120-285-225602-0164.mb56.gz,2831155,swath,whole
KM0923,em120-285-235602-0165.mb56.gz,https://data.ngdc.noaa.gov/platforms/ocean/ships/kilo_moana/KM0923/multibeam/data/version1/MB/em120-285-235602-0165.mb56.gz,2831155,swath,whole
KM0923,em120-286-005603-0166.mb56.gz,https://data.ngdc.noaa.gov/platforms/ocean/ships/kilo_moana/KM0923/multibeam/data/version1/MB/em120-286-005603-0166.mb56.gz,2936013,swath,whole
KM0923,em120-286-015601-0167.mb56.gz,https://data.ngdc.noaa.gov/platforms/ocean/ships/kilo_moana/KM0923/multibeam/data/version1/MB/em120-286-015601-0167.mb56.gz,3460301,swath,whole
KM0923,em120-286-025602-0168.mb56.gz,https://data.ngdc.noaa.gov/platforms/ocean/ships/kilo_moana/KM0923/multibeam/data/version1/MB/em120-286-025602-0168.mb56.gz,4299162,swath,whole
KM0923,em120-286-035602-0169.mb56.gz,https://data.ngdc.noaa.gov/platforms/ocean/ships/kilo_moana/KM0923/multibeam/data/version1/MB/em120-286-035602-0169.mb56.gz,323584,swath,whole
KM0923,em120-286-040138-0170.mb56.gz,https://data.ngdc.noaa.gov/platforms/ocean/ships/kilo_moana/KM0923/multibeam/data/version1/MB/em120-286-040138-0170.mb56.gz,4194304,swath,whole
KM0923,em120-286-050539-0171.mb56.gz,https://data.ngdc.noaa.gov/platforms/ocean/ships/kilo_moana/KM0923/multibeam/data/version1/MB/em120-286-050539-0171.mb56.gz,3984589,swath,whole
KM0923,em120-286-060538-0172.mb56.gz,https://data.ngdc.noaa.gov/platforms/ocean/ships/kilo_moana/KM0923/multibeam/data/version1/MB/em120-286-060538-0172.mb56.gz,4299162,swath,whole
KM0923,em120-286-070538-0173.mb56.gz,https://data.ngdc.noaa.gov/platforms/ocean/ships/kilo_moana/KM0923/multibeam/data/version1/MB/em120-286-070538-0173.mb56.gz,4089446,swath,whole
KM0923,em120-286-080539-0174.mb56.gz,https://data.ngdc.noaa.gov/platforms/ocean/ships/kilo_moana/KM0923/multibeam/data/version1/MB/em120-286-080539-0174.mb56.gz,2621440,swath,whole
KM0923,em120-286-231708-0175.mb56.gz,https://data.ngdc.noaa.gov/platforms/ocean/ships/kilo_moana/KM0923/multibeam/data/version1/MB/em120-286-231708-0175.mb56.gz,2726298,swath,whole
KM0923,em120-287-001709-0176.mb56.gz,https://data.ngdc.noaa.gov/platforms/ocean/ships/kilo_moana/KM0923/multibeam/data/version1/MB/em120-287-001709-0176.mb56.gz,3355443,swath,whole
KM0923,em120-287-011707-0177.mb56.gz,https://data.ngdc.noaa.gov/platforms/ocean/ships/kilo_moana/KM0923/multibeam/data/version1/MB/em120-287-011707-0177.mb56.gz,3040870,swath,whole
KM0923,em120-287-021708-0178.mb56.gz,https://data.ngdc.noaa.gov/platforms/ocean/ships/kilo_moana/KM0923/multibeam/data/version1/MB/em120-287-021708-0178.mb56.gz,2831155,swath,whole
KM0923,em120-287-031708-0179.mb56.gz,https://data.ngdc.noaa.gov/platforms/ocean/ships/kilo_moana/KM0923/multibeam/data/version1/MB/em120-287-031708-0179.mb56.gz,2936013,swath,whole
KM0923,em120-287-041709-0180.mb56.gz,https://data.ngdc.noaa.gov/platforms/ocean/ships/kilo_moana/KM0923/multibeam/data/version1/MB/em120-287-041709-0180.mb56.gz,2936013,swath,whole
KM0923,em120-287-051709-0181.mb56.gz,https://data.ngdc.noaa.gov/platforms/ocean/ships/kilo_moana/KM0923/multibeam/data/version1/MB/em120-287-051709-0181.mb56.gz,2831155,swath,whole
KM0923,em120-287-061708-0182.mb56.gz,https://data.ngdc.noaa.gov/platforms/ocean/ships/kilo_moana/KM0923/multibeam/data/version1/MB/em120-287-061708-0182.mb56.gz,1468006,swath,whole
KM0923,em120-287-064554-0183.mb56.gz,https://data.ngdc.noaa.gov/platforms/ocean/ships/kilo_moana/KM0923/multibeam/data/version1/MB/em120-287-064554-0183.mb56.gz,3040870,swath,whole
KM0923,em120-287-074555-0184.mb56.gz,https://data.ngdc.noaa.gov/platforms/ocean/ships/kilo_moana/KM0923/multibeam/data/version1/MB/em120-287-074555-0184.mb56.gz,2726298,swath,whole
KM0923,em120-287-084555-0185.mb56.gz,https://data.ngdc.noaa.gov/platforms/ocean/ships/kilo_moana/KM0923/multibeam/data/version1/MB/em120-287-084555-0185.mb56.gz,3670016,swath,whole
KM0923,em120-287-094556-0186.mb56.gz,https://data.ngdc.noaa.gov/platforms/ocean/ships/kilo_moana/KM0923/multibeam/data/version1/MB/em120-287-094556-0186.mb56.gz,1572864,swath,whole
KM0923,em120-288-005052-0187.mb56.gz,https://data.ngdc.noaa.gov/platforms/ocean/ships/kilo_moana/KM0923/multibeam/data/version1/MB/em120-288-005052-0187.mb56.gz,3040870,swath,whole
KM0923,em120-288-015053-0188.mb56.gz,https://data.ngdc.noaa.gov/platforms/ocean/ships/kilo_moana/KM0923/multibeam/data/version1/MB/em120-288-015053-0188.mb56.gz,3565158,swath,whole
KM0923,em120-288-025053-0189.mb56.gz,https://data.ngdc.noaa.gov/platforms/ocean/ships/kilo_moana/KM0923/multibeam/data/version1/MB/em120-288-025053-0189.mb56.gz,4194304,swath,whole
KM0923,em120-288-035054-0190.mb56.gz,https://data.ngdc.noaa.gov/platforms/ocean/ships/kilo_moana/KM0923/multibeam/data/version1/MB/em120-288-035054-0190.mb56.gz,3984589,swath,whole
KM0923,em120-288-045052-0191.mb56.gz,https://data.ngdc.noaa.gov/platforms/ocean/ships/kilo_moana/KM0923/multibeam/data/version1/MB/em120-288-045052-0191.mb56.gz,3250586,swath,whole
KM0923,em120-288-055053-0192.mb56.gz,https://data.ngdc.noaa.gov/platforms/ocean/ships/kilo_moana/KM0923/multibeam/data/version1/MB/em120-288-055053-0192.mb56.gz,2936013,swath,whole
KM0923,em120-288-065053-0193.mb56.gz,https://data.ngdc.noaa.gov/platforms/ocean/ships/kilo_moana/KM0923/multibeam/data/version1/MB/em120-288-065053-0193.mb56.gz,673792,swath,whole
KM0923,em120-288-070425-0194.mb56.gz,https://data.ngdc.noaa.gov/platforms/ocean/ships/kilo_moana/KM0923/multibeam/data/version1/MB/em120-288-070425-0194.mb56.gz,3670016,swath,whole
KM0923,em120-288-082029-0195.mb56.gz,https://data.ngdc.noaa.gov/platforms/ocean/ships/kilo_moana/KM0923/multibeam/data/version1/MB/em120-288-082029-0195.mb56.gz,4299162,swath,whole
KM0923,em120-288-092028-0196.mb56.gz,https://data.ngdc.noaa.gov/platforms/ocean/ships/kilo_moana/KM0923/multibeam/data/version1/MB/em120-288-092028-0196.mb56.gz,3565158,swath,whole
KM0923,em120-288-191205-0197.mb56.gz,https://data.ngdc.noaa.gov/platforms/ocean/ships/kilo_moana/KM0923/multibeam/data/version1/MB/em120-288-191205-0197.mb56.gz,2831155,swath,whole
KM0923,em120-288-201205-0198.mb56.gz,https://data.ngdc.noaa.gov/platforms/ocean/ships/kilo_moana/KM0923/multibeam/data/version1/MB/em120-288-201205-0198.mb56.gz,2831155,swath,whole
KM0923,em120-288-211205-0199.mb56.gz,https://data.ngdc.noaa.gov/platforms/ocean/ships/kilo_moana/KM0923/multibeam/data/version1/MB/em120-288-211205-0199.mb56.gz,2726298,swath,whole
KM0923,em120-288-221206-0200.mb56.gz,https://data.ngdc.noaa.gov/platforms/ocean/ships/kilo_moana/KM0923/multibeam/data/version1/MB/em120-288-221206-0200.mb56.gz,2726298,swath,whole
KM0923,em120-288-231204-0201.mb56.gz,https://data.ngdc.noaa.gov/platforms/ocean/ships/kilo_moana/KM0923/multibeam/data/version1/MB/em120-288-231204-0201.mb56.gz,2621440,swath,whole
KM0923,em120-289-001205-0202.mb56.gz,https://data.ngdc.noaa.gov/platforms/ocean/ships/kilo_moana/KM0923/multibeam/data/version1/MB/em120-289-001205-0202.mb56.gz,3040870,swath,whole
KM0923,em120-289-011205-0203.mb56.gz,https://data.ngdc.noaa.gov/platforms/ocean/ships/kilo_moana/KM0923/multibeam/data/version1/MB/em120-289-011205-0203.mb56.gz,2726298,swath,whole
KM0923,em120-289-021206-0204.mb56.gz,https://data.ngdc.noaa.gov/platforms/ocean/ships/kilo_moana/KM0923/multibeam/data/version1/MB/em120-289-021206-0204.mb56.gz,2831155,swath,whole
KM0923,em120-289-031206-0205.mb56.gz,https://data.ngdc.noaa.gov/platforms/ocean/ships/kilo_moana/KM0923/multibeam/data/version1/MB/em120-289-031206-0205.mb56.gz,3145728,swath,whole
KM0923,em120-289-041205-0206.mb56.gz,https://data.ngdc.noaa.gov/platforms/ocean/ships/kilo_moana/KM0923/multibeam/data/version1/MB/em120-289-041205-0206.mb56.gz,3040870,swath,whole
KM0923,em120-289-051205-0207.mb56.gz,https://data.ngdc.noaa.gov/platforms/ocean/ships/kilo_moana/KM0923/multibeam/data/version1/MB/em120-289-051205-0207.mb56.gz,2202010,swath,whole
KM0923,em120-289-184650-0208.mb56.gz,https://data.ngdc.noaa.gov/platforms/ocean/ships/kilo_moana/KM0923/multibeam/data/version1/MB/em120-289-184650-0208.mb56.gz,3460301,swath,whole
KM0923,em120-289-194651-0209.mb56.gz,https://data.ngdc.noaa.gov/platforms/ocean/ships/kilo_moana/KM0923/multibeam/data/version1/MB/em120-289-194651-0209.mb56.gz,2621440,swath,whole
KM0923,em120-289-204651-0210.mb56.gz,https://data.ngdc.noaa.gov/platforms/ocean/ships/kilo_moana/KM0923/multibeam/data/version1/MB/em120-289-204651-0210.mb56.gz,2621440,swath,whole
KM0923,em120-289-214652-0211.mb56.gz,https://data.ngdc.noaa.gov/platforms/ocean/ships/kilo_moana/KM0923/multibeam/data/version1/MB/em120-289-214652-0211.mb56.gz,771072,swath,whole
KM0923,em120-289-220057-0212.mb56.gz,https://data.ngdc.noaa.gov/platforms/ocean/ships/kilo_moana/KM0923/multibeam/data/version1/MB/em120-289-220057-0212.mb56.gz,2831155,swath,whole
KM0923,em120-289-230056-0213.mb56.gz,https://data.ngdc.noaa.gov/platforms/ocean/ships/kilo_moana/KM0923/multibeam/data/version1/MB/em120-289-230056-0213.mb56.gz,2936013,swath,whole
KM0923,em120-290-000056-0214.mb56.gz,https://data.ngdc.noaa.gov/platforms/ocean/ships/kilo_moana/KM0923/multibeam/data/version1/MB/em120-290-000056-0214.mb56.gz,2831155,swath,whole
KM0923,em120-290-010057-0215.mb56.gz,https://data.ngdc.noaa.gov/platforms/ocean/ships/kilo_moana/KM0923/multibeam/data/version1/MB/em120-290-010057-0215.mb56.gz,2726298,swath,whole
KM0923,em120-290-020057-0216.mb56.gz,https://data.ngdc.noaa.gov/platforms/ocean/ships/kilo_moana/KM0923/multibeam/data/version1/MB/em120-290-020057-0216.mb56.gz,3145728,swath,whole
KM0923,em120-290-030056-0217.mb56.gz,https://data.ngdc.noaa.gov/platforms/ocean/ships/kilo_moana/KM0923/multibeam/data/version1/MB/em120-290-030056-0217.mb56.gz,3355443,swath,whole
KM0923,em120-290-040056-0218.mb56.gz,https://data.ngdc.noaa.gov/platforms/ocean/ships/kilo_moana/KM0923/multibeam/data/version1/MB/em120-290-040056-0218.mb56.gz,3145728,swath,whole
KM0923,em120-290-050057-0219.mb56.gz,https://data.ngdc.noaa.gov/platforms/ocean/ships/kilo_moana/KM0923/multibeam/data/version1/MB/em120-290-050057-0219.mb56.gz,3250586,swath,whole
KM0923,em120-290-060057-0220.mb56.gz,https://data.ngdc.noaa.gov/platforms/ocean/ships/kilo_moana/KM0923/multibeam/data/version1/MB/em120-290-060057-0220.mb56.gz,3250586,swath,whole
KM0923,em120-290-070058-0221.mb56.gz,https://data.ngdc.noaa.gov/platforms/ocean/ships/kilo_moana/KM0923/multibeam/data/version1/MB/em120-290-070058-0221.mb56.gz,3250586,swath,whole
KM0923,em120-290-080056-0222.mb56.gz,https://data.ngdc.noaa.gov/platforms/ocean/ships/kilo_moana/KM0923/multibeam/data/version1/MB/em120-290-080056-0222.mb56.gz,3250586,swath,whole
KM0923,em120-290-090057-0223.mb56.gz,https://data.ngdc.noaa.gov/platforms/ocean/ships/kilo_moana/KM0923/multibeam/data/version1/MB/em120-290-090057-0223.mb56.gz,3145728,swath,whole
KM0923,em120-290-100057-0224.mb56.gz,https://data.ngdc.noaa.gov/platforms/ocean/ships/kilo_moana/KM0923/multibeam/data/version1/MB/em120-290-100057-0224.mb56.gz,2936013,swath,whole
KM0923,em120-290-110058-0225.mb56.gz,https://data.ngdc.noaa.gov/platforms/ocean/ships/kilo_moana/KM0923/multibeam/data/version1/MB/em120-290-110058-0225.mb56.gz,2936013,swath,whole
KM0923,em120-290-120058-0226.mb56.gz,https://data.ngdc.noaa.gov/platforms/ocean/ships/kilo_moana/KM0923/multibeam/data/version1/MB/em120-290-120058-0226.mb56.gz,2726298,swath,whole
KM0923,em120-290-130057-0227.mb56.gz,https://data.ngdc.noaa.gov/platforms/ocean/ships/kilo_moana/KM0923/multibeam/data/version1/MB/em120-290-130057-0227.mb56.gz,3145728,swath,whole
KM0923,em120-290-140057-0228.mb56.gz,https://data.ngdc.noaa.gov/platforms/ocean/ships/kilo_moana/KM0923/multibeam/data/version1/MB/em120-290-140057-0228.mb56.gz,9017754,swath,whole
KM0923,em120-290-150058-0229.mb56.gz,https://data.ngdc.noaa.gov/platforms/ocean/ships/kilo_moana/KM0923/multibeam/data/version1/MB/em120-290-150058-0229.mb56.gz,4613734,swath,whole
KN182L03,kn182l03.sb.20050531.raw.mb41.gz,https://data.ngdc.noaa.gov/platforms/ocean/ships/knorr/KN182L03/multibeam/data/version1/MB/kn182l03.sb.20050531.raw.mb41.gz,19922944,swath,whole
KN182L03,kn182l03.sb.20050601.raw.mb41.gz,https://data.ngdc.noaa.gov/platforms/ocean/ships/knorr/KN182L03/multibeam/data/version1/MB/kn182l03.sb.20050601.raw.mb41.gz,33554432,swath,whole
KN182L03,kn182l03.sb.20050602.raw.mb41.gz,https://data.ngdc.noaa.gov/platforms/ocean/ships/knorr/KN182L03/multibeam/data/version1/MB/kn182l03.sb.20050602.raw.mb41.gz,32505856,swath,whole
KN182L03,kn182l03.sb.20050603.raw.mb41.gz,https://data.ngdc.noaa.gov/platforms/ocean/ships/knorr/KN182L03/multibeam/data/version1/MB/kn182l03.sb.20050603.raw.mb41.gz,35651584,swath,whole
KN182L03,kn182l03.sb.20050604.raw.mb41.gz,https://data.ngdc.noaa.gov/platforms/ocean/ships/knorr/KN182L03/multibeam/data/version1/MB/kn182l03.sb.20050604.raw.mb41.gz,30408704,swath,whole
KN182L03,kn182l03.sb.20050605.raw.mb41.gz,https://data.ngdc.noaa.gov/platforms/ocean/ships/knorr/KN182L03/multibeam/data/version1/MB/kn182l03.sb.20050605.raw.mb41.gz,47185920,swath,whole
KN182L03,kn182l03.sb.20050606.raw.mb41.gz,https://data.ngdc.noaa.gov/platforms/ocean/ships/knorr/KN182L03/multibeam/data/version1/MB/kn182l03.sb.20050606.raw.mb41.gz,33554432,swath,whole
KN182L03,kn182l03.sb.20050607.raw.mb41.gz,https://data.ngdc.noaa.gov/platforms/ocean/ships/knorr/KN182L03/multibeam/data/version1/MB/kn182l03.sb.20050607.raw.mb41.gz,37748736,swath,whole
KN182L03,kn182l03.sb.20050608.raw.mb41.gz,https://data.ngdc.noaa.gov/platforms/ocean/ships/knorr/KN182L03/multibeam/data/version1/MB/kn182l03.sb.20050608.raw.mb41.gz,34603008,swath,whole
KN182L03,kn182l03.sb.20050609.raw.mb41.gz,https://data.ngdc.noaa.gov/platforms/ocean/ships/knorr/KN182L03/multibeam/data/version1/MB/kn182l03.sb.20050609.raw.mb41.gz,51380224,swath,whole
KN182L03,kn182l03.sb.20050610.raw.mb41.gz,https://data.ngdc.noaa.gov/platforms/ocean/ships/knorr/KN182L03/multibeam/data/version1/MB/kn182l03.sb.20050610.raw.mb41.gz,37748736,swath,whole
KN182L03,kn182l03.sb.20050611.raw.mb41.gz,https://data.ngdc.noaa.gov/platforms/ocean/ships/knorr/KN182L03/multibeam/data/version1/MB/kn182l03.sb.20050611.raw.mb41.gz,46137344,swath,whole
KN182L03,kn182l03.sb.20050612.raw.mb41.gz,https://data.ngdc.noaa.gov/platforms/ocean/ships/knorr/KN182L03/multibeam/data/version1/MB/kn182l03.sb.20050612.raw.mb41.gz,46137344,swath,whole
KN182L03,kn182l03.sb.20050613.raw.mb41.gz,https://data.ngdc.noaa.gov/platforms/ocean/ships/knorr/KN182L03/multibeam/data/version1/MB/kn182l03.sb.20050613.raw.mb41.gz,38797312,swath,whole
KN182L03,kn182l03.sb.20050614.raw.mb41.gz,https://data.ngdc.noaa.gov/platforms/ocean/ships/knorr/KN182L03/multibeam/data/version1/MB/kn182l03.sb.20050614.raw.mb41.gz,37748736,swath,whole
KN182L03,kn182l03.sb.20050615.raw.mb41.gz,https://data.ngdc.noaa.gov/platforms/ocean/ships/knorr/KN182L03/multibeam/data/version1/MB/kn182l03.sb.20050615.raw.mb41.gz,52428800,swath,whole
KN182L03,kn182l03.sb.20050616.raw.mb41.gz,https://data.ngdc.noaa.gov/platforms/ocean/ships/knorr/KN182L03/multibeam/data/version1/MB/kn182l03.sb.20050616.raw.mb41.gz,60817408,swath,whole
KN182L03,kn182l03.sb.20050617.raw.mb41.gz,https://data.ngdc.noaa.gov/platforms/ocean/ships/knorr/KN182L03/multibeam/data/version1/MB/kn182l03.sb.20050617.raw.mb41.gz,59768832,swath,whole
KN182L03,kn182l03.sb.20050618.raw.mb41.gz,https://data.ngdc.noaa.gov/platforms/ocean/ships/knorr/KN182L03/multibeam/data/version1/MB/kn182l03.sb.20050618.raw.mb41.gz,53477376,swath,whole
KN182L03,kn182l03.sb.20050619.raw.mb41.gz,https://data.ngdc.noaa.gov/platforms/ocean/ships/knorr/KN182L03/multibeam/data/version1/MB/kn182l03.sb.20050619.raw.mb41.gz,47185920,swath,whole
KN182L03,kn182l03.sb.20050620.raw.mb41.gz,https://data.ngdc.noaa.gov/platforms/ocean/ships/knorr/KN182L03/multibeam/data/version1/MB/kn182l03.sb.20050620.raw.mb41.gz,52428800,swath,whole
KN182L03,kn182l03.sb.20050621.raw.mb41.gz,https://data.ngdc.noaa.gov/platforms/ocean/ships/knorr/KN182L03/multibeam/data/version1/MB/kn182l03.sb.20050621.raw.mb41.gz,49283072,swath,whole
KN182L03,kn182l03.sb.20050622.raw.mb41.gz,https://data.ngdc.noaa.gov/platforms/ocean/ships/knorr/KN182L03/multibeam/data/version1/MB/kn182l03.sb.20050622.raw.mb41.gz,52428800,swath,whole
KN182L03,kn182l03.sb.20050623.raw.mb41.gz,https://data.ngdc.noaa.gov/platforms/ocean/ships/knorr/KN182L03/multibeam/data/version1/MB/kn182l03.sb.20050623.raw.mb41.gz,52428800,swath,whole
KN182L03,kn182l03.sb.20050624.raw.mb41.gz,https://data.ngdc.noaa.gov/platforms/ocean/ships/knorr/KN182L03/multibeam/data/version1/MB/kn182l03.sb.20050624.raw.mb41.gz,46137344,swath,whole
KN182L03,kn182l03.sb.20050625.raw.mb41.gz,https://data.ngdc.noaa.gov/platforms/ocean/ships/knorr/KN182L03/multibeam/data/version1/MB/kn182l03.sb.20050625.raw.mb41.gz,37748736,swath,whole
KN182L03,kn182l03.sb.20050626.raw.mb41.gz,https://data.ngdc.noaa.gov/platforms/ocean/ships/knorr/KN182L03/multibeam/data/version1/MB/kn182l03.sb.20050626.raw.mb41.gz,36700160,swath,whole
KN182L03,kn182l03.sb.20050627.raw.mb41.gz,https://data.ngdc.noaa.gov/platforms/ocean/ships/knorr/KN182L03/multibeam/data/version1/MB/kn182l03.sb.20050627.raw.mb41.gz,11534336,swath,whole
NR07-1,gom07_line_10_raw.all.mb56.gz,https://data.ngdc.noaa.gov/platforms/ocean/ships/northern_resolution/NR07-1/multibeam/data/version1/MB/gom07_line_10_raw.all.mb56.gz,2936013,swath,whole
NR07-1,gom07_line_11_raw.all.mb56.gz,https://data.ngdc.noaa.gov/platforms/ocean/ships/northern_resolution/NR07-1/multibeam/data/version1/MB/gom07_line_11_raw.all.mb56.gz,2516582,swath,whole
NR07-1,gom07_line_12_raw.all.mb56.gz,https://data.ngdc.noaa.gov/platforms/ocean/ships/northern_resolution/NR07-1/multibeam/data/version1/MB/gom07_line_12_raw.all.mb56.gz,1677722,swath,whole
NR07-1,gom07_line_13_raw.all.mb56.gz,https://data.ngdc.noaa.gov/platforms/ocean/ships/northern_resolution/NR07-1/multibeam/data/version1/MB/gom07_line_13_raw.all.mb56.gz,1363149,swath,whole
NR07-1,gom07_line_14_raw.all.mb56.gz,https://data.ngdc.noaa.gov/platforms/ocean/ships/northern_resolution/NR07-1/multibeam/data/version1/MB/gom07_line_14_raw.all.mb56.gz,26214400,swath,whole
NR07-1,gom07_line_15_raw.all.mb56.gz,https://data.ngdc.noaa.gov/platforms/ocean/ships/northern_resolution/NR07-1/multibeam/data/version1/MB/gom07_line_15_raw.all.mb56.gz,41943040,swath,whole
NR07-1,gom07_line_16_raw.all.mb56.gz,https://data.ngdc.noaa.gov/platforms/ocean/ships/northern_resolution/NR07-1/multibeam/data/version1/MB/gom07_line_16_raw.all.mb56.gz,45088768,swath,whole
NR07-1,gom07_line_17_raw.all.mb56.gz,https://data.ngdc.noaa.gov/platforms/ocean/ships/northern_resolution/NR07-1/multibeam/data/version1/MB/gom07_line_17_raw.all.mb56.gz,26214400,swath,whole
NR07-1,gom07_line_18_raw.all.mb56.gz,https://data.ngdc.noaa.gov/platforms/ocean/ships/northern_resolution/NR07-1/multibeam/data/version1/MB/gom07_line_18_raw.all.mb56.gz,19922944,swath,whole
NR07-1,gom07_line_19_raw.all.mb56.gz,https://data.ngdc.noaa.gov/platforms/ocean/ships/northern_resolution/NR07-1/multibeam/data/version1/MB/gom07_line_19_raw.all.mb56.gz,8388608,swath,whole
NR07-1,gom07_line_1_raw.all.mb56.gz,https://data.ngdc.noaa.gov/platforms/ocean/ships/northern_resolution/NR07-1/multibeam/data/version1/MB/gom07_line_1_raw.all.mb56.gz,17825792,swath,whole
NR07-1,gom07_line_20_raw.all.mb56.gz,https://data.ngdc.noaa.gov/platforms/ocean/ships/northern_resolution/NR07-1/multibeam/data/version1/MB/gom07_line_20_raw.all.mb56.gz,2411725,swath,whole
NR07-1,gom07_line_21_raw.all.mb56.gz,https://data.ngdc.noaa.gov/platforms/ocean/ships/northern_resolution/NR07-1/multibeam/data/version1/MB/gom07_line_21_raw.all.mb56.gz,4089446,swath,whole
NR07-1,gom07_line_22_raw.all.mb56.gz,https://data.ngdc.noaa.gov/platforms/ocean/ships/northern_resolution/NR07-1/multibeam/data/version1/MB/gom07_line_22_raw.all.mb56.gz,4089446,swath,whole
NR07-1,gom07_line_23_raw.all.mb56.gz,https://data.ngdc.noaa.gov/platforms/ocean/ships/northern_resolution/NR07-1/multibeam/data/version1/MB/gom07_line_23_raw.all.mb56.gz,6186598,swath,whole
NR07-1,gom07_line_24_raw.all.mb56.gz,https://data.ngdc.noaa.gov/platforms/ocean/ships/northern_resolution/NR07-1/multibeam/data/version1/MB/gom07_line_24_raw.all.mb56.gz,1992294,swath,whole
NR07-1,gom07_line_25_raw.all.mb56.gz,https://data.ngdc.noaa.gov/platforms/ocean/ships/northern_resolution/NR07-1/multibeam/data/version1/MB/gom07_line_25_raw.all.mb56.gz,1048576,swath,whole
NR07-1,gom07_line_26_raw.all.mb56.gz,https://data.ngdc.noaa.gov/platforms/ocean/ships/northern_resolution/NR07-1/multibeam/data/version1/MB/gom07_line_26_raw.all.mb56.gz,6186598,swath,whole
NR07-1,gom07_line_27_raw.all.mb56.gz,https://data.ngdc.noaa.gov/platforms/ocean/ships/northern_resolution/NR07-1/multibeam/data/version1/MB/gom07_line_27_raw.all.mb56.gz,1258291,swath,whole
NR07-1,gom07_line_28_raw.all.mb56.gz,https://data.ngdc.noaa.gov/platforms/ocean/ships/northern_resolution/NR07-1/multibeam/data/version1/MB/gom07_line_28_raw.all.mb56.gz,1992294,swath,whole
NR07-1,gom07_line_29_raw.all.mb56.gz,https://data.ngdc.noaa.gov/platforms/ocean/ships/northern_resolution/NR07-1/multibeam/data/version1/MB/gom07_line_29_raw.all.mb56.gz,8074035,swath,whole
NR07-1,gom07_line_2_raw.all.mb56.gz,https://data.ngdc.noaa.gov/platforms/ocean/ships/northern_resolution/NR07-1/multibeam/data/version1/MB/gom07_line_2_raw.all.mb56.gz,9856614,swath,whole
NR07-1,gom07_line_30_raw.all.mb56.gz,https://data.ngdc.noaa.gov/platforms/ocean/ships/northern_resolution/NR07-1/multibeam/data/version1/MB/gom07_line_30_raw.all.mb56.gz,4089446,swath,whole
NR07-1,gom07_line_31_raw.all.mb56.gz,https://data.ngdc.noaa.gov/platforms/ocean/ships/northern_resolution/NR07-1/multibeam/data/version1/MB/gom07_line_31_raw.all.mb56.gz,1992294,swath,whole
NR07-1,gom07_line_32_raw.all.mb56.gz,https://data.ngdc.noaa.gov/platforms/ocean/ships/northern_resolution/NR07-1/multibeam/data/version1/MB/gom07_line_32_raw.all.mb56.gz,1677722,swath,whole
NR07-1,gom07_line_33_raw.all.mb56.gz,https://data.ngdc.noaa.gov/platforms/ocean/ships/northern_resolution/NR07-1/multibeam/data/version1/MB/gom07_line_33_raw.all.mb56.gz,2202010,swath,whole
NR07-1,gom07_line_34_raw.all.mb56.gz,https://data.ngdc.noaa.gov/platforms/ocean/ships/northern_resolution/NR07-1/multibeam/data/version1/MB/gom07_line_34_raw.all.mb56.gz,20971520,swath,whole
NR07-1,gom07_line_35_raw.all.mb56.gz,https://data.ngdc.noaa.gov/platforms/ocean/ships/northern_resolution/NR07-1/multibeam/data/version1/MB/gom07_line_35_raw.all.mb56.gz,20971520,swath,whole
NR07-1,gom07_line_36_raw.all.mb56.gz,https://data.ngdc.noaa.gov/platforms/ocean/ships/northern_resolution/NR07-1/multibeam/data/version1/MB/gom07_line_36_raw.all.mb56.gz,44040192,swath,whole
NR07-1,gom07_line_37_raw.all.mb56.gz,https://data.ngdc.noaa.gov/platforms/ocean/ships/northern_resolution/NR07-1/multibeam/data/version1/MB/gom07_line_37_raw.all.mb56.gz,7759462,swath,whole
NR07-1,gom07_line_38_raw.all.mb56.gz,https://data.ngdc.noaa.gov/platforms/ocean/ships/northern_resolution/NR07-1/multibeam/data/version1/MB/gom07_line_38_raw.all.mb56.gz,35651584,swath,whole
NR07-1,gom07_line_39_raw.all.mb56.gz,https://data.ngdc.noaa.gov/platforms/ocean/ships/northern_resolution/NR07-1/multibeam/data/version1/MB/gom07_line_39_raw.all.mb56.gz,23068672,swath,whole
NR07-1,gom07_line_3_raw.all.mb56.gz,https://data.ngdc.noaa.gov/platforms/ocean/ships/northern_resolution/NR07-1/multibeam/data/version1/MB/gom07_line_3_raw.all.mb56.gz,53477376,swath,whole
NR07-1,gom07_line_40_raw.all.mb56.gz,https://data.ngdc.noaa.gov/platforms/ocean/ships/northern_resolution/NR07-1/multibeam/data/version1/MB/gom07_line_40_raw.all.mb56.gz,22020096,swath,whole
NR07-1,gom07_line_41_raw.all.mb56.gz,https://data.ngdc.noaa.gov/platforms/ocean/ships/northern_resolution/NR07-1/multibeam/data/version1/MB/gom07_line_41_raw.all.mb56.gz,30408704,swath,whole
NR07-1,gom07_line_42_raw.all.mb56.gz,https://data.ngdc.noaa.gov/platforms/ocean/ships/northern_resolution/NR07-1/multibeam/data/version1/MB/gom07_line_42_raw.all.mb56.gz,14680064,swath,whole
NR07-1,gom07_line_43_raw.all.mb56.gz,https://data.ngdc.noaa.gov/platforms/ocean/ships/northern_resolution/NR07-1/multibeam/data/version1/MB/gom07_line_43_raw.all.mb56.gz,10171187,swath,whole
NR07-1,gom07_line_44_raw.all.mb56.gz,https://data.ngdc.noaa.gov/platforms/ocean/ships/northern_resolution/NR07-1/multibeam/data/version1/MB/gom07_line_44_raw.all.mb56.gz,9017754,swath,whole
NR07-1,gom07_line_45_raw.all.mb56.gz,https://data.ngdc.noaa.gov/platforms/ocean/ships/northern_resolution/NR07-1/multibeam/data/version1/MB/gom07_line_45_raw.all.mb56.gz,6606029,swath,whole
NR07-1,gom07_line_46_raw.all.mb56.gz,https://data.ngdc.noaa.gov/platforms/ocean/ships/northern_resolution/NR07-1/multibeam/data/version1/MB/gom07_line_46_raw.all.mb56.gz,1677722,swath,whole
NR07-1,gom07_line_47_raw.all.mb56.gz,https://data.ngdc.noaa.gov/platforms/ocean/ships/northern_resolution/NR07-1/multibeam/data/version1/MB/gom07_line_47_raw.all.mb56.gz,4089446,swath,whole
NR07-1,gom07_line_48_raw.all.mb56.gz,https://data.ngdc.noaa.gov/platforms/ocean/ships/northern_resolution/NR07-1/multibeam/data/version1/MB/gom07_line_48_raw.all.mb56.gz,49283072,swath,whole
NR07-1,gom07_line_49_raw.all.mb56.gz,https://data.ngdc.noaa.gov/platforms/ocean/ships/northern_resolution/NR07-1/multibeam/data/version1/MB/gom07_line_49_raw.all.mb56.gz,5452595,swath,whole
NR07-1,gom07_line_4_raw.all.mb56.gz,https://data.ngdc.noaa.gov/platforms/ocean/ships/northern_resolution/NR07-1/multibeam/data/version1/MB/gom07_line_4_raw.all.mb56.gz,23068672,swath,whole
NR07-1,gom07_line_50_raw.all.mb56.gz,https://data.ngdc.noaa.gov/platforms/ocean/ships/northern_resolution/NR07-1/multibeam/data/version1/MB/gom07_line_50_raw.all.mb56.gz,4299162,swath,whole
NR07-1,gom07_line_51_raw.all.mb56.gz,https://data.ngdc.noaa.gov/platforms/ocean/ships/northern_resolution/NR07-1/multibeam/data/version1/MB/gom07_line_51_raw.all.mb56.gz,40894464,swath,whole
NR07-1,gom07_line_52_raw.all.mb56.gz,https://data.ngdc.noaa.gov/platforms/ocean/ships/northern_resolution/NR07-1/multibeam/data/version1/MB/gom07_line_52_raw.all.mb56.gz,37748736,swath,whole
NR07-1,gom07_line_53_raw.all.mb56.gz,https://data.ngdc.noaa.gov/platforms/ocean/ships/northern_resolution/NR07-1/multibeam/data/version1/MB/gom07_line_53_raw.all.mb56.gz,8912896,swath,whole
NR07-1,gom07_line_54_raw.all.mb56.gz,https://data.ngdc.noaa.gov/platforms/ocean/ships/northern_resolution/NR07-1/multibeam/data/version1/MB/gom07_line_54_raw.all.mb56.gz,48234496,swath,whole
NR07-1,gom07_line_55_raw.all.mb56.gz,https://data.ngdc.noaa.gov/platforms/ocean/ships/northern_resolution/NR07-1/multibeam/data/version1/MB/gom07_line_55_raw.all.mb56.gz,17825792,swath,whole
NR07-1,gom07_line_56_raw.all.mb56.gz,https://data.ngdc.noaa.gov/platforms/ocean/ships/northern_resolution/NR07-1/multibeam/data/version1/MB/gom07_line_56_raw.all.mb56.gz,23068672,swath,whole
NR07-1,gom07_line_57_raw.all.mb56.gz,https://data.ngdc.noaa.gov/platforms/ocean/ships/northern_resolution/NR07-1/multibeam/data/version1/MB/gom07_line_57_raw.all.mb56.gz,5242880,swath,whole
NR07-1,gom07_line_58_raw.all.mb56.gz,https://data.ngdc.noaa.gov/platforms/ocean/ships/northern_resolution/NR07-1/multibeam/data/version1/MB/gom07_line_58_raw.all.mb56.gz,27262976,swath,whole
NR07-1,gom07_line_5_raw.all.mb56.gz,https://data.ngdc.noaa.gov/platforms/ocean/ships/northern_resolution/NR07-1/multibeam/data/version1/MB/gom07_line_5_raw.all.mb56.gz,31457280,swath,whole
NR07-1,gom07_line_6_raw.all.mb56.gz,https://data.ngdc.noaa.gov/platforms/ocean/ships/northern_resolution/NR07-1/multibeam/data/version1/MB/gom07_line_6_raw.all.mb56.gz,11534336,swath,whole
NR07-1,gom07_line_7_raw.all.mb56.gz,https://data.ngdc.noaa.gov/platforms/ocean/ships/northern_resolution/NR07-1/multibeam/data/version1/MB/gom07_line_7_raw.all.mb56.gz,1048576,swath,whole
NR07-1,gom07_line_8_raw.all.mb56.gz,https://data.ngdc.noaa.gov/platforms/ocean/ships/northern_resolution/NR07-1/multibeam/data/version1/MB/gom07_line_8_raw.all.mb56.gz,1363149,swath,whole
NR07-1,gom07_line_9_raw.all.mb56.gz,https://data.ngdc.noaa.gov/platforms/ocean/ships/northern_resolution/NR07-1/multibeam/data/version1/MB/gom07_line_9_raw.all.mb56.gz,10171187,swath,whole
RC2511,01010246.1.1.mb15,https://data.ngdc.noaa.gov/platforms/ocean/ships/robert_d._conrad/RC2511/multibeam/data/version1/MB/01010246.1.1.mb15,177152,swath,whole
RC2511,01010246.2.1.mb15,https://data.ngdc.noaa.gov/platforms/ocean/ships/robert_d._conrad/RC2511/multibeam/data/version1/MB/01010246.2.1.mb15,930816,swath,whole
RC2511,cb84oct01.a00.mb15,https://data.ngdc.noaa.gov/platforms/ocean/ships/robert_d._conrad/RC2511/multibeam/data/version1/MB/cb84oct01.a00.mb15,250880,swath,whole
RC2511,cb84oct01.a01.mb15,https://data.ngdc.noaa.gov/platforms/ocean/ships/robert_d._conrad/RC2511/multibeam/data/version1/MB/cb84oct01.a01.mb15,282624,swath,whole
RC2511,cb84oct01.rs0.mb15,https://data.ngdc.noaa.gov/platforms/ocean/ships/robert_d._conrad/RC2511/multibeam/data/version1/MB/cb84oct01.rs0.mb15,1258291,swath,whole
RC2511,cb84oct02.a00.mb15,https://data.ngdc.noaa.gov/platforms/ocean/ships/robert_d._conrad/RC2511/multibeam/data/version1/MB/cb84oct02.a00.mb15,295936,swath,whole
RC2511,cb84oct02.a01.mb15,https://data.ngdc.noaa.gov/platforms/ocean/ships/robert_d._conrad/RC2511/multibeam/data/version1/MB/cb84oct02.a01.mb15,256000,swath,whole
RC2511,cb84oct02.rs0.mb15,https://data.ngdc.noaa.gov/platforms/ocean/ships/robert_d._conrad/RC2511/multibeam/data/version1/MB/cb84oct02.rs0.mb15,1468006,swath,whole
RC2511,cb84oct02.s00.mb15,https://data.ngdc.noaa.gov/platforms/ocean/ships/robert_d._conrad/RC2511/multibeam/data/version1/MB/cb84oct02.s00.mb15,295936,swath,whole
RC2511,cb84oct03.a00.mb15,https://data.ngdc.noaa.gov/platforms/ocean/ships/robert_d._conrad/RC2511/multibeam/data/version1/MB/cb84oct03.a00.mb15,266240,swath,whole
RC2511,cb84oct03.a01.mb15,https://data.ngdc.noaa.gov/platforms/ocean/ships/robert_d._conrad/RC2511/multibeam/data/version1/MB/cb84oct03.a01.mb15,287744,swath,whole
RC2511,cb84oct03.rs0.mb15,https://data.ngdc.noaa.gov/platforms/ocean/ships/robert_d._conrad/RC2511/multibeam/data/version1/MB/cb84oct03.rs0.mb15,1363149,swath,whole
RC2511,cb84oct03.s00.mb15,https://data.ngdc.noaa.gov/platforms/ocean/ships/robert_d._conrad/RC2511/multibeam/data/version1/MB/cb84oct03.s00.mb15,266240,swath,whole
RC2511,cb84oct04.a01.mb15,https://data.ngdc.noaa.gov/platforms/ocean/ships/robert_d._conrad/RC2511/multibeam/data/version1/MB/cb84oct04.a01.mb15,97280,swath,whole
RC2511,cb84oct04.rs0.mb15,https://data.ngdc.noaa.gov/platforms/ocean/ships/robert_d._conrad/RC2511/multibeam/data/version1/MB/cb84oct04.rs0.mb15,1258291,swath,whole
RC2511,cb84oct04.s00.mb15,https://data.ngdc.noaa.gov/platforms/ocean/ships/robert_d._conrad/RC2511/multibeam/data/version1/MB/cb84oct04.s00.mb15,259072,swath,whole
RC2511,cb84oct05.a01.mb15,https://data.ngdc.noaa.gov/platforms/ocean/ships/robert_d._conrad/RC2511/multibeam/data/version1/MB/cb84oct05.a01.mb15,258048,swath,whole
RC2511,cb84oct05.rs0.mb15,https://data.ngdc.noaa.gov/platforms/ocean/ships/robert_d._conrad/RC2511/multibeam/data/version1/MB/cb84oct05.rs0.mb15,1363149,swath,whole
RC2511,cb84oct05.s00.mb15,https://data.ngdc.noaa.gov/platforms/ocean/ships/robert_d._conrad/RC2511/multibeam/data/version1/MB/cb84oct05.s00.mb15,268288,swath,whole
RC2511,cb84oct06.a00.mb15,https://data.ngdc.noaa.gov/platforms/ocean/ships/robert_d._conrad/RC2511/multibeam/data/version1/MB/cb84oct06.a00.mb15,265216,swath,whole
RC2511,cb84oct06.a01.mb15,https://data.ngdc.noaa.gov/platforms/ocean/ships/robert_d._conrad/RC2511/multibeam/data/version1/MB/cb84oct06.a01.mb15,248832,swath,whole
RC2511,cb84oct06.rs0.mb15,https://data.ngdc.noaa.gov/platforms/ocean/ships/robert_d._conrad/RC2511/multibeam/data/version1/MB/cb84oct06.rs0.mb15,1363149,swath,whole
RC2511,cb84oct06.s00.mb15,https://data.ngdc.noaa.gov/platforms/ocean/ships/robert_d._conrad/RC2511/multibeam/data/version1/MB/cb84oct06.s00.mb15,265216,swath,whole
RC2511,cb84oct07.a00.mb15,https://data.ngdc.noaa.gov/platforms/ocean/ships/robert_d._conrad/RC2511/multibeam/data/version1/MB/cb84oct07.a00.mb15,243712,swath,whole
RC2511,cb84oct07.a01.mb15,https://data.ngdc.noaa.gov/platforms/ocean/ships/robert_d._conrad/RC2511/multibeam/data/version1/MB/cb84oct07.a01.mb15,268288,swath,whole
RC2511,cb84oct07.rs0.mb15,https://data.ngdc.noaa.gov/platforms/ocean/ships/robert_d._conrad/RC2511/multibeam/data/version1/MB/cb84oct07.rs0.mb15,1258291,swath,whole
RC2511,cb84oct07.s00.mb15,https://data.ngdc.noaa.gov/platforms/ocean/ships/robert_d._conrad/RC2511/multibeam/data/version1/MB/cb84oct07.s00.mb15,243712,swath,whole
RC2511,cb84oct08.a00.mb15,https://data.ngdc.noaa.gov/platforms/ocean/ships/robert_d._conrad/RC2511/multibeam/data/version1/MB/cb84oct08.a00.mb15,246784,swath,whole
RC2511,cb84oct08.a01.mb15,https://data.ngdc.noaa.gov/platforms/ocean/ships/robert_d._conrad/RC2511/multibeam/data/version1/MB/cb84oct08.a01.mb15,143360,swath,whole
RC2511,cb84oct08.rs0.mb15,https://data.ngdc.noaa.gov/platforms/ocean/ships/robert_d._conrad/RC2511/multibeam/data/version1/MB/cb84oct08.rs0.mb15,1153434,swath,whole
RC2511,cb84oct08.s00.mb15,https://data.ngdc.noaa.gov/platforms/ocean/ships/robert_d._conrad/RC2511/multibeam/data/version1/MB/cb84oct08.s00.mb15,246784,swath,whole
RC2511,cb84oct09.a00.mb15,https://data.ngdc.noaa.gov/platforms/ocean/ships/robert_d._conrad/RC2511/multibeam/data/version1/MB/cb84oct09.a00.mb15,212992,swath,whole
RC2511,cb84oct09.rs0.mb15,https://data.ngdc.noaa.gov/platforms/ocean/ships/robert_d._conrad/RC2511/multibeam/data/version1/MB/cb84oct09.rs0.mb15,1048576,swath,whole
RC2511,cb84oct09.s00.mb15,https://data.ngdc.noaa.gov/platforms/ocean/ships/robert_d._conrad/RC2511/multibeam/data/version1/MB/cb84oct09.s00.mb15,212992,swath,whole
RC2511,cb84oct10.rs0.mb15,https://data.ngdc.noaa.gov/platforms/ocean/ships/robert_d._conrad/RC2511/multibeam/data/version1/MB/cb84oct10.rs0.mb15,967680,swath,whole
RC2511,cb84oct11.rs0.mb15,https://data.ngdc.noaa.gov/platforms/ocean/ships/robert_d._conrad/RC2511/multibeam/data/version1/MB/cb84oct11.rs0.mb15,900096,swath,whole
RC2511,cb84oct12.rs0.mb15,https://data.ngdc.noaa.gov/platforms/ocean/ships/robert_d._conrad/RC2511/multibeam/data/version1/MB/cb84oct12.rs0.mb15,945152,swath,whole
RC2511,cb84sep13.d01.mb15,https://data.ngdc.noaa.gov/platforms/ocean/ships/robert_d._conrad/RC2511/multibeam/data/version1/MB/cb84sep13.d01.mb15,174080,swath,whole
RC2511,cb84sep14.d00.mb15,https://data.ngdc.noaa.gov/platforms/ocean/ships/robert_d._conrad/RC2511/multibeam/data/version1/MB/cb84sep14.d00.mb15,928768,swath,whole
RC2511,cb84sep15.rs0.mb15,https://data.ngdc.noaa.gov/platforms/ocean/ships/robert_d._conrad/RC2511/multibeam/data/version1/MB/cb84sep15.rs0.mb15,869376,swath,whole
RC2511,cb84sep16.rs0.mb15,https://data.ngdc.noaa.gov/platforms/ocean/ships/robert_d._conrad/RC2511/multibeam/data/version1/MB/cb84sep16.rs0.mb15,881664,swath,whole
RC2511,cb84sep16_18.a00.mb15,https://data.ngdc.noaa.gov/platforms/ocean/ships/robert_d._conrad/RC2511/multibeam/data/version1/MB/cb84sep16_18.a00.mb15,609280,swath,whole
RC2511,cb84sep17.rs0.mb15,https://data.ngdc.noaa.gov/platforms/ocean/ships/robert_d._conrad/RC2511/multibeam/data/version1/MB/cb84sep17.rs0.mb15,958464,swath,whole
RC2511,cb84sep18.a01.mb15,https://data.ngdc.noaa.gov/platforms/ocean/ships/robert_d._conrad/RC2511/multibeam/data/version1/MB/cb84sep18.a01.mb15,195584,swath,whole
RC2511,cb84sep18.rs0.mb15,https://data.ngdc.noaa.gov/platforms/ocean/ships/robert_d._conrad/RC2511/multibeam/data/version1/MB/cb84sep18.rs0.mb15,1153434,swath,whole
RC2511,cb84sep19.a00.mb15,https://data.ngdc.noaa.gov/platforms/ocean/ships/robert_d._conrad/RC2511/multibeam/data/version1/MB/cb84sep19.a00.mb15,512000,swath,whole
RC2511,cb84sep19.a02.mb15,https://data.ngdc.noaa.gov/platforms/ocean/ships/robert_d._conrad/RC2511/multibeam/data/version1/MB/cb84sep19.a02.mb15,453632,swath,whole
RC2511,cb84sep19.rs0.mb15,https://data.ngdc.noaa.gov/platforms/ocean/ships/robert_d._conrad/RC2511/multibeam/data/version1/MB/cb84sep19.rs0.mb15,1468006,swath,whole
RC2511,cb84sep19.s00.mb15,https://data.ngdc.noaa.gov/platforms/ocean/ships/robert_d._conrad/RC2511/multibeam/data/version1/MB/cb84sep19.s00.mb15,323584,swath,whole
RC2511,cb84sep19.s01.mb15,https://data.ngdc.noaa.gov/platforms/ocean/ships/robert_d._conrad/RC2511/multibeam/data/version1/MB/cb84sep19.s01.mb15,512000,swath,whole
RC2511,cb84sep20.a00.mb15,https://data.ngdc.noaa.gov/platforms/ocean/ships/robert_d._conrad/RC2511/multibeam/data/version1/MB/cb84sep20.a00.mb15,192512,swath,whole
RC2511,cb84sep20.rs0.mb15,https://data.ngdc.noaa.gov/platforms/ocean/ships/robert_d._conrad/RC2511/multibeam/data/version1/MB/cb84sep20.rs0.mb15,1468006,swath,whole
RC2511,cb84sep20.s00.mb15,https://data.ngdc.noaa.gov/platforms/ocean/ships/robert_d._conrad/RC2511/multibeam/data/version1/MB/cb84sep20.s00.mb15,192512,swath,whole
RC2511,cb84sep21.rs0.mb15,https://data.ngdc.noaa.gov/platforms/ocean/ships/robert_d._conrad/RC2511/multibeam/data/version1/MB/cb84sep21.rs0.mb15,1153434,swath,whole
RC2511,cb84sep22.rs0.mb15,https://data.ngdc.noaa.gov/platforms/ocean/ships/robert_d._conrad/RC2511/multibeam/data/version1/MB/cb84sep22.rs0.mb15,939008,swath,whole
RC2511,cb84sep23.rs0.mb15,https://data.ngdc.noaa.gov/platforms/ocean/ships/robert_d._conrad/RC2511/multibeam/data/version1/MB/cb84sep23.rs0.mb15,946176,swath,whole
RC2511,cb84sep24.rs0.mb15,https://data.ngdc.noaa.gov/platforms/ocean/ships/robert_d._conrad/RC2511/multibeam/data/version1/MB/cb84sep24.rs0.mb15,1153434,swath,whole
RC2511,cb84sep25.a00.mb15,https://data.ngdc.noaa.gov/platforms/ocean/ships/robert_d._conrad/RC2511/multibeam/data/version1/MB/cb84sep25.a00.mb15,312320,swath,whole
RC2511,cb84sep25.rs0.mb15,https://data.ngdc.noaa.gov/platforms/ocean/ships/robert_d._conrad/RC2511/multibeam/data/version1/MB/cb84sep25.rs0.mb15,1468006,swath,whole
RC2511,cb84sep25.s00.mb15,https://data.ngdc.noaa.gov/platforms/ocean/ships/robert_d._conrad/RC2511/multibeam/data/version1/MB/cb84sep25.s00.mb15,312320,swath,whole
RC2511,cb84sep26.a00.mb15,https://data.ngdc.noaa.gov/platforms/ocean/ships/robert_d._conrad/RC2511/multibeam/data/version1/MB/cb84sep26.a00.mb15,302080,swath,whole
RC2511,cb84sep26.rs0.mb15,https://data.ngdc.noaa.gov/platforms/ocean/ships/robert_d._conrad/RC2511/multibeam/data/version1/MB/cb84sep26.rs0.mb15,1468006,swath,whole
RC2511,cb84sep26.s00.mb15,https://data.ngdc.noaa.gov/platforms/ocean/ships/robert_d._conrad/RC2511/multibeam/data/version1/MB/cb84sep26.s00.mb15,302080,swath,whole
RC2511,cb84sep26_27.s00.mb15,https://data.ngdc.noaa.gov/platforms/ocean/ships/robert_d._conrad/RC2511/multibeam/data/version1/MB/cb84sep26_27.s00.mb15,642048,swath,whole
RC2511,cb84sep27.a00.mb15,https://data.ngdc.noaa.gov/platforms/ocean/ships/robert_d._conrad/RC2511/multibeam/data/version1/MB/cb84sep27.a00.mb15,339968,swath,whole
RC2511,cb84sep27.rs0.mb15,https://data.ngdc.noaa.gov/platforms/ocean/ships/robert_d._conrad/RC2511/multibeam/data/version1/MB/cb84sep27.rs0.mb15,1572864,swath,whole
RC2511,cb84sep27.s00.mb15,https://data.ngdc.noaa.gov/platforms/ocean/ships/robert_d._conrad/RC2511/multibeam/data/version1/MB/cb84sep27.s00.mb15,339968,swath,whole
RC2511,cb84sep28.a00.mb15,https://data.ngdc.noaa.gov/platforms/ocean/ships/robert_d._conrad/RC2511/multibeam/data/version1/MB/cb84sep28.a00.mb15,334848,swath,whole
RC2511,cb84sep28.rs0.mb15,https://data.ngdc.noaa.gov/platforms/ocean/ships/robert_d._conrad/RC2511/multibeam/data/version1/MB/cb84sep28.rs0.mb15,1677722,swath,whole
RC2511,cb84sep28.s00.mb15,https://data.ngdc.noaa.gov/platforms/ocean/ships/robert_d._conrad/RC2511/multibeam/data/version1/MB/cb84sep28.s00.mb15,334848,swath,whole
RC2511,cb84sep29.a00.mb15,https://data.ngdc.noaa.gov/platforms/ocean/ships/robert_d._conrad/RC2511/multibeam/data/version1/MB/cb84sep29.a00.mb15,265216,swath,whole
RC2511,cb84sep29.a01.mb15,https://data.ngdc.noaa.gov/platforms/ocean/ships/robert_d._conrad/RC2511/multibeam/data/version1/MB/cb84sep29.a01.mb15,247808,swath,whole
RC2511,cb84sep29.rs0.mb15,https://data.ngdc.noaa.gov/platforms/ocean/ships/robert_d._conrad/RC2511/multibeam/data/version1/MB/cb84sep29.rs0.mb15,1363149,swath,whole
RC2511,cb84sep29.s00.mb15,https://data.ngdc.noaa.gov/platforms/ocean/ships/robert_d._conrad/RC2511/multibeam/data/version1/MB/cb84sep29.s00.mb15,265216,swath,whole
RC2511,cb84sep30.a00.mb15,https://data.ngdc.noaa.gov/platforms/ocean/ships/robert_d._conrad/RC2511/multibeam/data/version1/MB/cb84sep30.a00.mb15,262144,swath,whole
RC2511,cb84sep30.a01.mb15,https://data.ngdc.noaa.gov/platforms/ocean/ships/robert_d._conrad/RC2511/multibeam/data/version1/MB/cb84sep30.a01.mb15,254976,swath,whole
RC2511,cb84sep30.rs0.mb15,https://data.ngdc.noaa.gov/platforms/ocean/ships/robert_d._conrad/RC2511/multibeam/data/version1/MB/cb84sep30.rs0.mb15,1363149,swath,whole
RC2511,cb84sep30.s00.mb15,https://data.ngdc.noaa.gov/platforms/ocean/ships/robert_d._conrad/RC2511/multibeam/data/version1/MB/cb84sep30.s00.mb15,262144,swath,whole
RC2511,sn84oct01.s00.mb15,https://data.ngdc.noaa.gov/platforms/ocean/ships/robert_d._conrad/RC2511/multibeam/data/version1/MB/sn84oct01.s00.mb15,155648,swath,whole
RC2511,sn84oct02.s00.mb15,https://data.ngdc.noaa.gov/platforms/ocean/ships/robert_d._conrad/RC2511/multibeam/data/version1/MB/sn84oct02.s00.mb15,178176,swath,whole
RC2511,sn84oct03.s00.mb15,https://data.ngdc.noaa.gov/platforms/ocean/ships/robert_d._conrad/RC2511/multibeam/data/version1/MB/sn84oct03.s00.mb15,166912,swath,whole
RC2511,sn84oct04.s00.mb15,https://data.ngdc.noaa.gov/platforms/ocean/ships/robert_d._conrad/RC2511/multibeam/data/version1/MB/sn84oct04.s00.mb15,161792,swath,whole
RC2511,sn84oct05.s00.mb15,https://data.ngdc.noaa.gov/platforms/ocean/ships/robert_d._conrad/RC2511/multibeam/data/version1/MB/sn84oct05.s00.mb15,167936,swath,whole
RC2511,sn84oct06.s00.mb15,https://data.ngdc.noaa.gov/platforms/ocean/ships/robert_d._conrad/RC2511/multibeam/data/version1/MB/sn84oct06.s00.mb15,171008,swath,whole
RC2511,sn84oct07.s00.mb15,https://data.ngdc.noaa.gov/platforms/ocean/ships/robert_d._conrad/RC2511/multibeam/data/version1/MB/sn84oct07.s00.mb15,155648,swath,whole
RC2511,sn84oct08.s00.mb15,https://data.ngdc.noaa.gov/platforms/ocean/ships/robert_d._conrad/RC2511/multibeam/data/version1/MB/sn84oct08.s00.mb15,148480,swath,whole
RC2511,sn84oct09.s00.mb15,https://data.ngdc.noaa.gov/platforms/ocean/ships/robert_d._conrad/RC2511/multibeam/data/version1/MB/sn84oct09.s00.mb15,132096,swath,whole
RC2511,sn84oct10.s00.mb15,https://data.ngdc.noaa.gov/platforms/ocean/ships/robert_d._conrad/RC2511/multibeam/data/version1/MB/sn84oct10.s00.mb15,120832,swath,whole
RC2511,sn84oct11.s00.mb15,https://data.ngdc.noaa.gov/platforms/ocean/ships/robert_d._conrad/RC2511/multibeam/data/version1/MB/sn84oct11.s00.mb15,112640,swath,whole
RC2511,sn84oct12.s01.mb15,https://data.ngdc.noaa.gov/platforms/ocean/ships/robert_d._conrad/RC2511/multibeam/data/version1/MB/sn84oct12.s01.mb15,117760,swath,whole
RC2511,sn84sep14.s01.mb15,https://data.ngdc.noaa.gov/platforms/ocean/ships/robert_d._conrad/RC2511/multibeam/data/version1/MB/sn84sep14.s01.mb15,110592,swath,whole
RC2511,sn84sep15.s00.mb15,https://data.ngdc.noaa.gov/platforms/ocean/ships/robert_d._conrad/RC2511/multibeam/data/version1/MB/sn84sep15.s00.mb15,108544,swath,whole
RC2511,sn84sep16.s00.mb15,https://data.ngdc.noaa.gov/platforms/ocean/ships/robert_d._conrad/RC2511/multibeam/data/version1/MB/sn84sep16.s00.mb15,110592,swath,whole
RC2511,sn84sep17.s00.mb15,https://data.ngdc.noaa.gov/platforms/ocean/ships/robert_d._conrad/RC2511/multibeam/data/version1/MB/sn84sep17.s00.mb15,119808,swath,whole
RC2511,sn84sep18.s00.mb15,https://data.ngdc.noaa.gov/platforms/ocean/ships/robert_d._conrad/RC2511/multibeam/data/version1/MB/sn84sep18.s00.mb15,149504,swath,whole
RC2511,sn84sep19.s00.mb15,https://data.ngdc.noaa.gov/platforms/ocean/ships/robert_d._conrad/RC2511/multibeam/data/version1/MB/sn84sep19.s00.mb15,188416,swath,whole
RC2511,sn84sep20.s00.mb15,https://data.ngdc.noaa.gov/platforms/ocean/ships/robert_d._conrad/RC2511/multibeam/data/version1/MB/sn84sep20.s00.mb15,188416,swath,whole
RC2511,sn84sep21.s00.mb15,https://data.ngdc.noaa.gov/platforms/ocean/ships/robert_d._conrad/RC2511/multibeam/data/version1/MB/sn84sep21.s00.mb15,142336,swath,whole
RC2511,sn84sep22.s00.mb15,https://data.ngdc.noaa.gov/platforms/ocean/ships/robert_d._conrad/RC2511/multibeam/data/version1/MB/sn84sep22.s00.mb15,117760,swath,whole
RC2511,sn84sep23.s00.mb15,https://data.ngdc.noaa.gov/platforms/ocean/ships/robert_d._conrad/RC2511/multibeam/data/version1/MB/sn84sep23.s00.mb15,118784,swath,whole
RC2511,sn84sep24.s00.mb15,https://data.ngdc.noaa.gov/platforms/ocean/ships/robert_d._conrad/RC2511/multibeam/data/version1/MB/sn84sep24.s00.mb15,139264,swath,whole
RC2511,sn84sep25.s00.mb15,https://data.ngdc.noaa.gov/platforms/ocean/ships/robert_d._conrad/RC2511/multibeam/data/version1/MB/sn84sep25.s00.mb15,185344,swath,whole
RC2511,sn84sep26.s00.mb15,https://data.ngdc.noaa.gov/platforms/ocean/ships/robert_d._conrad/RC2511/multibeam/data/version1/MB/sn84sep26.s00.mb15,184320,swath,whole
RC2511,sn84sep27.s00.mb15,https://data.ngdc.noaa.gov/platforms/ocean/ships/robert_d._conrad/RC2511/multibeam/data/version1/MB/sn84sep27.s00.mb15,202752,swath,whole
RC2511,sn84sep28.s00.mb15,https://data.ngdc.noaa.gov/platforms/ocean/ships/robert_d._conrad/RC2511/multibeam/data/version1/MB/sn84sep28.s00.mb15,203776,swath,whole
RC2511,sn84sep29.s00.mb15,https://data.ngdc.noaa.gov/platforms/ocean/ships/robert_d._conrad/RC2511/multibeam/data/version1/MB/sn84sep29.s00.mb15,169984,swath,whole
RC2511,sn84sep30.s00.mb15,https://data.ngdc.noaa.gov/platforms/ocean/ships/robert_d._conrad/RC2511/multibeam/data/version1/MB/sn84sep30.s00.mb15,166912,swath,whole
SUM1004,61mbn10245_p_100.d01.mb121.gz,https://data.ngdc.noaa.gov/platforms/ocean/ships/sumner/SUM1004/multibeam/data/version1/MB/61mbn10245_p_100.d01.mb121.gz,37748736,swath,whole
SUM1004,61mbn10247_p_100.d01.mb121.gz,https://data.ngdc.noaa.gov/platforms/ocean/ships/sumner/SUM1004/multibeam/data/version1/MB/61mbn10247_p_100.d01.mb121.gz,71680,swath,whole
SUM1004,61mbn10247_p_100.d02.mb121.gz,https://data.ngdc.noaa.gov/platforms/ocean/ships/sumner/SUM1004/multibeam/data/version1/MB/61mbn10247_p_100.d02.mb121.gz,23068672,swath,whole
SUM1004,61mbo10219_p_100.d01.mb121.gz,https://data.ngdc.noaa.gov/platforms/ocean/ships/sumner/SUM1004/multibeam/data/version1/MB/61mbo10219_p_100.d01.mb121.gz,91226112,swath,whole
SUM1004,61mbo10219_p_100.d02.mb121.gz,https://data.ngdc.noaa.gov/platforms/ocean/ships/sumner/SUM1004/multibeam/data/version1/MB/61mbo10219_p_100.d02.mb121.gz,45088768,swath,whole
SUM1004,61mbo10219_p_100.d03.mb121.gz,https://data.ngdc.noaa.gov/platforms/ocean/ships/sumner/SUM1004/multibeam/data/version1/MB/61mbo10219_p_100.d03.mb121.gz,34603008,swath,whole
SUM1004,61mbo10219_p_100.d04.mb121.gz,https://data.ngdc.noaa.gov/platforms/ocean/ships/sumner/SUM1004/multibeam/data/version1/MB/61mbo10219_p_100.d04.mb121.gz,5033165,swath,whole
SUM1004,61mbo10219_p_100.d05.mb121.gz,https://data.ngdc.noaa.gov/platforms/ocean/ships/sumner/SUM1004/multibeam/data/version1/MB/61mbo10219_p_100.d05.mb121.gz,3879731,swath,whole
SUM1004,61mbo10219_p_100.d06.mb121.gz,https://data.ngdc.noaa.gov/platforms/ocean/ships/sumner/SUM1004/multibeam/data/version1/MB/61mbo10219_p_100.d06.mb121.gz,11534336,swath,whole
SUM1004,61mbo10219_p_100.d07.mb121.gz,https://data.ngdc.noaa.gov/platforms/ocean/ships/sumner/SUM1004/multibeam/data/version1/MB/61mbo10219_p_100.d07.mb121.gz,18874368,swath,whole
SUM1004,61mbo10219_p_100.d08.mb121.gz,https://data.ngdc.noaa.gov/platforms/ocean/ships/sumner/SUM1004/multibeam/data/version1/MB/61mbo10219_p_100.d08.mb121.gz,7969178,swath,whole
SUM1004,61mbo10220_p_100.d01.mb121.gz,https://data.ngdc.noaa.gov/platforms/ocean/ships/sumner/SUM1004/multibeam/data/version1/MB/61mbo10220_p_100.d01.mb121.gz,7969178,swath,whole
SUM1004,61mbo10220_p_100.d03.mb121.gz,https://data.ngdc.noaa.gov/platforms/ocean/ships/sumner/SUM1004/multibeam/data/version1/MB/61mbo10220_p_100.d03.mb121.gz,24117248,swath,whole
SUM1004,61mbo10220_p_100.d04.mb121.gz,https://data.ngdc.noaa.gov/platforms/ocean/ships/sumner/SUM1004/multibeam/data/version1/MB/61mbo10220_p_100.d04.mb121.gz,10485760,swath,whole
SUM1004,61mbo10220_p_100.d06.mb121.gz,https://data.ngdc.noaa.gov/platforms/ocean/ships/sumner/SUM1004/multibeam/data/version1/MB/61mbo10220_p_100.d06.mb121.gz,8178893,swath,whole
SUM1004,61mbo10220_p_100.d08.mb121.gz,https://data.ngdc.noaa.gov/platforms/ocean/ships/sumner/SUM1004/multibeam/data/version1/MB/61mbo10220_p_100.d08.mb121.gz,14680064,swath,whole
SUM1004,61mbo10220_p_100.d09.mb121.gz,https://data.ngdc.noaa.gov/platforms/ocean/ships/sumner/SUM1004/multibeam/data/version1/MB/61mbo10220_p_100.d09.mb121.gz,94208,swath,whole
SUM1004,61mbo10220_p_100.d14.mb121.gz,https://data.ngdc.noaa.gov/platforms/ocean/ships/sumner/SUM1004/multibeam/data/version1/MB/61mbo10220_p_100.d14.mb121.gz,87040,swath,whole
SUM1004,61mbo10220_p_100.d15.mb121.gz,https://data.ngdc.noaa.gov/platforms/ocean/ships/sumner/SUM1004/multibeam/data/version1/MB/61mbo10220_p_100.d15.mb121.gz,7864320,swath,whole
SUM1004,61mbo10220_p_100.d16.mb121.gz,https://data.ngdc.noaa.gov/platforms/ocean/ships/sumner/SUM1004/multibeam/data/version1/MB/61mbo10220_p_100.d16.mb121.gz,13631488,swath,whole
SUM1004,61mbo10221_p_100.d01.mb121.gz,https://data.ngdc.noaa.gov/platforms/ocean/ships/sumner/SUM1004/multibeam/data/version1/MB/61mbo10221_p_100.d01.mb121.gz,13631488,swath,whole
SUM1004,61mbo10221_p_100.d02.mb121.gz,https://data.ngdc.noaa.gov/platforms/ocean/ships/sumner/SUM1004/multibeam/data/version1/MB/61mbo10221_p_100.d02.mb121.gz,26214400,swath,whole
SUM1004,61mbo10221_p_100.d03.mb121.gz,https://data.ngdc.noaa.gov/platforms/ocean/ships/sumner/SUM1004/multibeam/data/version1/MB/61mbo10221_p_100.d03.mb121.gz,1258291,swath,whole
SUM1004,61mbo10221_p_100.d04.mb121.gz,https://data.ngdc.noaa.gov/platforms/ocean/ships/sumner/SUM1004/multibeam/data/version1/MB/61mbo10221_p_100.d04.mb121.gz,101376,swath,whole
SUM1004,61mbo10221_p_100.d05.mb121.gz,https://data.ngdc.noaa.gov/platforms/ocean/ships/sumner/SUM1004/multibeam/data/version1/MB/61mbo10221_p_100.d05.mb121.gz,9856614,swath,whole
SUM1004,61mbo10221_p_100.d06.mb121.gz,https://data.ngdc.noaa.gov/platforms/ocean/ships/sumner/SUM1004/multibeam/data/version1/MB/61mbo10221_p_100.d06.mb121.gz,87040,swath,whole
SUM1004,61mbo10221_p_100.d07.mb121.gz,https://data.ngdc.noaa.gov/platforms/ocean/ships/sumner/SUM1004/multibeam/data/version1/MB/61mbo10221_p_100.d07.mb121.gz,9332326,swath,whole
SUM1004,61mbo10221_p_100.d08.mb121.gz,https://data.ngdc.noaa.gov/platforms/ocean/ships/sumner/SUM1004/multibeam/data/version1/MB/61mbo10221_p_100.d08.mb121.gz,98304,swath,whole
SUM1004,61mbo10221_p_100.d09.mb121.gz,https://data.ngdc.noaa.gov/platforms/ocean/ships/sumner/SUM1004/multibeam/data/version1/MB/61mbo10221_p_100.d09.mb121.gz,11534336,swath,whole
SUM1004,61mbo10221_p_100.d10.mb121.gz,https://data.ngdc.noaa.gov/platforms/ocean/ships/sumner/SUM1004/multibeam/data/version1/MB/61mbo10221_p_100.d10.mb121.gz,16777216,swath,whole
SUM1004,61mbo10222_p_100.d01.mb121.gz,https://data.ngdc.noaa.gov/platforms/ocean/ships/sumner/SUM1004/multibeam/data/version1/MB/61mbo10222_p_100.d01.mb121.gz,231424,swath,whole
SUM1004,61mbo10222_p_100.d02.mb121.gz,https://data.ngdc.noaa.gov/platforms/ocean/ships/sumner/SUM1004/multibeam/data/version1/MB/61mbo10222_p_100.d02.mb121.gz,12582912,swath,whole
SUM1004,61mbo10222_p_100.d03.mb121.gz,https://data.ngdc.noaa.gov/platforms/ocean/ships/sumner/SUM1004/multibeam/data/version1/MB/61mbo10222_p_100.d03.mb121.gz,10485760,swath,whole
SUM1004,61mbo10222_p_100.d04.mb121.gz,https://data.ngdc.noaa.gov/platforms/ocean/ships/sumner/SUM1004/multibeam/data/version1/MB/61mbo10222_p_100.d04.mb121.gz,36700160,swath,whole
SUM1004,61mbo10222_p_100.d05.mb121.gz,https://data.ngdc.noaa.gov/platforms/ocean/ships/sumner/SUM1004/multibeam/data/version1/MB/61mbo10222_p_100.d05.mb121.gz,15728640,swath,whole
SUM1004,61mbo10222_p_100.d06.mb121.gz,https://data.ngdc.noaa.gov/platforms/ocean/ships/sumner/SUM1004/multibeam/data/version1/MB/61mbo10222_p_100.d06.mb121.gz,4823450,swath,whole
SUM1004,61mbo10222_p_100.d07.mb121.gz,https://data.ngdc.noaa.gov/platforms/ocean/ships/sumner/SUM1004/multibeam/data/version1/MB/61mbo10222_p_100.d07.mb121.gz,25165824,swath,whole
SUM1004,61mbo10222_p_100.d08.mb121.gz,https://data.ngdc.noaa.gov/platforms/ocean/ships/sumner/SUM1004/multibeam/data/version1/MB/61mbo10222_p_100.d08.mb121.gz,3040870,swath,whole
SUM1004,61mbo10222_p_100.d09.mb121.gz,https://data.ngdc.noaa.gov/platforms/ocean/ships/sumner/SUM1004/multibeam/data/version1/MB/61mbo10222_p_100.d09.mb121.gz,51380224,swath,whole
SUM1004,61mbo10223_p_100.d01.mb121.gz,https://data.ngdc.noaa.gov/platforms/ocean/ships/sumner/SUM1004/multibeam/data/version1/MB/61mbo10223_p_100.d01.mb121.gz,53477376,swath,whole
SUM1004,61mbo10223_p_100.d02.mb121.gz,https://data.ngdc.noaa.gov/platforms/ocean/ships/sumner/SUM1004/multibeam/data/version1/MB/61mbo10223_p_100.d02.mb121.gz,2411725,swath,whole
SUM1004,61mbo10223_p_100.d03.mb121.gz,https://data.ngdc.noaa.gov/platforms/ocean/ships/sumner/SUM1004/multibeam/data/version1/MB/61mbo10223_p_100.d03.mb121.gz,5767168,swath,whole
SUM1004,61mbo10223_p_100.d04.mb121.gz,https://data.ngdc.noaa.gov/platforms/ocean/ships/sumner/SUM1004/multibeam/data/version1/MB/61mbo10223_p_100.d04.mb121.gz,46137344,swath,whole
SUM1004,61mbo10223_p_100.d05.mb121.gz,https://data.ngdc.noaa.gov/platforms/ocean/ships/sumner/SUM1004/multibeam/data/version1/MB/61mbo10223_p_100.d05.mb121.gz,52428800,swath,whole
SUM1004,61mbo10223_p_100.d06.mb121.gz,https://data.ngdc.noaa.gov/platforms/ocean/ships/sumner/SUM1004/multibeam/data/version1/MB/61mbo10223_p_100.d06.mb121.gz,36700160,swath,whole
SUM1004,61mbo10224_p_100.d01.mb121.gz,https://data.ngdc.noaa.gov/platforms/ocean/ships/sumner/SUM1004/multibeam/data/version1/MB/61mbo10224_p_100.d01.mb121.gz,45088768,swath,whole
SUM1004,61mbo10224_p_100.d02.mb121.gz,https://data.ngdc.noaa.gov/platforms/ocean/ships/sumner/SUM1004/multibeam/data/version1/MB/61mbo10224_p_100.d02.mb121.gz,13631488,swath,whole
SUM1004,61mbo10224_p_100.d03.mb121.gz,https://data.ngdc.noaa.gov/platforms/ocean/ships/sumner/SUM1004/multibeam/data/version1/MB/61mbo10224_p_100.d03.mb121.gz,7025459,swath,whole
SUM1004,61mbo10224_p_100.d04.mb121.gz,https://data.ngdc.noaa.gov/platforms/ocean/ships/sumner/SUM1004/multibeam/data/version1/MB/61mbo10224_p_100.d04.mb121.gz,27262976,swath,whole
SUM1004,61mbo10224_p_100.d05.mb121.gz,https://data.ngdc.noaa.gov/platforms/ocean/ships/sumner/SUM1004/multibeam/data/version1/MB/61mbo10224_p_100.d05.mb121.gz,40894464,swath,whole
SUM1004,61mbo10224_p_100.d06.mb121.gz,https://data.ngdc.noaa.gov/platforms/ocean/ships/sumner/SUM1004/multibeam/data/version1/MB/61mbo10224_p_100.d06.mb121.gz,14680064,swath,whole
SUM1004,61mbo10224_p_100.d07.mb121.gz,https://data.ngdc.noaa.gov/platforms/ocean/ships/sumner/SUM1004/multibeam/data/version1/MB/61mbo10224_p_100.d07.mb121.gz,19922944,swath,whole
SUM1004,61mbo10225_p_100.d01.mb121.gz,https://data.ngdc.noaa.gov/platforms/ocean/ships/sumner/SUM1004/multibeam/data/version1/MB/61mbo10225_p_100.d01.mb121.gz,19922944,swath,whole
SUM1004,61mbo10225_p_100.d02.mb121.gz,https://data.ngdc.noaa.gov/platforms/ocean/ships/sumner/SUM1004/multibeam/data/version1/MB/61mbo10225_p_100.d02.mb121.gz,13631488,swath,whole
SUM1004,61mbo10225_p_100.d03.mb121.gz,https://data.ngdc.noaa.gov/platforms/ocean/ships/sumner/SUM1004/multibeam/data/version1/MB/61mbo10225_p_100.d03.mb121.gz,31457280,swath,whole
SUM1004,61mbo10225_p_100.d04.mb121.gz,https://data.ngdc.noaa.gov/platforms/ocean/ships/sumner/SUM1004/multibeam/data/version1/MB/61mbo10225_p_100.d04.mb121.gz,19922944,swath,whole
SUM1004,61mbo10225_p_100.d05.mb121.gz,https://data.ngdc.noaa.gov/platforms/ocean/ships/sumner/SUM1004/multibeam/data/version1/MB/61mbo10225_p_100.d05.mb121.gz,13631488,swath,whole
SUM1004,61mbo10225_p_100.d06.mb121.gz,https://data.ngdc.noaa.gov/platforms/ocean/ships/sumner/SUM1004/multibeam/data/version1/MB/61mbo10225_p_100.d06.mb121.gz,73400320,swath,whole
SUM1004,61mbo10226_p_100.d01.mb121.gz,https://data.ngdc.noaa.gov/platforms/ocean/ships/sumner/SUM1004/multibeam/data/version1/MB/61mbo10226_p_100.d01.mb121.gz,33554432,swath,whole
SUM1004,61mbo10226_p_100.d02.mb121.gz,https://data.ngdc.noaa.gov/platforms/ocean/ships/sumner/SUM1004/multibeam/data/version1/MB/61mbo10226_p_100.d02.mb121.gz,84992,swath,whole
SUM1004,61mbo10226_p_100.d03.mb121.gz,https://data.ngdc.noaa.gov/platforms/ocean/ships/sumner/SUM1004/multibeam/data/version1/MB/61mbo10226_p_100.d03.mb121.gz,28311552,swath,whole
SUM1004,61mbo10226_p_100.d04.mb121.gz,https://data.ngdc.noaa.gov/platforms/ocean/ships/sumner/SUM1004/multibeam/data/version1/MB/61mbo10226_p_100.d04.mb121.gz,27262976,swath,whole
SUM1004,61mbo10226_p_100.d05.mb121.gz,https://data.ngdc.noaa.gov/platforms/ocean/ships/sumner/SUM1004/multibeam/data/version1/MB/61mbo10226_p_100.d05.mb121.gz,14680064,swath,whole
SUM1004,61mbo10226_p_100.d06.mb121.gz,https://data.ngdc.noaa.gov/platforms/ocean/ships/sumner/SUM1004/multibeam/data/version1/MB/61mbo10226_p_100.d06.mb121.gz,17825792,swath,whole
SUM1004,61mbo10226_p_100.d07.mb121.gz,https://data.ngdc.noaa.gov/platforms/ocean/ships/sumner/SUM1004/multibeam/data/version1/MB/61mbo10226_p_100.d07.mb121.gz,8074035,swath,whole
SUM1004,61mbo10226_p_100.d08.mb121.gz,https://data.ngdc.noaa.gov/platforms/ocean/ships/sumner/SUM1004/multibeam/data/version1/MB/61mbo10226_p_100.d08.mb121.gz,26214400,swath,whole
SUM1004,61mbo10226_p_100.d09.mb121.gz,https://data.ngdc.noaa.gov/platforms/ocean/ships/sumner/SUM1004/multibeam/data/version1/MB/61mbo10226_p_100.d09.mb121.gz,23068672,swath,whole
SUM1004,61mbo10226_p_100.d10.mb121.gz,https://data.ngdc.noaa.gov/platforms/ocean/ships/sumner/SUM1004/multibeam/data/version1/MB/61mbo10226_p_100.d10.mb121.gz,11534336,swath,whole
SUM1004,61mbo10226_p_100.d11.mb121.gz,https://data.ngdc.noaa.gov/platforms/ocean/ships/sumner/SUM1004/multibeam/data/version1/MB/61mbo10226_p_100.d11.mb121.gz,37748736,swath,whole
SUM1004,61mbo10227_p_100.d01.mb121.gz,https://data.ngdc.noaa.gov/platforms/ocean/ships/sumner/SUM1004/multibeam/data/version1/MB/61mbo10227_p_100.d01.mb121.gz,33554432,swath,whole
SUM1004,61mbo10227_p_100.d02.mb121.gz,https://data.ngdc.noaa.gov/platforms/ocean/ships/sumner/SUM1004/multibeam/data/version1/MB/61mbo10227_p_100.d02.mb121.gz,5138022,swath,whole
SUM1004,61mbo10227_p_100.d03.mb121.gz,https://data.ngdc.noaa.gov/platforms/ocean/ships/sumner/SUM1004/multibeam/data/version1/MB/61mbo10227_p_100.d03.mb121.gz,6291456,swath,whole
SUM1004,61mbo10227_p_100.d04.mb121.gz,https://data.ngdc.noaa.gov/platforms/ocean/ships/sumner/SUM1004/multibeam/data/version1/MB/61mbo10227_p_100.d04.mb121.gz,1258291,swath,whole
SUM1004,61mbo10227_p_100.d05.mb121.gz,https://data.ngdc.noaa.gov/platforms/ocean/ships/sumner/SUM1004/multibeam/data/version1/MB/61mbo10227_p_100.d05.mb121.gz,23068672,swath,whole
SUM1004,61mbo10227_p_100.d06.mb121.gz,https://data.ngdc.noaa.gov/platforms/ocean/ships/sumner/SUM1004/multibeam/data/version1/MB/61mbo10227_p_100.d06.mb121.gz,41943040,swath,whole
SUM1004,61mbo10227_p_100.d07.mb121.gz,https://data.ngdc.noaa.gov/platforms/ocean/ships/sumner/SUM1004/multibeam/data/version1/MB/61mbo10227_p_100.d07.mb121.gz,20971520,swath,whole
SUM1004,61mbo10227_p_100.d08.mb121.gz,https://data.ngdc.noaa.gov/platforms/ocean/ships/sumner/SUM1004/multibeam/data/version1/MB/61mbo10227_p_100.d08.mb121.gz,22020096,swath,whole
SUM1004,61mbo10228_p_100.d01.mb121.gz,https://data.ngdc.noaa.gov/platforms/ocean/ships/sumner/SUM1004/multibeam/data/version1/MB/61mbo10228_p_100.d01.mb121.gz,37748736,swath,whole
SUM1004,61mbo10228_p_100.d02.mb121.gz,https://data.ngdc.noaa.gov/platforms/ocean/ships/sumner/SUM1004/multibeam/data/version1/MB/61mbo10228_p_100.d02.mb121.gz,23068672,swath,whole
SUM1004,61mbo10228_p_100.d03.mb121.gz,https://data.ngdc.noaa.gov/platforms/ocean/ships/sumner/SUM1004/multibeam/data/version1/MB/61mbo10228_p_100.d03.mb121.gz,42991616,swath,whole
SUM1004,61mbo10228_p_100.d04.mb121.gz,https://data.ngdc.noaa.gov/platforms/ocean/ships/sumner/SUM1004/multibeam/data/version1/MB/61mbo10228_p_100.d04.mb121.gz,29360128,swath,whole
SUM1004,61mbo10228_p_100.d05.mb121.gz,https://data.ngdc.noaa.gov/platforms/ocean/ships/sumner/SUM1004/multibeam/data/version1/MB/61mbo10228_p_100.d05.mb121.gz,3250586,swath,whole
SUM1004,61mbo10229_p_100.d01.mb121.gz,https://data.ngdc.noaa.gov/platforms/ocean/ships/sumner/SUM1004/multibeam/data/version1/MB/61mbo10229_p_100.d01.mb121.gz,2516582,swath,whole
SUM1004,61mbo10229_p_100.d02.mb121.gz,https://data.ngdc.noaa.gov/platforms/ocean/ships/sumner/SUM1004/multibeam/data/version1/MB/61mbo10229_p_100.d02.mb121.gz,31457280,swath,whole
SUM1004,61mbo10229_p_100.d03.mb121.gz,https://data.ngdc.noaa.gov/platforms/ocean/ships/sumner/SUM1004/multibeam/data/version1/MB/61mbo10229_p_100.d03.mb121.gz,37748736,swath,whole
SUM1004,61mbo10229_p_100.d04.mb121.gz,https://data.ngdc.noaa.gov/platforms/ocean/ships/sumner/SUM1004/multibeam/data/version1/MB/61mbo10229_p_100.d04.mb121.gz,30408704,swath,whole
SUM1004,61mbo10229_p_100.d05.mb121.gz,https://data.ngdc.noaa.gov/platforms/ocean/ships/sumner/SUM1004/multibeam/data/version1/MB/61mbo10229_p_100.d05.mb121.gz,33554432,swath,whole
SUM1004,61mbo10230_p_100.d01.mb121.gz,https://data.ngdc.noaa.gov/platforms/ocean/ships/sumner/SUM1004/multibeam/data/version1/MB/61mbo10230_p_100.d01.mb121.gz,11534336,swath,whole
SUM1004,61mbo10230_p_100.d02.mb121.gz,https://data.ngdc.noaa.gov/platforms/ocean/ships/sumner/SUM1004/multibeam/data/version1/MB/61mbo10230_p_100.d02.mb121.gz,4299162,swath,whole
SUM1004,61mbo10230_p_100.d03.mb121.gz,https://data.ngdc.noaa.gov/platforms/ocean/ships/sumner/SUM1004/multibeam/data/version1/MB/61mbo10230_p_100.d03.mb121.gz,17825792,swath,whole
SUM1004,61mbo10230_p_100.d04.mb121.gz,https://data.ngdc.noaa.gov/platforms/ocean/ships/sumner/SUM1004/multibeam/data/version1/MB/61mbo10230_p_100.d04.mb121.gz,35651584,swath,whole
SUM1004,61mbo10230_p_100.d05.mb121.gz,https://data.ngdc.noaa.gov/platforms/ocean/ships/sumner/SUM1004/multibeam/data/version1/MB/61mbo10230_p_100.d05.mb121.gz,20971520,swath,whole
SUM1004,61mbo10230_p_100.d06.mb121.gz,https://data.ngdc.noaa.gov/platforms/ocean/ships/sumner/SUM1004/multibeam/data/version1/MB/61mbo10230_p_100.d06.mb121.gz,14680064,swath,whole
SUM1004,61mbo10230_p_100.d07.mb121.gz,https://data.ngdc.noaa.gov/platforms/ocean/ships/sumner/SUM1004/multibeam/data/version1/MB/61mbo10230_p_100.d07.mb121.gz,35651584,swath,whole
SUM1004,61mbo10231_p_100.d01.mb121.gz,https://data.ngdc.noaa.gov/platforms/ocean/ships/sumner/SUM1004/multibeam/data/version1/MB/61mbo10231_p_100.d01.mb121.gz,28311552,swath,whole
SUM1004,61mbo10231_p_100.d02.mb121.gz,https://data.ngdc.noaa.gov/platforms/ocean/ships/sumner/SUM1004/multibeam/data/version1/MB/61mbo10231_p_100.d02.mb121.gz,5872026,swath,whole
SUM1004,61mbo10231_p_100.d03.mb121.gz,https://data.ngdc.noaa.gov/platforms/ocean/ships/sumner/SUM1004/multibeam/data/version1/MB/61mbo10231_p_100.d03.mb121.gz,39845888,swath,whole
SUM1004,61mbo10231_p_100.d04.mb121.gz,https://data.ngdc.noaa.gov/platforms/ocean/ships/sumner/SUM1004/multibeam/data/version1/MB/61mbo10231_p_100.d04.mb121.gz,36700160,swath,whole
SUM1004,61mbo10231_p_100.d05.mb121.gz,https://data.ngdc.noaa.gov/platforms/ocean/ships/sumner/SUM1004/multibeam/data/version1/MB/61mbo10231_p_100.d05.mb121.gz,37748736,swath,whole
SUM1004,61mbo10232_p_100.d01.mb121.gz,https://data.ngdc.noaa.gov/platforms/ocean/ships/sumner/SUM1004/multibeam/data/version1/MB/61mbo10232_p_100.d01.mb121.gz,37748736,swath,whole
SUM1004,61mbo10232_p_100.d02.mb121.gz,https://data.ngdc.noaa.gov/platforms/ocean/ships/sumner/SUM1004/multibeam/data/version1/MB/61mbo10232_p_100.d02.mb121.gz,5452595,swath,whole
SUM1004,61mbo10232_p_100.d03.mb121.gz,https://data.ngdc.noaa.gov/platforms/ocean/ships/sumner/SUM1004/multibeam/data/version1/MB/61mbo10232_p_100.d03.mb121.gz,40894464,swath,whole
SUM1004,61mbo10232_p_100.d04.mb121.gz,https://data.ngdc.noaa.gov/platforms/ocean/ships/sumner/SUM1004/multibeam/data/version1/MB/61mbo10232_p_100.d04.mb121.gz,34603008,swath,whole
SUM1004,61mbo10232_p_100.d05.mb121.gz,https://data.ngdc.noaa.gov/platforms/ocean/ships/sumner/SUM1004/multibeam/data/version1/MB/61mbo10232_p_100.d05.mb121.gz,41943040,swath,whole
SUM1004,61mbo10233_p_100.d01.mb121.gz,https://data.ngdc.noaa.gov/platforms/ocean/ships/sumner/SUM1004/multibeam/data/version1/MB/61mbo10233_p_100.d01.mb121.gz,40894464,swath,whole
SUM1004,61mbo10233_p_100.d02.mb121.gz,https://data.ngdc.noaa.gov/platforms/ocean/ships/sumner/SUM1004/multibeam/data/version1/MB/61mbo10233_p_100.d02.mb121.gz,53477376,swath,whole
SUM1004,61mbo10233_p_100.d03.mb121.gz,https://data.ngdc.noaa.gov/platforms/ocean/ships/sumner/SUM1004/multibeam/data/version1/MB/61mbo10233_p_100.d03.mb121.gz,31457280,swath,whole
SUM1004,61mbo10233_p_100.d04.mb121.gz,https://data.ngdc.noaa.gov/platforms/ocean/ships/sumner/SUM1004/multibeam/data/version1/MB/61mbo10233_p_100.d04.mb121.gz,47185920,swath,whole
SUM1004,61mbo10234_p_100.d01.mb121.gz,https://data.ngdc.noaa.gov/platforms/ocean/ships/sumner/SUM1004/multibeam/data/version1/MB/61mbo10234_p_100.d01.mb121.gz,35651584,swath,whole
SUM1004,61mbo10234_p_100.d02.mb121.gz,https://data.ngdc.noaa.gov/platforms/ocean/ships/sumner/SUM1004/multibeam/data/version1/MB/61mbo10234_p_100.d02.mb121.gz,6501171,swath,whole
SUM1004,61mbo10234_p_100.d03.mb121.gz,https://data.ngdc.noaa.gov/platforms/ocean/ships/sumner/SUM1004/multibeam/data/version1/MB/61mbo10234_p_100.d03.mb121.gz,24117248,swath,whole
SUM1004,61mbo10234_p_100.d04.mb121.gz,https://data.ngdc.noaa.gov/platforms/ocean/ships/sumner/SUM1004/multibeam/data/version1/MB/61mbo10234_p_100.d04.mb121.gz,14680064,swath,whole
SUM1004,61mbo10234_p_100.d05.mb121.gz,https://data.ngdc.noaa.gov/platforms/ocean/ships/sumner/SUM1004/multibeam/data/version1/MB/61mbo10234_p_100.d05.mb121.gz,23068672,swath,whole
SUM1004,61mbo10234_p_100.d06.mb121.gz,https://data.ngdc.noaa.gov/platforms/ocean/ships/sumner/SUM1004/multibeam/data/version1/MB/61mbo10234_p_100.d06.mb121.gz,16777216,swath,whole
SUM1004,61mbo10234_p_100.d07.mb121.gz,https://data.ngdc.noaa.gov/platforms/ocean/ships/sumner/SUM1004/multibeam/data/version1/MB/61mbo10234_p_100.d07.mb121.gz,30408704,swath,whole
SUM1004,61mbo10234_p_100.d08.mb121.gz,https://data.ngdc.noaa.gov/platforms/ocean/ships/sumner/SUM1004/multibeam/data/version1/MB/61mbo10234_p_100.d08.mb121.gz,5976883,swath,whole
SUM1004,61mbo10234_p_100.d09.mb121.gz,https://data.ngdc.noaa.gov/platforms/ocean/ships/sumner/SUM1004/multibeam/data/version1/MB/61mbo10234_p_100.d09.mb121.gz,9227469,swath,whole
SUM1004,61mbo10234_p_100.d10.mb121.gz,https://data.ngdc.noaa.gov/platforms/ocean/ships/sumner/SUM1004/multibeam/data/version1/MB/61mbo10234_p_100.d10.mb121.gz,14680064,swath,whole
SUM1004,61mbo10235_p_100.d01.mb121.gz,https://data.ngdc.noaa.gov/platforms/ocean/ships/sumner/SUM1004/multibeam/data/version1/MB/61mbo10235_p_100.d01.mb121.gz,11534336,swath,whole
SUM1004,61mbo10235_p_100.d02.mb121.gz,https://data.ngdc.noaa.gov/platforms/ocean/ships/sumner/SUM1004/multibeam/data/version1/MB/61mbo10235_p_100.d02.mb121.gz,11534336,swath,whole
SUM1004,61mbo10235_p_100.d03.mb121.gz,https://data.ngdc.noaa.gov/platforms/ocean/ships/sumner/SUM1004/multibeam/data/version1/MB/61mbo10235_p_100.d03.mb121.gz,18874368,swath,whole
SUM1004,61mbo10235_p_100.d04.mb121.gz,https://data.ngdc.noaa.gov/platforms/ocean/ships/sumner/SUM1004/multibeam/data/version1/MB/61mbo10235_p_100.d04.mb121.gz,4613734,swath,whole
SUM1004,61mbo10235_p_100.d05.mb121.gz,https://data.ngdc.noaa.gov/platforms/ocean/ships/sumner/SUM1004/multibeam/data/version1/MB/61mbo10235_p_100.d05.mb121.gz,16777216,swath,whole
SUM1004,61mbo10235_p_100.d06.mb121.gz,https://data.ngdc.noaa.gov/platforms/ocean/ships/sumner/SUM1004/multibeam/data/version1/MB/61mbo10235_p_100.d06.mb121.gz,32505856,swath,whole
SUM1004,61mbo10235_p_100.d07.mb121.gz,https://data.ngdc.noaa.gov/platforms/ocean/ships/sumner/SUM1004/multibeam/data/version1/MB/61mbo10235_p_100.d07.mb121.gz,45088768,swath,whole
SUM1004,61mbo10235_p_100.d08.mb121.gz,https://data.ngdc.noaa.gov/platforms/ocean/ships/sumner/SUM1004/multibeam/data/version1/MB/61mbo10235_p_100.d08.mb121.gz,34603008,swath,whole
SUM1004,61mbo10235_p_100.d09.mb121.gz,https://data.ngdc.noaa.gov/platforms/ocean/ships/sumner/SUM1004/multibeam/data/version1/MB/61mbo10235_p_100.d09.mb121.gz,3879731,swath,whole
SUM1004,61mbo10236_p_100.d01.mb121.gz,https://data.ngdc.noaa.gov/platforms/ocean/ships/sumner/SUM1004/multibeam/data/version1/MB/61mbo10236_p_100.d01.mb121.gz,40894464,swath,whole
SUM1004,61mbo10236_p_100.d02.mb121.gz,https://data.ngdc.noaa.gov/platforms/ocean/ships/sumner/SUM1004/multibeam/data/version1/MB/61mbo10236_p_100.d02.mb121.gz,52428800,swath,whole
SUM1004,61mbo10236_p_100.d03.mb121.gz,https://data.ngdc.noaa.gov/platforms/ocean/ships/sumner/SUM1004/multibeam/data/version1/MB/61mbo10236_p_100.d03.mb121.gz,41943040,swath,whole
SUM1004,61mbo10236_p_100.d04.mb121.gz,https://data.ngdc.noaa.gov/platforms/ocean/ships/sumner/SUM1004/multibeam/data/version1/MB/61mbo10236_p_100.d04.mb121.gz,33554432,swath,whole
SUM1004,61mbo10236_p_100.d05.mb121.gz,https://data.ngdc.noaa.gov/platforms/ocean/ships/sumner/SUM1004/multibeam/data/version1/MB/61mbo10236_p_100.d05.mb121.gz,5662310,swath,whole
SUM1004,61mbo10237_p_100.d01.mb121.gz,https://data.ngdc.noaa.gov/platforms/ocean/ships/sumner/SUM1004/multibeam/data/version1/MB/61mbo10237_p_100.d01.mb121.gz,38797312,swath,whole
SUM1004,61mbo10237_p_100.d02.mb121.gz,https://data.ngdc.noaa.gov/platforms/ocean/ships/sumner/SUM1004/multibeam/data/version1/MB/61mbo10237_p_100.d02.mb121.gz,8074035,swath,whole
SUM1004,61mbo10237_p_100.d03.mb121.gz,https://data.ngdc.noaa.gov/platforms/ocean/ships/sumner/SUM1004/multibeam/data/version1/MB/61mbo10237_p_100.d03.mb121.gz,18874368,swath,whole
SUM1004,61mbo10237_p_100.d04.mb121.gz,https://data.ngdc.noaa.gov/platforms/ocean/ships/sumner/SUM1004/multibeam/data/version1/MB/61mbo10237_p_100.d04.mb121.gz,29360128,swath,whole
SUM1004,61mbo10237_p_100.d05.mb121.gz,https://data.ngdc.noaa.gov/platforms/ocean/ships/sumner/SUM1004/multibeam/data/version1/MB/61mbo10237_p_100.d05.mb121.gz,40894464,swath,whole
SUM1004,61mbo10237_p_100.d06.mb121.gz,https://data.ngdc.noaa.gov/platforms/ocean/ships/sumner/SUM1004/multibeam/data/version1/MB/61mbo10237_p_100.d06.mb121.gz,44040192,swath,whole
SUM1004,61mbo10237_p_100.d07.mb121.gz,https://data.ngdc.noaa.gov/platforms/ocean/ships/sumner/SUM1004/multibeam/data/version1/MB/61mbo10237_p_100.d07.mb121.gz,4299162,swath,whole
SUM1004,61mbo10238_p_100.d01.mb121.gz,https://data.ngdc.noaa.gov/platforms/ocean/ships/sumner/SUM1004/multibeam/data/version1/MB/61mbo10238_p_100.d01.mb121.gz,4299162,swath,whole
SUM1004,61mbo10238_p_100.d02.mb121.gz,https://data.ngdc.noaa.gov/platforms/ocean/ships/sumner/SUM1004/multibeam/data/version1/MB/61mbo10238_p_100.d02.mb121.gz,2621440,swath,whole
SUM1004,61mbo10238_p_100.d03.mb121.gz,https://data.ngdc.noaa.gov/platforms/ocean/ships/sumner/SUM1004/multibeam/data/version1/MB/61mbo10238_p_100.d03.mb121.gz,286720,swath,whole
SUM1004,61mbo10238_p_100.d04.mb121.gz,https://data.ngdc.noaa.gov/platforms/ocean/ships/sumner/SUM1004/multibeam/data/version1/MB/61mbo10238_p_100.d04.mb121.gz,17825792,swath,whole
SUM1004,61mbo10238_p_100.d05.mb121.gz,https://data.ngdc.noaa.gov/platforms/ocean/ships/sumner/SUM1004/multibeam/data/version1/MB/61mbo10238_p_100.d05.mb121.gz,629760,swath,whole
SUM1004,61mbo10238_p_100.d06.mb121.gz,https://data.ngdc.noaa.gov/platforms/ocean/ships/sumner/SUM1004/multibeam/data/version1/MB/61mbo10238_p_100.d06.mb121.gz,2936013,swath,whole
SUM1004,61mbo10238_p_100.d08.mb121.gz,https://data.ngdc.noaa.gov/platforms/ocean/ships/sumner/SUM1004/multibeam/data/version1/MB/61mbo10238_p_100.d08.mb121.gz,804864,swath,whole
SUM1004,61mbo10238_p_100.d09.mb121.gz,https://data.ngdc.noaa.gov/platforms/ocean/ships/sumner/SUM1004/multibeam/data/version1/MB/61mbo10238_p_100.d09.mb121.gz,11534336,swath,whole
SUM1004,61mbo10238_p_100.d10.mb121.gz,https://data.ngdc.noaa.gov/platforms/ocean/ships/sumner/SUM1004/multibeam/data/version1/MB/61mbo10238_p_100.d10.mb121.gz,6291456,swath,whole
SUM1004,61mbo10238_p_100.d11.mb121.gz,https://data.ngdc.noaa.gov/platforms/ocean/ships/sumner/SUM1004/multibeam/data/version1/MB/61mbo10238_p_100.d11.mb121.gz,47185920,swath,whole
SUM1004,61mbo10238_p_100.d12.mb121.gz,https://data.ngdc.noaa.gov/platforms/ocean/ships/sumner/SUM1004/multibeam/data/version1/MB/61mbo10238_p_100.d12.mb121.gz,10485760,swath,whole
SUM1004,61mbo10238_p_100.d13.mb121.gz,https://data.ngdc.noaa.gov/platforms/ocean/ships/sumner/SUM1004/multibeam/data/version1/MB/61mbo10238_p_100.d13.mb121.gz,26214400,swath,whole
SUM1004,61mbo10238_p_100.d14.mb121.gz,https://data.ngdc.noaa.gov/platforms/ocean/ships/sumner/SUM1004/multibeam/data/version1/MB/61mbo10238_p_100.d14.mb121.gz,3670016,swath,whole
SUM1004,61mbo10239_p_100.d01.mb121.gz,https://data.ngdc.noaa.gov/platforms/ocean/ships/sumner/SUM1004/multibeam/data/version1/MB/61mbo10239_p_100.d01.mb121.gz,31457280,swath,whole
SUM1004,61mbo10239_p_100.d02.mb121.gz,https://data.ngdc.noaa.gov/platforms/ocean/ships/sumner/SUM1004/multibeam/data/version1/MB/61mbo10239_p_100.d02.mb121.gz,5976883,swath,whole
SUM1004,61mbo10239_p_100.d03.mb121.gz,https://data.ngdc.noaa.gov/platforms/ocean/ships/sumner/SUM1004/multibeam/data/version1/MB/61mbo10239_p_100.d03.mb121.gz,6815744,swath,whole
SUM1004,61mbo10239_p_100.d04.mb121.gz,https://data.ngdc.noaa.gov/platforms/ocean/ships/sumner/SUM1004/multibeam/data/version1/MB/61mbo10239_p_100.d04.mb121.gz,18874368,swath,whole
SUM1004,61mbo10239_p_100.d05.mb121.gz,https://data.ngdc.noaa.gov/platforms/ocean/ships/sumner/SUM1004/multibeam/data/version1/MB/61mbo10239_p_100.d05.mb121.gz,25165824,swath,whole
SUM1004,61mbo10239_p_100.d06.mb121.gz,https://data.ngdc.noaa.gov/platforms/ocean/ships/sumner/SUM1004/multibeam/data/version1/MB/61mbo10239_p_100.d06.mb121.gz,4613734,swath,whole
SUM1004,61mbo10239_p_100.d13.mb121.gz,https://data.ngdc.noaa.gov/platforms/ocean/ships/sumner/SUM1004/multibeam/data/version1/MB/61mbo10239_p_100.d13.mb121.gz,27648,swath,whole
SUM1004,61mbo10239_p_100.d14.mb121.gz,https://data.ngdc.noaa.gov/platforms/ocean/ships/sumner/SUM1004/multibeam/data/version1/MB/61mbo10239_p_100.d14.mb121.gz,3040870,swath,whole
SUM1004,61mbo10239_p_100.d15.mb121.gz,https://data.ngdc.noaa.gov/platforms/ocean/ships/sumner/SUM1004/multibeam/data/version1/MB/61mbo10239_p_100.d15.mb121.gz,7444890,swath,whole
SUM1004,61mbo10239_p_100.d16.mb121.gz,https://data.ngdc.noaa.gov/platforms/ocean/ships/sumner/SUM1004/multibeam/data/version1/MB/61mbo10239_p_100.d16.mb121.gz,23068672,swath,whole
SUM1004,61mbo10240_p_100.d01.mb121.gz,https://data.ngdc.noaa.gov/platforms/ocean/ships/sumner/SUM1004/multibeam/data/version1/MB/61mbo10240_p_100.d01.mb121.gz,16777216,swath,whole
SUM1004,61mbo10240_p_100.d02.mb121.gz,https://data.ngdc.noaa.gov/platforms/ocean/ships/sumner/SUM1004/multibeam/data/version1/MB/61mbo10240_p_100.d02.mb121.gz,6081741,swath,whole
SUM1004,61mbo10240_p_100.d03.mb121.gz,https://data.ngdc.noaa.gov/platforms/ocean/ships/sumner/SUM1004/multibeam/data/version1/MB/61mbo10240_p_100.d03.mb121.gz,13631488,swath,whole
SUM1004,61mbo10240_p_100.d04.mb121.gz,https://data.ngdc.noaa.gov/platforms/ocean/ships/sumner/SUM1004/multibeam/data/version1/MB/61mbo10240_p_100.d04.mb121.gz,37748736,swath,whole
SUM1004,61mbo10240_p_100.d05.mb121.gz,https://data.ngdc.noaa.gov/platforms/ocean/ships/sumner/SUM1004/multibeam/data/version1/MB/61mbo10240_p_100.d05.mb121.gz,42991616,swath,whole
SUM1004,61mbo10240_p_100.d06.mb121.gz,https://data.ngdc.noaa.gov/platforms/ocean/ships/sumner/SUM1004/multibeam/data/version1/MB/61mbo10240_p_100.d06.mb121.gz,11534336,swath,whole
SUM1004,61mbo10240_p_100.d07.mb121.gz,https://data.ngdc.noaa.gov/platforms/ocean/ships/sumner/SUM1004/multibeam/data/version1/MB/61mbo10240_p_100.d07.mb121.gz,29360128,swath,whole
SUM1004,61mbo10241_p_100.d01.mb121.gz,https://data.ngdc.noaa.gov/platforms/ocean/ships/sumner/SUM1004/multibeam/data/version1/MB/61mbo10241_p_100.d01.mb121.gz,18874368,swath,whole
SUM1004,61mbo10241_p_100.d02.mb121.gz,https://data.ngdc.noaa.gov/platforms/ocean/ships/sumner/SUM1004/multibeam/data/version1/MB/61mbo10241_p_100.d02.mb121.gz,5976883,swath,whole
SUM1004,61mbo10241_p_100.d03.mb121.gz,https://data.ngdc.noaa.gov/platforms/ocean/ships/sumner/SUM1004/multibeam/data/version1/MB/61mbo10241_p_100.d03.mb121.gz,14680064,swath,whole
SUM1004,61mbo10241_p_100.d04.mb121.gz,https://data.ngdc.noaa.gov/platforms/ocean/ships/sumner/SUM1004/multibeam/data/version1/MB/61mbo10241_p_100.d04.mb121.gz,31457280,swath,whole
SUM1004,61mbo10241_p_100.d05.mb121.gz,https://data.ngdc.noaa.gov/platforms/ocean/ships/sumner/SUM1004/multibeam/data/version1/MB/61mbo10241_p_100.d05.mb121.gz,48234496,swath,whole
SUM1004,61mbo10241_p_100.d06.mb121.gz,https://data.ngdc.noaa.gov/platforms/ocean/ships/sumner/SUM1004/multibeam/data/version1/MB/61mbo10241_p_100.d06.mb121.gz,5347738,swath,whole
SUM1004,61mbo10241_p_100.d07.mb121.gz,https://data.ngdc.noaa.gov/platforms/ocean/ships/sumner/SUM1004/multibeam/data/version1/MB/61mbo10241_p_100.d07.mb121.gz,33554432,swath,whole
SUM1004,61mbo10242_p_100.d01.mb121.gz,https://data.ngdc.noaa.gov/platforms/ocean/ships/sumner/SUM1004/multibeam/data/version1/MB/61mbo10242_p_100.d01.mb121.gz,14680064,swath,whole
SUM1004,61mbo10242_p_100.d02.mb121.gz,https://data.ngdc.noaa.gov/platforms/ocean/ships/sumner/SUM1004/multibeam/data/version1/MB/61mbo10242_p_100.d02.mb121.gz,5976883,swath,whole
SUM1004,61mbo10242_p_100.d03.mb121.gz,https://data.ngdc.noaa.gov/platforms/ocean/ships/sumner/SUM1004/multibeam/data/version1/MB/61mbo10242_p_100.d03.mb121.gz,14680064,swath,whole
SUM1004,61mbo10242_p_100.d04.mb121.gz,https://data.ngdc.noaa.gov/platforms/ocean/ships/sumner/SUM1004/multibeam/data/version1/MB/61mbo10242_p_100.d04.mb121.gz,20971520,swath,whole
SUM1004,61mbo10242_p_100.d05.mb121.gz,https://data.ngdc.noaa.gov/platforms/ocean/ships/sumner/SUM1004/multibeam/data/version1/MB/61mbo10242_p_100.d05.mb121.gz,9332326,swath,whole
SUM1004,61mbo10242_p_100.d06.mb121.gz,https://data.ngdc.noaa.gov/platforms/ocean/ships/sumner/SUM1004/multibeam/data/version1/MB/61mbo10242_p_100.d06.mb121.gz,12582912,swath,whole
SUM1004,61mbo10242_p_100.d07.mb121.gz,https://data.ngdc.noaa.gov/platforms/ocean/ships/sumner/SUM1004/multibeam/data/version1/MB/61mbo10242_p_100.d07.mb121.gz,14680064,swath,whole
SUM1004,61mbo10242_p_100.d08.mb121.gz,https://data.ngdc.noaa.gov/platforms/ocean/ships/sumner/SUM1004/multibeam/data/version1/MB/61mbo10242_p_100.d08.mb121.gz,12582912,swath,whole
SUM1004,61mbo10242_p_100.d09.mb121.gz,https://data.ngdc.noaa.gov/platforms/ocean/ships/sumner/SUM1004/multibeam/data/version1/MB/61mbo10242_p_100.d09.mb121.gz,8074035,swath,whole
SUM1004,61mbo10242_p_100.d10.mb121.gz,https://data.ngdc.noaa.gov/platforms/ocean/ships/sumner/SUM1004/multibeam/data/version1/MB/61mbo10242_p_100.d10.mb121.gz,39845888,swath,whole
SUM1004,61mbo10243_p_100.d01.mb121.gz,https://data.ngdc.noaa.gov/platforms/ocean/ships/sumner/SUM1004/multibeam/data/version1/MB/61mbo10243_p_100.d01.mb121.gz,6606029,swath,whole
SUM1004,61mbo10243_p_100.d02.mb121.gz,https://data.ngdc.noaa.gov/platforms/ocean/ships/sumner/SUM1004/multibeam/data/version1/MB/61mbo10243_p_100.d02.mb121.gz,17825792,swath,whole
SUM1004,61mbo10243_p_100.d03.mb121.gz,https://data.ngdc.noaa.gov/platforms/ocean/ships/sumner/SUM1004/multibeam/data/version1/MB/61mbo10243_p_100.d03.mb121.gz,5138022,swath,whole
SUM1004,61mbo10243_p_100.d04.mb121.gz,https://data.ngdc.noaa.gov/platforms/ocean/ships/sumner/SUM1004/multibeam/data/version1/MB/61mbo10243_p_100.d04.mb121.gz,7864320,swath,whole
SUM1004,61mbo10243_p_100.d05.mb121.gz,https://data.ngdc.noaa.gov/platforms/ocean/ships/sumner/SUM1004/multibeam/data/version1/MB/61mbo10243_p_100.d05.mb121.gz,5242880,swath,whole
SUM1004,61mbo10243_p_100.d06.mb121.gz,https://data.ngdc.noaa.gov/platforms/ocean/ships/sumner/SUM1004/multibeam/data/version1/MB/61mbo10243_p_100.d06.mb121.gz,13631488,swath,whole
SUM1004,61mbo10243_p_100.d07.mb121.gz,https://data.ngdc.noaa.gov/platforms/ocean/ships/sumner/SUM1004/multibeam/data/version1/MB/61mbo10243_p_100.d07.mb121.gz,9646899,swath,whole
SUM1004,61mbo10243_p_100.d08.mb121.gz,https://data.ngdc.noaa.gov/platforms/ocean/ships/sumner/SUM1004/multibeam/data/version1/MB/61mbo10243_p_100.d08.mb121.gz,9542042,swath,whole
SUM1004,61mbo10243_p_100.d09.mb121.gz,https://data.ngdc.noaa.gov/platforms/ocean/ships/sumner/SUM1004/multibeam/data/version1/MB/61mbo10243_p_100.d09.mb121.gz,9122611,swath,whole
SUM1004,61mbo10243_p_100.d10.mb121.gz,https://data.ngdc.noaa.gov/platforms/ocean/ships/sumner/SUM1004/multibeam/data/version1/MB/61mbo10243_p_100.d10.mb121.gz,25165824,swath,whole
SUM1004,61mbo10243_p_100.d11.mb121.gz,https://data.ngdc.noaa.gov/platforms/ocean/ships/sumner/SUM1004/multibeam/data/version1/MB/61mbo10243_p_100.d11.mb121.gz,44040192,swath,whole
SUM1004,61mbo10244_p_100.d01.mb121.gz,https://data.ngdc.noaa.gov/platforms/ocean/ships/sumner/SUM1004/multibeam/data/version1/MB/61mbo10244_p_100.d01.mb121.gz,6920602,swath,whole
SUM1004,61mbo10244_p_100.d02.mb121.gz,https://data.ngdc.noaa.gov/platforms/ocean/ships/sumner/SUM1004/multibeam/data/version1/MB/61mbo10244_p_100.d02.mb121.gz,6186598,swath,whole
SUM1004,61mbo10244_p_100.d03.mb121.gz,https://data.ngdc.noaa.gov/platforms/ocean/ships/sumner/SUM1004/multibeam/data/version1/MB/61mbo10244_p_100.d03.mb121.gz,25165824,swath,whole
SUM1004,61mbo10244_p_100.d04.mb121.gz,https://data.ngdc.noaa.gov/platforms/ocean/ships/sumner/SUM1004/multibeam/data/version1/MB/61mbo10244_p_100.d04.mb121.gz,22020096,swath,whole
SUM1004,61mbo10244_p_100.d05.mb121.gz,https://data.ngdc.noaa.gov/platforms/ocean/ships/sumner/SUM1004/multibeam/data/version1/MB/61mbo10244_p_100.d05.mb121.gz,6396314,swath,whole
SUM1004,61mbo10244_p_100.d06.mb121.gz,https://data.ngdc.noaa.gov/platforms/ocean/ships/sumner/SUM1004/multibeam/data/version1/MB/61mbo10244_p_100.d06.mb121.gz,50331648,swath,whole
SUM1004,61mbo10244_p_100.d07.mb121.gz,https://data.ngdc.noaa.gov/platforms/ocean/ships/sumner/SUM1004/multibeam/data/version1/MB/61mbo10244_p_100.d07.mb121.gz,30408704,swath,whole
SUM1004,61mbo10245_p_100.d01.mb121.gz,https://data.ngdc.noaa.gov/platforms/ocean/ships/sumner/SUM1004/multibeam/data/version1/MB/61mbo10245_p_100.d01.mb121.gz,25165824,swath,whole
SUM1004,61mbo10245_p_100.d02.mb121.gz,https://data.ngdc.noaa.gov/platforms/ocean/ships/sumner/SUM1004/multibeam/data/version1/MB/61mbo10245_p_100.d02.mb121.gz,32505856,swath,whole
SUM1004,61mbo10245_p_100.d03.mb121.gz,https://data.ngdc.noaa.gov/platforms/ocean/ships/sumner/SUM1004/multibeam/data/version1/MB/61mbo10245_p_100.d03.mb121.gz,22020096,swath,whole
SUM1004,61mbo10245_p_100.d04.mb121.gz,https://data.ngdc.noaa.gov/platforms/ocean/ships/sumner/SUM1004/multibeam/data/version1/MB/61mbo10245_p_100.d04.mb121.gz,4194304,swath,whole
SUM1004,61mbo10245_p_100.d05.mb121.gz,https://data.ngdc.noaa.gov/platforms/ocean/ships/sumner/SUM1004/multibeam/data/version1/MB/61mbo10245_p_100.d05.mb121.gz,48128,swath,whole
SUM1004,61mbo10245_p_100.d06.mb121.gz,https://data.ngdc.noaa.gov/platforms/ocean/ships/sumner/SUM1004/multibeam/data/version1/MB/61mbo10245_p_100.d06.mb121.gz,289792,swath,whole
SUM1004,61mbo10245_p_100.d07.mb121.gz,https://data.ngdc.noaa.gov/platforms/ocean/ships/sumner/SUM1004/multibeam/data/version1/MB/61mbo10245_p_100.d07.mb121.gz,14680064,swath,whole
SUM1004,61mbo10245_p_100.d08.mb121.gz,https://data.ngdc.noaa.gov/platforms/ocean/ships/sumner/SUM1004/multibeam/data/version1/MB/61mbo10245_p_100.d08.mb121.gz,40894464,swath,whole
SUM1004,61mbo10246_p_100.d01.mb121.gz,https://data.ngdc.noaa.gov/platforms/ocean/ships/sumner/SUM1004/multibeam/data/version1/MB/61mbo10246_p_100.d01.mb121.gz,47185920,swath,whole
SUM1004,61mbo10246_p_100.d02.mb121.gz,https://data.ngdc.noaa.gov/platforms/ocean/ships/sumner/SUM1004/multibeam/data/version1/MB/61mbo10246_p_100.d02.mb121.gz,25165824,swath,whole
SUM1004,61mbo10246_p_100.d03.mb121.gz,https://data.ngdc.noaa.gov/platforms/ocean/ships/sumner/SUM1004/multibeam/data/version1/MB/61mbo10246_p_100.d03.mb121.gz,61865984,swath,whole
SUM1004,61mbo10246_p_100.d04.mb121.gz,https://data.ngdc.noaa.gov/platforms/ocean/ships/sumner/SUM1004/multibeam/data/version1/MB/61mbo10246_p_100.d04.mb121.gz,47185920,swath,whole
SUM1004,61mbo10247_p_100.d01.mb121.gz,https://data.ngdc.noaa.gov/platforms/ocean/ships/sumner/SUM1004/multibeam/data/version1/MB/61mbo10247_p_100.d01.mb121.gz,39845888,swath,whole
SUM1004,61mbo10247_p_100.d02.mb121.gz,https://data.ngdc.noaa.gov/platforms/ocean/ships/sumner/SUM1004/multibeam/data/version1/MB/61mbo10247_p_100.d02.mb121.gz,39845888,swath,whole
SUM1004,61mbo10247_p_100.d03.mb121.gz,https://data.ngdc.noaa.gov/platforms/ocean/ships/sumner/SUM1004/multibeam/data/version1/MB/61mbo10247_p_100.d03.mb121.gz,44040192,swath,whole
SUM1004,61mbo10247_p_100.d04.mb121.gz,https://data.ngdc.noaa.gov/platforms/ocean/ships/sumner/SUM1004/multibeam/data/version1/MB/61mbo10247_p_100.d04.mb121.gz,38797312,swath,whole
SUM1004,61mbo10247_p_100.d05.mb121.gz,https://data.ngdc.noaa.gov/platforms/ocean/ships/sumner/SUM1004/multibeam/data/version1/MB/61mbo10247_p_100.d05.mb121.gz,13631488,swath,whole
SUM1004,61mbo10247_p_100.d06.mb121.gz,https://data.ngdc.noaa.gov/platforms/ocean/ships/sumner/SUM1004/multibeam/data/version1/MB/61mbo10247_p_100.d06.mb121.gz,285696,swath,whole
lostcity2005,20050718134505_002.mb94.gz,https://data.ngdc.noaa.gov/platforms/ocean/ships/ronald_h._brown/lostcity2005/multibeam/data/version1/MB/20050718134505_002.mb94.gz,3460301,swath,whole
lostcity2005,20050718135550_003.mb94.gz,https://data.ngdc.noaa.gov/platforms/ocean/ships/ronald_h._brown/lostcity2005/multibeam/data/version1/MB/20050718135550_003.mb94.gz,3565158,swath,whole
lostcity2005,20050718140651_004.mb94.gz,https://data.ngdc.noaa.gov/platforms/ocean/ships/ronald_h._brown/lostcity2005/multibeam/data/version1/MB/20050718140651_004.mb94.gz,3670016,swath,whole
lostcity2005,20050718141913_005.mb94.gz,https://data.ngdc.noaa.gov/platforms/ocean/ships/ronald_h._brown/lostcity2005/multibeam/data/version1/MB/20050718141913_005.mb94.gz,3670016,swath,whole
lostcity2005,20050718143150_006.mb94.gz,https://data.ngdc.noaa.gov/platforms/ocean/ships/ronald_h._brown/lostcity2005/multibeam/data/version1/MB/20050718143150_006.mb94.gz,3565158,swath,whole
lostcity2005,20050718144438_007.mb94.gz,https://data.ngdc.noaa.gov/platforms/ocean/ships/ronald_h._brown/lostcity2005/multibeam/data/version1/MB/20050718144438_007.mb94.gz,3670016,swath,whole
lostcity2005,20050718145735_008.mb94.gz,https://data.ngdc.noaa.gov/platforms/ocean/ships/ronald_h._brown/lostcity2005/multibeam/data/version1/MB/20050718145735_008.mb94.gz,3670016,swath,whole
lostcity2005,20050718151040_009.mb94.gz,https://data.ngdc.noaa.gov/platforms/ocean/ships/ronald_h._brown/lostcity2005/multibeam/data/version1/MB/20050718151040_009.mb94.gz,3670016,swath,whole
lostcity2005,20050718152349_010.mb94.gz,https://data.ngdc.noaa.gov/platforms/ocean/ships/ronald_h._brown/lostcity2005/multibeam/data/version1/MB/20050718152349_010.mb94.gz,3565158,swath,whole
lostcity2005,20050718153703_011.mb94.gz,https://data.ngdc.noaa.gov/platforms/ocean/ships/ronald_h._brown/lostcity2005/multibeam/data/version1/MB/20050718153703_011.mb94.gz,3565158,swath,whole
lostcity2005,20050718155016_012.mb94.gz,https://data.ngdc.noaa.gov/platforms/ocean/ships/ronald_h._brown/lostcity2005/multibeam/data/version1/MB/20050718155016_012.mb94.gz,3565158,swath,whole
lostcity2005,20050718160349_013.mb94.gz,https://data.ngdc.noaa.gov/platforms/ocean/ships/ronald_h._brown/lostcity2005/multibeam/data/version1/MB/20050718160349_013.mb94.gz,3565158,swath,whole
lostcity2005,20050718161723_014.mb94.gz,https://data.ngdc.noaa.gov/platforms/ocean/ships/ronald_h._brown/lostcity2005/multibeam/data/version1/MB/20050718161723_014.mb94.gz,3670016,swath,whole
lostcity2005,20050718163019_015.mb94.gz,https://data.ngdc.noaa.gov/platforms/ocean/ships/ronald_h._brown/lostcity2005/multibeam/data/version1/MB/20050718163019_015.mb94.gz,3565158,swath,whole
lostcity2005,20050718164322_016.mb94.gz,https://data.ngdc.noaa.gov/platforms/ocean/ships/ronald_h._brown/lostcity2005/multibeam/data/version1/MB/20050718164322_016.mb94.gz,3565158,swath,whole
lostcity2005,20050718165624_017.mb94.gz,https://data.ngdc.noaa.gov/platforms/ocean/ships/ronald_h._brown/lostcity2005/multibeam/data/version1/MB/20050718165624_017.mb94.gz,3565158,swath,whole
lostcity2005,20050718170946_018.mb94.gz,https://data.ngdc.noaa.gov/platforms/ocean/ships/ronald_h._brown/lostcity2005/multibeam/data/version1/MB/20050718170946_018.mb94.gz,3565158,swath,whole
lostcity2005,20050718172323_019.mb94.gz,https://data.ngdc.noaa.gov/platforms/ocean/ships/ronald_h._brown/lostcity2005/multibeam/data/version1/MB/20050718172323_019.mb94.gz,3565158,swath,whole
lostcity2005,20050718173644_020.mb94.gz,https://data.ngdc.noaa.gov/platforms/ocean/ships/ronald_h._brown/lostcity2005/multibeam/data/version1/MB/20050718173644_020.mb94.gz,3565158,swath,whole
lostcity2005,20050718175008_021.mb94.gz,https://data.ngdc.noaa.gov/platforms/ocean/ships/ronald_h._brown/lostcity2005/multibeam/data/version1/MB/20050718175008_021.mb94.gz,3460301,swath,whole
lostcity2005,20050718180338_022.mb94.gz,https://data.ngdc.noaa.gov/platforms/ocean/ships/ronald_h._brown/lostcity2005/multibeam/data/version1/MB/20050718180338_022.mb94.gz,3460301,swath,whole
lostcity2005,20050718181706_023.mb94.gz,https://data.ngdc.noaa.gov/platforms/ocean/ships/ronald_h._brown/lostcity2005/multibeam/data/version1/MB/20050718181706_023.mb94.gz,3460301,swath,whole
lostcity2005,20050718183039_024.mb94.gz,https://data.ngdc.noaa.gov/platforms/ocean/ships/ronald_h._brown/lostcity2005/multibeam/data/version1/MB/20050718183039_024.mb94.gz,3460301,swath,whole
lostcity2005,20050718184420_025.mb94.gz,https://data.ngdc.noaa.gov/platforms/ocean/ships/ronald_h._brown/lostcity2005/multibeam/data/version1/MB/20050718184420_025.mb94.gz,3460301,swath,whole
lostcity2005,20050718185807_026.mb94.gz,https://data.ngdc.noaa.gov/platforms/ocean/ships/ronald_h._brown/lostcity2005/multibeam/data/version1/MB/20050718185807_026.mb94.gz,3460301,swath,whole
lostcity2005,20050718191157_027.mb94.gz,https://data.ngdc.noaa.gov/platforms/ocean/ships/ronald_h._brown/lostcity2005/multibeam/data/version1/MB/20050718191157_027.mb94.gz,3460301,swath,whole
lostcity2005,20050718192550_028.mb94.gz,https://data.ngdc.noaa.gov/platforms/ocean/ships/ronald_h._brown/lostcity2005/multibeam/data/version1/MB/20050718192550_028.mb94.gz,3460301,swath,whole
lostcity2005,20050718193933_029.mb94.gz,https://data.ngdc.noaa.gov/platforms/ocean/ships/ronald_h._brown/lostcity2005/multibeam/data/version1/MB/20050718193933_029.mb94.gz,3355443,swath,whole
lostcity2005,20050718195308_030.mb94.gz,https://data.ngdc.noaa.gov/platforms/ocean/ships/ronald_h._brown/lostcity2005/multibeam/data/version1/MB/20050718195308_030.mb94.gz,3355443,swath,whole
lostcity2005,20050718200635_031.mb94.gz,https://data.ngdc.noaa.gov/platforms/ocean/ships/ronald_h._brown/lostcity2005/multibeam/data/version1/MB/20050718200635_031.mb94.gz,3355443,swath,whole
lostcity2005,20050718202014_032.mb94.gz,https://data.ngdc.noaa.gov/platforms/ocean/ships/ronald_h._brown/lostcity2005/multibeam/data/version1/MB/20050718202014_032.mb94.gz,3250586,swath,whole
lostcity2005,20050718203352_033.mb94.gz,https://data.ngdc.noaa.gov/platforms/ocean/ships/ronald_h._brown/lostcity2005/multibeam/data/version1/MB/20050718203352_033.mb94.gz,3250586,swath,whole
lostcity2005,20050718204728_034.mb94.gz,https://data.ngdc.noaa.gov/platforms/ocean/ships/ronald_h._brown/lostcity2005/multibeam/data/version1/MB/20050718204728_034.mb94.gz,3355443,swath,whole
lostcity2005,20050718210100_035.mb94.gz,https://data.ngdc.noaa.gov/platforms/ocean/ships/ronald_h._brown/lostcity2005/multibeam/data/version1/MB/20050718210100_035.mb94.gz,3250586,swath,whole
lostcity2005,20050718211424_036.mb94.gz,https://data.ngdc.noaa.gov/platforms/ocean/ships/ronald_h._brown/lostcity2005/multibeam/data/version1/MB/20050718211424_036.mb94.gz,3250586,swath,whole
lostcity2005,20050718212754_037.mb94.gz,https://data.ngdc.noaa.gov/platforms/ocean/ships/ronald_h._brown/lostcity2005/multibeam/data/version1/MB/20050718212754_037.mb94.gz,3250586,swath,whole
lostcity2005,20050718214115_038.mb94.gz,https://data.ngdc.noaa.gov/platforms/ocean/ships/ronald_h._brown/lostcity2005/multibeam/data/version1/MB/20050718214115_038.mb94.gz,3250586,swath,whole
lostcity2005,20050718215438_039.mb94.gz,https://data.ngdc.noaa.gov/platforms/ocean/ships/ronald_h._brown/lostcity2005/multibeam/data/version1/MB/20050718215438_039.mb94.gz,3250586,swath,whole
lostcity2005,20050718220804_040.mb94.gz,https://data.ngdc.noaa.gov/platforms/ocean/ships/ronald_h._brown/lostcity2005/multibeam/data/version1/MB/20050718220804_040.mb94.gz,3250586,swath,whole
lostcity2005,20050718222135_041.mb94.gz,https://data.ngdc.noaa.gov/platforms/ocean/ships/ronald_h._brown/lostcity2005/multibeam/data/version1/MB/20050718222135_041.mb94.gz,3250586,swath,whole
lostcity2005,20050718223507_042.mb94.gz,https://data.ngdc.noaa.gov/platforms/ocean/ships/ronald_h._brown/lostcity2005/multibeam/data/version1/MB/20050718223507_042.mb94.gz,3250586,swath,whole
lostcity2005,20050718224838_043.mb94.gz,https://data.ngdc.noaa.gov/platforms/ocean/ships/ronald_h._brown/lostcity2005/multibeam/data/version1/MB/20050718224838_043.mb94.gz,3250586,swath,whole
lostcity2005,20050718230214_044.mb94.gz,https://data.ngdc.noaa.gov/platforms/ocean/ships/ronald_h._brown/lostcity2005/multibeam/data/version1/MB/20050718230214_044.mb94.gz,3250586,swath,whole
lostcity2005,20050718231534_045.mb94.gz,https://data.ngdc.noaa.gov/platforms/ocean/ships/ronald_h._brown/lostcity2005/multibeam/data/version1/MB/20050718231534_045.mb94.gz,3250586,swath,whole
lostcity2005,20050718232902_046.mb94.gz,https://data.ngdc.noaa.gov/platforms/ocean/ships/ronald_h._brown/lostcity2005/multibeam/data/version1/MB/20050718232902_046.mb94.gz,3250586,swath,whole
lostcity2005,20050718234240_047.mb94.gz,https://data.ngdc.noaa.gov/platforms/ocean/ships/ronald_h._brown/lostcity2005/multibeam/data/version1/MB/20050718234240_047.mb94.gz,3250586,swath,whole
lostcity2005,20050718235605_048.mb94.gz,https://data.ngdc.noaa.gov/platforms/ocean/ships/ronald_h._brown/lostcity2005/multibeam/data/version1/MB/20050718235605_048.mb94.gz,3250586,swath,whole
lostcity2005,20050719000926_049.mb94.gz,https://data.ngdc.noaa.gov/platforms/ocean/ships/ronald_h._brown/lostcity2005/multibeam/data/version1/MB/20050719000926_049.mb94.gz,3250586,swath,whole
lostcity2005,20050719002255_050.mb94.gz,https://data.ngdc.noaa.gov/platforms/ocean/ships/ronald_h._brown/lostcity2005/multibeam/data/version1/MB/20050719002255_050.mb94.gz,3250586,swath,whole
lostcity2005,20050719003621_051.mb94.gz,https://data.ngdc.noaa.gov/platforms/ocean/ships/ronald_h._brown/lostcity2005/multibeam/data/version1/MB/20050719003621_051.mb94.gz,3250586,swath,whole
lostcity2005,20050719004947_052.mb94.gz,https://data.ngdc.noaa.gov/platforms/ocean/ships/ronald_h._brown/lostcity2005/multibeam/data/version1/MB/20050719004947_052.mb94.gz,3250586,swath,whole
lostcity2005,20050719010309_053.mb94.gz,https://data.ngdc.noaa.gov/platforms/ocean/ships/ronald_h._brown/lostcity2005/multibeam/data/version1/MB/20050719010309_053.mb94.gz,3250586,swath,whole
lostcity2005,20050719011637_054.mb94.gz,https://data.ngdc.noaa.gov/platforms/ocean/ships/ronald_h._brown/lostcity2005/multibeam/data/version1/MB/20050719011637_054.mb94.gz,3250586,swath,whole
lostcity2005,20050719012957_055.mb94.gz,https://data.ngdc.noaa.gov/platforms/ocean/ships/ronald_h._brown/lostcity2005/multibeam/data/version1/MB/20050719012957_055.mb94.gz,3250586,swath,whole
lostcity2005,20050719014326_056.mb94.gz,https://data.ngdc.noaa.gov/platforms/ocean/ships/ronald_h._brown/lostcity2005/multibeam/data/version1/MB/20050719014326_056.mb94.gz,3250586,swath,whole
lostcity2005,20050719015658_057.mb94.gz,https://data.ngdc.noaa.gov/platforms/ocean/ships/ronald_h._brown/lostcity2005/multibeam/data/version1/MB/20050719015658_057.mb94.gz,3250586,swath,whole
lostcity2005,20050719021024_058.mb94.gz,https://data.ngdc.noaa.gov/platforms/ocean/ships/ronald_h._brown/lostcity2005/multibeam/data/version1/MB/20050719021024_058.mb94.gz,3250586,swath,whole
lostcity2005,20050719022355_059.mb94.gz,https://data.ngdc.noaa.gov/platforms/ocean/ships/ronald_h._brown/lostcity2005/multibeam/data/version1/MB/20050719022355_059.mb94.gz,3250586,swath,whole
lostcity2005,20050719023722_060.mb94.gz,https://data.ngdc.noaa.gov/platforms/ocean/ships/ronald_h._brown/lostcity2005/multibeam/data/version1/MB/20050719023722_060.mb94.gz,3250586,swath,whole
lostcity2005,20050719025041_061.mb94.gz,https://data.ngdc.noaa.gov/platforms/ocean/ships/ronald_h._brown/lostcity2005/multibeam/data/version1/MB/20050719025041_061.mb94.gz,3250586,swath,whole
lostcity2005,20050719030400_062.mb94.gz,https://data.ngdc.noaa.gov/platforms/ocean/ships/ronald_h._brown/lostcity2005/multibeam/data/version1/MB/20050719030400_062.mb94.gz,3250586,swath,whole
lostcity2005,20050719031722_063.mb94.gz,https://data.ngdc.noaa.gov/platforms/ocean/ships/ronald_h._brown/lostcity2005/multibeam/data/version1/MB/20050719031722_063.mb94.gz,3250586,swath,whole
lostcity2005,20050719033039_064.mb94.gz,https://data.ngdc.noaa.gov/platforms/ocean/ships/ronald_h._brown/lostcity2005/multibeam/data/version1/MB/20050719033039_064.mb94.gz,3250586,swath,whole
lostcity2005,20050719034401_065.mb94.gz,https://data.ngdc.noaa.gov/platforms/ocean/ships/ronald_h._brown/lostcity2005/multibeam/data/version1/MB/20050719034401_065.mb94.gz,3250586,swath,whole
lostcity2005,20050719035727_066.mb94.gz,https://data.ngdc.noaa.gov/platforms/ocean/ships/ronald_h._brown/lostcity2005/multibeam/data/version1/MB/20050719035727_066.mb94.gz,3250586,swath,whole
lostcity2005,20050719041059_067.mb94.gz,https://data.ngdc.noaa.gov/platforms/ocean/ships/ronald_h._brown/lostcity2005/multibeam/data/version1/MB/20050719041059_067.mb94.gz,3250586,swath,whole
lostcity2005,20050719042425_068.mb94.gz,https://data.ngdc.noaa.gov/platforms/ocean/ships/ronald_h._brown/lostcity2005/multibeam/data/version1/MB/20050719042425_068.mb94.gz,3250586,swath,whole
lostcity2005,20050719043800_069.mb94.gz,https://data.ngdc.noaa.gov/platforms/ocean/ships/ronald_h._brown/lostcity2005/multibeam/data/version1/MB/20050719043800_069.mb94.gz,3250586,swath,whole
lostcity2005,20050719045129_070.mb94.gz,https://data.ngdc.noaa.gov/platforms/ocean/ships/ronald_h._brown/lostcity2005/multibeam/data/version1/MB/20050719045129_070.mb94.gz,3250586,swath,whole
lostcity2005,20050719050505_071.mb94.gz,https://data.ngdc.noaa.gov/platforms/ocean/ships/ronald_h._brown/lostcity2005/multibeam/data/version1/MB/20050719050505_071.mb94.gz,3250586,swath,whole
lostcity2005,20050719051851_072.mb94.gz,https://data.ngdc.noaa.gov/platforms/ocean/ships/ronald_h._brown/lostcity2005/multibeam/data/version1/MB/20050719051851_072.mb94.gz,3250586,swath,whole
lostcity2005,20050719053215_073.mb94.gz,https://data.ngdc.noaa.gov/platforms/ocean/ships/ronald_h._brown/lostcity2005/multibeam/data/version1/MB/20050719053215_073.mb94.gz,3355443,swath,whole
lostcity2005,20050719054547_074.mb94.gz,https://data.ngdc.noaa.gov/platforms/ocean/ships/ronald_h._brown/lostcity2005/multibeam/data/version1/MB/20050719054547_074.mb94.gz,3355443,swath,whole
lostcity2005,20050719055912_075.mb94.gz,https://data.ngdc.noaa.gov/platforms/ocean/ships/ronald_h._brown/lostcity2005/multibeam/data/version1/MB/20050719055912_075.mb94.gz,3355443,swath,whole
lostcity2005,20050719061222_076.mb94.gz,https://data.ngdc.noaa.gov/platforms/ocean/ships/ronald_h._brown/lostcity2005/multibeam/data/version1/MB/20050719061222_076.mb94.gz,3250586,swath,whole
lostcity2005,20050719062535_077.mb94.gz,https://data.ngdc.noaa.gov/platforms/ocean/ships/ronald_h._brown/lostcity2005/multibeam/data/version1/MB/20050719062535_077.mb94.gz,3250586,swath,whole
lostcity2005,20050719063907_078.mb94.gz,https://data.ngdc.noaa.gov/platforms/ocean/ships/ronald_h._brown/lostcity2005/multibeam/data/version1/MB/20050719063907_078.mb94.gz,3250586,swath,whole
lostcity2005,20050719065223_079.mb94.gz,https://data.ngdc.noaa.gov/platforms/ocean/ships/ronald_h._brown/lostcity2005/multibeam/data/version1/MB/20050719065223_079.mb94.gz,3145728,swath,whole
lostcity2005,20050719070541_080.mb94.gz,https://data.ngdc.noaa.gov/platforms/ocean/ships/ronald_h._brown/lostcity2005/multibeam/data/version1/MB/20050719070541_080.mb94.gz,3250586,swath,whole
lostcity2005,20050719071859_081.mb94.gz,https://data.ngdc.noaa.gov/platforms/ocean/ships/ronald_h._brown/lostcity2005/multibeam/data/version1/MB/20050719071859_081.mb94.gz,3145728,swath,whole
lostcity2005,20050719073210_082.mb94.gz,https://data.ngdc.noaa.gov/platforms/ocean/ships/ronald_h._brown/lostcity2005/multibeam/data/version1/MB/20050719073210_082.mb94.gz,3145728,swath,whole
lostcity2005,20050719074524_083.mb94.gz,https://data.ngdc.noaa.gov/platforms/ocean/ships/ronald_h._brown/lostcity2005/multibeam/data/version1/MB/20050719074524_083.mb94.gz,3250586,swath,whole
lostcity2005,20050719075853_084.mb94.gz,https://data.ngdc.noaa.gov/platforms/ocean/ships/ronald_h._brown/lostcity2005/multibeam/data/version1/MB/20050719075853_084.mb94.gz,3250586,swath,whole
lostcity2005,20050719081218_085.mb94.gz,https://data.ngdc.noaa.gov/platforms/ocean/ships/ronald_h._brown/lostcity2005/multibeam/data/version1/MB/20050719081218_085.mb94.gz,3355443,swath,whole
lostcity2005,20050719082520_086.mb94.gz,https://data.ngdc.noaa.gov/platforms/ocean/ships/ronald_h._brown/lostcity2005/multibeam/data/version1/MB/20050719082520_086.mb94.gz,3355443,swath,whole
lostcity2005,20050719083824_087.mb94.gz,https://data.ngdc.noaa.gov/platforms/ocean/ships/ronald_h._brown/lostcity2005/multibeam/data/version1/MB/20050719083824_087.mb94.gz,3460301,swath,whole
lostcity2005,20050719085125_088.mb94.gz,https://data.ngdc.noaa.gov/platforms/ocean/ships/ronald_h._brown/lostcity2005/multibeam/data/version1/MB/20050719085125_088.mb94.gz,3460301,swath,whole
lostcity2005,20050719090436_089.mb94.gz,https://data.ngdc.noaa.gov/platforms/ocean/ships/ronald_h._brown/lostcity2005/multibeam/data/version1/MB/20050719090436_089.mb94.gz,3460301,swath,whole
lostcity2005,20050719091715_090.mb94.gz,https://data.ngdc.noaa.gov/platforms/ocean/ships/ronald_h._brown/lostcity2005/multibeam/data/version1/MB/20050719091715_090.mb94.gz,3460301,swath,whole
lostcity2005,20050719092942_091.mb94.gz,https://data.ngdc.noaa.gov/platforms/ocean/ships/ronald_h._brown/lostcity2005/multibeam/data/version1/MB/20050719092942_091.mb94.gz,3355443,swath,whole
lostcity2005,20050719094233_092.mb94.gz,https://data.ngdc.noaa.gov/platforms/ocean/ships/ronald_h._brown/lostcity2005/multibeam/data/version1/MB/20050719094233_092.mb94.gz,3460301,swath,whole
lostcity2005,20050719095539_093.mb94.gz,https://data.ngdc.noaa.gov/platforms/ocean/ships/ronald_h._brown/lostcity2005/multibeam/data/version1/MB/20050719095539_093.mb94.gz,3355443,swath,whole
lostcity2005,20050719100836_094.mb94.gz,https://data.ngdc.noaa.gov/platforms/ocean/ships/ronald_h._brown/lostcity2005/multibeam/data/version1/MB/20050719100836_094.mb94.gz,3355443,swath,whole
lostcity2005,20050719102138_095.mb94.gz,https://data.ngdc.noaa.gov/platforms/ocean/ships/ronald_h._brown/lostcity2005/multibeam/data/version1/MB/20050719102138_095.mb94.gz,3250586,swath,whole
lostcity2005,20050719103438_096.mb94.gz,https://data.ngdc.noaa.gov/platforms/ocean/ships/ronald_h._brown/lostcity2005/multibeam/data/version1/MB/20050719103438_096.mb94.gz,3250586,swath,whole
lostcity2005,20050719104802_097.mb94.gz,https://data.ngdc.noaa.gov/platforms/ocean/ships/ronald_h._brown/lostcity2005/multibeam/data/version1/MB/20050719104802_097.mb94.gz,3145728,swath,whole
lostcity2005,20050719110113_098.mb94.gz,https://data.ngdc.noaa.gov/platforms/ocean/ships/ronald_h._brown/lostcity2005/multibeam/data/version1/MB/20050719110113_098.mb94.gz,3145728,swath,whole
lostcity2005,20050719111428_099.mb94.gz,https://data.ngdc.noaa.gov/platforms/ocean/ships/ronald_h._brown/lostcity2005/multibeam/data/version1/MB/20050719111428_099.mb94.gz,3250586,swath,whole
lostcity2005,20050719112747_100.mb94.gz,https://data.ngdc.noaa.gov/platforms/ocean/ships/ronald_h._brown/lostcity2005/multibeam/data/version1/MB/20050719112747_100.mb94.gz,3250586,swath,whole
lostcity2005,20050719114114_101.mb94.gz,https://data.ngdc.noaa.gov/platforms/ocean/ships/ronald_h._brown/lostcity2005/multibeam/data/version1/MB/20050719114114_101.mb94.gz,3250586,swath,whole
lostcity2005,20050719115445_102.mb94.gz,https://data.ngdc.noaa.gov/platforms/ocean/ships/ronald_h._brown/lostcity2005/multibeam/data/version1/MB/20050719115445_102.mb94.gz,3250586,swath,whole
lostcity2005,20050719120755_103.mb94.gz,https://data.ngdc.noaa.gov/platforms/ocean/ships/ronald_h._brown/lostcity2005/multibeam/data/version1/MB/20050719120755_103.mb94.gz,3250586,swath,whole
lostcity2005,20050719122116_104.mb94.gz,https://data.ngdc.noaa.gov/platforms/ocean/ships/ronald_h._brown/lostcity2005/multibeam/data/version1/MB/20050719122116_104.mb94.gz,3250586,swath,whole
lostcity2005,20050719123451_105.mb94.gz,https://data.ngdc.noaa.gov/platforms/ocean/ships/ronald_h._brown/lostcity2005/multibeam/data/version1/MB/20050719123451_105.mb94.gz,3250586,swath,whole
lostcity2005,20050719124819_106.mb94.gz,https://data.ngdc.noaa.gov/platforms/ocean/ships/ronald_h._brown/lostcity2005/multibeam/data/version1/MB/20050719124819_106.mb94.gz,3250586,swath,whole
lostcity2005,20050719130144_107.mb94.gz,https://data.ngdc.noaa.gov/platforms/ocean/ships/ronald_h._brown/lostcity2005/multibeam/data/version1/MB/20050719130144_107.mb94.gz,3250586,swath,whole
lostcity2005,20050719131507_108.mb94.gz,https://data.ngdc.noaa.gov/platforms/ocean/ships/ronald_h._brown/lostcity2005/multibeam/data/version1/MB/20050719131507_108.mb94.gz,3250586,swath,whole
lostcity2005,20050719132837_109.mb94.gz,https://data.ngdc.noaa.gov/platforms/ocean/ships/ronald_h._brown/lostcity2005/multibeam/data/version1/MB/20050719132837_109.mb94.gz,3250586,swath,whole
lostcity2005,20050719134216_110.mb94.gz,https://data.ngdc.noaa.gov/platforms/ocean/ships/ronald_h._brown/lostcity2005/multibeam/data/version1/MB/20050719134216_110.mb94.gz,2936013,swath,whole
lostcity2005,20050719141144_002.mb94.gz,https://data.ngdc.noaa.gov/platforms/ocean/ships/ronald_h._brown/lostcity2005/multibeam/data/version1/MB/20050719141144_002.mb94.gz,3040870,swath,whole
lostcity2005,20050719142447_003.mb94.gz,https://data.ngdc.noaa.gov/platforms/ocean/ships/ronald_h._brown/lostcity2005/multibeam/data/version1/MB/20050719142447_003.mb94.gz,3145728,swath,whole
lostcity2005,20050719143803_004.mb94.gz,https://data.ngdc.noaa.gov/platforms/ocean/ships/ronald_h._brown/lostcity2005/multibeam/data/version1/MB/20050719143803_004.mb94.gz,1258291,swath,whole
lostcity2005,20050719151529_002.mb94.gz,https://data.ngdc.noaa.gov/platforms/ocean/ships/ronald_h._brown/lostcity2005/multibeam/data/version1/MB/20050719151529_002.mb94.gz,3145728,swath,whole
lostcity2005,20050719152838_003.mb94.gz,https://data.ngdc.noaa.gov/platforms/ocean/ships/ronald_h._brown/lostcity2005/multibeam/data/version1/MB/20050719152838_003.mb94.gz,3145728,swath,whole
lostcity2005,20050719154151_004.mb94.gz,https://data.ngdc.noaa.gov/platforms/ocean/ships/ronald_h._brown/lostcity2005/multibeam/data/version1/MB/20050719154151_004.mb94.gz,3145728,swath,whole
lostcity2005,20050719155504_005.mb94.gz,https://data.ngdc.noaa.gov/platforms/ocean/ships/ronald_h._brown/lostcity2005/multibeam/data/version1/MB/20050719155504_005.mb94.gz,3145728,swath,whole
lostcity2005,20050719160817_006.mb94.gz,https://data.ngdc.noaa.gov/platforms/ocean/ships/ronald_h._brown/lostcity2005/multibeam/data/version1/MB/20050719160817_006.mb94.gz,3145728,swath,whole
lostcity2005,20050719162125_007.mb94.gz,https://data.ngdc.noaa.gov/platforms/ocean/ships/ronald_h._brown/lostcity2005/multibeam/data/version1/MB/20050719162125_007.mb94.gz,3145728,swath,whole
lostcity2005,20050719163441_008.mb94.gz,https://data.ngdc.noaa.gov/platforms/ocean/ships/ronald_h._brown/lostcity2005/multibeam/data/version1/MB/20050719163441_008.mb94.gz,3145728,swath,whole
lostcity2005,20050719164748_009.mb94.gz,https://data.ngdc.noaa.gov/platforms/ocean/ships/ronald_h._brown/lostcity2005/multibeam/data/version1/MB/20050719164748_009.mb94.gz,3145728,swath,whole
lostcity2005,20050719170015_010.mb94.gz,https://data.ngdc.noaa.gov/platforms/ocean/ships/ronald_h._brown/lostcity2005/multibeam/data/version1/MB/20050719170015_010.mb94.gz,3145728,swath,whole
lostcity2005,20050719171322_011.mb94.gz,https://data.ngdc.noaa.gov/platforms/ocean/ships/ronald_h._brown/lostcity2005/multibeam/data/version1/MB/20050719171322_011.mb94.gz,3145728,swath,whole
lostcity2005,20050719172638_012.mb94.gz,https://data.ngdc.noaa.gov/platforms/ocean/ships/ronald_h._brown/lostcity2005/multibeam/data/version1/MB/20050719172638_012.mb94.gz,3145728,swath,whole
lostcity2005,20050719173953_013.mb94.gz,https://data.ngdc.noaa.gov/platforms/ocean/ships/ronald_h._brown/lostcity2005/multibeam/data/version1/MB/20050719173953_013.mb94.gz,3145728,swath,whole
lostcity2005,20050719175324_014.mb94.gz,https://data.ngdc.noaa.gov/platforms/ocean/ships/ronald_h._brown/lostcity2005/multibeam/data/version1/MB/20050719175324_014.mb94.gz,3250586,swath,whole
lostcity2005,20050719180704_015.mb94.gz,https://data.ngdc.noaa.gov/platforms/ocean/ships/ronald_h._brown/lostcity2005/multibeam/data/version1/MB/20050719180704_015.mb94.gz,3250586,swath,whole
lostcity2005,20050719182038_016.mb94.gz,https://data.ngdc.noaa.gov/platforms/ocean/ships/ronald_h._brown/lostcity2005/multibeam/data/version1/MB/20050719182038_016.mb94.gz,3250586,swath,whole
lostcity2005,20050719183430_017.mb94.gz,https://data.ngdc.noaa.gov/platforms/ocean/ships/ronald_h._brown/lostcity2005/multibeam/data/version1/MB/20050719183430_017.mb94.gz,3250586,swath,whole
lostcity2005,20050719184804_018.mb94.gz,https://data.ngdc.noaa.gov/platforms/ocean/ships/ronald_h._brown/lostcity2005/multibeam/data/version1/MB/20050719184804_018.mb94.gz,3250586,swath,whole
lostcity2005,20050719190140_019.mb94.gz,https://data.ngdc.noaa.gov/platforms/ocean/ships/ronald_h._brown/lostcity2005/multibeam/data/version1/MB/20050719190140_019.mb94.gz,3250586,swath,whole
lostcity2005,20050719191518_020.mb94.gz,https://data.ngdc.noaa.gov/platforms/ocean/ships/ronald_h._brown/lostcity2005/multibeam/data/version1/MB/20050719191518_020.mb94.gz,3355443,swath,whole
lostcity2005,20050719192910_021.mb94.gz,https://data.ngdc.noaa.gov/platforms/ocean/ships/ronald_h._brown/lostcity2005/multibeam/data/version1/MB/20050719192910_021.mb94.gz,3250586,swath,whole
lostcity2005,20050719194303_022.mb94.gz,https://data.ngdc.noaa.gov/platforms/ocean/ships/ronald_h._brown/lostcity2005/multibeam/data/version1/MB/20050719194303_022.mb94.gz,3250586,swath,whole
lostcity2005,20050719195638_023.mb94.gz,https://data.ngdc.noaa.gov/platforms/ocean/ships/ronald_h._brown/lostcity2005/multibeam/data/version1/MB/20050719195638_023.mb94.gz,3250586,swath,whole
lostcity2005,20050719201016_024.mb94.gz,https://data.ngdc.noaa.gov/platforms/ocean/ships/ronald_h._brown/lostcity2005/multibeam/data/version1/MB/20050719201016_024.mb94.gz,3145728,swath,whole
lostcity2005,20050719202330_025.mb94.gz,https://data.ngdc.noaa.gov/platforms/ocean/ships/ronald_h._brown/lostcity2005/multibeam/data/version1/MB/20050719202330_025.mb94.gz,3145728,swath,whole
lostcity2005,20050719203651_026.mb94.gz,https://data.ngdc.noaa.gov/platforms/ocean/ships/ronald_h._brown/lostcity2005/multibeam/data/version1/MB/20050719203651_026.mb94.gz,3250586,swath,whole
lostcity2005,20050719205015_027.mb94.gz,https://data.ngdc.noaa.gov/platforms/ocean/ships/ronald_h._brown/lostcity2005/multibeam/data/version1/MB/20050719205015_027.mb94.gz,3145728,swath,whole
lostcity2005,20050719210338_028.mb94.gz,https://data.ngdc.noaa.gov/platforms/ocean/ships/ronald_h._brown/lostcity2005/multibeam/data/version1/MB/20050719210338_028.mb94.gz,3250586,swath,whole
lostcity2005,20050719211713_029.mb94.gz,https://data.ngdc.noaa.gov/platforms/ocean/ships/ronald_h._brown/lostcity2005/multibeam/data/version1/MB/20050719211713_029.mb94.gz,3145728,swath,whole
lostcity2005,20050719213041_030.mb94.gz,https://data.ngdc.noaa.gov/platforms/ocean/ships/ronald_h._brown/lostcity2005/multibeam/data/version1/MB/20050719213041_030.mb94.gz,3145728,swath,whole
lostcity2005,20050719214404_031.mb94.gz,https://data.ngdc.noaa.gov/platforms/ocean/ships/ronald_h._brown/lostcity2005/multibeam/data/version1/MB/20050719214404_031.mb94.gz,3145728,swath,whole
lostcity2005,20050719215729_032.mb94.gz,https://data.ngdc.noaa.gov/platforms/ocean/ships/ronald_h._brown/lostcity2005/multibeam/data/version1/MB/20050719215729_032.mb94.gz,3145728,swath,whole
lostcity2005,20050719221047_033.mb94.gz,https://data.ngdc.noaa.gov/platforms/ocean/ships/ronald_h._brown/lostcity2005/multibeam/data/version1/MB/20050719221047_033.mb94.gz,3145728,swath,whole
lostcity2005,20050719222421_034.mb94.gz,https://data.ngdc.noaa.gov/platforms/ocean/ships/ronald_h._brown/lostcity2005/multibeam/data/version1/MB/20050719222421_034.mb94.gz,3145728,swath,whole
lostcity2005,20050719223751_035.mb94.gz,https://data.ngdc.noaa.gov/platforms/ocean/ships/ronald_h._brown/lostcity2005/multibeam/data/version1/MB/20050719223751_035.mb94.gz,3250586,swath,whole
lostcity2005,20050719225124_036.mb94.gz,https://data.ngdc.noaa.gov/platforms/ocean/ships/ronald_h._brown/lostcity2005/multibeam/data/version1/MB/20050719225124_036.mb94.gz,3145728,swath,whole
lostcity2005,20050719230456_037.mb94.gz,https://data.ngdc.noaa.gov/platforms/ocean/ships/ronald_h._brown/lostcity2005/multibeam/data/version1/MB/20050719230456_037.mb94.gz,3145728,swath,whole
lostcity2005,20050719231823_038.mb94.gz,https://data.ngdc.noaa.gov/platforms/ocean/ships/ronald_h._brown/lostcity2005/multibeam/data/version1/MB/20050719231823_038.mb94.gz,3145728,swath,whole
lostcity2005,20050719233147_039.mb94.gz,https://data.ngdc.noaa.gov/platforms/ocean/ships/ronald_h._brown/lostcity2005/multibeam/data/version1/MB/20050719233147_039.mb94.gz,3145728,swath,whole
lostcity2005,20050719234529_040.mb94.gz,https://data.ngdc.noaa.gov/platforms/ocean/ships/ronald_h._brown/lostcity2005/multibeam/data/version1/MB/20050719234529_040.mb94.gz,3250586,swath,whole
lostcity2005,20050719235842_041.mb94.gz,https://data.ngdc.noaa.gov/platforms/ocean/ships/ronald_h._brown/lostcity2005/multibeam/data/version1/MB/20050719235842_041.mb94.gz,3250586,swath,whole
lostcity2005,20050720001223_042.mb94.gz,https://data.ngdc.noaa.gov/platforms/ocean/ships/ronald_h._brown/lostcity2005/multibeam/data/version1/MB/20050720001223_042.mb94.gz,3250586,swath,whole
lostcity2005,20050720002606_043.mb94.gz,https://data.ngdc.noaa.gov/platforms/ocean/ships/ronald_h._brown/lostcity2005/multibeam/data/version1/MB/20050720002606_043.mb94.gz,3145728,swath,whole
lostcity2005,20050720003948_044.mb94.gz,https://data.ngdc.noaa.gov/platforms/ocean/ships/ronald_h._brown/lostcity2005/multibeam/data/version1/MB/20050720003948_044.mb94.gz,3250586,swath,whole
lostcity2005,20050720005337_045.mb94.gz,https://data.ngdc.noaa.gov/platforms/ocean/ships/ronald_h._brown/lostcity2005/multibeam/data/version1/MB/20050720005337_045.mb94.gz,3250586,swath,whole
lostcity2005,20050720010730_046.mb94.gz,https://data.ngdc.noaa.gov/platforms/ocean/ships/ronald_h._brown/lostcity2005/multibeam/data/version1/MB/20050720010730_046.mb94.gz,3250586,swath,whole
lostcity2005,20050720012117_047.mb94.gz,https://data.ngdc.noaa.gov/platforms/ocean/ships/ronald_h._brown/lostcity2005/multibeam/data/version1/MB/20050720012117_047.mb94.gz,3145728,swath,whole
lostcity2005,20050720013500_048.mb94.gz,https://data.ngdc.noaa.gov/platforms/ocean/ships/ronald_h._brown/lostcity2005/multibeam/data/version1/MB/20050720013500_048.mb94.gz,3250586,swath,whole
lostcity2005,20050720014847_049.mb94.gz,https://data.ngdc.noaa.gov/platforms/ocean/ships/ronald_h._brown/lostcity2005/multibeam/data/version1/MB/20050720014847_049.mb94.gz,3145728,swath,whole
lostcity2005,20050720020221_050.mb94.gz,https://data.ngdc.noaa.gov/platforms/ocean/ships/ronald_h._brown/lostcity2005/multibeam/data/version1/MB/20050720020221_050.mb94.gz,3145728,swath,whole
lostcity2005,20050720021600_051.mb94.gz,https://data.ngdc.noaa.gov/platforms/ocean/ships/ronald_h._brown/lostcity2005/multibeam/data/version1/MB/20050720021600_051.mb94.gz,3250586,swath,whole
lostcity2005,20050720022950_052.mb94.gz,https://data.ngdc.noaa.gov/platforms/ocean/ships/ronald_h._brown/lostcity2005/multibeam/data/version1/MB/20050720022950_052.mb94.gz,3145728,swath,whole
lostcity2005,20050720024326_053.mb94.gz,https://data.ngdc.noaa.gov/platforms/ocean/ships/ronald_h._brown/lostcity2005/multibeam/data/version1/MB/20050720024326_053.mb94.gz,3250586,swath,whole
lostcity2005,20050720025718_054.mb94.gz,https://data.ngdc.noaa.gov/platforms/ocean/ships/ronald_h._brown/lostcity2005/multibeam/data/version1/MB/20050720025718_054.mb94.gz,3250586,swath,whole
lostcity2005,20050720031056_055.mb94.gz,https://data.ngdc.noaa.gov/platforms/ocean/ships/ronald_h._brown/lostcity2005/multibeam/data/version1/MB/20050720031056_055.mb94.gz,3145728,swath,whole
lostcity2005,20050720032446_056.mb94.gz,https://data.ngdc.noaa.gov/platforms/ocean/ships/ronald_h._brown/lostcity2005/multibeam/data/version1/MB/20050720032446_056.mb94.gz,3250586,swath,whole
lostcity2005,20050720033815_057.mb94.gz,https://data.ngdc.noaa.gov/platforms/ocean/ships/ronald_h._brown/lostcity2005/multibeam/data/version1/MB/20050720033815_057.mb94.gz,3145728,swath,whole
lostcity2005,20050720035141_058.mb94.gz,https://data.ngdc.noaa.gov/platforms/ocean/ships/ronald_h._brown/lostcity2005/multibeam/data/version1/MB/20050720035141_058.mb94.gz,3145728,swath,whole
lostcity2005,20050720040509_059.mb94.gz,https://data.ngdc.noaa.gov/platforms/ocean/ships/ronald_h._brown/lostcity2005/multibeam/data/version1/MB/20050720040509_059.mb94.gz,3145728,swath,whole
lostcity2005,20050720041837_060.mb94.gz,https://data.ngdc.noaa.gov/platforms/ocean/ships/ronald_h._brown/lostcity2005/multibeam/data/version1/MB/20050720041837_060.mb94.gz,3145728,swath,whole
lostcity2005,20050720043206_061.mb94.gz,https://data.ngdc.noaa.gov/platforms/ocean/ships/ronald_h._brown/lostcity2005/multibeam/data/version1/MB/20050720043206_061.mb94.gz,3145728,swath,whole
lostcity2005,20050720044534_062.mb94.gz,https://data.ngdc.noaa.gov/platforms/ocean/ships/ronald_h._brown/lostcity2005/multibeam/data/version1/MB/20050720044534_062.mb94.gz,3250586,swath,whole
lostcity2005,20050720045915_063.mb94.gz,https://data.ngdc.noaa.gov/platforms/ocean/ships/ronald_h._brown/lostcity2005/multibeam/data/version1/MB/20050720045915_063.mb94.gz,3250586,swath,whole
lostcity2005,20050720051252_064.mb94.gz,https://data.ngdc.noaa.gov/platforms/ocean/ships/ronald_h._brown/lostcity2005/multibeam/data/version1/MB/20050720051252_064.mb94.gz,3250586,swath,whole
lostcity2005,20050720052613_065.mb94.gz,https://data.ngdc.noaa.gov/platforms/ocean/ships/ronald_h._brown/lostcity2005/multibeam/data/version1/MB/20050720052613_065.mb94.gz,3250586,swath,whole
lostcity2005,20050720053942_066.mb94.gz,https://data.ngdc.noaa.gov/platforms/ocean/ships/ronald_h._brown/lostcity2005/multibeam/data/version1/MB/20050720053942_066.mb94.gz,3250586,swath,whole
lostcity2005,20050720055316_067.mb94.gz,https://data.ngdc.noaa.gov/platforms/ocean/ships/ronald_h._brown/lostcity2005/multibeam/data/version1/MB/20050720055316_067.mb94.gz,3250586,swath,whole
lostcity2005,20050720060703_068.mb94.gz,https://data.ngdc.noaa.gov/platforms/ocean/ships/ronald_h._brown/lostcity2005/multibeam/data/version1/MB/20050720060703_068.mb94.gz,3250586,swath,whole
lostcity2005,20050720062046_069.mb94.gz,https://data.ngdc.noaa.gov/platforms/ocean/ships/ronald_h._brown/lostcity2005/multibeam/data/version1/MB/20050720062046_069.mb94.gz,3250586,swath,whole
lostcity2005,20050720063430_070.mb94.gz,https://data.ngdc.noaa.gov/platforms/ocean/ships/ronald_h._brown/lostcity2005/multibeam/data/version1/MB/20050720063430_070.mb94.gz,3250586,swath,whole
lostcity2005,20050720064804_071.mb94.gz,https://data.ngdc.noaa.gov/platforms/ocean/ships/ronald_h._brown/lostcity2005/multibeam/data/version1/MB/20050720064804_071.mb94.gz,3250586,swath,whole
lostcity2005,20050720070153_072.mb94.gz,https://data.ngdc.noaa.gov/platforms/ocean/ships/ronald_h._brown/lostcity2005/multibeam/data/version1/MB/20050720070153_072.mb94.gz,3145728,swath,whole
lostcity2005,20050720071600_073.mb94.gz,https://data.ngdc.noaa.gov/platforms/ocean/ships/ronald_h._brown/lostcity2005/multibeam/data/version1/MB/20050720071600_073.mb94.gz,3250586,swath,whole
lostcity2005,20050720072944_074.mb94.gz,https://data.ngdc.noaa.gov/platforms/ocean/ships/ronald_h._brown/lostcity2005/multibeam/data/version1/MB/20050720072944_074.mb94.gz,3145728,swath,whole
lostcity2005,20050720074314_075.mb94.gz,https://data.ngdc.noaa.gov/platforms/ocean/ships/ronald_h._brown/lostcity2005/multibeam/data/version1/MB/20050720074314_075.mb94.gz,3250586,swath,whole
lostcity2005,20050720075635_076.mb94.gz,https://data.ngdc.noaa.gov/platforms/ocean/ships/ronald_h._brown/lostcity2005/multibeam/data/version1/MB/20050720075635_076.mb94.gz,3145728,swath,whole
lostcity2005,20050720080958_077.mb94.gz,https://data.ngdc.noaa.gov/platforms/ocean/ships/ronald_h._brown/lostcity2005/multibeam/data/version1/MB/20050720080958_077.mb94.gz,3145728,swath,whole
lostcity2005,20050720082325_078.mb94.gz,https://data.ngdc.noaa.gov/platforms/ocean/ships/ronald_h._brown/lostcity2005/multibeam/data/version1/MB/20050720082325_078.mb94.gz,3250586,swath,whole
lostcity2005,20050720083655_079.mb94.gz,https://data.ngdc.noaa.gov/platforms/ocean/ships/ronald_h._brown/lostcity2005/multibeam/data/version1/MB/20050720083655_079.mb94.gz,3145728,swath,whole
lostcity2005,20050720085033_080.mb94.gz,https://data.ngdc.noaa.gov/platforms/ocean/ships/ronald_h._brown/lostcity2005/multibeam/data/version1/MB/20050720085033_080.mb94.gz,3145728,swath,whole
lostcity2005,20050720090413_081.mb94.gz,https://data.ngdc.noaa.gov/platforms/ocean/ships/ronald_h._brown/lostcity2005/multibeam/data/version1/MB/20050720090413_081.mb94.gz,3145728,swath,whole
lostcity2005,20050720091723_082.mb94.gz,https://data.ngdc.noaa.gov/platforms/ocean/ships/ronald_h._brown/lostcity2005/multibeam/data/version1/MB/20050720091723_082.mb94.gz,3145728,swath,whole
lostcity2005,20050720093031_083.mb94.gz,https://data.ngdc.noaa.gov/platforms/ocean/ships/ronald_h._brown/lostcity2005/multibeam/data/version1/MB/20050720093031_083.mb94.gz,3145728,swath,whole
lostcity2005,20050720094341_084.mb94.gz,https://data.ngdc.noaa.gov/platforms/ocean/ships/ronald_h._brown/lostcity2005/multibeam/data/version1/MB/20050720094341_084.mb94.gz,3145728,swath,whole
lostcity2005,20050720095647_085.mb94.gz,https://data.ngdc.noaa.gov/platforms/ocean/ships/ronald_h._brown/lostcity2005/multibeam/data/version1/MB/20050720095647_085.mb94.gz,3145728,swath,whole
lostcity2005,20050720101003_086.mb94.gz,https://data.ngdc.noaa.gov/platforms/ocean/ships/ronald_h._brown/lostcity2005/multibeam/data/version1/MB/20050720101003_086.mb94.gz,3145728,swath,whole
lostcity2005,20050720102307_087.mb94.gz,https://data.ngdc.noaa.gov/platforms/ocean/ships/ronald_h._brown/lostcity2005/multibeam/data/version1/MB/20050720102307_087.mb94.gz,3145728,swath,whole
lostcity2005,20050720103616_088.mb94.gz,https://data.ngdc.noaa.gov/platforms/ocean/ships/ronald_h._brown/lostcity2005/multibeam/data/version1/MB/20050720103616_088.mb94.gz,3145728,swath,whole
lostcity2005,20050720104925_089.mb94.gz,https://data.ngdc.noaa.gov/platforms/ocean/ships/ronald_h._brown/lostcity2005/multibeam/data/version1/MB/20050720104925_089.mb94.gz,3145728,swath,whole
lostcity2005,20050720110250_090.mb94.gz,https://data.ngdc.noaa.gov/platforms/ocean/ships/ronald_h._brown/lostcity2005/multibeam/data/version1/MB/20050720110250_090.mb94.gz,3145728,swath,whole
lostcity2005,20050720111607_091.mb94.gz,https://data.ngdc.noaa.gov/platforms/ocean/ships/ronald_h._brown/lostcity2005/multibeam/data/version1/MB/20050720111607_091.mb94.gz,3250586,swath,whole
lostcity2005,20050720112930_092.mb94.gz,https://data.ngdc.noaa.gov/platforms/ocean/ships/ronald_h._brown/lostcity2005/multibeam/data/version1/MB/20050720112930_092.mb94.gz,3250586,swath,whole
lostcity2005,20050720114301_093.mb94.gz,https://data.ngdc.noaa.gov/platforms/ocean/ships/ronald_h._brown/lostcity2005/multibeam/data/version1/MB/20050720114301_093.mb94.gz,3250586,swath,whole
lostcity2005,20050720115644_094.mb94.gz,https://data.ngdc.noaa.gov/platforms/ocean/ships/ronald_h._brown/lostcity2005/multibeam/data/version1/MB/20050720115644_094.mb94.gz,3250586,swath,whole
lostcity2005,20050720121028_095.mb94.gz,https://data.ngdc.noaa.gov/platforms/ocean/ships/ronald_h._brown/lostcity2005/multibeam/data/version1/MB/20050720121028_095.mb94.gz,3145728,swath,whole
lostcity2005,20050720122359_096.mb94.gz,https://data.ngdc.noaa.gov/platforms/ocean/ships/ronald_h._brown/lostcity2005/multibeam/data/version1/MB/20050720122359_096.mb94.gz,3250586,swath,whole
lostcity2005,20050720123737_097.mb94.gz,https://data.ngdc.noaa.gov/platforms/ocean/ships/ronald_h._brown/lostcity2005/multibeam/data/version1/MB/20050720123737_097.mb94.gz,3145728,swath,whole
lostcity2005,20050720125106_098.mb94.gz,https://data.ngdc.noaa.gov/platforms/ocean/ships/ronald_h._brown/lostcity2005/multibeam/data/version1/MB/20050720125106_098.mb94.gz,3250586,swath,whole
lostcity2005,20050720130449_099.mb94.gz,https://data.ngdc.noaa.gov/platforms/ocean/ships/ronald_h._brown/lostcity2005/multibeam/data/version1/MB/20050720130449_099.mb94.gz,3145728,swath,whole
lostcity2005,20050720131836_100.mb94.gz,https://data.ngdc.noaa.gov/platforms/ocean/ships/ronald_h._brown/lostcity2005/multibeam/data/version1/MB/20050720131836_100.mb94.gz,3145728,swath,whole
lostcity2005,20050720133213_101.mb94.gz,https://data.ngdc.noaa.gov/platforms/ocean/ships/ronald_h._brown/lostcity2005/multibeam/data/version1/MB/20050720133213_101.mb94.gz,3250586,swath,whole
lostcity2005,20050720134604_102.mb94.gz,https://data.ngdc.noaa.gov/platforms/ocean/ships/ronald_h._brown/lostcity2005/multibeam/data/version1/MB/20050720134604_102.mb94.gz,3145728,swath,whole
lostcity2005,20050720135954_103.mb94.gz,https://data.ngdc.noaa.gov/platforms/ocean/ships/ronald_h._brown/lostcity2005/multibeam/data/version1/MB/20050720135954_103.mb94.gz,3145728,swath,whole
lostcity2005,20050720141340_104.mb94.gz,https://data.ngdc.noaa.gov/platforms/ocean/ships/ronald_h._brown/lostcity2005/multibeam/data/version1/MB/20050720141340_104.mb94.gz,3145728,swath,whole
lostcity2005,20050720142729_105.mb94.gz,https://data.ngdc.noaa.gov/platforms/ocean/ships/ronald_h._brown/lostcity2005/multibeam/data/version1/MB/20050720142729_105.mb94.gz,3145728,swath,whole
lostcity2005,20050720144103_106.mb94.gz,https://data.ngdc.noaa.gov/platforms/ocean/ships/ronald_h._brown/lostcity2005/multibeam/data/version1/MB/20050720144103_106.mb94.gz,3145728,swath,whole
lostcity2005,20050720145445_107.mb94.gz,https://data.ngdc.noaa.gov/platforms/ocean/ships/ronald_h._brown/lostcity2005/multibeam/data/version1/MB/20050720145445_107.mb94.gz,3145728,swath,whole
lostcity2005,20050720150821_108.mb94.gz,https://data.ngdc.noaa.gov/platforms/ocean/ships/ronald_h._brown/lostcity2005/multibeam/data/version1/MB/20050720150821_108.mb94.gz,3250586,swath,whole
lostcity2005,20050720152154_109.mb94.gz,https://data.ngdc.noaa.gov/platforms/ocean/ships/ronald_h._brown/lostcity2005/multibeam/data/version1/MB/20050720152154_109.mb94.gz,337920,swath,whole
lostcity2005,20050720161847_002.mb94.gz,https://data.ngdc.noaa.gov/platforms/ocean/ships/ronald_h._brown/lostcity2005/multibeam/data/version1/MB/20050720161847_002.mb94.gz,3145728,swath,whole
lostcity2005,20050720163216_003.mb94.gz,https://data.ngdc.noaa.gov/platforms/ocean/ships/ronald_h._brown/lostcity2005/multibeam/data/version1/MB/20050720163216_003.mb94.gz,3145728,swath,whole
lostcity2005,20050720164552_004.mb94.gz,https://data.ngdc.noaa.gov/platforms/ocean/ships/ronald_h._brown/lostcity2005/multibeam/data/version1/MB/20050720164552_004.mb94.gz,3145728,swath,whole
lostcity2005,20050720165930_005.mb94.gz,https://data.ngdc.noaa.gov/platforms/ocean/ships/ronald_h._brown/lostcity2005/multibeam/data/version1/MB/20050720165930_005.mb94.gz,3145728,swath,whole
lostcity2005,20050720171307_006.mb94.gz,https://data.ngdc.noaa.gov/platforms/ocean/ships/ronald_h._brown/lostcity2005/multibeam/data/version1/MB/20050720171307_006.mb94.gz,3145728,swath,whole
lostcity2005,20050720172629_007.mb94.gz,https://data.ngdc.noaa.gov/platforms/ocean/ships/ronald_h._brown/lostcity2005/multibeam/data/version1/MB/20050720172629_007.mb94.gz,3145728,swath,whole
lostcity2005,20050720174010_008.mb94.gz,https://data.ngdc.noaa.gov/platforms/ocean/ships/ronald_h._brown/lostcity2005/multibeam/data/version1/MB/20050720174010_008.mb94.gz,3145728,swath,whole
lostcity2005,20050720175345_009.mb94.gz,https://data.ngdc.noaa.gov/platforms/ocean/ships/ronald_h._brown/lostcity2005/multibeam/data/version1/MB/20050720175345_009.mb94.gz,3145728,swath,whole
lostcity2005,20050720180722_010.mb94.gz,https://data.ngdc.noaa.gov/platforms/ocean/ships/ronald_h._brown/lostcity2005/multibeam/data/version1/MB/20050720180722_010.mb94.gz,3145728,swath,whole
lostcity2005,20050720182055_011.mb94.gz,https://data.ngdc.noaa.gov/platforms/ocean/ships/ronald_h._brown/lostcity2005/multibeam/data/version1/MB/20050720182055_011.mb94.gz,3145728,swath,whole
lostcity2005,20050720183432_012.mb94.gz,https://data.ngdc.noaa.gov/platforms/ocean/ships/ronald_h._brown/lostcity2005/multibeam/data/version1/MB/20050720183432_012.mb94.gz,3145728,swath,whole
lostcity2005,20050720184811_013.mb94.gz,https://data.ngdc.noaa.gov/platforms/ocean/ships/ronald_h._brown/lostcity2005/multibeam/data/version1/MB/20050720184811_013.mb94.gz,3145728,swath,whole
lostcity2005,20050720190156_014.mb94.gz,https://data.ngdc.noaa.gov/platforms/ocean/ships/ronald_h._brown/lostcity2005/multibeam/data/version1/MB/20050720190156_014.mb94.gz,3145728,swath,whole
lostcity2005,20050720191530_015.mb94.gz,https://data.ngdc.noaa.gov/platforms/ocean/ships/ronald_h._brown/lostcity2005/multibeam/data/version1/MB/20050720191530_015.mb94.gz,3145728,swath,whole
lostcity2005,20050720192903_016.mb94.gz,https://data.ngdc.noaa.gov/platforms/ocean/ships/ronald_h._brown/lostcity2005/multibeam/data/version1/MB/20050720192903_016.mb94.gz,3145728,swath,whole
lostcity2005,20050720194233_017.mb94.gz,https://data.ngdc.noaa.gov/platforms/ocean/ships/ronald_h._brown/lostcity2005/multibeam/data/version1/MB/20050720194233_017.mb94.gz,3145728,swath,whole
lostcity2005,20050720195607_018.mb94.gz,https://data.ngdc.noaa.gov/platforms/ocean/ships/ronald_h._brown/lostcity2005/multibeam/data/version1/MB/20050720195607_018.mb94.gz,3250586,swath,whole
lostcity2005,20050720200953_019.mb94.gz,https://data.ngdc.noaa.gov/platforms/ocean/ships/ronald_h._brown/lostcity2005/multibeam/data/version1/MB/20050720200953_019.mb94.gz,3145728,swath,whole
lostcity2005,20050720202336_020.mb94.gz,https://data.ngdc.noaa.gov/platforms/ocean/ships/ronald_h._brown/lostcity2005/multibeam/data/version1/MB/20050720202336_020.mb94.gz,3145728,swath,whole
lostcity2005,20050720203712_021.mb94.gz,https://data.ngdc.noaa.gov/platforms/ocean/ships/ronald_h._brown/lostcity2005/multibeam/data/version1/MB/20050720203712_021.mb94.gz,3145728,swath,whole
lostcity2005,20050720205055_022.mb94.gz,https://data.ngdc.noaa.gov/platforms/ocean/ships/ronald_h._brown/lostcity2005/multibeam/data/version1/MB/20050720205055_022.mb94.gz,3250586,swath,whole
lostcity2005,20050720210431_023.mb94.gz,https://data.ngdc.noaa.gov/platforms/ocean/ships/ronald_h._brown/lostcity2005/multibeam/data/version1/MB/20050720210431_023.mb94.gz,3145728,swath,whole
lostcity2005,20050720211814_024.mb94.gz,https://data.ngdc.noaa.gov/platforms/ocean/ships/ronald_h._brown/lostcity2005/multibeam/data/version1/MB/20050720211814_024.mb94.gz,3250586,swath,whole
lostcity2005,20050720213149_025.mb94.gz,https://data.ngdc.noaa.gov/platforms/ocean/ships/ronald_h._brown/lostcity2005/multibeam/data/version1/MB/20050720213149_025.mb94.gz,3250586,swath,whole
lostcity2005,20050720214541_026.mb94.gz,https://data.ngdc.noaa.gov/platforms/ocean/ships/ronald_h._brown/lostcity2005/multibeam/data/version1/MB/20050720214541_026.mb94.gz,3145728,swath,whole
lostcity2005,20050720215920_027.mb94.gz,https://data.ngdc.noaa.gov/platforms/ocean/ships/ronald_h._brown/lostcity2005/multibeam/data/version1/MB/20050720215920_027.mb94.gz,3145728,swath,whole
lostcity2005,20050720221257_028.mb94.gz,https://data.ngdc.noaa.gov/platforms/ocean/ships/ronald_h._brown/lostcity2005/multibeam/data/version1/MB/20050720221257_028.mb94.gz,3145728,swath,whole
lostcity2005,20050720222632_029.mb94.gz,https://data.ngdc.noaa.gov/platforms/ocean/ships/ronald_h._brown/lostcity2005/multibeam/data/version1/MB/20050720222632_029.mb94.gz,3145728,swath,whole
lostcity2005,20050720223955_030.mb94.gz,https://data.ngdc.noaa.gov/platforms/ocean/ships/ronald_h._brown/lostcity2005/multibeam/data/version1/MB/20050720223955_030.mb94.gz,3145728,swath,whole
lostcity2005,20050720225324_031.mb94.gz,https://data.ngdc.noaa.gov/platforms/ocean/ships/ronald_h._brown/lostcity2005/multibeam/data/version1/MB/20050720225324_031.mb94.gz,3250586,swath,whole
lostcity2005,20050720230710_032.mb94.gz,https://data.ngdc.noaa.gov/platforms/ocean/ships/ronald_h._brown/lostcity2005/multibeam/data/version1/MB/20050720230710_032.mb94.gz,3250586,swath,whole
lostcity2005,20050720232104_033.mb94.gz,https://data.ngdc.noaa.gov/platforms/ocean/ships/ronald_h._brown/lostcity2005/multibeam/data/version1/MB/20050720232104_033.mb94.gz,3145728,swath,whole
lostcity2005,20050720233443_034.mb94.gz,https://data.ngdc.noaa.gov/platforms/ocean/ships/ronald_h._brown/lostcity2005/multibeam/data/version1/MB/20050720233443_034.mb94.gz,3145728,swath,whole
lostcity2005,20050720234822_035.mb94.gz,https://data.ngdc.noaa.gov/platforms/ocean/ships/ronald_h._brown/lostcity2005/multibeam/data/version1/MB/20050720234822_035.mb94.gz,3145728,swath,whole
lostcity2005,20050721000204_036.mb94.gz,https://data.ngdc.noaa.gov/platforms/ocean/ships/ronald_h._brown/lostcity2005/multibeam/data/version1/MB/20050721000204_036.mb94.gz,3145728,swath,whole
lostcity2005,20050721001542_037.mb94.gz,https://data.ngdc.noaa.gov/platforms/ocean/ships/ronald_h._brown/lostcity2005/multibeam/data/version1/MB/20050721001542_037.mb94.gz,3145728,swath,whole
lostcity2005,20050721002923_038.mb94.gz,https://data.ngdc.noaa.gov/platforms/ocean/ships/ronald_h._brown/lostcity2005/multibeam/data/version1/MB/20050721002923_038.mb94.gz,3145728,swath,whole
lostcity2005,20050721004302_039.mb94.gz,https://data.ngdc.noaa.gov/platforms/ocean/ships/ronald_h._brown/lostcity2005/multibeam/data/version1/MB/20050721004302_039.mb94.gz,3145728,swath,whole
lostcity2005,20050721005634_040.mb94.gz,https://data.ngdc.noaa.gov/platforms/ocean/ships/ronald_h._brown/lostcity2005/multibeam/data/version1/MB/20050721005634_040.mb94.gz,3145728,swath,whole
lostcity2005,20050721011000_041.mb94.gz,https://data.ngdc.noaa.gov/platforms/ocean/ships/ronald_h._brown/lostcity2005/multibeam/data/version1/MB/20050721011000_041.mb94.gz,3145728,swath,whole
lostcity2005,20050721012327_042.mb94.gz,https://data.ngdc.noaa.gov/platforms/ocean/ships/ronald_h._brown/lostcity2005/multibeam/data/version1/MB/20050721012327_042.mb94.gz,3145728,swath,whole
lostcity2005,20050721013647_043.mb94.gz,https://data.ngdc.noaa.gov/platforms/ocean/ships/ronald_h._brown/lostcity2005/multibeam/data/version1/MB/20050721013647_043.mb94.gz,3145728,swath,whole
lostcity2005,20050721015023_044.mb94.gz,https://data.ngdc.noaa.gov/platforms/ocean/ships/ronald_h._brown/lostcity2005/multibeam/data/version1/MB/20050721015023_044.mb94.gz,3145728,swath,whole
lostcity2005,20050721020344_045.mb94.gz,https://data.ngdc.noaa.gov/platforms/ocean/ships/ronald_h._brown/lostcity2005/multibeam/data/version1/MB/20050721020344_045.mb94.gz,3145728,swath,whole
lostcity2005,20050721021706_046.mb94.gz,https://data.ngdc.noaa.gov/platforms/ocean/ships/ronald_h._brown/lostcity2005/multibeam/data/version1/MB/20050721021706_046.mb94.gz,3145728,swath,whole
lostcity2005,20050721023031_047.mb94.gz,https://data.ngdc.noaa.gov/platforms/ocean/ships/ronald_h._brown/lostcity2005/multibeam/data/version1/MB/20050721023031_047.mb94.gz,3145728,swath,whole
lostcity2005,20050721024347_048.mb94.gz,https://data.ngdc.noaa.gov/platforms/ocean/ships/ronald_h._brown/lostcity2005/multibeam/data/version1/MB/20050721024347_048.mb94.gz,3145728,swath,whole
lostcity2005,20050721025712_049.mb94.gz,https://data.ngdc.noaa.gov/platforms/ocean/ships/ronald_h._brown/lostcity2005/multibeam/data/version1/MB/20050721025712_049.mb94.gz,3145728,swath,whole
lostcity2005,20050721031036_050.mb94.gz,https://data.ngdc.noaa.gov/platforms/ocean/ships/ronald_h._brown/lostcity2005/multibeam/data/version1/MB/20050721031036_050.mb94.gz,3145728,swath,whole
lostcity2005,20050721032357_051.mb94.gz,https://data.ngdc.noaa.gov/platforms/ocean/ships/ronald_h._brown/lostcity2005/multibeam/data/version1/MB/20050721032357_051.mb94.gz,3145728,swath,whole
lostcity2005,20050721033721_052.mb94.gz,https://data.ngdc.noaa.gov/platforms/ocean/ships/ronald_h._brown/lostcity2005/multibeam/data/version1/MB/20050721033721_052.mb94.gz,3145728,swath,whole
lostcity2005,20050721035053_053.mb94.gz,https://data.ngdc.noaa.gov/platforms/ocean/ships/ronald_h._brown/lostcity2005/multibeam/data/version1/MB/20050721035053_053.mb94.gz,3145728,swath,whole
lostcity2005,20050721040417_054.mb94.gz,https://data.ngdc.noaa.gov/platforms/ocean/ships/ronald_h._brown/lostcity2005/multibeam/data/version1/MB/20050721040417_054.mb94.gz,3145728,swath,whole
lostcity2005,20050721041741_055.mb94.gz,https://data.ngdc.noaa.gov/platforms/ocean/ships/ronald_h._brown/lostcity2005/multibeam/data/version1/MB/20050721041741_055.mb94.gz,3145728,swath,whole
lostcity2005,20050721043104_056.mb94.gz,https://data.ngdc.noaa.gov/platforms/ocean/ships/ronald_h._brown/lostcity2005/multibeam/data/version1/MB/20050721043104_056.mb94.gz,3145728,swath,whole
lostcity2005,20050721044433_057.mb94.gz,https://data.ngdc.noaa.gov/platforms/ocean/ships/ronald_h._brown/lostcity2005/multibeam/data/version1/MB/20050721044433_057.mb94.gz,3145728,swath,whole
lostcity2005,20050721045804_058.mb94.gz,https://data.ngdc.noaa.gov/platforms/ocean/ships/ronald_h._brown/lostcity2005/multibeam/data/version1/MB/20050721045804_058.mb94.gz,3145728,swath,whole
lostcity2005,20050721051135_059.mb94.gz,https://data.ngdc.noaa.gov/platforms/ocean/ships/ronald_h._brown/lostcity2005/multibeam/data/version1/MB/20050721051135_059.mb94.gz,3145728,swath,whole
lostcity2005,20050721052505_060.mb94.gz,https://data.ngdc.noaa.gov/platforms/ocean/ships/ronald_h._brown/lostcity2005/multibeam/data/version1/MB/20050721052505_060.mb94.gz,3145728,swath,whole
lostcity2005,20050721053838_061.mb94.gz,https://data.ngdc.noaa.gov/platforms/ocean/ships/ronald_h._brown/lostcity2005/multibeam/data/version1/MB/20050721053838_061.mb94.gz,3145728,swath,whole
lostcity2005,20050721055209_062.mb94.gz,https://data.ngdc.noaa.gov/platforms/ocean/ships/ronald_h._brown/lostcity2005/multibeam/data/version1/MB/20050721055209_062.mb94.gz,3145728,swath,whole
lostcity2005,20050721060551_063.mb94.gz,https://data.ngdc.noaa.gov/platforms/ocean/ships/ronald_h._brown/lostcity2005/multibeam/data/version1/MB/20050721060551_063.mb94.gz,3145728,swath,whole
lostcity2005,20050721061925_064.mb94.gz,https://data.ngdc.noaa.gov/platforms/ocean/ships/ronald_h._brown/lostcity2005/multibeam/data/version1/MB/20050721061925_064.mb94.gz,3145728,swath,whole
lostcity2005,20050721063258_065.mb94.gz,https://data.ngdc.noaa.gov/platforms/ocean/ships/ronald_h._brown/lostcity2005/multibeam/data/version1/MB/20050721063258_065.mb94.gz,3145728,swath,whole
lostcity2005,20050721064631_066.mb94.gz,https://data.ngdc.noaa.gov/platforms/ocean/ships/ronald_h._brown/lostcity2005/multibeam/data/version1/MB/20050721064631_066.mb94.gz,3145728,swath,whole
lostcity2005,20050721070009_067.mb94.gz,https://data.ngdc.noaa.gov/platforms/ocean/ships/ronald_h._brown/lostcity2005/multibeam/data/version1/MB/20050721070009_067.mb94.gz,3250586,swath,whole
lostcity2005,20050721071351_068.mb94.gz,https://data.ngdc.noaa.gov/platforms/ocean/ships/ronald_h._brown/lostcity2005/multibeam/data/version1/MB/20050721071351_068.mb94.gz,3250586,swath,whole
lostcity2005,20050721072753_069.mb94.gz,https://data.ngdc.noaa.gov/platforms/ocean/ships/ronald_h._brown/lostcity2005/multibeam/data/version1/MB/20050721072753_069.mb94.gz,3250586,swath,whole
lostcity2005,20050721074154_070.mb94.gz,https://data.ngdc.noaa.gov/platforms/ocean/ships/ronald_h._brown/lostcity2005/multibeam/data/version1/MB/20050721074154_070.mb94.gz,3250586,swath,whole
lostcity2005,20050721075543_071.mb94.gz,https://data.ngdc.noaa.gov/platforms/ocean/ships/ronald_h._brown/lostcity2005/multibeam/data/version1/MB/20050721075543_071.mb94.gz,3145728,swath,whole
lostcity2005,20050721080926_072.mb94.gz,https://data.ngdc.noaa.gov/platforms/ocean/ships/ronald_h._brown/lostcity2005/multibeam/data/version1/MB/20050721080926_072.mb94.gz,3145728,swath,whole
lostcity2005,20050721082259_073.mb94.gz,https://data.ngdc.noaa.gov/platforms/ocean/ships/ronald_h._brown/lostcity2005/multibeam/data/version1/MB/20050721082259_073.mb94.gz,3250586,swath,whole
lostcity2005,20050721083637_074.mb94.gz,https://data.ngdc.noaa.gov/platforms/ocean/ships/ronald_h._brown/lostcity2005/multibeam/data/version1/MB/20050721083637_074.mb94.gz,3145728,swath,whole
lostcity2005,20050721085015_075.mb94.gz,https://data.ngdc.noaa.gov/platforms/ocean/ships/ronald_h._brown/lostcity2005/multibeam/data/version1/MB/20050721085015_075.mb94.gz,3250586,swath,whole
lostcity2005,20050721090351_076.mb94.gz,https://data.ngdc.noaa.gov/platforms/ocean/ships/ronald_h._brown/lostcity2005/multibeam/data/version1/MB/20050721090351_076.mb94.gz,3145728,swath,whole
lostcity2005,20050721091726_077.mb94.gz,https://data.ngdc.noaa.gov/platforms/ocean/ships/ronald_h._brown/lostcity2005/multibeam/data/version1/MB/20050721091726_077.mb94.gz,3250586,swath,whole
lostcity2005,20050721093104_078.mb94.gz,https://data.ngdc.noaa.gov/platforms/ocean/ships/ronald_h._brown/lostcity2005/multibeam/data/version1/MB/20050721093104_078.mb94.gz,3250586,swath,whole
lostcity2005,20050721094439_079.mb94.gz,https://data.ngdc.noaa.gov/platforms/ocean/ships/ronald_h._brown/lostcity2005/multibeam/data/version1/MB/20050721094439_079.mb94.gz,3145728,swath,whole
lostcity2005,20050721095814_080.mb94.gz,https://data.ngdc.noaa.gov/platforms/ocean/ships/ronald_h._brown/lostcity2005/multibeam/data/version1/MB/20050721095814_080.mb94.gz,3145728,swath,whole
lostcity2005,20050721101147_081.mb94.gz,https://data.ngdc.noaa.gov/platforms/ocean/ships/ronald_h._brown/lostcity2005/multibeam/data/version1/MB/20050721101147_081.mb94.gz,3250586,swath,whole
lostcity2005,20050721102533_082.mb94.gz,https://data.ngdc.noaa.gov/platforms/ocean/ships/ronald_h._brown/lostcity2005/multibeam/data/version1/MB/20050721102533_082.mb94.gz,3250586,swath,whole
lostcity2005,20050721103920_083.mb94.gz,https://data.ngdc.noaa.gov/platforms/ocean/ships/ronald_h._brown/lostcity2005/multibeam/data/version1/MB/20050721103920_083.mb94.gz,3460301,swath,whole
lostcity2005,20050721105214_084.mb94.gz,https://data.ngdc.noaa.gov/platforms/ocean/ships/ronald_h._brown/lostcity2005/multibeam/data/version1/MB/20050721105214_084.mb94.gz,3565158,swath,whole
lostcity2005,20050721110443_085.mb94.gz,https://data.ngdc.noaa.gov/platforms/ocean/ships/ronald_h._brown/lostcity2005/multibeam/data/version1/MB/20050721110443_085.mb94.gz,3460301,swath,whole
lostcity2005,20050721111814_086.mb94.gz,https://data.ngdc.noaa.gov/platforms/ocean/ships/ronald_h._brown/lostcity2005/multibeam/data/version1/MB/20050721111814_086.mb94.gz,3250586,swath,whole
lostcity2005,20050721113158_087.mb94.gz,https://data.ngdc.noaa.gov/platforms/ocean/ships/ronald_h._brown/lostcity2005/multibeam/data/version1/MB/20050721113158_087.mb94.gz,3250586,swath,whole
lostcity2005,20050721114535_088.mb94.gz,https://data.ngdc.noaa.gov/platforms/ocean/ships/ronald_h._brown/lostcity2005/multibeam/data/version1/MB/20050721114535_088.mb94.gz,3250586,swath,whole
lostcity2005,20050721115920_089.mb94.gz,https://data.ngdc.noaa.gov/platforms/ocean/ships/ronald_h._brown/lostcity2005/multibeam/data/version1/MB/20050721115920_089.mb94.gz,3250586,swath,whole
lostcity2005,20050721121309_090.mb94.gz,https://data.ngdc.noaa.gov/platforms/ocean/ships/ronald_h._brown/lostcity2005/multibeam/data/version1/MB/20050721121309_090.mb94.gz,3250586,swath,whole
lostcity2005,20050721122645_091.mb94.gz,https://data.ngdc.noaa.gov/platforms/ocean/ships/ronald_h._brown/lostcity2005/multibeam/data/version1/MB/20050721122645_091.mb94.gz,3145728,swath,whole
lostcity2005,20050721124018_092.mb94.gz,https://data.ngdc.noaa.gov/platforms/ocean/ships/ronald_h._brown/lostcity2005/multibeam/data/version1/MB/20050721124018_092.mb94.gz,3250586,swath,whole
lostcity2005,20050721125353_093.mb94.gz,https://data.ngdc.noaa.gov/platforms/ocean/ships/ronald_h._brown/lostcity2005/multibeam/data/version1/MB/20050721125353_093.mb94.gz,3250586,swath,whole
lostcity2005,20050721130742_094.mb94.gz,https://data.ngdc.noaa.gov/platforms/ocean/ships/ronald_h._brown/lostcity2005/multibeam/data/version1/MB/20050721130742_094.mb94.gz,3250586,swath,whole
lostcity2005,20050721132147_095.mb94.gz,https://data.ngdc.noaa.gov/platforms/ocean/ships/ronald_h._brown/lostcity2005/multibeam/data/version1/MB/20050721132147_095.mb94.gz,3145728,swath,whole
lostcity2005,20050721133520_096.mb94.gz,https://data.ngdc.noaa.gov/platforms/ocean/ships/ronald_h._brown/lostcity2005/multibeam/data/version1/MB/20050721133520_096.mb94.gz,3145728,swath,whole
lostcity2005,20050721134909_097.mb94.gz,https://data.ngdc.noaa.gov/platforms/ocean/ships/ronald_h._brown/lostcity2005/multibeam/data/version1/MB/20050721134909_097.mb94.gz,3250586,swath,whole
lostcity2005,20050721140246_098.mb94.gz,https://data.ngdc.noaa.gov/platforms/ocean/ships/ronald_h._brown/lostcity2005/multibeam/data/version1/MB/20050721140246_098.mb94.gz,3145728,swath,whole
lostcity2005,20050721141632_099.mb94.gz,https://data.ngdc.noaa.gov/platforms/ocean/ships/ronald_h._brown/lostcity2005/multibeam/data/version1/MB/20050721141632_099.mb94.gz,3250586,swath,whole
lostcity2005,20050721143017_100.mb94.gz,https://data.ngdc.noaa.gov/platforms/ocean/ships/ronald_h._brown/lostcity2005/multibeam/data/version1/MB/20050721143017_100.mb94.gz,3250586,swath,whole
lostcity2005,20050721144405_101.mb94.gz,https://data.ngdc.noaa.gov/platforms/ocean/ships/ronald_h._brown/lostcity2005/multibeam/data/version1/MB/20050721144405_101.mb94.gz,3145728,swath,whole
lostcity2005,20050721145742_102.mb94.gz,https://data.ngdc.noaa.gov/platforms/ocean/ships/ronald_h._brown/lostcity2005/multibeam/data/version1/MB/20050721145742_102.mb94.gz,3250586,swath,whole
lostcity2005,20050721151116_103.mb94.gz,https://data.ngdc.noaa.gov/platforms/ocean/ships/ronald_h._brown/lostcity2005/multibeam/data/version1/MB/20050721151116_103.mb94.gz,3145728,swath,whole
lostcity2005,20050721152448_104.mb94.gz,https://data.ngdc.noaa.gov/platforms/ocean/ships/ronald_h._brown/lostcity2005/multibeam/data/version1/MB/20050721152448_104.mb94.gz,3250586,swath,whole
lostcity2005,20050721153821_105.mb94.gz,https://data.ngdc.noaa.gov/platforms/ocean/ships/ronald_h._brown/lostcity2005/multibeam/data/version1/MB/20050721153821_105.mb94.gz,3250586,swath,whole
lostcity2005,20050721155213_106.mb94.gz,https://data.ngdc.noaa.gov/platforms/ocean/ships/ronald_h._brown/lostcity2005/multibeam/data/version1/MB/20050721155213_106.mb94.gz,3250586,swath,whole
lostcity2005,20050721160606_107.mb94.gz,https://data.ngdc.noaa.gov/platforms/ocean/ships/ronald_h._brown/lostcity2005/multibeam/data/version1/MB/20050721160606_107.mb94.gz,3250586,swath,whole
lostcity2005,20050721161958_108.mb94.gz,https://data.ngdc.noaa.gov/platforms/ocean/ships/ronald_h._brown/lostcity2005/multibeam/data/version1/MB/20050721161958_108.mb94.gz,2516582,swath,whole
lostcity2005,20050721164643_003.mb94.gz,https://data.ngdc.noaa.gov/platforms/ocean/ships/ronald_h._brown/lostcity2005/multibeam/data/version1/MB/20050721164643_003.mb94.gz,3250586,swath,whole
lostcity2005,20050721170047_004.mb94.gz,https://data.ngdc.noaa.gov/platforms/ocean/ships/ronald_h._brown/lostcity2005/multibeam/data/version1/MB/20050721170047_004.mb94.gz,3250586,swath,whole
lostcity2005,20050721171422_005.mb94.gz,https://data.ngdc.noaa.gov/platforms/ocean/ships/ronald_h._brown/lostcity2005/multibeam/data/version1/MB/20050721171422_005.mb94.gz,3250586,swath,whole
lostcity2005,20050721172806_006.mb94.gz,https://data.ngdc.noaa.gov/platforms/ocean/ships/ronald_h._brown/lostcity2005/multibeam/data/version1/MB/20050721172806_006.mb94.gz,3250586,swath,whole
lostcity2005,20050721174209_007.mb94.gz,https://data.ngdc.noaa.gov/platforms/ocean/ships/ronald_h._brown/lostcity2005/multibeam/data/version1/MB/20050721174209_007.mb94.gz,3250586,swath,whole
lostcity2005,20050721175623_008.mb94.gz,https://data.ngdc.noaa.gov/platforms/ocean/ships/ronald_h._brown/lostcity2005/multibeam/data/version1/MB/20050721175623_008.mb94.gz,3250586,swath,whole
lostcity2005,20050721181018_009.mb94.gz,https://data.ngdc.noaa.gov/platforms/ocean/ships/ronald_h._brown/lostcity2005/multibeam/data/version1/MB/20050721181018_009.mb94.gz,3250586,swath,whole
lostcity2005,20050721182406_010.mb94.gz,https://data.ngdc.noaa.gov/platforms/ocean/ships/ronald_h._brown/lostcity2005/multibeam/data/version1/MB/20050721182406_010.mb94.gz,3250586,swath,whole
lostcity2005,20050721183743_011.mb94.gz,https://data.ngdc.noaa.gov/platforms/ocean/ships/ronald_h._brown/lostcity2005/multibeam/data/version1/MB/20050721183743_011.mb94.gz,3250586,swath,whole
lostcity2005,20050721185120_012.mb94.gz,https://data.ngdc.noaa.gov/platforms/ocean/ships/ronald_h._brown/lostcity2005/multibeam/data/version1/MB/20050721185120_012.mb94.gz,3145728,swath,whole
lostcity2005,20050721190459_013.mb94.gz,https://data.ngdc.noaa.gov/platforms/ocean/ships/ronald_h._brown/lostcity2005/multibeam/data/version1/MB/20050721190459_013.mb94.gz,3250586,swath,whole
lostcity2005,20050721191900_014.mb94.gz,https://data.ngdc.noaa.gov/platforms/ocean/ships/ronald_h._brown/lostcity2005/multibeam/data/version1/MB/20050721191900_014.mb94.gz,3250586,swath,whole
lostcity2005,20050721193253_015.mb94.gz,https://data.ngdc.noaa.gov/platforms/ocean/ships/ronald_h._brown/lostcity2005/multibeam/data/version1/MB/20050721193253_015.mb94.gz,3250586,swath,whole
lostcity2005,20050721194652_016.mb94.gz,https://data.ngdc.noaa.gov/platforms/ocean/ships/ronald_h._brown/lostcity2005/multibeam/data/version1/MB/20050721194652_016.mb94.gz,3250586,swath,whole
lostcity2005,20050721200100_017.mb94.gz,https://data.ngdc.noaa.gov/platforms/ocean/ships/ronald_h._brown/lostcity2005/multibeam/data/version1/MB/20050721200100_017.mb94.gz,3250586,swath,whole
lostcity2005,20050721201500_018.mb94.gz,https://data.ngdc.noaa.gov/platforms/ocean/ships/ronald_h._brown/lostcity2005/multibeam/data/version1/MB/20050721201500_018.mb94.gz,3250586,swath,whole
lostcity2005,20050721202912_019.mb94.gz,https://data.ngdc.noaa.gov/platforms/ocean/ships/ronald_h._brown/lostcity2005/multibeam/data/version1/MB/20050721202912_019.mb94.gz,3145728,swath,whole
lostcity2005,20050721204319_020.mb94.gz,https://data.ngdc.noaa.gov/platforms/ocean/ships/ronald_h._brown/lostcity2005/multibeam/data/version1/MB/20050721204319_020.mb94.gz,3145728,swath,whole
lostcity2005,20050721205722_021.mb94.gz,https://data.ngdc.noaa.gov/platforms/ocean/ships/ronald_h._brown/lostcity2005/multibeam/data/version1/MB/20050721205722_021.mb94.gz,3250586,swath,whole
lostcity2005,20050721211123_022.mb94.gz,https://data.ngdc.noaa.gov/platforms/ocean/ships/ronald_h._brown/lostcity2005/multibeam/data/version1/MB/20050721211123_022.mb94.gz,3250586,swath,whole
lostcity2005,20050721212524_023.mb94.gz,https://data.ngdc.noaa.gov/platforms/ocean/ships/ronald_h._brown/lostcity2005/multibeam/data/version1/MB/20050721212524_023.mb94.gz,3250586,swath,whole
lostcity2005,20050723000140_027.mb94.gz,https://data.ngdc.noaa.gov/platforms/ocean/ships/ronald_h._brown/lostcity2005/multibeam/data/version1/MB/20050723000140_027.mb94.gz,3565158,swath,whole
lostcity2005,20050723001526_028.mb94.gz,https://data.ngdc.noaa.gov/platforms/ocean/ships/ronald_h._brown/lostcity2005/multibeam/data/version1/MB/20050723001526_028.mb94.gz,3565158,swath,whole
lostcity2005,20050723002909_029.mb94.gz,https://data.ngdc.noaa.gov/platforms/ocean/ships/ronald_h._brown/lostcity2005/multibeam/data/version1/MB/20050723002909_029.mb94.gz,3565158,swath,whole
lostcity2005,20050723004248_030.mb94.gz,https://data.ngdc.noaa.gov/platforms/ocean/ships/ronald_h._brown/lostcity2005/multibeam/data/version1/MB/20050723004248_030.mb94.gz,3565158,swath,whole
lostcity2005,20050723005628_031.mb94.gz,https://data.ngdc.noaa.gov/platforms/ocean/ships/ronald_h._brown/lostcity2005/multibeam/data/version1/MB/20050723005628_031.mb94.gz,3565158,swath,whole
lostcity2005,20050723011016_032.mb94.gz,https://data.ngdc.noaa.gov/platforms/ocean/ships/ronald_h._brown/lostcity2005/multibeam/data/version1/MB/20050723011016_032.mb94.gz,3460301,swath,whole
lostcity2005,20050723012400_033.mb94.gz,https://data.ngdc.noaa.gov/platforms/ocean/ships/ronald_h._brown/lostcity2005/multibeam/data/version1/MB/20050723012400_033.mb94.gz,3565158,swath,whole
lostcity2005,20050723013752_034.mb94.gz,https://data.ngdc.noaa.gov/platforms/ocean/ships/ronald_h._brown/lostcity2005/multibeam/data/version1/MB/20050723013752_034.mb94.gz,3565158,swath,whole
lostcity2005,20050723015127_035.mb94.gz,https://data.ngdc.noaa.gov/platforms/ocean/ships/ronald_h._brown/lostcity2005/multibeam/data/version1/MB/20050723015127_035.mb94.gz,3355443,swath,whole
lostcity2005,20050723020514_036.mb94.gz,https://data.ngdc.noaa.gov/platforms/ocean/ships/ronald_h._brown/lostcity2005/multibeam/data/version1/MB/20050723020514_036.mb94.gz,3460301,swath,whole
lostcity2005,20050723021921_037.mb94.gz,https://data.ngdc.noaa.gov/platforms/ocean/ships/ronald_h._brown/lostcity2005/multibeam/data/version1/MB/20050723021921_037.mb94.gz,3355443,swath,whole
lostcity2005,20050723023302_038.mb94.gz,https://data.ngdc.noaa.gov/platforms/ocean/ships/ronald_h._brown/lostcity2005/multibeam/data/version1/MB/20050723023302_038.mb94.gz,3355443,swath,whole
lostcity2005,20050723024645_039.mb94.gz,https://data.ngdc.noaa.gov/platforms/ocean/ships/ronald_h._brown/lostcity2005/multibeam/data/version1/MB/20050723024645_039.mb94.gz,3355443,swath,whole
lostcity2005,20050723030024_040.mb94.gz,https://data.ngdc.noaa.gov/platforms/ocean/ships/ronald_h._brown/lostcity2005/multibeam/data/version1/MB/20050723030024_040.mb94.gz,3355443,swath,whole
lostcity2005,20050723031411_041.mb94.gz,https://data.ngdc.noaa.gov/platforms/ocean/ships/ronald_h._brown/lostcity2005/multibeam/data/version1/MB/20050723031411_041.mb94.gz,3565158,swath,whole
lostcity2005,20050723032812_042.mb94.gz,https://data.ngdc.noaa.gov/platforms/ocean/ships/ronald_h._brown/lostcity2005/multibeam/data/version1/MB/20050723032812_042.mb94.gz,3565158,swath,whole
lostcity2005,20050723034216_043.mb94.gz,https://data.ngdc.noaa.gov/platforms/ocean/ships/ronald_h._brown/lostcity2005/multibeam/data/version1/MB/20050723034216_043.mb94.gz,3565158,swath,whole
lostcity2005,20050723035611_044.mb94.gz,https://data.ngdc.noaa.gov/platforms/ocean/ships/ronald_h._brown/lostcity2005/multibeam/data/version1/MB/20050723035611_044.mb94.gz,3460301,swath,whole
lostcity2005,20050723040957_045.mb94.gz,https://data.ngdc.noaa.gov/platforms/ocean/ships/ronald_h._brown/lostcity2005/multibeam/data/version1/MB/20050723040957_045.mb94.gz,3460301,swath,whole
lostcity2005,20050723042341_046.mb94.gz,https://data.ngdc.noaa.gov/platforms/ocean/ships/ronald_h._brown/lostcity2005/multibeam/data/version1/MB/20050723042341_046.mb94.gz,3460301,swath,whole
lostcity2005,20050723043739_047.mb94.gz,https://data.ngdc.noaa.gov/platforms/ocean/ships/ronald_h._brown/lostcity2005/multibeam/data/version1/MB/20050723043739_047.mb94.gz,3460301,swath,whole
lostcity2005,20050723045117_048.mb94.gz,https://data.ngdc.noaa.gov/platforms/ocean/ships/ronald_h._brown/lostcity2005/multibeam/data/version1/MB/20050723045117_048.mb94.gz,3565158,swath,whole
lostcity2005,20050723050444_049.mb94.gz,https://data.ngdc.noaa.gov/platforms/ocean/ships/ronald_h._brown/lostcity2005/multibeam/data/version1/MB/20050723050444_049.mb94.gz,3565158,swath,whole
lostcity2005,20050723051809_050.mb94.gz,https://data.ngdc.noaa.gov/platforms/ocean/ships/ronald_h._brown/lostcity2005/multibeam/data/version1/MB/20050723051809_050.mb94.gz,3565158,swath,whole
lostcity2005,20050723053138_051.mb94.gz,https://data.ngdc.noaa.gov/platforms/ocean/ships/ronald_h._brown/lostcity2005/multibeam/data/version1/MB/20050723053138_051.mb94.gz,3565158,swath,whole
lostcity2005,20050723054513_052.mb94.gz,https://data.ngdc.noaa.gov/platforms/ocean/ships/ronald_h._brown/lostcity2005/multibeam/data/version1/MB/20050723054513_052.mb94.gz,3565158,swath,whole
lostcity2005,20050723055851_053.mb94.gz,https://data.ngdc.noaa.gov/platforms/ocean/ships/ronald_h._brown/lostcity2005/multibeam/data/version1/MB/20050723055851_053.mb94.gz,3460301,swath,whole
lostcity2005,20050723061233_054.mb94.gz,https://data.ngdc.noaa.gov/platforms/ocean/ships/ronald_h._brown/lostcity2005/multibeam/data/version1/MB/20050723061233_054.mb94.gz,3460301,swath,whole
lostcity2005,20050723062626_055.mb94.gz,https://data.ngdc.noaa.gov/platforms/ocean/ships/ronald_h._brown/lostcity2005/multibeam/data/version1/MB/20050723062626_055.mb94.gz,3460301,swath,whole
lostcity2005,20050723064018_056.mb94.gz,https://data.ngdc.noaa.gov/platforms/ocean/ships/ronald_h._brown/lostcity2005/multibeam/data/version1/MB/20050723064018_056.mb94.gz,3460301,swath,whole
lostcity2005,20050723065410_057.mb94.gz,https://data.ngdc.noaa.gov/platforms/ocean/ships/ronald_h._brown/lostcity2005/multibeam/data/version1/MB/20050723065410_057.mb94.gz,3460301,swath,whole
lostcity2005,20050723070801_058.mb94.gz,https://data.ngdc.noaa.gov/platforms/ocean/ships/ronald_h._brown/lostcity2005/multibeam/data/version1/MB/20050723070801_058.mb94.gz,3460301,swath,whole
lostcity2005,20050723072136_059.mb94.gz,https://data.ngdc.noaa.gov/platforms/ocean/ships/ronald_h._brown/lostcity2005/multibeam/data/version1/MB/20050723072136_059.mb94.gz,3355443,swath,whole
lostcity2005,20050723073510_060.mb94.gz,https://data.ngdc.noaa.gov/platforms/ocean/ships/ronald_h._brown/lostcity2005/multibeam/data/version1/MB/20050723073510_060.mb94.gz,3355443,swath,whole
lostcity2005,20050723074855_061.mb94.gz,https://data.ngdc.noaa.gov/platforms/ocean/ships/ronald_h._brown/lostcity2005/multibeam/data/version1/MB/20050723074855_061.mb94.gz,3355443,swath,whole
lostcity2005,20050723080235_062.mb94.gz,https://data.ngdc.noaa.gov/platforms/ocean/ships/ronald_h._brown/lostcity2005/multibeam/data/version1/MB/20050723080235_062.mb94.gz,3355443,swath,whole
lostcity2005,20050723081619_063.mb94.gz,https://data.ngdc.noaa.gov/platforms/ocean/ships/ronald_h._brown/lostcity2005/multibeam/data/version1/MB/20050723081619_063.mb94.gz,3250586,swath,whole
lostcity2005,20050723083013_064.mb94.gz,https://data.ngdc.noaa.gov/platforms/ocean/ships/ronald_h._brown/lostcity2005/multibeam/data/version1/MB/20050723083013_064.mb94.gz,3355443,swath,whole
lostcity2005,20050723084355_065.mb94.gz,https://data.ngdc.noaa.gov/platforms/ocean/ships/ronald_h._brown/lostcity2005/multibeam/data/version1/MB/20050723084355_065.mb94.gz,3355443,swath,whole
lostcity2005,20050723085735_066.mb94.gz,https://data.ngdc.noaa.gov/platforms/ocean/ships/ronald_h._brown/lostcity2005/multibeam/data/version1/MB/20050723085735_066.mb94.gz,3355443,swath,whole
lostcity2005,20050723091103_067.mb94.gz,https://data.ngdc.noaa.gov/platforms/ocean/ships/ronald_h._brown/lostcity2005/multibeam/data/version1/MB/20050723091103_067.mb94.gz,3355443,swath,whole
lostcity2005,20050723092432_068.mb94.gz,https://data.ngdc.noaa.gov/platforms/ocean/ships/ronald_h._brown/lostcity2005/multibeam/data/version1/MB/20050723092432_068.mb94.gz,3355443,swath,whole
lostcity2005,20050723093819_069.mb94.gz,https://data.ngdc.noaa.gov/platforms/ocean/ships/ronald_h._brown/lostcity2005/multibeam/data/version1/MB/20050723093819_069.mb94.gz,3460301,swath,whole
lostcity2005,20050723095150_070.mb94.gz,https://data.ngdc.noaa.gov/platforms/ocean/ships/ronald_h._brown/lostcity2005/multibeam/data/version1/MB/20050723095150_070.mb94.gz,3565158,swath,whole
lostcity2005,20050723100434_071.mb94.gz,https://data.ngdc.noaa.gov/platforms/ocean/ships/ronald_h._brown/lostcity2005/multibeam/data/version1/MB/20050723100434_071.mb94.gz,3565158,swath,whole
lostcity2005,20050723101711_072.mb94.gz,https://data.ngdc.noaa.gov/platforms/ocean/ships/ronald_h._brown/lostcity2005/multibeam/data/version1/MB/20050723101711_072.mb94.gz,3565158,swath,whole
lostcity2005,20050723103017_073.mb94.gz,https://data.ngdc.noaa.gov/platforms/ocean/ships/ronald_h._brown/lostcity2005/multibeam/data/version1/MB/20050723103017_073.mb94.gz,3565158,swath,whole
lostcity2005,20050723104320_074.mb94.gz,https://data.ngdc.noaa.gov/platforms/ocean/ships/ronald_h._brown/lostcity2005/multibeam/data/version1/MB/20050723104320_074.mb94.gz,3460301,swath,whole
lostcity2005,20050723105654_075.mb94.gz,https://data.ngdc.noaa.gov/platforms/ocean/ships/ronald_h._brown/lostcity2005/multibeam/data/version1/MB/20050723105654_075.mb94.gz,3355443,swath,whole
lostcity2005,20050723111014_076.mb94.gz,https://data.ngdc.noaa.gov/platforms/ocean/ships/ronald_h._brown/lostcity2005/multibeam/data/version1/MB/20050723111014_076.mb94.gz,3355443,swath,whole
lostcity2005,20050723112341_077.mb94.gz,https://data.ngdc.noaa.gov/platforms/ocean/ships/ronald_h._brown/lostcity2005/multibeam/data/version1/MB/20050723112341_077.mb94.gz,3460301,swath,whole
lostcity2005,20050723113704_078.mb94.gz,https://data.ngdc.noaa.gov/platforms/ocean/ships/ronald_h._brown/lostcity2005/multibeam/data/version1/MB/20050723113704_078.mb94.gz,3355443,swath,whole
lostcity2005,20050723115034_079.mb94.gz,https://data.ngdc.noaa.gov/platforms/ocean/ships/ronald_h._brown/lostcity2005/multibeam/data/version1/MB/20050723115034_079.mb94.gz,3355443,swath,whole
lostcity2005,20050723120430_080.mb94.gz,https://data.ngdc.noaa.gov/platforms/ocean/ships/ronald_h._brown/lostcity2005/multibeam/data/version1/MB/20050723120430_080.mb94.gz,3460301,swath,whole
lostcity2005,20050723121851_081.mb94.gz,https://data.ngdc.noaa.gov/platforms/ocean/ships/ronald_h._brown/lostcity2005/multibeam/data/version1/MB/20050723121851_081.mb94.gz,2936013,swath,whole
lostcity2005,20050723123417_082.mb94.gz,https://data.ngdc.noaa.gov/platforms/ocean/ships/ronald_h._brown/lostcity2005/multibeam/data/version1/MB/20050723123417_082.mb94.gz,1258291,swath,whole
lostcity2005,20050723125414_083.mb94.gz,https://data.ngdc.noaa.gov/platforms/ocean/ships/ronald_h._brown/lostcity2005/multibeam/data/version1/MB/20050723125414_083.mb94.gz,1153434,swath,whole
lostcity2005,20050723131419_084.mb94.gz,https://data.ngdc.noaa.gov/platforms/ocean/ships/ronald_h._brown/lostcity2005/multibeam/data/version1/MB/20050723131419_084.mb94.gz,1153434,swath,whole
lostcity2005,20050723133355_085.mb94.gz,https://data.ngdc.noaa.gov/platforms/ocean/ships/ronald_h._brown/lostcity2005/multibeam/data/version1/MB/20050723133355_085.mb94.gz,1153434,swath,whole
lostcity2005,20050723135401_086.mb94.gz,https://data.ngdc.noaa.gov/platforms/ocean/ships/ronald_h._brown/lostcity2005/multibeam/data/version1/MB/20050723135401_086.mb94.gz,1153434,swath,whole
lostcity2005,20050723141403_087.mb94.gz,https://data.ngdc.noaa.gov/platforms/ocean/ships/ronald_h._brown/lostcity2005/multibeam/data/version1/MB/20050723141403_087.mb94.gz,1153434,swath,whole
lostcity2005,20050723143345_088.mb94.gz,https://data.ngdc.noaa.gov/platforms/ocean/ships/ronald_h._brown/lostcity2005/multibeam/data/version1/MB/20050723143345_088.mb94.gz,1153434,swath,whole
lostcity2005,20050723145346_089.mb94.gz,https://data.ngdc.noaa.gov/platforms/ocean/ships/ronald_h._brown/lostcity2005/multibeam/data/version1/MB/20050723145346_089.mb94.gz,1153434,swath,whole
lostcity2005,20050723151337_090.mb94.gz,https://data.ngdc.noaa.gov/platforms/ocean/ships/ronald_h._brown/lostcity2005/multibeam/data/version1/MB/20050723151337_090.mb94.gz,1153434,swath,whole
lostcity2005,20050724214807_002.mb94.gz,https://data.ngdc.noaa.gov/platforms/ocean/ships/ronald_h._brown/lostcity2005/multibeam/data/version1/MB/20050724214807_002.mb94.gz,3355443,swath,whole
lostcity2005,20050724220104_003.mb94.gz,https://data.ngdc.noaa.gov/platforms/ocean/ships/ronald_h._brown/lostcity2005/multibeam/data/version1/MB/20050724220104_003.mb94.gz,3355443,swath,whole
lostcity2005,20050724221447_004.mb94.gz,https://data.ngdc.noaa.gov/platforms/ocean/ships/ronald_h._brown/lostcity2005/multibeam/data/version1/MB/20050724221447_004.mb94.gz,3355443,swath,whole
lostcity2005,20050724222848_005.mb94.gz,https://data.ngdc.noaa.gov/platforms/ocean/ships/ronald_h._brown/lostcity2005/multibeam/data/version1/MB/20050724222848_005.mb94.gz,3355443,swath,whole
lostcity2005,20050724224240_006.mb94.gz,https://data.ngdc.noaa.gov/platforms/ocean/ships/ronald_h._brown/lostcity2005/multibeam/data/version1/MB/20050724224240_006.mb94.gz,3355443,swath,whole
lostcity2005,20050724225615_007.mb94.gz,https://data.ngdc.noaa.gov/platforms/ocean/ships/ronald_h._brown/lostcity2005/multibeam/data/version1/MB/20050724225615_007.mb94.gz,3355443,swath,whole
lostcity2005,20050724230951_008.mb94.gz,https://data.ngdc.noaa.gov/platforms/ocean/ships/ronald_h._brown/lostcity2005/multibeam/data/version1/MB/20050724230951_008.mb94.gz,3355443,swath,whole
lostcity2005,20050724232331_009.mb94.gz,https://data.ngdc.noaa.gov/platforms/ocean/ships/ronald_h._brown/lostcity2005/multibeam/data/version1/MB/20050724232331_009.mb94.gz,3355443,swath,whole
lostcity2005,20050724233725_010.mb94.gz,https://data.ngdc.noaa.gov/platforms/ocean/ships/ronald_h._brown/lostcity2005/multibeam/data/version1/MB/20050724233725_010.mb94.gz,3355443,swath,whole
lostcity2005,20050724235130_011.mb94.gz,https://data.ngdc.noaa.gov/platforms/ocean/ships/ronald_h._brown/lostcity2005/multibeam/data/version1/MB/20050724235130_011.mb94.gz,3355443,swath,whole
lostcity2005,20050725000547_012.mb94.gz,https://data.ngdc.noaa.gov/platforms/ocean/ships/ronald_h._brown/lostcity2005/multibeam/data/version1/MB/20050725000547_012.mb94.gz,3250586,swath,whole
lostcity2005,20050725002001_013.mb94.gz,https://data.ngdc.noaa.gov/platforms/ocean/ships/ronald_h._brown/lostcity2005/multibeam/data/version1/MB/20050725002001_013.mb94.gz,3355443,swath,whole
lostcity2005,20050725003413_014.mb94.gz,https://data.ngdc.noaa.gov/platforms/ocean/ships/ronald_h._brown/lostcity2005/multibeam/data/version1/MB/20050725003413_014.mb94.gz,3355443,swath,whole
lostcity2005,20050725004826_015.mb94.gz,https://data.ngdc.noaa.gov/platforms/ocean/ships/ronald_h._brown/lostcity2005/multibeam/data/version1/MB/20050725004826_015.mb94.gz,3250586,swath,whole
lostcity2005,20050725010237_016.mb94.gz,https://data.ngdc.noaa.gov/platforms/ocean/ships/ronald_h._brown/lostcity2005/multibeam/data/version1/MB/20050725010237_016.mb94.gz,3250586,swath,whole
lostcity2005,20050725011640_017.mb94.gz,https://data.ngdc.noaa.gov/platforms/ocean/ships/ronald_h._brown/lostcity2005/multibeam/data/version1/MB/20050725011640_017.mb94.gz,3355443,swath,whole
lostcity2005,20050725013018_018.mb94.gz,https://data.ngdc.noaa.gov/platforms/ocean/ships/ronald_h._brown/lostcity2005/multibeam/data/version1/MB/20050725013018_018.mb94.gz,3355443,swath,whole
lostcity2005,20050725014414_019.mb94.gz,https://data.ngdc.noaa.gov/platforms/ocean/ships/ronald_h._brown/lostcity2005/multibeam/data/version1/MB/20050725014414_019.mb94.gz,3460301,swath,whole
lostcity2005,20050725015732_020.mb94.gz,https://data.ngdc.noaa.gov/platforms/ocean/ships/ronald_h._brown/lostcity2005/multibeam/data/version1/MB/20050725015732_020.mb94.gz,3565158,swath,whole
lostcity2005,20050725021044_021.mb94.gz,https://data.ngdc.noaa.gov/platforms/ocean/ships/ronald_h._brown/lostcity2005/multibeam/data/version1/MB/20050725021044_021.mb94.gz,3460301,swath,whole
lostcity2005,20050725022412_022.mb94.gz,https://data.ngdc.noaa.gov/platforms/ocean/ships/ronald_h._brown/lostcity2005/multibeam/data/version1/MB/20050725022412_022.mb94.gz,3355443,swath,whole
lostcity2005,20050725023758_023.mb94.gz,https://data.ngdc.noaa.gov/platforms/ocean/ships/ronald_h._brown/lostcity2005/multibeam/data/version1/MB/20050725023758_023.mb94.gz,3355443,swath,whole
lostcity2005,20050725025153_024.mb94.gz,https://data.ngdc.noaa.gov/platforms/ocean/ships/ronald_h._brown/lostcity2005/multibeam/data/version1/MB/20050725025153_024.mb94.gz,3355443,swath,whole
lostcity2005,20050725030530_025.mb94.gz,https://data.ngdc.noaa.gov/platforms/ocean/ships/ronald_h._brown/lostcity2005/multibeam/data/version1/MB/20050725030530_025.mb94.gz,3355443,swath,whole
lostcity2005,20050725031917_026.mb94.gz,https://data.ngdc.noaa.gov/platforms/ocean/ships/ronald_h._brown/lostcity2005/multibeam/data/version1/MB/20050725031917_026.mb94.gz,3355443,swath,whole
lostcity2005,20050725033251_027.mb94.gz,https://data.ngdc.noaa.gov/platforms/ocean/ships/ronald_h._brown/lostcity2005/multibeam/data/version1/MB/20050725033251_027.mb94.gz,3460301,swath,whole
lostcity2005,20050725034614_028.mb94.gz,https://data.ngdc.noaa.gov/platforms/ocean/ships/ronald_h._brown/lostcity2005/multibeam/data/version1/MB/20050725034614_028.mb94.gz,3355443,swath,whole
lostcity2005,20050725040026_029.mb94.gz,https://data.ngdc.noaa.gov/platforms/ocean/ships/ronald_h._brown/lostcity2005/multibeam/data/version1/MB/20050725040026_029.mb94.gz,3355443,swath,whole
lostcity2005,20050725041425_030.mb94.gz,https://data.ngdc.noaa.gov/platforms/ocean/ships/ronald_h._brown/lostcity2005/multibeam/data/version1/MB/20050725041425_030.mb94.gz,3355443,swath,whole
lostcity2005,20050725042800_031.mb94.gz,https://data.ngdc.noaa.gov/platforms/ocean/ships/ronald_h._brown/lostcity2005/multibeam/data/version1/MB/20050725042800_031.mb94.gz,3355443,swath,whole
lostcity2005,20050725044138_032.mb94.gz,https://data.ngdc.noaa.gov/platforms/ocean/ships/ronald_h._brown/lostcity2005/multibeam/data/version1/MB/20050725044138_032.mb94.gz,3355443,swath,whole
lostcity2005,20050725045520_033.mb94.gz,https://data.ngdc.noaa.gov/platforms/ocean/ships/ronald_h._brown/lostcity2005/multibeam/data/version1/MB/20050725045520_033.mb94.gz,3355443,swath,whole
lostcity2005,20050725050845_034.mb94.gz,https://data.ngdc.noaa.gov/platforms/ocean/ships/ronald_h._brown/lostcity2005/multibeam/data/version1/MB/20050725050845_034.mb94.gz,3460301,swath,whole
lostcity2005,20050725052212_035.mb94.gz,https://data.ngdc.noaa.gov/platforms/ocean/ships/ronald_h._brown/lostcity2005/multibeam/data/version1/MB/20050725052212_035.mb94.gz,3565158,swath,whole
lostcity2005,20050725053529_036.mb94.gz,https://data.ngdc.noaa.gov/platforms/ocean/ships/ronald_h._brown/lostcity2005/multibeam/data/version1/MB/20050725053529_036.mb94.gz,3460301,swath,whole
lostcity2005,20050725054913_037.mb94.gz,https://data.ngdc.noaa.gov/platforms/ocean/ships/ronald_h._brown/lostcity2005/multibeam/data/version1/MB/20050725054913_037.mb94.gz,3565158,swath,whole
lostcity2005,20050725060210_038.mb94.gz,https://data.ngdc.noaa.gov/platforms/ocean/ships/ronald_h._brown/lostcity2005/multibeam/data/version1/MB/20050725060210_038.mb94.gz,4299162,swath,whole
lostcity2005,20050725061333_039.mb94.gz,https://data.ngdc.noaa.gov/platforms/ocean/ships/ronald_h._brown/lostcity2005/multibeam/data/version1/MB/20050725061333_039.mb94.gz,4089446,swath,whole
lostcity2005,20050725062553_040.mb94.gz,https://data.ngdc.noaa.gov/platforms/ocean/ships/ronald_h._brown/lostcity2005/multibeam/data/version1/MB/20050725062553_040.mb94.gz,3984589,swath,whole
lostcity2005,20050725063800_041.xse.mb94.gz,https://data.ngdc.noaa.gov/platforms/ocean/ships/ronald_h._brown/lostcity2005/multibeam/data/version1/MB/20050725063800_041.xse.mb94.gz,4194304,swath,whole
lostcity2005,20050725064940_042.xse.mb94.gz,https://data.ngdc.noaa.gov/platforms/ocean/ships/ronald_h._brown/lostcity2005/multibeam/data/version1/MB/20050725064940_042.xse.mb94.gz,2621440,swath,whole
lostcity2005,20050725070515_043.xse.mb94.gz,https://data.ngdc.noaa.gov/platforms/ocean/ships/ronald_h._brown/lostcity2005/multibeam/data/version1/MB/20050725070515_043.xse.mb94.gz,1153434,swath,whole
lostcity2005,20050725072448_044.xse.mb94.gz,https://data.ngdc.noaa.gov/platforms/ocean/ships/ronald_h._brown/lostcity2005/multibeam/data/version1/MB/20050725072448_044.xse.mb94.gz,1153434,swath,whole
lostcity2005,20050725074423_045.xse.mb94.gz,https://data.ngdc.noaa.gov/platforms/ocean/ships/ronald_h._brown/lostcity2005/multibeam/data/version1/MB/20050725074423_045.xse.mb94.gz,1153434,swath,whole
lostcity2005,20050725080409_046.xse.mb94.gz,https://data.ngdc.noaa.gov/platforms/ocean/ships/ronald_h._brown/lostcity2005/multibeam/data/version1/MB/20050725080409_046.xse.mb94.gz,1153434,swath,whole
lostcity2005,20050725082358_047.xse.mb94.gz,https://data.ngdc.noaa.gov/platforms/ocean/ships/ronald_h._brown/lostcity2005/multibeam/data/version1/MB/20050725082358_047.xse.mb94.gz,1153434,swath,whole
lostcity2005,20050725084419_048.xse.mb94.gz,https://data.ngdc.noaa.gov/platforms/ocean/ships/ronald_h._brown/lostcity2005/multibeam/data/version1/MB/20050725084419_048.xse.mb94.gz,1153434,swath,whole
lostcity2005,20050725090433_049.xse.mb94.gz,https://data.ngdc.noaa.gov/platforms/ocean/ships/ronald_h._brown/lostcity2005/multibeam/data/version1/MB/20050725090433_049.xse.mb94.gz,1153434,swath,whole
lostcity2005,20050725092446_050.xse.mb94.gz,https://data.ngdc.noaa.gov/platforms/ocean/ships/ronald_h._brown/lostcity2005/multibeam/data/version1/MB/20050725092446_050.xse.mb94.gz,1153434,swath,whole
lostcity2005,20050725094426_051.xse.mb94.gz,https://data.ngdc.noaa.gov/platforms/ocean/ships/ronald_h._brown/lostcity2005/multibeam/data/version1/MB/20050725094426_051.xse.mb94.gz,1153434,swath,whole
lostcity2005,20050725100416_052.xse.mb94.gz,https://data.ngdc.noaa.gov/platforms/ocean/ships/ronald_h._brown/lostcity2005/multibeam/data/version1/MB/20050725100416_052.xse.mb94.gz,1153434,swath,whole
lostcity2005,20050725102407_053.xse.mb94.gz,https://data.ngdc.noaa.gov/platforms/ocean/ships/ronald_h._brown/lostcity2005/multibeam/data/version1/MB/20050725102407_053.xse.mb94.gz,1153434,swath,whole
lostcity2005,20050725104339_054.xse.mb94.gz,https://data.ngdc.noaa.gov/platforms/ocean/ships/ronald_h._brown/lostcity2005/multibeam/data/version1/MB/20050725104339_054.xse.mb94.gz,1153434,swath,whole
lostcity2005,20050725110319_055.xse.mb94.gz,https://data.ngdc.noaa.gov/platforms/ocean/ships/ronald_h._brown/lostcity2005/multibeam/data/version1/MB/20050725110319_055.xse.mb94.gz,1153434,swath,whole
lostcity2005,20050725112247_056.xse.mb94.gz,https://data.ngdc.noaa.gov/platforms/ocean/ships/ronald_h._brown/lostcity2005/multibeam/data/version1/MB/20050725112247_056.xse.mb94.gz,1153434,swath,whole
lostcity2005,20050725114220_057.xse.mb94.gz,https://data.ngdc.noaa.gov/platforms/ocean/ships/ronald_h._brown/lostcity2005/multibeam/data/version1/MB/20050725114220_057.xse.mb94.gz,1153434,swath,whole
lostcity2005,20050725120212_058.xse.mb94.gz,https://data.ngdc.noaa.gov/platforms/ocean/ships/ronald_h._brown/lostcity2005/multibeam/data/version1/MB/20050725120212_058.xse.mb94.gz,1258291,swath,whole
lostcity2005,20050725122150_059.xse.mb94.gz,https://data.ngdc.noaa.gov/platforms/ocean/ships/ronald_h._brown/lostcity2005/multibeam/data/version1/MB/20050725122150_059.xse.mb94.gz,1153434,swath,whole
lostcity2005,20050725124136_060.xse.mb94.gz,https://data.ngdc.noaa.gov/platforms/ocean/ships/ronald_h._brown/lostcity2005/multibeam/data/version1/MB/20050725124136_060.xse.mb94.gz,1153434,swath,whole
lostcity2005,20050725130107_061.xse.mb94.gz,https://data.ngdc.noaa.gov/platforms/ocean/ships/ronald_h._brown/lostcity2005/multibeam/data/version1/MB/20050725130107_061.xse.mb94.gz,1258291,swath,whole
lostcity2005,20050725132018_062.xse.mb94.gz,https://data.ngdc.noaa.gov/platforms/ocean/ships/ronald_h._brown/lostcity2005/multibeam/data/version1/MB/20050725132018_062.xse.mb94.gz,1153434,swath,whole
lostcity2005,20050725133943_063.xse.mb94.gz,https://data.ngdc.noaa.gov/platforms/ocean/ships/ronald_h._brown/lostcity2005/multibeam/data/version1/MB/20050725133943_063.xse.mb94.gz,1153434,swath,whole
lostcity2005,20050725135913_064.xse.mb94.gz,https://data.ngdc.noaa.gov/platforms/ocean/ships/ronald_h._brown/lostcity2005/multibeam/data/version1/MB/20050725135913_064.xse.mb94.gz,1153434,swath,whole
lostcity2005,20050725141830_065.xse.mb94.gz,https://data.ngdc.noaa.gov/platforms/ocean/ships/ronald_h._brown/lostcity2005/multibeam/data/version1/MB/20050725141830_065.xse.mb94.gz,1153434,swath,whole
lostcity2005,20050725143749_066.xse.mb94.gz,https://data.ngdc.noaa.gov/platforms/ocean/ships/ronald_h._brown/lostcity2005/multibeam/data/version1/MB/20050725143749_066.xse.mb94.gz,1153434,swath,whole
lostcity2005,20050725145657_067.xse.mb94.gz,https://data.ngdc.noaa.gov/platforms/ocean/ships/ronald_h._brown/lostcity2005/multibeam/data/version1/MB/20050725145657_067.xse.mb94.gz,1153434,swath,whole
lostcity2005,20050725151628_068.xse.mb94.gz,https://data.ngdc.noaa.gov/platforms/ocean/ships/ronald_h._brown/lostcity2005/multibeam/data/version1/MB/20050725151628_068.xse.mb94.gz,1153434,swath,whole
lostcity2005,20050725153546_069.xse.mb94.gz,https://data.ngdc.noaa.gov/platforms/ocean/ships/ronald_h._brown/lostcity2005/multibeam/data/version1/MB/20050725153546_069.xse.mb94.gz,1153434,swath,whole
lostcity2005,20050725155517_070.xse.mb94.gz,https://data.ngdc.noaa.gov/platforms/ocean/ships/ronald_h._brown/lostcity2005/multibeam/data/version1/MB/20050725155517_070.xse.mb94.gz,1153434,swath,whole
lostcity2005,20050725161441_071.xse.mb94.gz,https://data.ngdc.noaa.gov/platforms/ocean/ships/ronald_h._brown/lostcity2005/multibeam/data/version1/MB/20050725161441_071.xse.mb94.gz,1153434,swath,whole
lostcity2005,20050725163408_072.xse.mb94.gz,https://data.ngdc.noaa.gov/platforms/ocean/ships/ronald_h._brown/lostcity2005/multibeam/data/version1/MB/20050725163408_072.xse.mb94.gz,1153434,swath,whole
lostcity2005,20050725165333_073.xse.mb94.gz,https://data.ngdc.noaa.gov/platforms/ocean/ships/ronald_h._brown/lostcity2005/multibeam/data/version1/MB/20050725165333_073.xse.mb94.gz,1153434,swath,whole
lostcity2005,20050725171314_074.xse.mb94.gz,https://data.ngdc.noaa.gov/platforms/ocean/ships/ronald_h._brown/lostcity2005/multibeam/data/version1/MB/20050725171314_074.xse.mb94.gz,1153434,swath,whole
lostcity2005,20050725173231_075.xse.mb94.gz,https://data.ngdc.noaa.gov/platforms/ocean/ships/ronald_h._brown/lostcity2005/multibeam/data/version1/MB/20050725173231_075.xse.mb94.gz,1153434,swath,whole
lostcity2005,20050725175218_076.xse.mb94.gz,https://data.ngdc.noaa.gov/platforms/ocean/ships/ronald_h._brown/lostcity2005/multibeam/data/version1/MB/20050725175218_076.xse.mb94.gz,1153434,swath,whole
lostcity2005,20050725181147_077.xse.mb94.gz,https://data.ngdc.noaa.gov/platforms/ocean/ships/ronald_h._brown/lostcity2005/multibeam/data/version1/MB/20050725181147_077.xse.mb94.gz,1153434,swath,whole
lostcity2005,20050725183116_078.xse.mb94.gz,https://data.ngdc.noaa.gov/platforms/ocean/ships/ronald_h._brown/lostcity2005/multibeam/data/version1/MB/20050725183116_078.xse.mb94.gz,1153434,swath,whole
lostcity2005,20050725185059_079.xse.mb94.gz,https://data.ngdc.noaa.gov/platforms/ocean/ships/ronald_h._brown/lostcity2005/multibeam/data/version1/MB/20050725185059_079.xse.mb94.gz,1153434,swath,whole
lostcity2005,20050725191039_080.xse.mb94.gz,https://data.ngdc.noaa.gov/platforms/ocean/ships/ronald_h._brown/lostcity2005/multibeam/data/version1/MB/20050725191039_080.xse.mb94.gz,1153434,swath,whole
lostcity2005,20050725193008_081.xse.mb94.gz,https://data.ngdc.noaa.gov/platforms/ocean/ships/ronald_h._brown/lostcity2005/multibeam/data/version1/MB/20050725193008_081.xse.mb94.gz,1153434,swath,whole
lostcity2005,20050725194934_082.xse.mb94.gz,https://data.ngdc.noaa.gov/platforms/ocean/ships/ronald_h._brown/lostcity2005/multibeam/data/version1/MB/20050725194934_082.xse.mb94.gz,1153434,swath,whole
lostcity2005,20050725200911_083.xse.mb94.gz,https://data.ngdc.noaa.gov/platforms/ocean/ships/ronald_h._brown/lostcity2005/multibeam/data/version1/MB/20050725200911_083.xse.mb94.gz,1153434,swath,whole
lostcity2005,20050725202858_084.xse.mb94.gz,https://data.ngdc.noaa.gov/platforms/ocean/ships/ronald_h._brown/lostcity2005/multibeam/data/version1/MB/20050725202858_084.xse.mb94.gz,1153434,swath,whole
lostcity2005,20050725204836_085.xse.mb94.gz,https://data.ngdc.noaa.gov/platforms/ocean/ships/ronald_h._brown/lostcity2005/multibeam/data/version1/MB/20050725204836_085.xse.mb94.gz,1153434,swath,whole
lostcity2005,20050725210820_086.xse.mb94.gz,https://data.ngdc.noaa.gov/platforms/ocean/ships/ronald_h._brown/lostcity2005/multibeam/data/version1/MB/20050725210820_086.xse.mb94.gz,6963,swath,whole
lostcity2005,20050727115528_003.mb94.gz,https://data.ngdc.noaa.gov/platforms/ocean/ships/ronald_h._brown/lostcity2005/multibeam/data/version1/MB/20050727115528_003.mb94.gz,3984589,swath,whole
lostcity2005,20050727120530_004.mb94.gz,https://data.ngdc.noaa.gov/platforms/ocean/ships/ronald_h._brown/lostcity2005/multibeam/data/version1/MB/20050727120530_004.mb94.gz,3670016,swath,whole
lostcity2005,20050727121542_005.mb94.gz,https://data.ngdc.noaa.gov/platforms/ocean/ships/ronald_h._brown/lostcity2005/multibeam/data/version1/MB/20050727121542_005.mb94.gz,3670016,swath,whole
lostcity2005,20050727122549_006.mb94.gz,https://data.ngdc.noaa.gov/platforms/ocean/ships/ronald_h._brown/lostcity2005/multibeam/data/version1/MB/20050727122549_006.mb94.gz,3565158,swath,whole
lostcity2005,20050727123905_007.mb94.gz,https://data.ngdc.noaa.gov/platforms/ocean/ships/ronald_h._brown/lostcity2005/multibeam/data/version1/MB/20050727123905_007.mb94.gz,3460301,swath,whole
lostcity2005,20050727125314_008.mb94.gz,https://data.ngdc.noaa.gov/platforms/ocean/ships/ronald_h._brown/lostcity2005/multibeam/data/version1/MB/20050727125314_008.mb94.gz,3460301,swath,whole
lostcity2005,20050727130722_009.mb94.gz,https://data.ngdc.noaa.gov/platforms/ocean/ships/ronald_h._brown/lostcity2005/multibeam/data/version1/MB/20050727130722_009.mb94.gz,3355443,swath,whole
lostcity2005,20050727132126_010.mb94.gz,https://data.ngdc.noaa.gov/platforms/ocean/ships/ronald_h._brown/lostcity2005/multibeam/data/version1/MB/20050727132126_010.mb94.gz,3460301,swath,whole
lostcity2005,20050727133458_011.mb94.gz,https://data.ngdc.noaa.gov/platforms/ocean/ships/ronald_h._brown/lostcity2005/multibeam/data/version1/MB/20050727133458_011.mb94.gz,3250586,swath,whole
lostcity2005,20050727134858_012.mb94.gz,https://data.ngdc.noaa.gov/platforms/ocean/ships/ronald_h._brown/lostcity2005/multibeam/data/version1/MB/20050727134858_012.mb94.gz,3250586,swath,whole
lostcity2005,20050727140256_013.mb94.gz,https://data.ngdc.noaa.gov/platforms/ocean/ships/ronald_h._brown/lostcity2005/multibeam/data/version1/MB/20050727140256_013.mb94.gz,3250586,swath,whole
lostcity2005,20050727141710_014.mb94.gz,https://data.ngdc.noaa.gov/platforms/ocean/ships/ronald_h._brown/lostcity2005/multibeam/data/version1/MB/20050727141710_014.mb94.gz,1048576,swath,whole
lostcity2005,20050730114637_015.mb94.gz,https://data.ngdc.noaa.gov/platforms/ocean/ships/ronald_h._brown/lostcity2005/multibeam/data/version1/MB/20050730114637_015.mb94.gz,3774874,swath,whole
lostcity2005,20050730115927_016.mb94.gz,https://data.ngdc.noaa.gov/platforms/ocean/ships/ronald_h._brown/lostcity2005/multibeam/data/version1/MB/20050730115927_016.mb94.gz,3565158,swath,whole
lostcity2005,20050730121229_017.mb94.gz,https://data.ngdc.noaa.gov/platforms/ocean/ships/ronald_h._brown/lostcity2005/multibeam/data/version1/MB/20050730121229_017.mb94.gz,3460301,swath,whole
lostcity2005,20050730122546_018.mb94.gz,https://data.ngdc.noaa.gov/platforms/ocean/ships/ronald_h._brown/lostcity2005/multibeam/data/version1/MB/20050730122546_018.mb94.gz,3565158,swath,whole
lostcity2005,20050730123906_019.mb94.gz,https://data.ngdc.noaa.gov/platforms/ocean/ships/ronald_h._brown/lostcity2005/multibeam/data/version1/MB/20050730123906_019.mb94.gz,3565158,swath,whole
lostcity2005,20050730125218_020.xse.mb94.gz,https://data.ngdc.noaa.gov/platforms/ocean/ships/ronald_h._brown/lostcity2005/multibeam/data/version1/MB/20050730125218_020.xse.mb94.gz,3565158,swath,whole
lostcity2005,20050730130523_021.xse.mb94.gz,https://data.ngdc.noaa.gov/platforms/ocean/ships/ronald_h._brown/lostcity2005/multibeam/data/version1/MB/20050730130523_021.xse.mb94.gz,3565158,swath,whole
lostcity2005,20050730131900_022.xse.mb94.gz,https://data.ngdc.noaa.gov/platforms/ocean/ships/ronald_h._brown/lostcity2005/multibeam/data/version1/MB/20050730131900_022.xse.mb94.gz,3355443,swath,whole
lostcity2005,20050730133249_023.xse.mb94.gz,https://data.ngdc.noaa.gov/platforms/ocean/ships/ronald_h._brown/lostcity2005/multibeam/data/version1/MB/20050730133249_023.xse.mb94.gz,3355443,swath,whole
lostcity2005,20050730134623_024.xse.mb94.gz,https://data.ngdc.noaa.gov/platforms/ocean/ships/ronald_h._brown/lostcity2005/multibeam/data/version1/MB/20050730134623_024.xse.mb94.gz,3355443,swath,whole
lostcity2005,20050730135951_025.xse.mb94.gz,https://data.ngdc.noaa.gov/platforms/ocean/ships/ronald_h._brown/lostcity2005/multibeam/data/version1/MB/20050730135951_025.xse.mb94.gz,3355443,swath,whole
lostcity2005,20050730141346_026.xse.mb94.gz,https://data.ngdc.noaa.gov/platforms/ocean/ships/ronald_h._brown/lostcity2005/multibeam/data/version1/MB/20050730141346_026.xse.mb94.gz,3250586,swath,whole
lostcity2005,20050730142804_027.xse.mb94.gz,https://data.ngdc.noaa.gov/platforms/ocean/ships/ronald_h._brown/lostcity2005/multibeam/data/version1/MB/20050730142804_027.xse.mb94.gz,615424,swath,whole
lostcity2005,20050801104531_001.mb94.gz,https://data.ngdc.noaa.gov/platforms/ocean/ships/ronald_h._brown/lostcity2005/multibeam/data/version1/MB/20050801104531_001.mb94.gz,3879731,swath,whole
lostcity2005,20050801105634_002.mb94.gz,https://data.ngdc.noaa.gov/platforms/ocean/ships/ronald_h._brown/lostcity2005/multibeam/data/version1/MB/20050801105634_002.mb94.gz,3460301,swath,whole
lostcity2005,20050801110849_003.mb94.gz,https://data.ngdc.noaa.gov/platforms/ocean/ships/ronald_h._brown/lostcity2005/multibeam/data/version1/MB/20050801110849_003.mb94.gz,3355443,swath,whole
lostcity2005,20050801112133_004.mb94.gz,https://data.ngdc.noaa.gov/platforms/ocean/ships/ronald_h._brown/lostcity2005/multibeam/data/version1/MB/20050801112133_004.mb94.gz,3355443,swath,whole
lostcity2005,20050801113421_005.mb94.gz,https://data.ngdc.noaa.gov/platforms/ocean/ships/ronald_h._brown/lostcity2005/multibeam/data/version1/MB/20050801113421_005.mb94.gz,3355443,swath,whole
lostcity2005,20050801114709_006.mb94.gz,https://data.ngdc.noaa.gov/platforms/ocean/ships/ronald_h._brown/lostcity2005/multibeam/data/version1/MB/20050801114709_006.mb94.gz,3355443,swath,whole
lostcity2005,20050801120001_007.mb94.gz,https://data.ngdc.noaa.gov/platforms/ocean/ships/ronald_h._brown/lostcity2005/multibeam/data/version1/MB/20050801120001_007.mb94.gz,3460301,swath,whole
lostcity2005,20050801121235_008.mb94.gz,https://data.ngdc.noaa.gov/platforms/ocean/ships/ronald_h._brown/lostcity2005/multibeam/data/version1/MB/20050801121235_008.mb94.gz,3460301,swath,whole
lostcity2005,20050801122507_009.mb94.gz,https://data.ngdc.noaa.gov/platforms/ocean/ships/ronald_h._brown/lostcity2005/multibeam/data/version1/MB/20050801122507_009.mb94.gz,3460301,swath,whole
lostcity2005,20050801123721_010.mb94.gz,https://data.ngdc.noaa.gov/platforms/ocean/ships/ronald_h._brown/lostcity2005/multibeam/data/version1/MB/20050801123721_010.mb94.gz,3460301,swath,whole
lostcity2005,20050801124954_011.mb94.gz,https://data.ngdc.noaa.gov/platforms/ocean/ships/ronald_h._brown/lostcity2005/multibeam/data/version1/MB/20050801124954_011.mb94.gz,3460301,swath,whole
lostcity2005,20050801130230_012.mb94.gz,https://data.ngdc.noaa.gov/platforms/ocean/ships/ronald_h._brown/lostcity2005/multibeam/data/version1/MB/20050801130230_012.mb94.gz,3565158,swath,whole
lostcity2005,20050801131511_013.mb94.gz,https://data.ngdc.noaa.gov/platforms/ocean/ships/ronald_h._brown/lostcity2005/multibeam/data/version1/MB/20050801131511_013.mb94.gz,3460301,swath,whole
lostcity2005,20050801132750_014.mb94.gz,https://data.ngdc.noaa.gov/platforms/ocean/ships/ronald_h._brown/lostcity2005/multibeam/data/version1/MB/20050801132750_014.mb94.gz,3565158,swath,whole
lostcity2005,20050801134023_015.mb94.gz,https://data.ngdc.noaa.gov/platforms/ocean/ships/ronald_h._brown/lostcity2005/multibeam/data/version1/MB/20050801134023_015.mb94.gz,3565158,swath,whole
lostcity2005,20050801135305_016.mb94.gz,https://data.ngdc.noaa.gov/platforms/ocean/ships/ronald_h._brown/lostcity2005/multibeam/data/version1/MB/20050801135305_016.mb94.gz,3460301,swath,whole
lostcity2005,20050801140551_017.mb94.gz,https://data.ngdc.noaa.gov/platforms/ocean/ships/ronald_h._brown/lostcity2005/multibeam/data/version1/MB/20050801140551_017.mb94.gz,3565158,swath,whole
lostcity2005,20050801141752_018.mb94.gz,https://data.ngdc.noaa.gov/platforms/ocean/ships/ronald_h._brown/lostcity2005/multibeam/data/version1/MB/20050801141752_018.mb94.gz,3565158,swath,whole
lostcity2005,20050801143035_019.mb94.gz,https://data.ngdc.noaa.gov/platforms/ocean/ships/ronald_h._brown/lostcity2005/multibeam/data/version1/MB/20050801143035_019.mb94.gz,3460301,swath,whole
lostcity2005,20050801144317_020.mb94.gz,https://data.ngdc.noaa.gov/platforms/ocean/ships/ronald_h._brown/lostcity2005/multibeam/data/version1/MB/20050801144317_020.mb94.gz,3460301,swath,whole
lostcity2005,20050801145553_021.mb94.gz,https://data.ngdc.noaa.gov/platforms/ocean/ships/ronald_h._brown/lostcity2005/multibeam/data/version1/MB/20050801145553_021.mb94.gz,3565158,swath,whole
lostcity2005,20050801150828_022.mb94.gz,https://data.ngdc.noaa.gov/platforms/ocean/ships/ronald_h._brown/lostcity2005/multibeam/data/version1/MB/20050801150828_022.mb94.gz,3460301,swath,whole
lostcity2005,20050801152102_023.mb94.gz,https://data.ngdc.noaa.gov/platforms/ocean/ships/ronald_h._brown/lostcity2005/multibeam/data/version1/MB/20050801152102_023.mb94.gz,3460301,swath,whole
lostcity2005,20050801153337_024.mb94.gz,https://data.ngdc.noaa.gov/platforms/ocean/ships/ronald_h._brown/lostcity2005/multibeam/data/version1/MB/20050801153337_024.mb94.gz,3565158,swath,whole
lostcity2005,20050801154602_025.mb94.gz,https://data.ngdc.noaa.gov/platforms/ocean/ships/ronald_h._brown/lostcity2005/multibeam/data/version1/MB/20050801154602_025.mb94.gz,3355443,swath,whole
lostcity2005,20050801155853_026.mb94.gz,https://data.ngdc.noaa.gov/platforms/ocean/ships/ronald_h._brown/lostcity2005/multibeam/data/version1/MB/20050801155853_026.mb94.gz,3460301,swath,whole
lostcity2005,20050801161134_027.mb94.gz,https://data.ngdc.noaa.gov/platforms/ocean/ships/ronald_h._brown/lostcity2005/multibeam/data/version1/MB/20050801161134_027.mb94.gz,3460301,swath,whole
lostcity2005,20050801162415_028.mb94.gz,https://data.ngdc.noaa.gov/platforms/ocean/ships/ronald_h._brown/lostcity2005/multibeam/data/version1/MB/20050801162415_028.mb94.gz,3565158,swath,whole
lostcity2005,20050801163646_029.mb94.gz,https://data.ngdc.noaa.gov/platforms/ocean/ships/ronald_h._brown/lostcity2005/multibeam/data/version1/MB/20050801163646_029.mb94.gz,3460301,swath,whole
lostcity2005,20050801164923_030.mb94.gz,https://data.ngdc.noaa.gov/platforms/ocean/ships/ronald_h._brown/lostcity2005/multibeam/data/version1/MB/20050801164923_030.mb94.gz,3460301,swath,whole
lostcity2005,20050801170207_031.mb94.gz,https://data.ngdc.noaa.gov/platforms/ocean/ships/ronald_h._brown/lostcity2005/multibeam/data/version1/MB/20050801170207_031.mb94.gz,3460301,swath,whole
lostcity2005,20050801171444_032.mb94.gz,https://data.ngdc.noaa.gov/platforms/ocean/ships/ronald_h._brown/lostcity2005/multibeam/data/version1/MB/20050801171444_032.mb94.gz,3565158,swath,whole
lostcity2005,20050801172700_033.mb94.gz,https://data.ngdc.noaa.gov/platforms/ocean/ships/ronald_h._brown/lostcity2005/multibeam/data/version1/MB/20050801172700_033.mb94.gz,3565158,swath,whole
lostcity2005,20050801173924_034.mb94.gz,https://data.ngdc.noaa.gov/platforms/ocean/ships/ronald_h._brown/lostcity2005/multibeam/data/version1/MB/20050801173924_034.mb94.gz,3565158,swath,whole
lostcity2005,20050801175149_035.mb94.gz,https://data.ngdc.noaa.gov/platforms/ocean/ships/ronald_h._brown/lostcity2005/multibeam/data/version1/MB/20050801175149_035.mb94.gz,3355443,swath,whole
lostcity2005,20050801180437_036.mb94.gz,https://data.ngdc.noaa.gov/platforms/ocean/ships/ronald_h._brown/lostcity2005/multibeam/data/version1/MB/20050801180437_036.mb94.gz,3460301,swath,whole
lostcity2005,20050801181716_037.mb94.gz,https://data.ngdc.noaa.gov/platforms/ocean/ships/ronald_h._brown/lostcity2005/multibeam/data/version1/MB/20050801181716_037.mb94.gz,3355443,swath,whole
lostcity2005,20050801183007_038.mb94.gz,https://data.ngdc.noaa.gov/platforms/ocean/ships/ronald_h._brown/lostcity2005/multibeam/data/version1/MB/20050801183007_038.mb94.gz,3355443,swath,whole
lostcity2005,20050801184256_039.mb94.gz,https://data.ngdc.noaa.gov/platforms/ocean/ships/ronald_h._brown/lostcity2005/multibeam/data/version1/MB/20050801184256_039.mb94.gz,3460301,swath,whole
lostcity2005,20050801185534_040.mb94.gz,https://data.ngdc.noaa.gov/platforms/ocean/ships/ronald_h._brown/lostcity2005/multibeam/data/version1/MB/20050801185534_040.mb94.gz,3460301,swath,whole
lostcity2005,20050801190810_041.mb94.gz,https://data.ngdc.noaa.gov/platforms/ocean/ships/ronald_h._brown/lostcity2005/multibeam/data/version1/MB/20050801190810_041.mb94.gz,3460301,swath,whole
lostcity2005,20050801192041_042.mb94.gz,https://data.ngdc.noaa.gov/platforms/ocean/ships/ronald_h._brown/lostcity2005/multibeam/data/version1/MB/20050801192041_042.mb94.gz,3460301,swath,whole
lostcity2005,20050801193316_043.mb94.gz,https://data.ngdc.noaa.gov/platforms/ocean/ships/ronald_h._brown/lostcity2005/multibeam/data/version1/MB/20050801193316_043.mb94.gz,3355443,swath,whole
lostcity2005,20050801194559_044.mb94.gz,https://data.ngdc.noaa.gov/platforms/ocean/ships/ronald_h._brown/lostcity2005/multibeam/data/version1/MB/20050801194559_044.mb94.gz,3460301,swath,whole
lostcity2005,20050801195837_045.mb94.gz,https://data.ngdc.noaa.gov/platforms/ocean/ships/ronald_h._brown/lostcity2005/multibeam/data/version1/MB/20050801195837_045.mb94.gz,3460301,swath,whole
lostcity2005,20050801201119_046.mb94.gz,https://data.ngdc.noaa.gov/platforms/ocean/ships/ronald_h._brown/lostcity2005/multibeam/data/version1/MB/20050801201119_046.mb94.gz,3565158,swath,whole
lostcity2005,20050801202348_047.mb94.gz,https://data.ngdc.noaa.gov/platforms/ocean/ships/ronald_h._brown/lostcity2005/multibeam/data/version1/MB/20050801202348_047.mb94.gz,3565158,swath,whole
lostcity2005,20050801203612_048.mb94.gz,https://data.ngdc.noaa.gov/platforms/ocean/ships/ronald_h._brown/lostcity2005/multibeam/data/version1/MB/20050801203612_048.mb94.gz,3460301,swath,whole
lostcity2005,20050801204843_049.mb94.gz,https://data.ngdc.noaa.gov/platforms/ocean/ships/ronald_h._brown/lostcity2005/multibeam/data/version1/MB/20050801204843_049.mb94.gz,3460301,swath,whole
lostcity2005,20050801210109_050.mb94.gz,https://data.ngdc.noaa.gov/platforms/ocean/ships/ronald_h._brown/lostcity2005/multibeam/data/version1/MB/20050801210109_050.mb94.gz,3460301,swath,whole
lostcity2005,20050801211338_051.mb94.gz,https://data.ngdc.noaa.gov/platforms/ocean/ships/ronald_h._brown/lostcity2005/multibeam/data/version1/MB/20050801211338_051.mb94.gz,3460301,swath,whole
lostcity2005,20050801212615_052.mb94.gz,https://data.ngdc.noaa.gov/platforms/ocean/ships/ronald_h._brown/lostcity2005/multibeam/data/version1/MB/20050801212615_052.mb94.gz,3355443,swath,whole
lostcity2005,20050801213901_053.mb94.gz,https://data.ngdc.noaa.gov/platforms/ocean/ships/ronald_h._brown/lostcity2005/multibeam/data/version1/MB/20050801213901_053.mb94.gz,3460301,swath,whole
lostcity2005,20050801215142_054.mb94.gz,https://data.ngdc.noaa.gov/platforms/ocean/ships/ronald_h._brown/lostcity2005/multibeam/data/version1/MB/20050801215142_054.mb94.gz,3460301,swath,whole
lostcity2005,20050801220422_055.mb94.gz,https://data.ngdc.noaa.gov/platforms/ocean/ships/ronald_h._brown/lostcity2005/multibeam/data/version1/MB/20050801220422_055.mb94.gz,3460301,swath,whole
lostcity2005,20050801221703_056.mb94.gz,https://data.ngdc.noaa.gov/platforms/ocean/ships/ronald_h._brown/lostcity2005/multibeam/data/version1/MB/20050801221703_056.mb94.gz,3460301,swath,whole
lostcity2005,20050801222941_057.mb94.gz,https://data.ngdc.noaa.gov/platforms/ocean/ships/ronald_h._brown/lostcity2005/multibeam/data/version1/MB/20050801222941_057.mb94.gz,3460301,swath,whole
lostcity2005,20050801224227_058.mb94.gz,https://data.ngdc.noaa.gov/platforms/ocean/ships/ronald_h._brown/lostcity2005/multibeam/data/version1/MB/20050801224227_058.mb94.gz,3460301,swath,whole
lostcity2005,20050801225507_059.mb94.gz,https://data.ngdc.noaa.gov/platforms/ocean/ships/ronald_h._brown/lostcity2005/multibeam/data/version1/MB/20050801225507_059.mb94.gz,3460301,swath,whole
lostcity2005,20050801230749_060.mb94.gz,https://data.ngdc.noaa.gov/platforms/ocean/ships/ronald_h._brown/lostcity2005/multibeam/data/version1/MB/20050801230749_060.mb94.gz,3460301,swath,whole
lostcity2005,20050801232029_061.mb94.gz,https://data.ngdc.noaa.gov/platforms/ocean/ships/ronald_h._brown/lostcity2005/multibeam/data/version1/MB/20050801232029_061.mb94.gz,3460301,swath,whole
lostcity2005,20050801233311_062.mb94.gz,https://data.ngdc.noaa.gov/platforms/ocean/ships/ronald_h._brown/lostcity2005/multibeam/data/version1/MB/20050801233311_062.mb94.gz,3460301,swath,whole
lostcity2005,20050801234541_063.mb94.gz,https://data.ngdc.noaa.gov/platforms/ocean/ships/ronald_h._brown/lostcity2005/multibeam/data/version1/MB/20050801234541_063.mb94.gz,3460301,swath,whole
lostcity2005,20050801235801_064.mb94.gz,https://data.ngdc.noaa.gov/platforms/ocean/ships/ronald_h._brown/lostcity2005/multibeam/data/version1/MB/20050801235801_064.mb94.gz,3460301,swath,whole
lostcity2005,20050802001043_065.mb94.gz,https://data.ngdc.noaa.gov/platforms/ocean/ships/ronald_h._brown/lostcity2005/multibeam/data/version1/MB/20050802001043_065.mb94.gz,3460301,swath,whole
lostcity2005,20050802002327_066.mb94.gz,https://data.ngdc.noaa.gov/platforms/ocean/ships/ronald_h._brown/lostcity2005/multibeam/data/version1/MB/20050802002327_066.mb94.gz,3355443,swath,whole
lostcity2005,20050802003624_067.mb94.gz,https://data.ngdc.noaa.gov/platforms/ocean/ships/ronald_h._brown/lostcity2005/multibeam/data/version1/MB/20050802003624_067.mb94.gz,3355443,swath,whole
lostcity2005,20050802004907_068.mb94.gz,https://data.ngdc.noaa.gov/platforms/ocean/ships/ronald_h._brown/lostcity2005/multibeam/data/version1/MB/20050802004907_068.mb94.gz,3355443,swath,whole
lostcity2005,20050802010156_069.mb94.gz,https://data.ngdc.noaa.gov/platforms/ocean/ships/ronald_h._brown/lostcity2005/multibeam/data/version1/MB/20050802010156_069.mb94.gz,3355443,swath,whole
lostcity2005,20050802011447_070.mb94.gz,https://data.ngdc.noaa.gov/platforms/ocean/ships/ronald_h._brown/lostcity2005/multibeam/data/version1/MB/20050802011447_070.mb94.gz,3460301,swath,whole
lostcity2005,20050802012731_071.mb94.gz,https://data.ngdc.noaa.gov/platforms/ocean/ships/ronald_h._brown/lostcity2005/multibeam/data/version1/MB/20050802012731_071.mb94.gz,3460301,swath,whole
lostcity2005,20050802014010_072.mb94.gz,https://data.ngdc.noaa.gov/platforms/ocean/ships/ronald_h._brown/lostcity2005/multibeam/data/version1/MB/20050802014010_072.mb94.gz,3460301,swath,whole
lostcity2005,20050802015257_073.mb94.gz,https://data.ngdc.noaa.gov/platforms/ocean/ships/ronald_h._brown/lostcity2005/multibeam/data/version1/MB/20050802015257_073.mb94.gz,3460301,swath,whole
lostcity2005,20050802020541_074.mb94.gz,https://data.ngdc.noaa.gov/platforms/ocean/ships/ronald_h._brown/lostcity2005/multibeam/data/version1/MB/20050802020541_074.mb94.gz,3460301,swath,whole
lostcity2005,20050802021829_075.mb94.gz,https://data.ngdc.noaa.gov/platforms/ocean/ships/ronald_h._brown/lostcity2005/multibeam/data/version1/MB/20050802021829_075.mb94.gz,3460301,swath,whole
lostcity2005,20050802023107_076.mb94.gz,https://data.ngdc.noaa.gov/platforms/ocean/ships/ronald_h._brown/lostcity2005/multibeam/data/version1/MB/20050802023107_076.mb94.gz,3460301,swath,whole
lostcity2005,20050802024348_077.mb94.gz,https://data.ngdc.noaa.gov/platforms/ocean/ships/ronald_h._brown/lostcity2005/multibeam/data/version1/MB/20050802024348_077.mb94.gz,3460301,swath,whole
lostcity2005,20050802025628_078.mb94.gz,https://data.ngdc.noaa.gov/platforms/ocean/ships/ronald_h._brown/lostcity2005/multibeam/data/version1/MB/20050802025628_078.mb94.gz,3565158,swath,whole
lostcity2005,20050802030901_079.mb94.gz,https://data.ngdc.noaa.gov/platforms/ocean/ships/ronald_h._brown/lostcity2005/multibeam/data/version1/MB/20050802030901_079.mb94.gz,3565158,swath,whole
lostcity2005,20050802032142_080.mb94.gz,https://data.ngdc.noaa.gov/platforms/ocean/ships/ronald_h._brown/lostcity2005/multibeam/data/version1/MB/20050802032142_080.mb94.gz,3460301,swath,whole
lostcity2005,20050802033416_081.mb94.gz,https://data.ngdc.noaa.gov/platforms/ocean/ships/ronald_h._brown/lostcity2005/multibeam/data/version1/MB/20050802033416_081.mb94.gz,3460301,swath,whole
lostcity2005,20050802034701_082.mb94.gz,https://data.ngdc.noaa.gov/platforms/ocean/ships/ronald_h._brown/lostcity2005/multibeam/data/version1/MB/20050802034701_082.mb94.gz,3460301,swath,whole
lostcity2005,20050802035938_083.mb94.gz,https://data.ngdc.noaa.gov/platforms/ocean/ships/ronald_h._brown/lostcity2005/multibeam/data/version1/MB/20050802035938_083.mb94.gz,3460301,swath,whole
lostcity2005,20050802041236_084.mb94.gz,https://data.ngdc.noaa.gov/platforms/ocean/ships/ronald_h._brown/lostcity2005/multibeam/data/version1/MB/20050802041236_084.mb94.gz,3460301,swath,whole
lostcity2005,20050802042528_085.mb94.gz,https://data.ngdc.noaa.gov/platforms/ocean/ships/ronald_h._brown/lostcity2005/multibeam/data/version1/MB/20050802042528_085.mb94.gz,3460301,swath,whole
lostcity2005,20050802043810_086.mb94.gz,https://data.ngdc.noaa.gov/platforms/ocean/ships/ronald_h._brown/lostcity2005/multibeam/data/version1/MB/20050802043810_086.mb94.gz,3460301,swath,whole
lostcity2005,20050802045106_087.mb94.gz,https://data.ngdc.noaa.gov/platforms/ocean/ships/ronald_h._brown/lostcity2005/multibeam/data/version1/MB/20050802045106_087.mb94.gz,3460301,swath,whole
lostcity2005,20050802050406_088.mb94.gz,https://data.ngdc.noaa.gov/platforms/ocean/ships/ronald_h._brown/lostcity2005/multibeam/data/version1/MB/20050802050406_088.mb94.gz,3460301,swath,whole
lostcity2005,20050802051707_089.mb94.gz,https://data.ngdc.noaa.gov/platforms/ocean/ships/ronald_h._brown/lostcity2005/multibeam/data/version1/MB/20050802051707_089.mb94.gz,3460301,swath,whole
lostcity2005,20050802053009_090.mb94.gz,https://data.ngdc.noaa.gov/platforms/ocean/ships/ronald_h._brown/lostcity2005/multibeam/data/version1/MB/20050802053009_090.mb94.gz,3460301,swath,whole
lostcity2005,20050802054311_091.mb94.gz,https://data.ngdc.noaa.gov/platforms/ocean/ships/ronald_h._brown/lostcity2005/multibeam/data/version1/MB/20050802054311_091.mb94.gz,3460301,swath,whole
lostcity2005,20050802055610_092.mb94.gz,https://data.ngdc.noaa.gov/platforms/ocean/ships/ronald_h._brown/lostcity2005/multibeam/data/version1/MB/20050802055610_092.mb94.gz,3460301,swath,whole
lostcity2005,20050802060904_093.mb94.gz,https://data.ngdc.noaa.gov/platforms/ocean/ships/ronald_h._brown/lostcity2005/multibeam/data/version1/MB/20050802060904_093.mb94.gz,3460301,swath,whole
lostcity2005,20050802062205_094.mb94.gz,https://data.ngdc.noaa.gov/platforms/ocean/ships/ronald_h._brown/lostcity2005/multibeam/data/version1/MB/20050802062205_094.mb94.gz,3460301,swath,whole
lostcity2005,20050802063503_095.mb94.gz,https://data.ngdc.noaa.gov/platforms/ocean/ships/ronald_h._brown/lostcity2005/multibeam/data/version1/MB/20050802063503_095.mb94.gz,3565158,swath,whole
lostcity2005,20050802064735_096.mb94.gz,https://data.ngdc.noaa.gov/platforms/ocean/ships/ronald_h._brown/lostcity2005/multibeam/data/version1/MB/20050802064735_096.mb94.gz,3460301,swath,whole
lostcity2005,20050802070015_097.mb94.gz,https://data.ngdc.noaa.gov/platforms/ocean/ships/ronald_h._brown/lostcity2005/multibeam/data/version1/MB/20050802070015_097.mb94.gz,3460301,swath,whole
lostcity2005,20050802071302_098.mb94.gz,https://data.ngdc.noaa.gov/platforms/ocean/ships/ronald_h._brown/lostcity2005/multibeam/data/version1/MB/20050802071302_098.mb94.gz,3460301,swath,whole
lostcity2005,20050802072547_099.mb94.gz,https://data.ngdc.noaa.gov/platforms/ocean/ships/ronald_h._brown/lostcity2005/multibeam/data/version1/MB/20050802072547_099.mb94.gz,3460301,swath,whole
lostcity2005,20050802073833_100.mb94.gz,https://data.ngdc.noaa.gov/platforms/ocean/ships/ronald_h._brown/lostcity2005/multibeam/data/version1/MB/20050802073833_100.mb94.gz,3460301,swath,whole
lostcity2005,20050802075118_101.mb94.gz,https://data.ngdc.noaa.gov/platforms/ocean/ships/ronald_h._brown/lostcity2005/multibeam/data/version1/MB/20050802075118_101.mb94.gz,3460301,swath,whole
lostcity2005,20050802080407_102.mb94.gz,https://data.ngdc.noaa.gov/platforms/ocean/ships/ronald_h._brown/lostcity2005/multibeam/data/version1/MB/20050802080407_102.mb94.gz,3460301,swath,whole
lostcity2005,20050802081653_103.mb94.gz,https://data.ngdc.noaa.gov/platforms/ocean/ships/ronald_h._brown/lostcity2005/multibeam/data/version1/MB/20050802081653_103.mb94.gz,3460301,swath,whole
lostcity2005,20050802082930_104.mb94.gz,https://data.ngdc.noaa.gov/platforms/ocean/ships/ronald_h._brown/lostcity2005/multibeam/data/version1/MB/20050802082930_104.mb94.gz,3460301,swath,whole
lostcity2005,20050802084214_105.mb94.gz,https://data.ngdc.noaa.gov/platforms/ocean/ships/ronald_h._brown/lostcity2005/multibeam/data/version1/MB/20050802084214_105.mb94.gz,3460301,swath,whole
lostcity2005,20050802085451_106.mb94.gz,https://data.ngdc.noaa.gov/platforms/ocean/ships/ronald_h._brown/lostcity2005/multibeam/data/version1/MB/20050802085451_106.mb94.gz,3460301,swath,whole
lostcity2005,20050802090726_107.mb94.gz,https://data.ngdc.noaa.gov/platforms/ocean/ships/ronald_h._brown/lostcity2005/multibeam/data/version1/MB/20050802090726_107.mb94.gz,3565158,swath,whole
lostcity2005,20050802092001_108.mb94.gz,https://data.ngdc.noaa.gov/platforms/ocean/ships/ronald_h._brown/lostcity2005/multibeam/data/version1/MB/20050802092001_108.mb94.gz,3460301,swath,whole
lostcity2005,20050802093244_109.mb94.gz,https://data.ngdc.noaa.gov/platforms/ocean/ships/ronald_h._brown/lostcity2005/multibeam/data/version1/MB/20050802093244_109.mb94.gz,3460301,swath,whole
lostcity2005,20050802094521_110.mb94.gz,https://data.ngdc.noaa.gov/platforms/ocean/ships/ronald_h._brown/lostcity2005/multibeam/data/version1/MB/20050802094521_110.mb94.gz,3460301,swath,whole
lostcity2005,20050802095757_111.mb94.gz,https://data.ngdc.noaa.gov/platforms/ocean/ships/ronald_h._brown/lostcity2005/multibeam/data/version1/MB/20050802095757_111.mb94.gz,3460301,swath,whole
lostcity2005,20050802101035_112.mb94.gz,https://data.ngdc.noaa.gov/platforms/ocean/ships/ronald_h._brown/lostcity2005/multibeam/data/version1/MB/20050802101035_112.mb94.gz,3460301,swath,whole
lostcity2005,20050802102312_113.mb94.gz,https://data.ngdc.noaa.gov/platforms/ocean/ships/ronald_h._brown/lostcity2005/multibeam/data/version1/MB/20050802102312_113.mb94.gz,3565158,swath,whole
lostcity2005,20050802103556_114.mb94.gz,https://data.ngdc.noaa.gov/platforms/ocean/ships/ronald_h._brown/lostcity2005/multibeam/data/version1/MB/20050802103556_114.mb94.gz,8090,swath,whole
lostcity2005,20050802111949_015.mb94.gz,https://data.ngdc.noaa.gov/platforms/ocean/ships/ronald_h._brown/lostcity2005/multibeam/data/version1/MB/20050802111949_015.mb94.gz,3460301,swath,whole
lostcity2005,20050802113251_016.mb94.gz,https://data.ngdc.noaa.gov/platforms/ocean/ships/ronald_h._brown/lostcity2005/multibeam/data/version1/MB/20050802113251_016.mb94.gz,3460301,swath,whole
lostcity2005,20050802114548_017.mb94.gz,https://data.ngdc.noaa.gov/platforms/ocean/ships/ronald_h._brown/lostcity2005/multibeam/data/version1/MB/20050802114548_017.mb94.gz,3355443,swath,whole
lostcity2005,20050802115841_018.mb94.gz,https://data.ngdc.noaa.gov/platforms/ocean/ships/ronald_h._brown/lostcity2005/multibeam/data/version1/MB/20050802115841_018.mb94.gz,3355443,swath,whole
lostcity2005,20050802121141_019.mb94.gz,https://data.ngdc.noaa.gov/platforms/ocean/ships/ronald_h._brown/lostcity2005/multibeam/data/version1/MB/20050802121141_019.mb94.gz,3355443,swath,whole
lostcity2005,20050802122444_020.mb94.gz,https://data.ngdc.noaa.gov/platforms/ocean/ships/ronald_h._brown/lostcity2005/multibeam/data/version1/MB/20050802122444_020.mb94.gz,3460301,swath,whole
lostcity2005,20050802123732_021.mb94.gz,https://data.ngdc.noaa.gov/platforms/ocean/ships/ronald_h._brown/lostcity2005/multibeam/data/version1/MB/20050802123732_021.mb94.gz,3460301,swath,whole
lostcity2005,20050802125019_022.mb94.gz,https://data.ngdc.noaa.gov/platforms/ocean/ships/ronald_h._brown/lostcity2005/multibeam/data/version1/MB/20050802125019_022.mb94.gz,3460301,swath,whole
lostcity2005,20050802130307_023.mb94.gz,https://data.ngdc.noaa.gov/platforms/ocean/ships/ronald_h._brown/lostcity2005/multibeam/data/version1/MB/20050802130307_023.mb94.gz,3460301,swath,whole
lostcity2005,20050802131555_024.mb94.gz,https://data.ngdc.noaa.gov/platforms/ocean/ships/ronald_h._brown/lostcity2005/multibeam/data/version1/MB/20050802131555_024.mb94.gz,3460301,swath,whole
lostcity2005,20050802132847_025.mb94.gz,https://data.ngdc.noaa.gov/platforms/ocean/ships/ronald_h._brown/lostcity2005/multibeam/data/version1/MB/20050802132847_025.mb94.gz,3460301,swath,whole
lostcity2005,20050802134137_026.mb94.gz,https://data.ngdc.noaa.gov/platforms/ocean/ships/ronald_h._brown/lostcity2005/multibeam/data/version1/MB/20050802134137_026.mb94.gz,3460301,swath,whole
lostcity2005,20050802135425_027.mb94.gz,https://data.ngdc.noaa.gov/platforms/ocean/ships/ronald_h._brown/lostcity2005/multibeam/data/version1/MB/20050802135425_027.mb94.gz,3250586,swath,whole
lostcity2005,20050802141247_028.mb94.gz,https://data.ngdc.noaa.gov/platforms/ocean/ships/ronald_h._brown/lostcity2005/multibeam/data/version1/MB/20050802141247_028.mb94.gz,3460301,swath,whole
lostcity2005,20050802142546_029.mb94.gz,https://data.ngdc.noaa.gov/platforms/ocean/ships/ronald_h._brown/lostcity2005/multibeam/data/version1/MB/20050802142546_029.mb94.gz,3565158,swath,whole
lostcity2005,20050802143829_030.mb94.gz,https://data.ngdc.noaa.gov/platforms/ocean/ships/ronald_h._brown/lostcity2005/multibeam/data/version1/MB/20050802143829_030.mb94.gz,3460301,swath,whole
lostcity2005,20050802145109_031.mb94.gz,https://data.ngdc.noaa.gov/platforms/ocean/ships/ronald_h._brown/lostcity2005/multibeam/data/version1/MB/20050802145109_031.mb94.gz,3460301,swath,whole
lostcity2005,20050802150405_032.mb94.gz,https://data.ngdc.noaa.gov/platforms/ocean/ships/ronald_h._brown/lostcity2005/multibeam/data/version1/MB/20050802150405_032.mb94.gz,3460301,swath,whole
lostcity2005,20050802151702_033.mb94.gz,https://data.ngdc.noaa.gov/platforms/ocean/ships/ronald_h._brown/lostcity2005/multibeam/data/version1/MB/20050802151702_033.mb94.gz,3460301,swath,whole
lostcity2005,20050802153006_034.mb94.gz,https://data.ngdc.noaa.gov/platforms/ocean/ships/ronald_h._brown/lostcity2005/multibeam/data/version1/MB/20050802153006_034.mb94.gz,3460301,swath,whole
lostcity2005,20050802154303_035.mb94.gz,https://data.ngdc.noaa.gov/platforms/ocean/ships/ronald_h._brown/lostcity2005/multibeam/data/version1/MB/20050802154303_035.mb94.gz,3460301,swath,whole
lostcity2005,20050802155603_036.mb94.gz,https://data.ngdc.noaa.gov/platforms/ocean/ships/ronald_h._brown/lostcity2005/multibeam/data/version1/MB/20050802155603_036.mb94.gz,3460301,swath,whole
lostcity2005,20050802160910_037.mb94.gz,https://data.ngdc.noaa.gov/platforms/ocean/ships/ronald_h._brown/lostcity2005/multibeam/data/version1/MB/20050802160910_037.mb94.gz,3460301,swath,whole
lostcity2005,20050802162220_038.mb94.gz,https://data.ngdc.noaa.gov/platforms/ocean/ships/ronald_h._brown/lostcity2005/multibeam/data/version1/MB/20050802162220_038.mb94.gz,3460301,swath,whole
lostcity2005,20050802163519_039.mb94.gz,https://data.ngdc.noaa.gov/platforms/ocean/ships/ronald_h._brown/lostcity2005/multibeam/data/version1/MB/20050802163519_039.mb94.gz,3460301,swath,whole
lostcity2005,20050802164830_040.mb94.gz,https://data.ngdc.noaa.gov/platforms/ocean/ships/ronald_h._brown/lostcity2005/multibeam/data/version1/MB/20050802164830_040.mb94.gz,3460301,swath,whole
lostcity2005,20050802170132_041.mb94.gz,https://data.ngdc.noaa.gov/platforms/ocean/ships/ronald_h._brown/lostcity2005/multibeam/data/version1/MB/20050802170132_041.mb94.gz,3460301,swath,whole
lostcity2005,20050802171434_042.mb94.gz,https://data.ngdc.noaa.gov/platforms/ocean/ships/ronald_h._brown/lostcity2005/multibeam/data/version1/MB/20050802171434_042.mb94.gz,3460301,swath,whole
lostcity2005,20050802172732_043.mb94.gz,https://data.ngdc.noaa.gov/platforms/ocean/ships/ronald_h._brown/lostcity2005/multibeam/data/version1/MB/20050802172732_043.mb94.gz,3460301,swath,whole
lostcity2005,20050802174034_044.mb94.gz,https://data.ngdc.noaa.gov/platforms/ocean/ships/ronald_h._brown/lostcity2005/multibeam/data/version1/MB/20050802174034_044.mb94.gz,3460301,swath,whole
lostcity2005,20050802175339_045.mb94.gz,https://data.ngdc.noaa.gov/platforms/ocean/ships/ronald_h._brown/lostcity2005/multibeam/data/version1/MB/20050802175339_045.mb94.gz,3460301,swath,whole
lostcity2005,20050802180638_046.mb94.gz,https://data.ngdc.noaa.gov/platforms/ocean/ships/ronald_h._brown/lostcity2005/multibeam/data/version1/MB/20050802180638_046.mb94.gz,3460301,swath,whole
lostcity2005,20050802181948_047.mb94.gz,https://data.ngdc.noaa.gov/platforms/ocean/ships/ronald_h._brown/lostcity2005/multibeam/data/version1/MB/20050802181948_047.mb94.gz,3460301,swath,whole
lostcity2005,20050802183251_048.mb94.gz,https://data.ngdc.noaa.gov/platforms/ocean/ships/ronald_h._brown/lostcity2005/multibeam/data/version1/MB/20050802183251_048.mb94.gz,3460301,swath,whole
lostcity2005,20050802184537_049.mb94.gz,https://data.ngdc.noaa.gov/platforms/ocean/ships/ronald_h._brown/lostcity2005/multibeam/data/version1/MB/20050802184537_049.mb94.gz,3460301,swath,whole
lostcity2005,20050802185827_050.mb94.gz,https://data.ngdc.noaa.gov/platforms/ocean/ships/ronald_h._brown/lostcity2005/multibeam/data/version1/MB/20050802185827_050.mb94.gz,3460301,swath,whole
lostcity2005,20050802191118_051.mb94.gz,https://data.ngdc.noaa.gov/platforms/ocean/ships/ronald_h._brown/lostcity2005/multibeam/data/version1/MB/20050802191118_051.mb94.gz,3460301,swath,whole
lostcity2005,20050802192414_052.mb94.gz,https://data.ngdc.noaa.gov/platforms/ocean/ships/ronald_h._brown/lostcity2005/multibeam/data/version1/MB/20050802192414_052.mb94.gz,3460301,swath,whole
lostcity2005,20050802193709_053.mb94.gz,https://data.ngdc.noaa.gov/platforms/ocean/ships/ronald_h._brown/lostcity2005/multibeam/data/version1/MB/20050802193709_053.mb94.gz,3460301,swath,whole
lostcity2005,20050802195012_054.mb94.gz,https://data.ngdc.noaa.gov/platforms/ocean/ships/ronald_h._brown/lostcity2005/multibeam/data/version1/MB/20050802195012_054.mb94.gz,3460301,swath,whole
lostcity2005,20050802200304_055.mb94.gz,https://data.ngdc.noaa.gov/platforms/ocean/ships/ronald_h._brown/lostcity2005/multibeam/data/version1/MB/20050802200304_055.mb94.gz,3460301,swath,whole
lostcity2005,20050802201603_056.mb94.gz,https://data.ngdc.noaa.gov/platforms/ocean/ships/ronald_h._brown/lostcity2005/multibeam/data/version1/MB/20050802201603_056.mb94.gz,3460301,swath,whole
lostcity2005,20050802202905_057.mb94.gz,https://data.ngdc.noaa.gov/platforms/ocean/ships/ronald_h._brown/lostcity2005/multibeam/data/version1/MB/20050802202905_057.mb94.gz,3460301,swath,whole
lostcity2005,20050802204208_058.mb94.gz,https://data.ngdc.noaa.gov/platforms/ocean/ships/ronald_h._brown/lostcity2005/multibeam/data/version1/MB/20050802204208_058.mb94.gz,3565158,swath,whole
lostcity2005,20050802205508_059.mb94.gz,https://data.ngdc.noaa.gov/platforms/ocean/ships/ronald_h._brown/lostcity2005/multibeam/data/version1/MB/20050802205508_059.mb94.gz,3460301,swath,whole
lostcity2005,20050802210811_060.mb94.gz,https://data.ngdc.noaa.gov/platforms/ocean/ships/ronald_h._brown/lostcity2005/multibeam/data/version1/MB/20050802210811_060.mb94.gz,3460301,swath,whole
lostcity2005,20050802212118_061.mb94.gz,https://data.ngdc.noaa.gov/platforms/ocean/ships/ronald_h._brown/lostcity2005/multibeam/data/version1/MB/20050802212118_061.mb94.gz,3565158,swath,whole
lostcity2005,20050802213422_062.mb94.gz,https://data.ngdc.noaa.gov/platforms/ocean/ships/ronald_h._brown/lostcity2005/multibeam/data/version1/MB/20050802213422_062.mb94.gz,3565158,swath,whole
lostcity2005,20050802214742_063.mb94.gz,https://data.ngdc.noaa.gov/platforms/ocean/ships/ronald_h._brown/lostcity2005/multibeam/data/version1/MB/20050802214742_063.mb94.gz,3565158,swath,whole
lostcity2005,20050802220052_064.mb94.gz,https://data.ngdc.noaa.gov/platforms/ocean/ships/ronald_h._brown/lostcity2005/multibeam/data/version1/MB/20050802220052_064.mb94.gz,3565158,swath,whole
lostcity2005,20050802221359_065.mb94.gz,https://data.ngdc.noaa.gov/platforms/ocean/ships/ronald_h._brown/lostcity2005/multibeam/data/version1/MB/20050802221359_065.mb94.gz,3565158,swath,whole
lostcity2005,20050802222707_066.mb94.gz,https://data.ngdc.noaa.gov/platforms/ocean/ships/ronald_h._brown/lostcity2005/multibeam/data/version1/MB/20050802222707_066.mb94.gz,3565158,swath,whole
lostcity2005,20050802224015_067.mb94.gz,https://data.ngdc.noaa.gov/platforms/ocean/ships/ronald_h._brown/lostcity2005/multibeam/data/version1/MB/20050802224015_067.mb94.gz,3565158,swath,whole
lostcity2005,20050802225330_068.mb94.gz,https://data.ngdc.noaa.gov/platforms/ocean/ships/ronald_h._brown/lostcity2005/multibeam/data/version1/MB/20050802225330_068.mb94.gz,3565158,swath,whole
lostcity2005,20050802230646_069.mb94.gz,https://data.ngdc.noaa.gov/platforms/ocean/ships/ronald_h._brown/lostcity2005/multibeam/data/version1/MB/20050802230646_069.mb94.gz,3565158,swath,whole
lostcity2005,20050802231957_070.mb94.gz,https://data.ngdc.noaa.gov/platforms/ocean/ships/ronald_h._brown/lostcity2005/multibeam/data/version1/MB/20050802231957_070.mb94.gz,3565158,swath,whole
lostcity2005,20050802233316_071.mb94.gz,https://data.ngdc.noaa.gov/platforms/ocean/ships/ronald_h._brown/lostcity2005/multibeam/data/version1/MB/20050802233316_071.mb94.gz,3565158,swath,whole
lostcity2005,20050802234635_072.mb94.gz,https://data.ngdc.noaa.gov/platforms/ocean/ships/ronald_h._brown/lostcity2005/multibeam/data/version1/MB/20050802234635_072.mb94.gz,3565158,swath,whole
lostcity2005,20050802235959_073.mb94.gz,https://data.ngdc.noaa.gov/platforms/ocean/ships/ronald_h._brown/lostcity2005/multibeam/data/version1/MB/20050802235959_073.mb94.gz,3565158,swath,whole
lostcity2005,20050803001319_074.mb94.gz,https://data.ngdc.noaa.gov/platforms/ocean/ships/ronald_h._brown/lostcity2005/multibeam/data/version1/MB/20050803001319_074.mb94.gz,3565158,swath,whole
lostcity2005,20050803002641_075.mb94.gz,https://data.ngdc.noaa.gov/platforms/ocean/ships/ronald_h._brown/lostcity2005/multibeam/data/version1/MB/20050803002641_075.mb94.gz,3565158,swath,whole
lostcity2005,20050803004002_076.mb94.gz,https://data.ngdc.noaa.gov/platforms/ocean/ships/ronald_h._brown/lostcity2005/multibeam/data/version1/MB/20050803004002_076.mb94.gz,3565158,swath,whole
lostcity2005,20050803005320_077.mb94.gz,https://data.ngdc.noaa.gov/platforms/ocean/ships/ronald_h._brown/lostcity2005/multibeam/data/version1/MB/20050803005320_077.mb94.gz,3565158,swath,whole
lostcity2005,20050803010634_078.mb94.gz,https://data.ngdc.noaa.gov/platforms/ocean/ships/ronald_h._brown/lostcity2005/multibeam/data/version1/MB/20050803010634_078.mb94.gz,3565158,swath,whole
lostcity2005,20050803011958_079.mb94.gz,https://data.ngdc.noaa.gov/platforms/ocean/ships/ronald_h._brown/lostcity2005/multibeam/data/version1/MB/20050803011958_079.mb94.gz,3460301,swath,whole
lostcity2005,20050803013324_080.mb94.gz,https://data.ngdc.noaa.gov/platforms/ocean/ships/ronald_h._brown/lostcity2005/multibeam/data/version1/MB/20050803013324_080.mb94.gz,3460301,swath,whole
lostcity2005,20050803014657_081.mb94.gz,https://data.ngdc.noaa.gov/platforms/ocean/ships/ronald_h._brown/lostcity2005/multibeam/data/version1/MB/20050803014657_081.mb94.gz,3460301,swath,whole
lostcity2005,20050803020035_082.mb94.gz,https://data.ngdc.noaa.gov/platforms/ocean/ships/ronald_h._brown/lostcity2005/multibeam/data/version1/MB/20050803020035_082.mb94.gz,3565158,swath,whole
lostcity2005,20050803021407_083.mb94.gz,https://data.ngdc.noaa.gov/platforms/ocean/ships/ronald_h._brown/lostcity2005/multibeam/data/version1/MB/20050803021407_083.mb94.gz,3565158,swath,whole
lostcity2005,20050803022730_084.mb94.gz,https://data.ngdc.noaa.gov/platforms/ocean/ships/ronald_h._brown/lostcity2005/multibeam/data/version1/MB/20050803022730_084.mb94.gz,3565158,swath,whole
lostcity2005,20050803024046_085.mb94.gz,https://data.ngdc.noaa.gov/platforms/ocean/ships/ronald_h._brown/lostcity2005/multibeam/data/version1/MB/20050803024046_085.mb94.gz,3565158,swath,whole
lostcity2005,20050803025416_086.mb94.gz,https://data.ngdc.noaa.gov/platforms/ocean/ships/ronald_h._brown/lostcity2005/multibeam/data/version1/MB/20050803025416_086.mb94.gz,3565158,swath,whole
lostcity2005,20050803030749_087.mb94.gz,https://data.ngdc.noaa.gov/platforms/ocean/ships/ronald_h._brown/lostcity2005/multibeam/data/version1/MB/20050803030749_087.mb94.gz,3565158,swath,whole
lostcity2005,20050803032109_088.mb94.gz,https://data.ngdc.noaa.gov/platforms/ocean/ships/ronald_h._brown/lostcity2005/multibeam/data/version1/MB/20050803032109_088.mb94.gz,3565158,swath,whole
lostcity2005,20050803033440_089.mb94.gz,https://data.ngdc.noaa.gov/platforms/ocean/ships/ronald_h._brown/lostcity2005/multibeam/data/version1/MB/20050803033440_089.mb94.gz,3565158,swath,whole
lostcity2005,20050803034809_090.mb94.gz,https://data.ngdc.noaa.gov/platforms/ocean/ships/ronald_h._brown/lostcity2005/multibeam/data/version1/MB/20050803034809_090.mb94.gz,3565158,swath,whole
lostcity2005,20050803040133_091.mb94.gz,https://data.ngdc.noaa.gov/platforms/ocean/ships/ronald_h._brown/lostcity2005/multibeam/data/version1/MB/20050803040133_091.mb94.gz,3565158,swath,whole
lostcity2005,20050803041518_092.mb94.gz,https://data.ngdc.noaa.gov/platforms/ocean/ships/ronald_h._brown/lostcity2005/multibeam/data/version1/MB/20050803041518_092.mb94.gz,3565158,swath,whole
lostcity2005,20050803042856_093.mb94.gz,https://data.ngdc.noaa.gov/platforms/ocean/ships/ronald_h._brown/lostcity2005/multibeam/data/version1/MB/20050803042856_093.mb94.gz,3565158,swath,whole
lostcity2005,20050803044237_094.mb94.gz,https://data.ngdc.noaa.gov/platforms/ocean/ships/ronald_h._brown/lostcity2005/multibeam/data/version1/MB/20050803044237_094.mb94.gz,3565158,swath,whole
lostcity2005,20050803045613_095.mb94.gz,https://data.ngdc.noaa.gov/platforms/ocean/ships/ronald_h._brown/lostcity2005/multibeam/data/version1/MB/20050803045613_095.mb94.gz,3565158,swath,whole
lostcity2005,20050803051007_096.mb94.gz,https://data.ngdc.noaa.gov/platforms/ocean/ships/ronald_h._brown/lostcity2005/multibeam/data/version1/MB/20050803051007_096.mb94.gz,3460301,swath,whole
lostcity2005,20050803052356_097.mb94.gz,https://data.ngdc.noaa.gov/platforms/ocean/ships/ronald_h._brown/lostcity2005/multibeam/data/version1/MB/20050803052356_097.mb94.gz,3565158,swath,whole
lostcity2005,20050803053754_098.mb94.gz,https://data.ngdc.noaa.gov/platforms/ocean/ships/ronald_h._brown/lostcity2005/multibeam/data/version1/MB/20050803053754_098.mb94.gz,3565158,swath,whole
lostcity2005,20050803055142_099.mb94.gz,https://data.ngdc.noaa.gov/platforms/ocean/ships/ronald_h._brown/lostcity2005/multibeam/data/version1/MB/20050803055142_099.mb94.gz,3565158,swath,whole
lostcity2005,20050803060546_100.mb94.gz,https://data.ngdc.noaa.gov/platforms/ocean/ships/ronald_h._brown/lostcity2005/multibeam/data/version1/MB/20050803060546_100.mb94.gz,3565158,swath,whole
lostcity2005,20050803061935_101.mb94.gz,https://data.ngdc.noaa.gov/platforms/ocean/ships/ronald_h._brown/lostcity2005/multibeam/data/version1/MB/20050803061935_101.mb94.gz,3565158,swath,whole
lostcity2005,20050803063333_102.mb94.gz,https://data.ngdc.noaa.gov/platforms/ocean/ships/ronald_h._brown/lostcity2005/multibeam/data/version1/MB/20050803063333_102.mb94.gz,3565158,swath,whole
lostcity2005,20050803064737_103.mb94.gz,https://data.ngdc.noaa.gov/platforms/ocean/ships/ronald_h._brown/lostcity2005/multibeam/data/version1/MB/20050803064737_103.mb94.gz,3565158,swath,whole
lostcity2005,20050803070135_104.mb94.gz,https://data.ngdc.noaa.gov/platforms/ocean/ships/ronald_h._brown/lostcity2005/multibeam/data/version1/MB/20050803070135_104.mb94.gz,3565158,swath,whole
lostcity2005,20050803071522_105.mb94.gz,https://data.ngdc.noaa.gov/platforms/ocean/ships/ronald_h._brown/lostcity2005/multibeam/data/version1/MB/20050803071522_105.mb94.gz,3565158,swath,whole
lostcity2005,20050803072931_106.mb94.gz,https://data.ngdc.noaa.gov/platforms/ocean/ships/ronald_h._brown/lostcity2005/multibeam/data/version1/MB/20050803072931_106.mb94.gz,3565158,swath,whole
lostcity2005,20050803074325_107.mb94.gz,https://data.ngdc.noaa.gov/platforms/ocean/ships/ronald_h._brown/lostcity2005/multibeam/data/version1/MB/20050803074325_107.mb94.gz,3565158,swath,whole
lostcity2005,20050803075735_108.mb94.gz,https://data.ngdc.noaa.gov/platforms/ocean/ships/ronald_h._brown/lostcity2005/multibeam/data/version1/MB/20050803075735_108.mb94.gz,3565158,swath,whole
lostcity2005,20050803081112_109.mb94.gz,https://data.ngdc.noaa.gov/platforms/ocean/ships/ronald_h._brown/lostcity2005/multibeam/data/version1/MB/20050803081112_109.mb94.gz,3670016,swath,whole
lostcity2005,20050803082453_110.mb94.gz,https://data.ngdc.noaa.gov/platforms/ocean/ships/ronald_h._brown/lostcity2005/multibeam/data/version1/MB/20050803082453_110.mb94.gz,3565158,swath,whole
lostcity2005,20050803083832_111.mb94.gz,https://data.ngdc.noaa.gov/platforms/ocean/ships/ronald_h._brown/lostcity2005/multibeam/data/version1/MB/20050803083832_111.mb94.gz,3670016,swath,whole
lostcity2005,20050803085216_112.mb94.gz,https://data.ngdc.noaa.gov/platforms/ocean/ships/ronald_h._brown/lostcity2005/multibeam/data/version1/MB/20050803085216_112.mb94.gz,3565158,swath,whole
lostcity2005,20050803090602_113.mb94.gz,https://data.ngdc.noaa.gov/platforms/ocean/ships/ronald_h._brown/lostcity2005/multibeam/data/version1/MB/20050803090602_113.mb94.gz,3565158,swath,whole
lostcity2005,20050803092005_114.mb94.gz,https://data.ngdc.noaa.gov/platforms/ocean/ships/ronald_h._brown/lostcity2005/multibeam/data/version1/MB/20050803092005_114.mb94.gz,3565158,swath,whole
lostcity2005,20050803093357_115.mb94.gz,https://data.ngdc.noaa.gov/platforms/ocean/ships/ronald_h._brown/lostcity2005/multibeam/data/version1/MB/20050803093357_115.mb94.gz,3565158,swath,whole
lostcity2005,20050803094813_116.mb94.gz,https://data.ngdc.noaa.gov/platforms/ocean/ships/ronald_h._brown/lostcity2005/multibeam/data/version1/MB/20050803094813_116.mb94.gz,3565158,swath,whole
lostcity2005,20050803100218_117.mb94.gz,https://data.ngdc.noaa.gov/platforms/ocean/ships/ronald_h._brown/lostcity2005/multibeam/data/version1/MB/20050803100218_117.mb94.gz,3565158,swath,whole
lostcity2005,20050803101611_118.mb94.gz,https://data.ngdc.noaa.gov/platforms/ocean/ships/ronald_h._brown/lostcity2005/multibeam/data/version1/MB/20050803101611_118.mb94.gz,3565158,swath,whole
lostcity2005,20050803102952_119.mb94.gz,https://data.ngdc.noaa.gov/platforms/ocean/ships/ronald_h._brown/lostcity2005/multibeam/data/version1/MB/20050803102952_119.mb94.gz,3565158,swath,whole
lostcity2005,20050803104341_120.mb94.gz,https://data.ngdc.noaa.gov/platforms/ocean/ships/ronald_h._brown/lostcity2005/multibeam/data/version1/MB/20050803104341_120.mb94.gz,3565158,swath,whole
lostcity2005,20050803105737_121.mb94.gz,https://data.ngdc.noaa.gov/platforms/ocean/ships/ronald_h._brown/lostcity2005/multibeam/data/version1/MB/20050803105737_121.mb94.gz,3565158,swath,whole
lostcity2005,20050803111136_122.mb94.gz,https://data.ngdc.noaa.gov/platforms/ocean/ships/ronald_h._brown/lostcity2005/multibeam/data/version1/MB/20050803111136_122.mb94.gz,3565158,swath,whole
lostcity2005,20050803112527_123.mb94.gz,https://data.ngdc.noaa.gov/platforms/ocean/ships/ronald_h._brown/lostcity2005/multibeam/data/version1/MB/20050803112527_123.mb94.gz,3565158,swath,whole
lostcity2005,20050803113940_124.mb94.gz,https://data.ngdc.noaa.gov/platforms/ocean/ships/ronald_h._brown/lostcity2005/multibeam/data/version1/MB/20050803113940_124.mb94.gz,3565158,swath,whole
lostcity2005,20050803115338_125.mb94.gz,https://data.ngdc.noaa.gov/platforms/ocean/ships/ronald_h._brown/lostcity2005/multibeam/data/version1/MB/20050803115338_125.mb94.gz,3565158,swath,whole
lostcity2005,20050803120736_126.mb94.gz,https://data.ngdc.noaa.gov/platforms/ocean/ships/ronald_h._brown/lostcity2005/multibeam/data/version1/MB/20050803120736_126.mb94.gz,3565158,swath,whole
lostcity2005,20050803122130_127.mb94.gz,https://data.ngdc.noaa.gov/platforms/ocean/ships/ronald_h._brown/lostcity2005/multibeam/data/version1/MB/20050803122130_127.mb94.gz,3565158,swath,whole
lostcity2005,20050803123524_128.mb94.gz,https://data.ngdc.noaa.gov/platforms/ocean/ships/ronald_h._brown/lostcity2005/multibeam/data/version1/MB/20050803123524_128.mb94.gz,3565158,swath,whole
lostcity2005,20050803124916_129.mb94.gz,https://data.ngdc.noaa.gov/platforms/ocean/ships/ronald_h._brown/lostcity2005/multibeam/data/version1/MB/20050803124916_129.mb94.gz,3670016,swath,whole
lostcity2005,20050803130325_130.mb94.gz,https://data.ngdc.noaa.gov/platforms/ocean/ships/ronald_h._brown/lostcity2005/multibeam/data/version1/MB/20050803130325_130.mb94.gz,3565158,swath,whole
lostcity2005,20050803131734_131.mb94.gz,https://data.ngdc.noaa.gov/platforms/ocean/ships/ronald_h._brown/lostcity2005/multibeam/data/version1/MB/20050803131734_131.mb94.gz,3670016,swath,whole
lostcity2005,20050803133135_132.mb94.gz,https://data.ngdc.noaa.gov/platforms/ocean/ships/ronald_h._brown/lostcity2005/multibeam/data/version1/MB/20050803133135_132.mb94.gz,3565158,swath,whole
lostcity2005,20050803134543_133.mb94.gz,https://data.ngdc.noaa.gov/platforms/ocean/ships/ronald_h._brown/lostcity2005/multibeam/data/version1/MB/20050803134543_133.mb94.gz,3565158,swath,whole
lostcity2005,20050803135957_134.mb94.gz,https://data.ngdc.noaa.gov/platforms/ocean/ships/ronald_h._brown/lostcity2005/multibeam/data/version1/MB/20050803135957_134.mb94.gz,3565158,swath,whole
lostcity2005,20050803141352_135.mb94.gz,https://data.ngdc.noaa.gov/platforms/ocean/ships/ronald_h._brown/lostcity2005/multibeam/data/version1/MB/20050803141352_135.mb94.gz,3565158,swath,whole
lostcity2005,20050803142747_136.mb94.gz,https://data.ngdc.noaa.gov/platforms/ocean/ships/ronald_h._brown/lostcity2005/multibeam/data/version1/MB/20050803142747_136.mb94.gz,921600,swath,whole
