hr_id,hr_doi,hr_title,hr_platform,hr_native_res_m,hr_format,hr_cruise,gate_tier,gate_tier_reason,best_lr,lr_sonar,lr_platform,independence,footprint_suspect,footprint_km2,depth_min_m,depth_max_m,terrain_hint,overlap_km2,hr_bytes,lon,lat,basin,status,reason,lr_beamwidth_deg,lr_native_doc_m,ratio_doc,k_prior,lr_cruises_all,joins_existing_units,near_existing_pairs_50km,shares_lockbox
MGDS:31429,10.26022/IEDA/331429,"Loihi Seamount (Hawaii), Shinkai Deep and FeMO hydrothermal sites, Sentry AUV near-bottom processed ",Sentry,1.9993185975867296,ESRI ASCII Grid,,training,ratio 12.5 in training band ≤ 25.0,KM0923,Simrad EM120,Kilo Moana,independent,False,40.58544803392858,-5041.887,-4519.277,volcanic_or_seamount,40.58544803392858,17806935,-155.14144888973811,18.75545767138715,Pacific,new_candidate,,1.0,83.4,41.7,8.0,AII8L11;AMAT08RR;B00297;DRFT11RR;DRFT13RR;EW9801;EX0909;FK140625;KM0518;KM0719;KM0923;KM1018;KM1120A;KM1808;KR1998;Loihi;MGLN10MV;MGLN11MV;NECR05RR;RR1610;SEAW03RR;TUNE03WT;TUNE04WT;YK1999;YK2002,lu07,EW9801__MGDS_31425,False
MGDS:5174,10.1594/IEDA/100021,AUV ABE near-bottom scanning sonar bathymetry grids from East Pacific Rise (EPR) 9&deg;N,ABE,4.988858284029265,NetCDF Grid,,training,ratio 20.0 in training band ≤ 25.0,NEMO02MV,SeaBeam 2000,Melville,independent,False,37.352698407216835,-2716.4,-2496.58,volcanic_or_seamount,37.352698407216835,4031854,-104.2747010374403,9.704145493787939,Pacific,previously_excluded,REASON UNRECORDED: C.5b scored it recoverable (max_k=2) but it is absent from the stage-E corpus and from every exclusion record,3.3,150.2,30.1,8.0,A125L19;A125L24;A125L25;A125L39;A131L11;A131L9;AII2L25;AT03L29;AT03L33;AT03L47;AT07L04;AT07L06;AT07L26;AT11L03;AT11L07;AT11L26;AT15-16;AT15-41;AT18-12;AT26-10;AT26-23;AT37-05;AT37-11;AT37-12;AT3L10;AT42-06;AT42-09;AT42-21;CERE02WT;ENCR01WT;EW9708;KN182L13;MGL0812;MRTN15WT;NEMO01MV;NEMO02MV;PASC01WT;PASC02WT;PHNX02MV;RAIT01WT;RAIT02WT;RAPA01WT;RC2607;SERA02WT;SR1806;TN188;TN399;VNTR03WT,lu05,TN399__MGDS_30373,False
MGDS:31199,10.60521/331199,"Processed Gridded Near-Bottom AUV Bathymetry Data from the Costa Rica Rift Spreading Center, acquire",Sentry,1.0000388800550242,NetCDF Grid,,training,ratio 25.0 in training band ≤ 25.0,AT37-13,Kongsberg EM122,Atlantis,independent,False,36.14822907386208,-2141.5,-210.8,volcanic_or_seamount,36.14822907386209,150450952,-84.7787143287344,8.941750258137517,Atlantic,in_corpus,HR already in the 39-pair manifest,1.0,20.5,20.5,4.0,AT11L28;AT15-44;AT37-13;AT42-03;DANA02RR;DRFT03RR;DRFT04RR;EW0212;EW0412;FK181210;FK190106;GENE01RR;MGL0807;MGL1106;NEMO03MV;PLUM08WT,lu03;lu04,AT37-13__MGDS_31199;AT42-03__MGDS_32007,True
MGDS:31425,10.26022/IEDA/331425,"Loihi Seamount (Hawaii), summit and Pele's Pit, Sentry AUV near-bottom processed bathymetry data, ne",Sentry,3.4987868168926224,NetCDF Grid,,training,ratio 7.1 in training band ≤ 25.0,KM1018,Kongsberg EM122,Kilo Moana,independent,False,15.192363105716707,-1556.099,-953.902,hydrothermal_vent,15.192363105716707,1581985,-155.25584052409002,18.909634858078,Pacific,in_corpus,HR already in the 39-pair manifest,1.0,21.9,6.3,2.0,AII8L11;AMAT08RR;B00297;CNTL13RR;DRFT13RR;EW9801;EX0909;FK140625;KM0518;KM0615;KM0719;KM0923;KM1018;KM1103;KM1120A;KR1998;Loihi;MGL1806;MGLN10MV;MGLN11MV;NA099;NA100;NA115;NECR05RR;SEAW03RR;TN260;TN293;TUNE04WT;YK1999;YK2002,lu07,EW9801__MGDS_31425,False
MGDS:7832,10.1594/IEDA/307832,Processed Near-bottom Bathymetry Grids (NetCDF:GMT format) derived from Multibeam Sonar Data from th,ABE,1.642800881132585,NetCDF Grid,,training,ratio 21.3 in training band ≤ 25.0,TN401,Kongsberg EM302,Thomas G. Thompson,independent,False,12.0846740955754,1895.66,2755.7,volcanic_or_seamount,12.084674095575398,12180763,-176.31161383971062,-21.101613249571642,Pacific,previously_excluded,excluded: 0 valid tiles after F5 real-data masks (f5_bucket=weak_exclude_candidate) -> R6 zero-tile drop,1.0,40.6,24.7,4.0,EW9512;EW9914;FK160407;KM0410;KM0417;KM0703;KM0804;KM1007;KM1023;MGL0903;MGLN07MV;PPTU04WT;RNDB15WT;RR0915;RR1211;RR1507;TN235;TN236;TN401;TUIM05MV;TUIM06MV;TUIM07MV;WEST06MV,,,False
MGDS:21847,10.1594/IEDA/321847,Bathymetry Grid from the Atlantis Massif acquired in 2003 with the AUV ABE during the Lost City Expe,ABE,4.998603595627189,NetCDF Grid,,training,ratio 10.0 in training band ≤ 25.0,lostcity2005,SeaBeam 2112,NOAA Ship RONALD H. BROWN (R104),independent,False,6.0733287910353475,-1319.8828,-732.669,hydrothermal_vent,6.0733287910353475,490864,-42.11677395000001,30.122964695000007,Atlantic,previously_excluded,REASON UNRECORDED: phase-1 'truly processed LR' pair (LR NCEI_MBBDB:lostcity2005 processed grid staged); stage A dry-run said these skip gridding and go to Stag,2.0,35.8,7.2,2.0,AT05L04;AT07L34;AT42-01;EW0102;EW9704;KN182L03;KNOX18RR;RC2912;lostcity2005;steppingstones2005,,,False
MGDS:31600,10.60521/331600,"ABE AUV near-bottom processed bathymetry data (netCDF grids), Kane Megamullion area, Mid-Atlantic Ri",ABE,9.797371968471671,NetCDF Grid,,training,ratio 10.2 in training band ≤ 25.0,KN180L02,SeaBeam 2112,Knorr,independent,False,217.44361583499924,-3032.68,-2152.19,continental_margin,217.4436158349992,3577152,-45.311835561453364,23.48660819209288,Atlantic,previously_excluded,quarantined: declared 9.8 m grid measures 2.8 m cells -> coarse_or_composite (phase 1 rev2),2.0,90.5,9.2,2.0,EW0102;KN180L02;RC2511,,,False
MANIFEST:2009_Amundsen__MGDS_30046,10.26022/IEDA/330046,BeaufortSea — Arctic_MBARI,MBARI Mapping AUV,1.0,GeoTIFF,Arctic_MBARI,training,ratio 15.0 in training band ≤ 25.0,2009_Amundsen,Kongsberg EM302,Amundsen,independent,False,34.04665127037316,238.8,238.8,continental_margin,34.04665127037316,0,-136.16863075868687,70.55828558690219,Arctic,in_corpus,HR already in the 39-pair manifest,1.0,4.2,4.2,2.0,2003_Amundsen;2004_Amundsen;2006_Amundsen;2009_Amundsen,lu18,2009_Amundsen__MGDS_30046,False
MGDS:31255,10.26022/IEDA/331255,Near-bottom AUV Sentry processed bathymetry grids (GeoTIFF grid format) from the Pythia's Oasis meth,Sentry,0.5327510583218268,GeoTIFF (Raster),,training,ratio 18.8 in training band ≤ 25.0,SKQ201705S,Kongsberg EM710,Sikuliaq,independent,False,13.61645691453827,-1213.516,-659.692,continental_margin,13.61645691453827,88613091,-125.06861667588501,44.4864631996495,Pacific,previously_excluded,declined by Steve at the R3 QC adjudication (2026-06-26),1.0,16.3,30.6,8.0,AII8L36;AT15-68;AT18-06;AT42-17;B00027;B00052;EW0208;FK180731;HLY03TA;HLY18TB;HLY21TG;LPRS02RR;LWAD99MV;MGL1211;MGL2104;MGL2201;NA095;NA128;RB1604;RR1713;RR1714;RR1716;RR1718;SKQ201607S;SKQ201610S;SKQ201705S;SKQ201715S;SKQ201905S;SKQ201921S;TN252;TN268;TN283;TN299;TN311;TN313;TN326;TN332;TN382;TN393;TN406;TN407;Tecfluc,lu15;lu16,TN299__MGDS_31253,False
MGDS:31254,10.26022/IEDA/331254,Near-bottom AUV Sentry processed bathymetry grids (ESRI ASCII format) from the Pythia's Oasis methan,Sentry,0.540975715305519,ESRI ASCII Grid,,training,ratio 18.5 in training band ≤ 25.0,SKQ201705S,Kongsberg EM710,Sikuliaq,independent,False,13.614967135938135,-1213.5,-328.69,continental_margin,13.614967135938134,68307337,-125.06861937901002,44.48646351956601,Pacific,previously_excluded,declined by Steve at the R3 QC adjudication (2026-06-26),1.0,13.5,25.0,4.0,AII8L36;AT15-68;AT18-06;AT42-17;B00027;B00052;EW0208;FK180731;HLY03TA;HLY18TB;HLY21TG;LPRS02RR;LWAD99MV;MGL1211;MGL2104;MGL2201;NA095;NA128;RB1604;RR1713;RR1714;RR1716;RR1718;SKQ201607S;SKQ201610S;SKQ201705S;SKQ201715S;SKQ201905S;SKQ201921S;TN252;TN268;TN283;TN299;TN311;TN313;TN326;TN332;TN382;TN393;TN406;TN407;Tecfluc,lu15;lu16,TN299__MGDS_31253,False
MGDS:31838,10.60521/331838,Processed Gridded Near-Bottom Bathymetry Data acquired during R/V Pisces expedition PC1704 (2017),Sentry,0.9990278981460045,NetCDF Grid,,training,ratio 20.0 in training band ≤ 25.0,AR26,Kongsberg EM710,Neil Armstrong,independent,False,13.163636677961762,-1937.657,-1429.438,continental_margin,13.163636677961762,26894845,-74.65565814749999,35.73021329749999,Atlantic,in_corpus,HR already in the 39-pair manifest,1.0,29.4,29.4,8.0,AR26;AT09;AT42-24;B00310;B00311;EW0008;EW9701A;EX1206;EX1806;KN178;MGL1408;RB0904,lu14,AR26__MGDS_31838,False
MGDS:31253,10.26022/IEDA/331253,Near-bottom AUV Sentry processed bathymetry grids (netCDF format) from the Pythia's Oasis methane se,Sentry,0.6239641860455681,NetCDF Grid,,training,ratio 16.0 in training band ≤ 25.0,SKQ201705S,Kongsberg EM710,Sikuliaq,independent,False,12.334400401943318,-1214.014,-328.691,continental_margin,12.334400401943318,90729185,-125.068607425,44.4864627525,Pacific,in_corpus,HR already in the 39-pair manifest,1.0,13.5,21.6,4.0,AII8L36;AT15-68;AT42-17;B00027;B00052;EW0208;FK180731;HLY03TA;HLY18TB;HLY21TG;LPRS02RR;LWAD99MV;MGL1211;MGL2104;MGL2201;NA095;NA128;RB1604;RR1713;RR1714;RR1716;RR1718;SKQ201607S;SKQ201610S;SKQ201705S;SKQ201715S;SKQ201905S;SKQ201921S;TN252;TN268;TN283;TN299;TN311;TN313;TN326;TN332;TN382;TN393;TN406;TN407;Tecfluc,lu15;lu16,TN299__MGDS_31253,False
MGDS:32321,10.60521/332321,Santa Monica 800 m Mound MBARI Mapping AUV near-bottom processed swath bathymetry gridded data (GeoT,AUV,1.0,GeoTIFF (Raster),,training,ratio 15.0 in training band ≤ 25.0,NA065,Kongsberg EM302,Nautilus,independent,False,10.95035923440186,,,unknown,10.95035923440186,27426400,-118.64761053936002,33.80120506087,Pacific,previously_excluded,excluded: HR source is a 3-band RGB render (no elevation band); float companion MGDS:32317 acquired instead as NA076__MGDS_32317 (C1 float recovery),1.0,,,,A-3-98-SC;AT15-53;AT18-11;AT26-06;C-1-96-SC;CALF01RR;Channel;E-1-04-SC;EW0407;EW9415;FK181005;HLY18TB;NA065;NA066;NA073;NA075;NA076;NA078;NA106;REM-01MV;SR1611;SR1717;SR1815;SR2008;TUNE01WT;WEST15MV,lu11,NA076__MGDS_32317,False
MGDS:20811,10.1594/IEDA/320811,Processed Near-bottom Grids (NetCDF:GMT format) derived from Multibeam Sonar Data from the Gulf of M,Sentry,0.9408837055641691,NetCDF Grid,,training,ratio 21.3 in training band ≤ 25.0,NF2206,Kongsberg EM710,NOAA Ship NANCY FOSTER (R352),independent,False,9.127746775263944,-1937.385,-1333.884,continental_margin,9.127746775263946,54859904,-88.41773785170945,28.683455298634104,Gulf of Mexico/Caribbean,previously_excluded,"dropped at manifest append: PSR=-8.97, degenerate peak (unconfirmed_coregistration_eligible_for_manual_recoreg; not data-quality, eligible for manual re-coreg)",1.0,28.5,30.3,8.0,AT18-02;AT18-03;AT26-14;B00125;B00130;EX1105;EX1202L2;EX1202L3;EX1402L2;EX1402L3;EX1711;EX1802;EX1803;FK006B;NF2206;lophelia2009;lophelia2010,,,False
MGDS:21454,10.1594/IEDA/321454,Processed Gridded Submersible Multibeam Sonar Data from the Pacific Ocean acquired during the Atlant,Sentry,1.378009514248073,NetCDF Grid,,training,ratio 18.1 in training band ≤ 25.0,AT18-11,Kongsberg EM122,Atlantis,independent,False,28.300302846488933,-925.287,-117.749,continental_margin,26.514063945104517,207669384,-119.09065353526559,33.799545001052515,Pacific,previously_excluded,"AT18-11 gridding failed: HR footprint (2 deg wide, inflated) has no ship coverage -> false pair (stage C full report §4)",1.0,9.1,6.6,2.0,A-3-98-SC;AT15-53;AT18-11;AT26-06;BOLT02MV;C-1-96-SC;CALF01RR;Channel;EW0407;EW9415;EW9504;KIWI01RR;KM0818;MV1010;MV1212;NA065;NA066;NA073;NA074;NA075;NA076;NA078;NA079;NBP0206;NBP0206A;OXMZ01MV;REM-01MV;REM-02MV;REVT01RR;RR1710;SR1611;SR1717;WEST15MV,lu11,NA076__MGDS_32317,False
MGDS:16792,10.1594/IEDA/316792,Processed Near-bottom Bathymetry Grids (NetCDF:GMT format) derived from Multibeam Sonar Data from th,AUV,1.999660864885291,NetCDF Grid,,needs_geometry,HR is footprint_suspect — true valid-data extent must be computed in Stage B before ratio is trustworthy,FK171110,Kongsberg EM302,Falkor,independent,True,136.6145767677765,-2966.89,-1158.61,volcanic_or_seamount,136.61457676777653,46907447,-174.0408842647596,-15.269635565589606,Pacific,new_candidate,,1.0,36.0,18.0,4.0,BMRG08MV;FK160320;FK171110;KIWI10RR;KM0417;KM0703;KM1008;KM1024;KM1129A;MGL0901;PPTU04WT;RR0916;RR1211;TN227;TN234,lu01,KIWI10RR__MGDS_24499,False
MANIFEST:tag_m127,10.1594/PANGAEA.899415,TAG Hydrothermal Field — M127,AUV ABYSS (REMUS 6000),2.0,GeoTIFF,M127,needs_geometry,HR is footprint_suspect — true valid-data extent must be computed in Stage B before ratio is trustworthy,AT05L04,SeaBeam 2112,Atlantis,independent,True,90.10513142682389,3500.0,3700.0,hydrothermal_vent,89.91222636344442,0,-44.80457915374853,26.14371679459602,Atlantic,in_corpus,HR already in the 39-pair manifest,2.0,125.7,62.9,16.0,AII4L2;AT05L04;AT07L36;EW0309;EW9208;EW9606;EX2206;KN176L04;KN180L01;KN204-01;KN207-02;KN209-02;LEVE_SMF;RC2909,lu09,tag_m127,False
MGDS:31753,10.60521/331753,Processed bathymetry data (netCDF grids) from the continental slope of the Canadian Beaufort Sea acq,AUV,1.9940287582950917,NetCDF Grid,,needs_geometry,HR is footprint_suspect — true valid-data extent must be computed in Stage B before ratio is trustworthy,2010_Amundsen,Kongsberg EM302,Amundsen,independent,True,116.9858377111978,-231.737,13.291,continental_margin,116.9858377111978,11585433,-135.15823576033,70.819813118162,Arctic,previously_excluded,excluded: float re-harvest has 0 joint cells with the 2009_Amundsen LR (false co-location by footprint; C1 step 2 L2),1.0,2.1,1.1,2.0,2004_Amundsen;2006_Amundsen;2009_Amundsen;2010_Amundsen;2011_Amundsen;HLY03TD,lu18,2009_Amundsen__MGDS_30046,False
MGDS:30272,10.26022/IEDA/330272,Processed bathymetry data (ESRI ASCII grids) acquired near-bottom in 2013 on the continental slope o,AUV,4.0,ESRI ASCII Grid,,excluded,ratio 3.8 < 5.0 (essentially same GSD),2010_Amundsen,Kongsberg EM302,Amundsen,independent,False,74.67451917561901,-300.611,-84.876,continental_margin,74.67451917561901,4517897,-135.12697085627687,70.8313181207612,Arctic,previously_excluded,dropped: MGDS download returns an HTML error page on both endpoints (phase 1 rev3 escalated recover_or_drop),1.0,3.4,0.8,2.0,2004_Amundsen;2006_Amundsen;2009_Amundsen;2010_Amundsen;2011_Amundsen;HLY03TD,lu18,2009_Amundsen__MGDS_30046,False
MGDS:17700,10.1594/IEDA/317700,Processed Near-bottom Bathymetry Grids (NetCDF:GMT format) derived from Multibeam Sonar Data from th,ABE,2.560451774672397,NetCDF Grid,,needs_geometry,HR is footprint_suspect — true valid-data extent must be computed in Stage B before ratio is trustworthy,MGLN06MV,SeaBeam 2000,Melville,independent,True,61.12848622677452,-2706.401,-1154.0365,continental_margin,61.12848622677452,13312256,150.98409933714524,-3.368870394949737,Pacific,previously_excluded,declined by Steve at the R3 QC adjudication (2026-06-26),3.3,111.2,43.4,8.0,MGLN06MV,,,False
MGDS:24499,10.1594/IEDA/324499,Processed Gridded Near-Bottom AUV Sentry Bathymetric Sonar Data (NetCDF:GMT format) from the NE Lau ,Sentry,1.0122221218096827,NetCDF Grid,,eval_only,ratio 34.6 in eval band 25.0-40.0,FK171110,Kongsberg EM302,Falkor,independent,False,45.13879039215903,-2966.9116,-1169.887,volcanic_or_seamount,45.13879039215904,36535884,-173.7388774732557,-15.061629654196656,Pacific,in_corpus,HR already in the 39-pair manifest,1.0,36.1,35.7,8.0,BMRG08MV;FK160320;FK171110;KIWI10RR;KM0703;KM1008;KM1024;KM1128;KM1129A;PPTU04WT;RR0916;RR1211;TN227;TN234,lu01,KIWI10RR__MGDS_24499,False
MGDS:24489,10.1594/IEDA/324489,Processed Gridded Near-Bottom AUV Sentry Bathymetric Sonar Data from the NE Lau Basin acquired durin,Sentry,1.0132424138103264,ESRI ASCII Grid,,eval_only,ratio 34.5 in eval band 25.0-40.0,FK171110,Kongsberg EM302,Falkor,independent,False,39.369611333986285,-2696.2,-1169.88,volcanic_or_seamount,39.369611333986285,74478251,-173.73680487897397,-15.055505797331282,Pacific,previously_excluded,TN234 EM300 vendor files read 0 good beams -> LR has no usable bathymetry (stage C full report §4),1.0,33.7,33.3,8.0,BMRG08MV;FK160320;FK171110;KIWI10RR;KM0703;KM1008;KM1024;KM1128;KM1129A;PPTU04WT;RR0916;RR1211;TN227;TN234,lu01,KIWI10RR__MGDS_24499,False
MGDS:24424,10.1594/IEDA/324424,Processed Gridded Near-Bottom AUV Sentry Bathymetry Data from the Tonga Volcanic Arc acquired during,Sentry,0.999823722500767,NetCDF Grid,,eval_only,ratio 35.0 in eval band 25.0-40.0,FK171110,Kongsberg EM302,Falkor,independent,False,18.87264824521473,-3042.455,-1661.0,volcanic_or_seamount,18.87264824521473,12259229,-173.779235781113,-15.03503909880928,Pacific,new_candidate,,1.0,41.0,41.0,8.0,BMRG08MV;FK160320;FK171110;KIWI10RR;KM0703;KM1008;KM1024;KM1128;KM1129A;PPTU04WT;RR0916;RR1211;TN227;TN234,lu01,KIWI10RR__MGDS_24499,False
MGDS:31430,10.26022/IEDA/331430,"Loihi Seamount (Hawaii), Shinkai Deep and FeMO hydrothermal sites, Sentry AUV near-bottom processed ",Sentry,,GeoTIFF (Raster),,raw_lr_to_grid,LR is raw-only (lr_res_source=estimated); routed to Stage C gridding — ratio measured post-grid,KM0923,Simrad EM120,Kilo Moana,independent,False,40.585448026785436,,,volcanic_or_seamount,40.585448026785436,100634564,-155.14146788073853,18.75545767272966,Pacific,previously_excluded,not fetched: only LR cruise (AII8L11) is a legacy SeaBeam-classic format the swath classifier does not recognise (stage B needs_format_review); no later ruling ,1.0,,,,AII8L11;AMAT08RR;B00297;DRFT11RR;DRFT13RR;EW9801;EX0909;FK140625;KM0518;KM0719;KM0923;KM1018;KM1120A;KM1808;KR1998;Loihi;MGLN10MV;MGLN11MV;NECR05RR;RR1610;SEAW03RR;TUNE03WT;TUNE04WT;YK1999;YK2002,lu07,EW9801__MGDS_31425,False
MGDS:24756,10.1594/IEDA/324756,"High-resolution (1m) bathymetric data from Monterey Canyon, offshore California",AUV,1.0,NetCDF Grid,,needs_geometry,HR is footprint_suspect — true valid-data extent must be computed in Stage B before ratio is trustworthy,RB1604,Kongsberg EM122,NOAA Ship RONALD H. BROWN (R104),independent,True,63.75722788917851,-1892.835,212.0,canyon,54.89173423613699,444375550,-121.98736884416677,36.740737362795244,Pacific,previously_excluded,"excluded: residual co-registration failure (LR coverage / CRS edge case), recommended manual pass, never done (C.5c)",1.0,18.4,18.4,4.0,AT42-10;B00039;B00120;B00121;KIWI01RR;MV1405;Monterey;MontereyCanyon;NA076;RB1604;S-10-09-MB,lu11,,False
MGDS:29694,10.26022/IEDA/329694,GeoTIFF images of gridded near-bottom bathymetry from the north rift zone of Axial Seamount (2016 RC,AUV,,GeoTIFF (Raster),,raw_lr_to_grid,LR is raw-only (lr_res_source=unknown); routed to Stage C gridding — ratio measured post-grid,TN149,Simrad EM300,Thomas G. Thompson,independent,False,21.672470637519464,,,volcanic_or_seamount,21.672470637519464,225731960,-129.979006640955,46.10000574962201,Pacific,previously_excluded,excluded: HR source is a 3-band RGB render (no elevation band); float companion MGDS:32556 acquired instead as EW0207__MGDS_32556 (NRift) + supersedes HR of TN2,1.0,,,,AII8L21;AT15-21;AT18-08;AT26-17;Cleft;DI9302;EW0207;EW9904;HLY10TB;KM0310;KM1812;MGL1211;MGL1216;MGL1905;MGL2209;RP11SU81;RP13SU82;RP15SU85;RR1712;SKQ201610S;SKQ201714T;SKQ201920S;SKQ201922T;TN149;TN173;TN300;TN326;TN327;TN383,lu16,TN268__MGDS_30466;EW0207__MGDS_32556,False
MGDS:24425,10.1594/IEDA/324425,Image Files of Processed Near-Bottom AUV Sentry Bathymetry Data from the Tonga Volcanic Arc acquired,Sentry,,PDF,,raw_lr_to_grid,LR is raw-only (lr_res_source=estimated); routed to Stage C gridding — ratio measured post-grid,FK171110,Kongsberg EM302,Falkor,independent,False,18.872564506149963,,,volcanic_or_seamount,18.872564506149967,1695543,-173.7792357812404,-15.03503901196563,Pacific,previously_excluded,"dropped: the MGDS 'grid' file is a PDF, not bathymetry (phase 1 rev3 escalated recover_or_drop)",1.0,,,,BMRG08MV;FK160320;FK171110;KIWI10RR;KM0703;KM1008;KM1024;KM1128;KM1129A;PPTU04WT;RR0916;RR1211;TN227;TN234,lu01,KIWI10RR__MGDS_24499,False
MGDS:31427,10.26022/IEDA/331427,"Loihi Seamount (Hawaii), summit and Pele's Pit, Sentry AUV near-bottom processed bathymetry data, Ge",Sentry,,GeoTIFF (Raster),,raw_lr_to_grid,LR is raw-only (lr_res_source=unknown); routed to Stage C gridding — ratio measured post-grid,NECR05RR,SeaBeam 2100,Roger Revelle,independent,False,15.192361001879032,,,hydrothermal_vent,15.192361001879034,6070469,-155.25586425480998,18.909658588798,Pacific,previously_excluded,not fetched: only LR cruise (TUNE04WT) is a legacy SeaBeam-classic format the swath classifier does not recognise (stage B needs_format_review); no later ruling,2.0,,,,AII8L11;AMAT08RR;B00297;CNTL13RR;DRFT13RR;EW9801;EX0909;FK140625;KM0518;KM0615;KM0719;KM0923;KM1018;KM1103;KM1120A;KR1998;Loihi;MGL1806;MGLN10MV;MGLN11MV;NA099;NA100;NA115;NECR05RR;SEAW03RR;TN260;TN293;TUNE04WT;YK1999;YK2002,lu07,EW9801__MGDS_31425,False
MGDS:32007,10.60521/332007,"Processed Gridded Near-Bottom AUV Bathymetry Data from the Central America Subduction Zone, acquired",Sentry,0.9998451484323887,NetCDF Grid,,eval_only,ratio 25.0 in eval band 25.0-40.0,AT42-03,Kongsberg EM122,Atlantis,independent,False,29.405700974473135,-1894.597,1.113,continental_margin,28.652859095037527,42010429,-84.78237573841616,8.663578005716518,Atlantic,in_corpus,HR already in the 39-pair manifest,1.0,16.5,16.5,4.0,AT11L28;AT15-44;AT37-13;AT42-03;DANA02RR;EW0005;EW0406;EW0412;FK181210;FK190106;GENE01RR;HLY05TH;MGL0807;MGL1106;MV1014;NEMO03MV,lu03;lu04,AT37-13__MGDS_31199;AT42-03__MGDS_32007,True
MGDS:7833,,Processed near bottom Multibeam Sonar Images from the Lau Back-arc Basin acquired during the R/V Kil,ABE,,PDF,,raw_lr_to_grid,LR is raw-only (lr_res_source=estimated); routed to Stage C gridding — ratio measured post-grid,KM0804,Simrad EM120,Kilo Moana,independent,False,12.084674095575398,,,volcanic_or_seamount,12.0846740955754,106892093,-176.31161383971062,-21.101613249571642,Pacific,previously_excluded,not fetched: only LR cruise (EW9914) is a legacy SeaBeam-classic format the swath classifier does not recognise (stage B needs_format_review); no later ruling r,1.0,,,,EW9512;EW9914;FK160407;KM0410;KM0417;KM0703;KM0804;KM1007;KM1023;MGL0903;MGLN07MV;PPTU04WT;RNDB15WT;RR0915;RR1211;RR1507;TN235;TN236;TN401;TUIM05MV;TUIM06MV;TUIM07MV;WEST06MV,,,False
MGDS:21415,10.1594/IEDA/321415,"Processed Near-bottom Bathymetry, Acoustic Backscatter, and Sidescan Grids (NetCDF:GMT format) deriv",AUV,4.11695117961282,NetCDF Grid,,needs_geometry,HR is footprint_suspect — true valid-data extent must be computed in Stage B before ratio is trustworthy,MV1209,Kongsberg EM122,Melville,independent,True,1094.1262916953697,-4114.0547,1194.4973,canyon,806.6869914766759,436926206,-117.4035505,32.806476,Pacific,previously_excluded,excluded: HR and gridded LR have no real data overlap on the AUV-native grid (C.5b status=empty_overlap),1.0,46.3,11.2,2.0,981107RR;A-3-98-SC;ACLV01RR;AT03L27;AT03L49;AT07L09;AT11L19;AT15-11;AT26-06;AT26-07;AT3L13;AT3L14;AT3L20;AVON01MV;AVON12MV;BOLT02MV;CALF01RR;CALF03RR;CNTL01RR;CNTL02RR;CNTL04RR;CNTL06RR;CNTL08RR;CNTL09RR;CORE01MV;CRGN01WT;DRFT01RR;EW0209;EW0210;EW0406;EW0407;EW0410;EW9415;EW9504;EW9708;EX1101;HLY05TI;HNRO18RR;INSV01WT;KIWI01RR;KM1312;KRUS06RR;LWAD99MV;MGL1102;MGL1103;MGL1104;MGL1108;MV1010;MV1105;MV1106;MV1209;MV1210;MV1211;MV1212;MV1214;MV1216;MV1217;MV1306;MV1313;MV1314;MV1404;MV1405;MV1406;MV1407;NA065;NA066;NALU01RR;NECR01RR;NPAL98MV;NV9704MV;RB1604;RB1606;REM-01MV;REM-02MV;REVT01RR;RSCN01MV;SEAW02RR;SKQ201601T;SKQ201603T;SKQ201605S;SKQ201606S;SMNT01WT;SR1612;TN278;TN279;TN281;TN319;TN321;TN335;TN337;TN338;TN339;TO9001WT;TUNE01WT;TUNE09WT;WEST00MV;WEST15MV,,,False
MGDS:20815,10.1594/IEDA/320815,Processed Gridded (ESRI ASCII format) Submersible Bathymetry Data from the Gulf of Mexico acquired d,Sentry,0.7993866996368936,ESRI ASCII Grid,,eval_only,ratio 25.0 in eval band 25.0-40.0,NF2206,Kongsberg EM710,NOAA Ship NANCY FOSTER (R352),independent,False,7.953650032497922,-1521.35,-1333.88,continental_margin,7.953650032497922,23785268,-88.45394030499685,28.691238460220895,Gulf of Mexico/Caribbean,previously_excluded,REASON UNRECORDED: phase-1 'truly processed LR' pair (LR NCEI_MBBDB:EX1202L2 processed grid staged); stage A dry-run said these skip gridding and go to Stage F ,1.0,24.9,31.1,8.0,AT18-02;AT18-03;B00130;EX1105;EX1202L2;EX1202L3;EX1402L2;EX1402L3;EX1711;EX1802;EX1803;FK006B;NF2206;lophelia2009;lophelia2010,,,False
MGDS:31212,10.60521/331212,Processed Gridded Near-Bottom Bathymetry Data (EM2040) acquired during R/V Roger Revelle expedition ,Sentry,0.9992157608026287,NetCDF Grid,,eval_only,ratio 35.0 in eval band 25.0-40.0,NA090,Kongsberg EM302,Nautilus,independent,False,6.3858183950602,-1896.59,-1767.649,continental_margin,6.3858183950602,36866023,-111.383492389015,27.411039415810997,Pacific,in_corpus,HR already in the 39-pair manifest,1.0,32.0,32.0,8.0,AT03L46;AT15-54;EW0210;FK190211;NA090,lu10,NA090__MGDS_31212,False
MGDS:30047,10.26022/IEDA/330047,Processed bathymetry data (ESRI ASCII grids) acquired near-bottom in 2013 and 2016 on the continenta,AUV,0.9970192538998972,ESRI ASCII Grid,,needs_geometry,HR is footprint_suspect — true valid-data extent must be computed in Stage B before ratio is trustworthy,2009_Amundsen,Kongsberg EM302,Amundsen,independent,True,431.13766879425026,-906.908,-86.995,continental_margin,318.27668508809256,102734428,-135.8781778256042,70.8610355775004,Arctic,new_candidate,,1.0,8.7,8.7,2.0,2003_Amundsen;2004_Amundsen;2006_Amundsen;2009_Amundsen;2010_Amundsen;2011_Amundsen;HLY03TD;HLY1103;HLY1302,lu18,2009_Amundsen__MGDS_30046,False
MGDS:31949,10.60521/331949,"Processed Gridded Near-Bottom AUV Bathymetry Data (ASCII:ESRI) from the Southern California Basin, a",Sentry,0.9989686642661776,ESRI ASCII Grid,,eval_only,ratio 25.0 in eval band 25.0-40.0,AT26-06,Kongsberg EM122,Atlantis,independent,False,44.94753795141679,-917.98,-72.965,continental_margin,40.16382126705945,34287508,-119.7075415135647,34.00565877940681,Pacific,previously_excluded,"excluded: inflated (degree-wide bbox) HR footprint -> false pair, no real HR/LR overlap (C.5b Track C; discovery footprint-bbox bug)",1.0,8.6,8.6,2.0,A-3-98-SC;AT15-53;AT18-11;AT26-06;BOLT02MV;CALF01RR;Channel;DRFT01RR;EW0407;EW9414;EW9415;EW9504;KIWI01RR;KM0817;KN195-08;MV1010;MV1212;MV1407;NA065;NA066;NA073;NA074;NA075;NA076;NA078;NA079;NA082;NA083;NBP0206;NBP0206A;REM-01MV;REM-02MV;REVT01RR;RR1710;RR1711;SR1611;SR1711;SR1717;WEST15MV,lu11,,False
MGDS:21462,10.1594/IEDA/321462,"Processed Gridded Near-Bottom AUV Bathymetry Data from the Santa Barbara Channel, acquired during R/",Sentry,2.0192808462984058,NetCDF Grid,,needs_geometry,HR is footprint_suspect — true valid-data extent must be computed in Stage B before ratio is trustworthy,AT26-06,Kongsberg EM122,Atlantis,independent,True,62.0377556621486,-901.232,-71.775,continental_margin,47.088090175191915,18328808,-119.83286836840176,34.295557453274036,Pacific,previously_excluded,"AT18-11 gridding failed: HR footprint (2 deg wide, inflated) has no ship coverage -> false pair (stage C full report §4)",1.0,8.5,4.2,2.0,A-3-98-SC;AT15-53;AT18-11;AT26-06;BOLT02MV;C-1-96-SC;CALF01RR;Channel;E-1-04-SC;EW0407;EW9415;EW9504;KM0818;MV1210;MV1406;NA065;NA066;NA073;NA075;NA076;NA078;NA079;NA083;NBP0206;NBP0206A;OXMZ01MV;REM-01MV;RR1710;SKQ201605S;SR1611;SR1707;SR1717;TUNE01WT;WEST15MV,lu11,,False
MANIFEST:TN299__MGDS_27339,10.1594/IEDA/327339,Gorda — NorthGorda_MBARI,MBARI Mapping AUV,1.0,GeoTIFF,NorthGorda_MBARI,raw_lr_to_grid,LR is raw-only (lr_res_source=unknown); routed to Stage C gridding — ratio measured post-grid,RP11SU81,SeaBeam,Surveyor,independent,False,34.98762275996982,2938.0,2938.0,continental_margin,34.98762275996963,0,-126.75793164641058,42.71193550693794,Pacific,in_corpus,HR already in the 39-pair manifest,2.0,102.6,102.6,16.0,EX0904;Gorda;HEALY02;HLY0101;MGLN46MV;NA108;RB9702;RP10SU80;RP11SU81;SKQ201913T;SKQ201919S;TN299;TN331,lu15,TN299__MGDS_27339,False
MGDS:24620,10.1594/IEDA/324620,Near-Bottom Bathymetry Data (GeoTIFF images) from missions 20150305m1 and 20150306m2 in the Pescader,AUV,,GeoTIFF (Raster),,raw_lr_to_grid,LR is raw-only (lr_res_source=estimated); routed to Stage C gridding — ratio measured post-grid,DANA08RR,Simrad EM120,Roger Revelle,independent,False,34.95670608718348,,,unknown,34.95670608718348,192725108,-108.84452567158,23.9747562782385,Pacific,previously_excluded,excluded: HR source is a 3-band RGB render (no elevation band); float companion MGDS:24618 acquired instead as FK181031__MGDS_24618 (C1 float recovery),1.0,,,,AT42-05;DANA08RR;EW0210;FK181031;FK190211;FK210922;NA091,lu08,FK181031__MGDS_24618,False
MGDS:31860,10.60521/331860,Processed Gridded Near-Bottom Bathymetry Data acquired during R/V Melville expedition MV1205 (2012),Sentry,1.0915751445057353,NetCDF Grid,,raw_lr_to_grid,LR is raw-only (lr_res_source=unknown); routed to Stage C gridding — ratio measured post-grid,RC2901,SeaBeam,Robert D. Conrad,independent,False,25.157401491322666,-3072.593,99999.0,unknown,25.157401491322656,40410978,-75.81062396856778,-46.25074674344553,Atlantic,previously_excluded,not fetched: only LR cruise (RC2901) is a legacy SeaBeam-classic format the swath classifier does not recognise (stage B needs_format_review); no later ruling r,2.0,1799.1,1648.2,16.0,MV1003;MV1205;RC2901;VANC05MV,,,False
MGDS:31073,10.60521/331073,Processed Gridded Near-Bottom Bathymetry Data acquired during R/V Atlantis expedition AT26-14 (2014),Sentry,0.9995097628190012,NetCDF Grid,,training,ratio 15.0 in training band ≤ 25.0,EX1203,Simrad EM302,NOAA Ship OKEANOS EXPLORER (R337),independent,False,20.754328611340867,-1192.489,-385.201,continental_margin,8.242427138894051,178186963,-90.53606565542266,28.046208009822244,Gulf of Mexico/Caribbean,previously_excluded,REASON UNRECORDED: phase-1 'truly processed LR' pair (LR NCEI_MBBDB:EX1402L2 processed grid staged); stage A dry-run said these skip gridding and go to Stage F ,1.0,13.8,13.8,2.0,AT18-02;AT26-14;AT26-15;AT3L58;B00176;B00183;B00197;B00249;B00253;B00254;B00258;B00260;EX1105;EX1202L3;EX1203;EX1402L2;EX1402L3;FA150001;FK004e;FK006B;NF-08-14-OE;RB0307;lophelia2009,,,False
MGDS:31256,10.26022/IEDA/331256,Near-bottom AUV Sentry processed bathymetry images (GeoTIFF format) from the Pythia's Oasis methane ,Sentry,,GeoTIFF (Raster),,raw_lr_to_grid,LR is raw-only (lr_res_source=unknown); routed to Stage C gridding — ratio measured post-grid,B00052,SeaBeam,Surveyor,independent,False,12.31156145477957,,,unknown,12.311561454779568,203832196,-125.068581998585,44.48642588549149,Pacific,previously_excluded,excluded: HR source is a 3-band RGB render (no elevation band); float companion MGDS:31253 acquired instead as TN299__MGDS_31253 (C1 float recovery; catalog lis,2.0,,,,AII8L36;AT15-68;AT42-17;B00027;B00052;EW0208;FK180731;HLY03TA;HLY18TB;HLY21TG;LPRS02RR;LWAD99MV;MGL1211;MGL2104;MGL2201;NA095;NA128;RB1604;RR1713;RR1714;RR1716;RR1718;SKQ201607S;SKQ201610S;SKQ201705S;SKQ201715S;SKQ201905S;SKQ201921S;TN252;TN268;TN283;TN299;TN311;TN313;TN326;TN332;TN382;TN393;TN406;TN407;Tecfluc,lu15;lu16,TN299__MGDS_31253,False
MGDS:31811,10.60521/331811,"Processed Gridded Near-Bottom AUV Bathymetry Data from the Galapagos Spreading Center, acquired duri",Sentry,1.999070653630909,NetCDF Grid,,needs_geometry,HR is footprint_suspect — true valid-data extent must be computed in Stage B before ratio is trustworthy,EX1103,Simrad EM302,NOAA Ship OKEANOS EXPLORER (R337),independent,True,77.28226271681564,-2915.892,-1592.64,volcanic_or_seamount,44.41891979890732,31025847,-93.65514128543425,2.3944448327131784,Atlantic,previously_excluded,"excluded: inflated (degree-wide bbox) HR footprint -> false pair, no real HR/LR overlap (C.5b Track C; discovery footprint-bbox bug)",1.0,39.3,19.7,4.0,AT15-63;EW0004;EW9205;EX1103;MV1007;NA064;TN188;TOGA92T;TUGA01WT;TUGA02WT,,,False
MGDS:20836,,Processed near bottom Multibeam Sonar Images from the Gulf of Mexico acquired during the R/V Atlanti,Sentry,,PDF,,needs_LR_res,lr_res_source=estimated; LR has processed grid but res is missing from metadata,EX1202L2,Simrad EM302,NOAA Ship OKEANOS EXPLORER (R337),independent,False,9.12774672541248,,,unknown,9.12774672541248,6198804,-88.41773785170946,28.6834552986341,Gulf of Mexico/Caribbean,previously_excluded,"dropped: the MGDS 'grid' file is a PDF, not bathymetry (phase 1 rev3 escalated recover_or_drop)",1.0,,,,AT18-02;AT18-03;AT26-14;B00125;B00130;EX1105;EX1202L2;EX1202L3;EX1402L2;EX1402L3;EX1711;EX1802;EX1803;FK006B;NF2206;lophelia2009;lophelia2010,,,False
MGDS:33027,,"Near-bottom multibeam bathymetry gridded data collected by AUV Sentry at 9°50'N, East Pacific Rise (",Sentry,0.24997645476663327,NetCDF Grid,,raw_lr_to_grid,LR is raw-only (lr_res_source=unknown); routed to Stage C gridding — ratio measured post-grid,PASC02WT,SeaBeam,Thomas Washington,independent,False,0.1272116662934618,-2568.828,-2544.68,hydrothermal_vent,0.1272116662934618,1989203,-104.29446146725999,9.90528887260645,Pacific,new_candidate,,2.0,89.3,357.2,16.0,A125L24;A125L39;A131L11;A131L9;AII2L25;AT03L29;AT03L47;AT07L04;AT07L06;AT11L03;AT11L07;AT11L09;AT15-16;AT18-12;AT26-10;AT26-23;AT37-05;AT37-11;AT37-12;AT3L10;AT42-06;AT42-09;AT42-21;CERE02WT;EW9708;KN182L13;MGL0812;MRTN15WT;NEMO01MV;NEMO02MV;PASC01WT;PASC02WT;RAIT01WT;RAPA01WT;RC2607;SERA02WT;TN188;TN399;VNTR03WT,lu05,TN399__MGDS_30373,False
MGDS:31289,10.26022/IEDA/331289,Near-bottom AUV multibeam bathymetry grid (netCDF format) from the Octopus Garden hydrothermal sprin,AUV,1.0,NetCDF Grid,,needs_geometry,HR is footprint_suspect — true valid-data extent must be computed in Stage B before ratio is trustworthy,NA080,Kongsberg EM302,Nautilus,independent,True,197.69424908124566,-3486.47,-2955.18,volcanic_or_seamount,197.69424908124566,81079635,-122.64493963562046,35.55502539961498,Pacific,new_candidate,,1.0,56.2,56.2,8.0,AT42-09;B00210;B00211;EX1503L2;FK190315;HLY05TI;MGL1108;Monterey;NA080;NA082;NA103;NA117;NA122;NA130;RR1710;SKQ201913T;TN279;TN281;TN396;TUNE01WT,lu13,NA080__MGDS_31290,False
MGDS:30373,10.26022/IEDA/330373,"Processed bathymetric data (netCDF grid) from 9°50'N, East Pacific Rise, acquired in 2018, 2019 and ",Sentry,0.9999320427000511,NetCDF Grid,,needs_geometry,HR is footprint_suspect — true valid-data extent must be computed in Stage B before ratio is trustworthy,TN399,Kongsberg EM302,Thomas G. Thompson,independent,True,214.85704831397325,-2769.774,-2480.078,volcanic_or_seamount,209.8950716172539,350278915,-104.2896737745,9.8365428924998,Pacific,in_corpus,HR already in the 39-pair manifest,1.0,45.8,45.8,8.0,A125L24;A125L25;A125L39;A131L11;A131L9;AII2L25;AT03L29;AT03L33;AT03L47;AT07L04;AT07L06;AT07L26;AT11L03;AT11L07;AT11L09;AT11L26;AT15-16;AT15-41;AT18-12;AT26-10;AT26-23;AT37-05;AT37-11;AT37-12;AT3L10;AT42-06;AT42-09;AT42-21;CERE02WT;DANA06RR;ENCR01WT;EW9708;KN182L13;MGL0812;MRTN15WT;NEMO01MV;NEMO02MV;PASC01WT;PASC02WT;PHNX02MV;RAIT01WT;RAIT02WT;RAPA01WT;RC2607;SERA02WT;TN188;TN399;VNTR03WT,lu05,TN399__MGDS_30373,False
MANIFEST:TN399__MGDS_30373,10.26022/IEDA/330373,EPR:9N — EPR:9N_Parnell-Turner,Sentry,0.993,GeoTIFF,EPR:9N_Parnell-Turner,needs_geometry,HR is footprint_suspect — true valid-data extent must be computed in Stage B before ratio is trustworthy,TN399,Kongsberg EM302,Thomas G. Thompson,independent,True,216.37479849874114,2625.0,2625.0,volcanic_or_seamount,211.04078700960375,0,-104.28966007449137,9.836556438447987,Pacific,in_corpus,HR already in the 39-pair manifest,1.0,45.8,46.1,8.0,A125L24;A125L25;A125L39;A131L11;A131L9;AII2L25;AT03L29;AT03L33;AT03L47;AT07L04;AT07L06;AT07L26;AT11L03;AT11L07;AT11L09;AT11L26;AT15-16;AT15-41;AT18-12;AT26-10;AT26-23;AT37-05;AT37-11;AT37-12;AT3L10;AT42-06;AT42-09;AT42-21;CERE02WT;DANA06RR;ENCR01WT;EW9708;KN182L13;MGL0812;MRTN15WT;NEMO01MV;NEMO02MV;PASC01WT;PASC02WT;PHNX02MV;RAIT01WT;RAIT02WT;RAPA01WT;RC2607;SERA02WT;TN188;TN399;VNTR03WT,lu05,TN399__MGDS_30373,False
MGDS:24470,10.1594/IEDA/324470,Processed Gridded Near-Bottom AUV Bathymetry Data (ASCII:ESRI) from the Juan de Fuca Spreading Cente,Sentry,0.5240616408693941,ESRI ASCII Grid,,raw_lr_to_grid,LR is raw-only (lr_res_source=unknown); routed to Stage C gridding — ratio measured post-grid,RP11SU81,SeaBeam,Surveyor,independent,False,2.5847584905626952,-2441.727,-1546.723,volcanic_or_seamount,2.208734813638969,96414395,-129.76212208302601,46.42057809375505,Pacific,previously_excluded,excluded: 0 valid tiles after F5 real-data masks (f5_bucket=weak_exclude_candidate) -> R6 zero-tile drop,2.0,69.6,132.8,16.0,AII8L21;AII8L22;AII8L41;AT03L24;AT03L38;AT07L19;AT11L31;AT11L32;AT15-21;AT15-36;AT15-49;AT15-51;AT18-08;AT18-09;AT26-17;AT3L23;AT3L53;AT3L56;Cleft;EW0207;EW9505;EW9904;FK010;KM0310;KM1812;KM1813;MGL0910;MGL1211;MGL1216;MGL1905;REM-02MV;RNDB05WT;RP11SU81;RP14SU84;RP15SU83;RP15SU85;RR1714;RR1715;SKQ201608S;SKQ201610S;TN080;TN146;TN149;TN157;TN159;TN177B;TN183;TN199;TN252;TN253;TN254;TN266;TN268;TN269;TN282;TN298;TN299;TN300;TN313;TN326;TN327;TN328;TN382;TN383,lu15;lu16;lu17,EW0207__MGDS_32556,True
MGDS:24467,10.1594/IEDA/324467,"Processed Gridded Near-Bottom AUV Bathymetry Data from the Juan de Fuca Spreading Center, acquired d",Sentry,0.48168361881991967,NetCDF Grid,,raw_lr_to_grid,LR is raw-only (lr_res_source=unknown); routed to Stage C gridding — ratio measured post-grid,RP11SU81,SeaBeam,Surveyor,independent,False,2.585722313533986,-2797.356,-1518.0,volcanic_or_seamount,2.2094926678966016,167397518,-129.7620503667801,46.42072851454583,Pacific,previously_excluded,REASON UNRECORDED: LR cruise fetched (TN313) but the HR never appears in stage C/C.5 results,2.0,75.3,156.3,16.0,AII8L21;AII8L22;AII8L41;AT03L24;AT03L38;AT07L19;AT11L31;AT11L32;AT15-21;AT15-36;AT15-49;AT15-51;AT18-08;AT18-09;AT26-17;AT3L23;AT3L53;AT3L56;Cleft;EW0207;EW9505;EW9904;FK010;KM0310;KM1812;KM1813;MGL0910;MGL1211;MGL1216;MGL1905;REM-02MV;RNDB05WT;RP11SU81;RP14SU84;RP15SU83;RP15SU85;RR1714;RR1715;SKQ201608S;SKQ201610S;TN080;TN146;TN149;TN157;TN159;TN177B;TN183;TN199;TN252;TN253;TN254;TN266;TN268;TN269;TN282;TN298;TN299;TN300;TN313;TN326;TN327;TN328;TN382;TN383,lu15;lu16;lu17,EW0207__MGDS_32556,True
MGDS:29779,10.26022/IEDA/329779,"AUV Sentry near-bottom bathymetry data at the Havre Volcano Caldera in the Kermadec Arc (RR1506, 201",Sentry,0.9991199891923315,NetCDF Grid,,needs_geometry,HR is footprint_suspect — true valid-data extent must be computed in Stage B before ratio is trustworthy,RR1506,Kongsberg EM122,Roger Revelle,independent,True,95.76736036110631,-1572.57,-554.0,volcanic_or_seamount,94.06641328561464,290982852,-179.0325291627635,-31.093947798366283,Pacific,in_corpus,HR already in the 39-pair manifest,1.0,18.6,18.6,4.0,EW9914;MGL1804;RR1506,lu00,RR1506__MGDS_29779,False
MGDS:32208,10.60521/332208,Processed Gridded Near-Bottom AUV Bathymetry Data (ASCII:ESRI) from the Gulf of California Guaymas B,Sentry,0.9993091979709957,ESRI ASCII Grid,,excluded,ratio 100.1 > 40.0 (super-resolution not meaningful),AT03L46,SeaBeam 2112,Atlantis,independent,False,40.04386040302877,-2062.692,-1718.692,volcanic_or_seamount,40.04386040302878,145655213,-111.42079113339491,27.0777132607195,Pacific,gate_excluded,ratio 100.1 > 40.0 (super-resolution not meaningful),2.0,66.0,66.0,16.0,AT03L46;AT15-31;AT15-54;EW0210;FK190211;NA090,lu10,NA090__MGDS_31212,False
MGDS:30217,10.26022/IEDA/330217,Preliminary 1-meter resolution bathymetric model (GeoTIFF images) for the summit region of Axial Sea,Sentry,,GeoTIFF (Raster),,needs_geometry,HR is footprint_suspect — true valid-data extent must be computed in Stage B before ratio is trustworthy,EW9904,Atlas Hydrosweep DS,Maurice Ewing,independent,True,522.7058159728052,,,volcanic_or_seamount,522.7326598102243,4375945504,-129.96803419604498,45.94294116332151,Pacific,previously_excluded,excluded: HR source is a 3-band RGB render (no elevation band); float companion MGDS:32556 acquired instead as EW0207__MGDS_32556 (NRift) + supersedes HR of TN2,2.3,,,,AII8L21;AT15-21;AT15-36;AT15-51;AT18-08;AT26-17;AT3L23;Cleft;DI9302;EW0207;EW9904;FK010;HLY10TB;KM0310;KM1812;KM1813;MGL1211;MGL1216;MGL1905;MGL2209;REM-01MV;RNDB05WT;RP11SU81;RP13SU82;RP15SU85;RR1712;RR1713;RR1714;RR1715;SKQ201610S;SKQ201920S;TN149;TN160;TN173;TN199;TN252;TN253;TN268;TN271;TN299;TN300;TN313;TN326;TN327;TN382;TN383;TN393;TN407;Tran2new,lu15;lu16,TN268__MGDS_30466;EW0207__MGDS_32556,False
MGDS:30467,10.26022/IEDA/330467,Preliminary 1-meter resolution bathymetric model (GeoTIFF image format) for the distal South Rift Zo,AUV,,GeoTIFF (Raster),,needs_geometry,HR is footprint_suspect — true valid-data extent must be computed in Stage B before ratio is trustworthy,RP11SU81,SeaBeam,Surveyor,independent,True,312.2263657256185,,,volcanic_or_seamount,312.2263657256185,199787815,-130.01258909153,45.601183888787,Pacific,previously_excluded,not fetched: only LR cruise (RP11SU81) is a legacy SeaBeam-classic format the swath classifier does not recognise (stage B needs_format_review); no later ruling,2.0,,,,AII8L21;Cleft;EW0207;EW9904;KM0310;KM1812;KM1813;MGL1905;RB0002;REM-01MV;RP11SU81;RP13SU82;RR1715;TN173;TN199;TN252;TN253;TN268;TN271;TN300;TN327;TN383,lu16,TN268__MGDS_30466,False
MGDS:30466,10.26022/IEDA/330466,Preliminary 1-meter resolution bathymetric model (ASCII grid format) for the distal South Rift Zone ,AUV,0.9995200258673382,ESRI ASCII Grid,,needs_geometry,HR is footprint_suspect — true valid-data extent must be computed in Stage B before ratio is trustworthy,RP11SU81,SeaBeam,Surveyor,independent,True,312.2057585807306,-2544.148,-1776.617,volcanic_or_seamount,312.2057585807306,349074606,-130.01258267779002,45.60118388603401,Pacific,in_corpus,HR already in the 39-pair manifest,2.0,75.4,75.4,16.0,AII8L21;Cleft;EW0207;EW9904;KM0310;KM1812;KM1813;MGL1905;RB0002;REM-01MV;RP11SU81;RP13SU82;RR1715;TN173;TN199;TN252;TN253;TN268;TN271;TN300;TN327;TN383,lu16,TN268__MGDS_30466,False
MGDS:21986,10.1594/IEDA/321986,Processed Near-bottom Multibeam Sonar Data from the Juan de Fuca Spreading Center - Endeavour Segmen,AUV,,GeoTIFF (Raster),,needs_geometry,HR is footprint_suspect — true valid-data extent must be computed in Stage B before ratio is trustworthy,AT3L56,SeaBeam 2112,Atlantis,independent,True,241.6731493270048,,,volcanic_or_seamount,241.67314932700478,450617761,-129.0779251521443,47.98553971235846,Pacific,previously_excluded,excluded: no recoverable SR signal at any k on the AUV-native grid (C.5b max_recoverable_k=null),2.0,,,,AII8L22;AII8L41;AT03L24;AT03L38;AT07L19;AT07L20;AT11L31;AT11L32;AT15-21;AT15-36;AT15-49;AT18-08;AT18-09;AT26-17;AT3L23;AT3L53;AT3L56;EW0207;MGL0910;MGL1211;REM-02MV;RP11SU81;RP14SU84;RP15SU83;SKQ201608S;SKQ202105T;TN080;TN146;TN157;TN159;TN177B;TN183;TN199;TN254;TN266;TN269;TN282;TN298;TN328,lu16;lu17,TN159__MGDS_21981,True
MGDS:21998,10.1594/IEDA/321998,Processed Near-bottom Multibeam Sonar Bathymetry Grids from the Juan de Fuca Spreading Center - Ende,AUV,1.140695369909213,NetCDF Grid,,needs_geometry,HR is footprint_suspect — true valid-data extent must be computed in Stage B before ratio is trustworthy,TN159,Simrad EM300,Thomas G. Thompson,independent,True,241.61448122734447,-2545.798,-1948.2134,volcanic_or_seamount,241.614481227341,154328253,-129.07791266837327,47.985531349598446,Pacific,previously_excluded,"excluded: residual co-registration failure (LR coverage / CRS edge case), recommended manual pass, never done (C.5c)",1.0,39.2,34.4,8.0,AII8L22;AII8L41;AT03L24;AT03L38;AT07L19;AT07L20;AT11L31;AT11L32;AT15-21;AT15-36;AT15-49;AT18-08;AT18-09;AT26-17;AT3L23;AT3L53;AT3L56;EW0207;MGL0910;MGL1211;REM-02MV;RP11SU81;RP14SU84;RP15SU83;SKQ201608S;SKQ202105T;TN080;TN146;TN157;TN159;TN177B;TN183;TN199;TN254;TN266;TN269;TN282;TN298;TN328,lu16;lu17,TN159__MGDS_21981,True
MANIFEST:KIWI10RR__MGDS_24499,10.1594/IEDA/324499,Tonga — FK171110,Falkor,0.993,GeoTIFF,FK171110,needs_geometry,HR is footprint_suspect — true valid-data extent must be computed in Stage B before ratio is trustworthy,FK171110,Kongsberg EM302,Falkor,independent,True,241.5496361286647,2068.0,2068.0,continental_margin,241.5496361286647,0,-173.74606577240672,-15.009923699644835,Pacific,in_corpus,HR already in the 39-pair manifest,1.0,36.1,36.4,8.0,BMRG08MV;FK160320;FK171110;KIWI10RR;KM0703;KM1008;KM1024;KM1128;KM1129A;PPTU04WT;RR0916;RR1211;TN227;TN234,lu01,KIWI10RR__MGDS_24499,False
MGDS:31675,10.60521/331675,Processed Gridded Near-Bottom AUV Bathymetry Data acquired during R/V Atlantic Explorer expedition A,Sentry,0.9991914031958038,NetCDF Grid,,raw_lr_to_grid,LR is raw-only (lr_res_source=unknown); routed to Stage C gridding — ratio measured post-grid,KN204-01,SeaBeam 3012,Knorr,independent,False,18.448800202174642,-1785.635,0.0,continental_margin,15.382114637871124,133973980,-64.55795457411926,32.71833146746675,Atlantic,previously_excluded,"dropped at manifest append: 51 m offset, no interior NCC peak (unconfirmed_coregistration_eligible_for_manual_recoreg; not data-quality, eligible for manual re-",1.5,23.4,23.4,4.0,KN161L08;KN173L02;KN204-01,,,False
MGDS:31291,10.26022/IEDA/331291,Near-bottom AUV multibeam bathymetry image (GeoTIFF format) from the Octopus Garden hydrothermal spr,AUV,,GeoTIFF (Raster),,needs_geometry,HR is footprint_suspect — true valid-data extent must be computed in Stage B before ratio is trustworthy,NA080,Kongsberg EM302,Nautilus,independent,True,197.694249238049,,,volcanic_or_seamount,197.694249238049,592624744,-122.64494513250281,35.55502992408069,Pacific,previously_excluded,REASON UNRECORDED: C.5b scored it recoverable (max_k=16) but it is absent from the stage-E corpus and from every exclusion record,1.0,,,,AT42-09;B00210;B00211;EX1503L2;FK190315;HLY05TI;MGL1108;Monterey;NA080;NA082;NA103;NA117;NA122;NA130;RR1710;SKQ201913T;TN279;TN281;TN396;TUNE01WT,lu13,NA080__MGDS_31290,False
MGDS:33068,10.60521/333068,Processed Gridded Near-Bottom AUV Bathymetry Data (EM2040) from the East Pacific Rise at 9N Spreadin,Sentry,0.9999444547972995,NetCDF Grid,,needs_geometry,HR is footprint_suspect — true valid-data extent must be computed in Stage B before ratio is trustworthy,TN399,Kongsberg EM302,Thomas G. Thompson,independent,True,117.48575583695042,-2833.344,-1826.038,volcanic_or_seamount,105.14070881005401,420857059,-104.29484348246906,9.921330819278557,Pacific,new_candidate,,1.0,40.7,40.7,8.0,A125L24;A125L25;A125L39;A131L11;A131L9;AII2L25;AII2L26;AT03L29;AT03L33;AT03L47;AT07L04;AT07L06;AT07L26;AT11L03;AT11L07;AT11L09;AT11L26;AT15-16;AT15-41;AT18-12;AT26-10;AT26-23;AT37-05;AT37-11;AT37-12;AT3L10;AT3L11;AT42-06;AT42-09;AT42-21;CERE02WT;DANA06RR;ENCR01WT;EW9405;EW9708;KN182L13;MGL0812;MRTN15WT;NEMO01MV;NEMO02MV;PASC01WT;PASC02WT;PHNX02MV;RAIT01WT;RAIT02WT;RAPA01WT;RC2607;SERA02WT;TN188;TN399;VNTR03WT,lu05,TN399__MGDS_30373,False
MGDS:32558,10.60521/332558,"GeoTIFF images of gridded near-bottom bathymetry data for the distal rift zones of Axial Seamount, v",MBARI AUV,,GeoTIFF (Raster),,needs_geometry,HR is footprint_suspect — true valid-data extent must be computed in Stage B before ratio is trustworthy,EW0207,Atlas Hydrosweep DS-2,Maurice Ewing,independent,True,1321.209855288126,,,volcanic_or_seamount,1225.2419992234486,5658278647,-130.04977333097503,45.77814826263831,Pacific,previously_excluded,excluded: HR source is a 3-band RGB render (no elevation band); float companion MGDS:32556 acquired instead as EW0207__MGDS_32556 (NRift) + supersedes HR of TN2,2.3,,,,AII8L21;AT15-21;AT15-36;AT15-51;AT18-08;AT26-17;AT3L23;Cleft;DI9302;EW0207;EW9904;HLY10TB;HLY11TB;HLY16TB;HLY17TB;KM0310;KM1812;KM1813;MGL1211;MGL1216;MGL1905;MGL2209;RB0002;REM-01MV;REM-02MV;RP11SU81;RP13SU82;RP15SU85;RR1712;RR1715;SKQ201610S;SKQ201714T;SKQ201920S;SKQ201922T;SKQ201924S;TN149;TN160;TN173;TN199;TN252;TN253;TN268;TN271;TN299;TN300;TN313;TN326;TN327;TN383,lu15;lu16,TN268__MGDS_30466;EW0207__MGDS_32556,False
MGDS:21996,10.1594/IEDA/321996,Processed Near-bottom Multibeam Sonar Bathymetry Grids from the Juan de Fuca Spreading Center - Ende,AUV,0.9982531886287935,NetCDF Grid,,needs_geometry,HR is footprint_suspect — true valid-data extent must be computed in Stage B before ratio is trustworthy,TN146,Simrad EM300,Thomas G. Thompson,independent,True,96.76678582304874,-2545.9775,-1960.5814,volcanic_or_seamount,96.76678582304827,362721721,-129.0814155342347,47.97551526336815,Pacific,previously_excluded,"excluded: residual co-registration failure (LR coverage / CRS edge case), recommended manual pass, never done (C.5c)",1.0,39.3,39.4,8.0,AII8L22;AII8L41;AT03L24;AT03L38;AT07L19;AT11L31;AT11L32;AT15-21;AT15-36;AT15-49;AT18-08;AT18-09;AT26-17;AT3L23;AT3L53;AT3L56;EW0207;MGL0910;MGL1211;REM-02MV;RP11SU81;RP14SU84;RP15SU83;SKQ201608S;SKQ202105T;TN080;TN146;TN157;TN159;TN177B;TN183;TN199;TN254;TN266;TN269;TN282;TN298;TN328,lu16;lu17,TN159__MGDS_21981,True
MGDS:22436,10.1594/IEDA/322436,"Processed Sentry AUV bathymetry data from the Mid-Atlantic Ridge at 16.5N, Knorr cruise KN210-05 (20",Sentry,1.9997336226821447,NetCDF Grid,,needs_geometry,HR is footprint_suspect — true valid-data extent must be computed in Stage B before ratio is trustworthy,EW9704,Atlas Hydrosweep DS,Maurice Ewing,independent,True,212.74642956728616,-4592.7485,-2089.4531,continental_margin,104.05265261409902,83266373,-46.61225075242696,16.52686069902451,Atlantic,previously_excluded,"dropped at manifest append: 151 m offset, no interior NCC peak (unconfirmed_coregistration_eligible_for_manual_recoreg; not data-quality, eligible for manual re",2.3,134.1,67.1,16.0,AT04L04;EW0301;EW9704;KN161L04;KN210-05,,,False
MGDS:22384,10.1594/IEDA/322384,Processed Near-Bottom AUV Sentry Bathymetric Sonar Images from the Izu-Bonin-Mariana Volcanic Arc ac,Sentry,,PDF,,needs_geometry,HR is footprint_suspect — true valid-data extent must be computed in Stage B before ratio is trustworthy,FK151121,Kongsberg EM302; EM710,Falkor,independent,True,73.41034168736951,,,volcanic_or_seamount,73.41034168736951,15087946,144.6161509990389,16.63457406143623,Pacific,new_candidate,,1.0,,,,BCH1101E;COOK07MV;EW0202;EX1605L1;EX1605L2;FK151121;FK161129;HEE1001A;MV1302;PAT0903E;PPTU09WT;RR1412;RR1413;SUM0704;SUM0901E,,,False
MGDS:21981,10.1594/IEDA/321981,Processed Near-bottom Multibeam Sonar Bathymetry Grids from the Juan de Fuca Spreading Center - Ende,AUV,0.9983208386243612,NetCDF Grid,,needs_geometry,HR is footprint_suspect — true valid-data extent must be computed in Stage B before ratio is trustworthy,AII8L22,SeaBeam,Atlantis II,independent,True,73.07317267884653,-2410.6873,-1947.9734,hydrothermal_vent,73.0731726788465,448918921,-129.10036846973918,47.947932943688755,Pacific,in_corpus,HR already in the 39-pair manifest,2.0,76.1,76.2,16.0,AII8L22;AII8L41;AT03L24;AT03L38;AT07L19;AT11L31;AT11L32;AT15-21;AT15-36;AT15-49;AT18-08;AT18-09;AT26-17;AT3L23;AT3L53;AT3L56;EW0207;MGL0910;MGL1211;REM-02MV;RP11SU81;RP15SU83;SKQ201608S;SKQ202105T;TN080;TN146;TN157;TN159;TN177B;TN183;TN199;TN254;TN266;TN269;TN282;TN298;TN328,lu16;lu17,TN159__MGDS_21981,True
MGDS:24485,10.1594/IEDA/324485,Processed Near-Bottom AUV Sentry Bathymetric Sonar Maps (GeoTIFF format) from the NE Lau Basin acqui,Sentry,,GeoTIFF (Raster),,needs_geometry,HR is footprint_suspect — true valid-data extent must be computed in Stage B before ratio is trustworthy,FK171110,Kongsberg EM302,Falkor,independent,True,67.49452952360848,,,volcanic_or_seamount,67.49452952360848,93837184,-173.7426610906244,-15.054471891203582,Pacific,previously_excluded,excluded: HR source is a 3-band RGB render (no elevation band); float companion MGDS:24499 acquired instead as KIWI10RR__MGDS_24499,1.0,,,,BMRG08MV;FK160320;FK171110;KIWI10RR;KM0703;KM1008;KM1024;KM1128;KM1129A;MGL0901;PPTU04WT;RR0916;RR1211;TN227;TN234;TN306,lu01,KIWI10RR__MGDS_24499,False
MGDS:31203,10.60521/331203,Processed Gridded Near-Bottom Bathymetry Data acquired during R/V Atlantis expedition AT42-06 (2018),Sentry,0.9999440509532824,NetCDF Grid,,excluded,ratio 50.0 > 40.0 (super-resolution not meaningful),AT37-05,Kongsberg EM122,Atlantis,independent,False,42.89144108305791,-3232.617,3.699,continental_margin,42.89144108305762,668677454,-104.5569523626158,8.870589821628,Pacific,gate_excluded,ratio 50.0 > 40.0 (super-resolution not meaningful),1.0,28.2,28.2,4.0,A125L24;A125L25;A125L39;A131L11;A131L9;AII2L25;AT03L29;AT03L33;AT03L47;AT07L04;AT07L06;AT07L26;AT11L03;AT11L07;AT11L09;AT15-16;AT15-41;AT18-12;AT26-10;AT26-23;AT37-05;AT37-11;AT37-12;AT3L10;AT42-06;AT42-09;AT42-21;CERE02WT;DRFT02RR;ENCR01WT;EW9708;KN182L13;MGL0812;MRTN15WT;NEMO01MV;NEMO02MV;PASC01WT;PASC02WT;PPTU02WT;RAIT01WT;RAIT02WT;RAPA01WT;RC2607;SERA02WT;TN188;TN399;VANC01MV;VNTR03WT,lu05,,False
MGDS:30085,10.26022/IEDA/330085,"Processed near-bottom Sentry AUV bathymetry data (netCDF grids) at the Mid-Atlantic Ridge (AT33-03, ",Sentry,0.999882732213109,NetCDF Grid,,excluded,ratio 50.0 > 40.0 (super-resolution not meaningful),KN182L03,SeaBeam 2112,Knorr,independent,False,38.28172281032897,-3950.908,-2652.709,continental_margin,38.22700320820876,212965200,-45.00906751374971,13.9153307458104,Atlantic,gate_excluded,ratio 50.0 > 40.0 (super-resolution not meaningful),2.0,115.3,115.3,16.0,AT04L04;AT05L03;KN182L03,,,False
MGDS:24619,10.1594/IEDA/324619,Near-Bottom Bathymetry Data (grid in ASCII raster format) from missions 20150305m1 and 20150306m2 in,AUV,0.9994520116876997,ESRI ASCII Grid,,excluded,ratio 60.0 > 40.0 (super-resolution not meaningful),FK181031,Kongsberg EM302,Falkor,independent,False,34.95670608472054,,,unknown,34.95670608472054,82669302,-108.84451584365,23.974756281237003,Pacific,gate_excluded,ratio 60.0 > 40.0 (super-resolution not meaningful),1.0,,,,AT42-05;DANA08RR;EW0210;FK181031;FK190211;FK210922;NA091,lu08,FK181031__MGDS_24618,False
MGDS:31831,10.60521/331831,"Processed Gridded Near-Bottom AUV Bathymetry Data from the Eastern North American Margin, acquired d",Sentry,0.9990943799759235,NetCDF Grid,,eval_only,ratio 35.0 in eval band 25.0-40.0,EX1206,Kongsberg EM302,NOAA Ship OKEANOS EXPLORER (R337),independent,False,21.17608181983717,-2619.967,-1024.582,continental_margin,13.709485143005748,13149046,-74.1979776833139,36.35962828098913,Atlantic,previously_excluded,REASON UNRECORDED: phase-1 'truly processed LR' pair (LR NCEI_MBBDB:EX1206 processed grid staged); stage A dry-run said these skip gridding and go to Stage F di,1.0,31.8,31.8,8.0,AT09;B00219;EW9301;EX1201;EX1205L1;EX1205L2;EX1206;EX1301;KN155;KN178;KN197-10;KN198;PF0502;RB05patch;RB0904;RB10TR,,,False
MGDS:31181,10.60521/331181,Processed Gridded Near-Bottom Bathymetry Data (EM2040) acquired during R/V Roger Revelle expedition ,Sentry,0.9998706244687567,NetCDF Grid,,needs_geometry,HR is footprint_suspect — true valid-data extent must be computed in Stage B before ratio is trustworthy,TN399,Kongsberg EM302,Thomas G. Thompson,independent,True,132.707708975809,-2769.755,-2466.308,continental_margin,121.99685568220498,411484713,-104.28723331982236,9.807461845038425,Pacific,previously_excluded,excluded: HR and gridded LR have no real data overlap on the AUV-native grid (C.5b status=empty_overlap),1.0,45.7,45.7,8.0,A125L19;A125L24;A125L25;A125L39;A131L11;A131L9;AII2L25;AT03L29;AT03L33;AT03L47;AT07L04;AT07L06;AT07L26;AT11L03;AT11L07;AT11L09;AT11L26;AT15-16;AT15-41;AT18-12;AT26-10;AT26-23;AT37-05;AT37-11;AT37-12;AT3L10;AT42-06;AT42-09;AT42-21;CERE02WT;ENCR01WT;EW9708;KN182L13;MGL0812;MRTN15WT;NEMO01MV;NEMO02MV;PASC01WT;PASC02WT;PHNX02MV;RAIT01WT;RAIT02WT;RAPA01WT;RC2607;SERA02WT;SR1806;TN188;TN399;VNTR03WT,lu05,TN399__MGDS_30373,False
MGDS:31954,10.60521/331954,"Processed Gridded Near-Bottom AUV Bathymetry Data from the Dorado Outcrop, acquired during R/V Atlan",Sentry,1.0000769136645946,NetCDF Grid,,excluded,ratio 50.0 > 40.0 (super-resolution not meaningful),AT26-24,Kongsberg EM122,Atlantis,independent,False,9.37880260695584,-3184.862,-2947.246,continental_margin,9.378802606955839,54152004,-87.09781642384777,9.083102965885029,Atlantic,gate_excluded,ratio 50.0 > 40.0 (super-resolution not meaningful),1.0,53.5,53.5,8.0,AT26-09;AT26-24;VANC02MV,,,False
MGDS:31188,10.60521/331188,"Processed Gridded Near-Bottom AUV Bathymetry Data (EM2040) from Axial Seamount, acquired during R/V ",Sentry,0.9982742766536704,NetCDF Grid,,needs_geometry,HR is footprint_suspect — true valid-data extent must be computed in Stage B before ratio is trustworthy,RP11SU81,SeaBeam,Surveyor,independent,True,336.58829106789176,-2010.511,-1396.496,volcanic_or_seamount,296.9494510383568,299303770,-129.97599736523958,45.927179679337726,Pacific,previously_excluded,excluded: HR and gridded LR have no real data overlap on the AUV-native grid (C.5b status=empty_overlap),2.0,59.5,59.6,16.0,AII8L21;AT15-21;AT15-36;AT15-51;AT18-08;AT26-17;AT3L23;Cleft;DI9302;EW0207;EW9904;FK010;HLY10TB;KM0310;KM1812;KM1813;MGL1211;MGL1216;MGL1905;MGL2209;REM-01MV;RNDB05WT;RP11SU81;RP13SU82;RP15SU85;RR1712;RR1713;RR1714;RR1715;SKQ201610S;TN149;TN160;TN173;TN199;TN252;TN253;TN268;TN271;TN299;TN300;TN313;TN326;TN327;TN382;TN383;TN393;TN407;Tran2new,lu15;lu16,TN268__MGDS_30466;EW0207__MGDS_32556,False
MGDS:30368,10.26022/IEDA/330368,Escanaba Trough (Gorda Ridge) AUV near-bottom processed swath bathymetry gridded data in GMT-compati,AUV,0.9985685328986866,NetCDF Grid,,needs_geometry,HR is footprint_suspect — true valid-data extent must be computed in Stage B before ratio is trustworthy,RP15DI86,SeaBeam,NOAA Ship DISCOVERER (R102),independent,True,286.1210235094703,-3367.811,-3149.308,continental_margin,286.1210235094703,101804494,-127.51839109012217,40.87408802182459,Pacific,new_candidate,,2.0,113.8,114.0,16.0,EW9504;EW9505;EX0904;EX2208;Escanaba;MGLN46MV;RB9702;RP15DI86;TN403,,,False
MGDS:30219,10.26022/IEDA/330219,Preliminary 1-meter resolution bathymetric model (ESRI ASCII grids) for the summit region of Axial S,Sentry,0.9982753165159745,ESRI ASCII Grid,,needs_geometry,HR is footprint_suspect — true valid-data extent must be computed in Stage B before ratio is trustworthy,RP11SU81,SeaBeam,Surveyor,independent,True,522.7058759770595,-2342.92,-1347.21,volcanic_or_seamount,445.8142261093034,2256719224,-129.968027748005,45.9429347152745,Pacific,previously_excluded,declined by Steve at the R3 QC adjudication (2026-06-26),2.0,64.4,64.5,16.0,AII8L21;AT15-21;AT15-36;AT15-51;AT18-08;AT26-17;AT3L23;Cleft;DI9302;EW0207;EW9904;FK010;HLY10TB;KM0310;KM1812;KM1813;MGL1211;MGL1216;MGL1905;MGL2209;REM-01MV;RNDB05WT;RP11SU81;RP13SU82;RP15SU85;RR1712;RR1713;RR1714;RR1715;SKQ201610S;SKQ201920S;TN149;TN160;TN173;TN199;TN252;TN253;TN268;TN271;TN299;TN300;TN313;TN326;TN327;TN382;TN383;TN393;TN407;Tran2new,lu15;lu16,TN268__MGDS_30466;EW0207__MGDS_32556,False
MGDS:27339,10.1594/IEDA/327339,North Gorda near-bottom processed swath bathymetry gridded data in ESRI ASCII format (2009-2016),AUV,1.0,ESRI ASCII Grid,,needs_geometry,HR is footprint_suspect — true valid-data extent must be computed in Stage B before ratio is trustworthy,RP11SU81,SeaBeam,Surveyor,independent,True,147.73496967744663,-3323.0,-2554.0,continental_margin,147.73496967744663,177263236,-126.75105505684739,42.70836532391877,Pacific,in_corpus,HR already in the 39-pair manifest,2.0,102.6,102.6,16.0,AT26-02;EX0904;EX0905;Gorda;HEALY02;HLY0101;MGLN46MV;NA108;RB9702;RP10SU80;RP11SU81;SKQ201913T;SKQ201919S;TN299;TN331,lu15,TN299__MGDS_27339,False
MGDS:27340,10.1594/IEDA/327340,North Gorda near-bottom processed swath bathymetry gridded data in GeoTIFF image format (2009-2016),AUV,,GeoTIFF (Raster),,needs_geometry,HR is footprint_suspect — true valid-data extent must be computed in Stage B before ratio is trustworthy,RB9702,SeaBeam 2112,NOAA Ship RONALD H. BROWN (R104),independent,True,139.54380361202288,,,unknown,139.54380361202286,1867705672,-126.75097366014049,42.7084728024553,Pacific,previously_excluded,not fetched: only LR cruise (RP11SU81) is a legacy SeaBeam-classic format the swath classifier does not recognise (stage B needs_format_review); no later ruling,2.0,,,,AT26-02;EX0904;EX0905;Gorda;HEALY02;HLY0101;MGLN46MV;NA108;RB9702;RP10SU80;RP11SU81;SKQ201913T;SKQ201919S;TN299;TN331,lu15,TN299__MGDS_27339,False
MGDS:31755,10.60521/331755,Processed bathymetry data (GeoTIFF images) from the continental slope of the Canadian Beaufort Sea a,AUV,,GeoTIFF (Raster),,needs_geometry,HR is footprint_suspect — true valid-data extent must be computed in Stage B before ratio is trustworthy,2010_Amundsen,Kongsberg EM302,Amundsen,independent,True,116.98567816526638,,,unknown,116.98567816526638,86544120,-135.15826302121502,70.819840379043,Arctic,previously_excluded,"excluded: degenerate shallow 2010_Amundsen pair, no spectrum / not recoverable at any k (C.5/C.5b)",1.0,,,,2004_Amundsen;2006_Amundsen;2009_Amundsen;2010_Amundsen;2011_Amundsen;HLY03TD,lu18,2009_Amundsen__MGDS_30046,False
MGDS:30273,10.26022/IEDA/330273,Processed bathymetry data (GeoTIFF images) acquired near-bottom in 2017 on the continental slope of ,AUV,,GeoTIFF (Raster),,needs_geometry,HR is footprint_suspect — true valid-data extent must be computed in Stage B before ratio is trustworthy,2010_Amundsen,Kongsberg EM302,Amundsen,independent,True,74.67451914164997,,,unknown,74.67451914164997,13991308,-135.1270255455719,70.83133601593777,Arctic,render_no_elevation,"MGDS 'GeoTIFF (Raster)' = image render (3-band RGB, no elevation band); float sibling must be used instead",1.0,,,,2004_Amundsen;2006_Amundsen;2009_Amundsen;2010_Amundsen;2011_Amundsen;HLY03TD,lu18,2009_Amundsen__MGDS_30046,False
MGDS:18210,10.1594/IEDA/318210,Processed Near-bottom Grids (NetCDF:GMT format) derived from Multibeam Sonar Data acquired along the,Sentry,0.9991557798352941,NetCDF Grid,,needs_geometry,HR is footprint_suspect — true valid-data extent must be computed in Stage B before ratio is trustworthy,TN188,Simrad EM300,Thomas G. Thompson,independent,True,107.34024856381386,-2916.25,-1576.61,volcanic_or_seamount,92.20820931569153,232182945,-93.15113370366231,2.309061472994928,Atlantic,previously_excluded,"excluded: inflated (degree-wide bbox) HR footprint -> false pair, no real HR/LR overlap (C.5b Track C; discovery footprint-bbox bug)",1.0,39.2,39.2,8.0,AT15-63;COOK01MV;EW0004;EW9205;EX1103;MV1007;NA064;TN188;TOGA92T;TUGA01WT;TUGA02WT,,,False
MGDS:31321,10.60521/331321,Processed Gridded Near-Bottom Bathymetry Data acquired during R/V McArthur II expedition M2-11-01 (2,Sentry,0.5717333025035013,NetCDF Grid,,eval_only,ratio 35.0 in eval band 25.0-40.0,NF2206,Kongsberg EM710,NOAA Ship NANCY FOSTER (R352),independent,False,56.706831695107404,-1782.18,-868.697,continental_margin,27.41578074489299,211669161,-88.56088511413272,28.67377327691945,Gulf of Mexico/Caribbean,previously_excluded,REASON UNRECORDED: phase-1 'truly processed LR' pair (LR NCEI_MBBDB:EX1202L3 processed grid staged); stage A dry-run said these skip gridding and go to Stage F ,1.0,23.1,40.4,8.0,AT15-03;AT18-02;AT18-03;AT18-04;AT26-12;AT26-13;AT26-14;B00125;B00130;B00133;B00139;B00189;B00191;EX1105;EX1202L2;EX1202L3;EX1402L2;EX1402L3;EX1711;EX1802;EX1803;FA170007;FK006B;KNOX20RR;NF2206;RB0307;TN391;lophelia2009;lophelia2010,,,False
MGDS:31059,10.26022/IEDA/331059,"Sentry processed EM2040 near-bottom bathymetry grids (netCDF format) from the East Pacific Rise, RR2",Sentry,0.9997773041860054,NetCDF Grid,,needs_geometry,HR is footprint_suspect — true valid-data extent must be computed in Stage B before ratio is trustworthy,ARIA02WT,SeaBeam,Thomas Washington,independent,True,165.56335955840404,-2773.14,-2331.986,hydrothermal_vent,130.96448067663613,124179580,-112.59474385278894,-16.472448639495923,Pacific,previously_excluded,not fetched: only LR cruise (PASC02WT) is a legacy SeaBeam-classic format the swath classifier does not recognise (stage B needs_format_review); no later ruling,2.0,89.1,89.1,16.0,ARIA02WT;AT03L27;AT03L28;AT15-42;BMRG01MV;EW9102;GEOMETEP;GLOR02MV;GLOR08MV;PANR06MV;PASC02WT;SOJN01MV;SOJN02MV;SOJN09MV;TERA01WT;TN061;WEST01MV;WEST13MV,,,False
MGDS:32556,10.60521/332556,"Gridded near-bottom bathymetry data (netCDF format, 1-m resolution) for the distal rift zones of Axi",MBARI AUV,0.9982770372000775,NetCDF Grid,,needs_geometry,HR is footprint_suspect — true valid-data extent must be computed in Stage B before ratio is trustworthy,RP11SU81,SeaBeam,Surveyor,independent,True,1304.8474324247832,-2670.491,-1539.878,volcanic_or_seamount,904.9221642122162,332244410,-130.051213858358,45.774778792141596,Pacific,in_corpus,HR already in the 39-pair manifest,2.0,73.5,73.6,16.0,AII8L21;AT15-21;AT15-36;AT15-51;AT18-08;AT26-17;AT3L23;Cleft;DI9302;EW0207;EW9904;HLY10TB;HLY11TB;HLY16TB;HLY17TB;KM0310;KM1812;KM1813;MGL1211;MGL1216;MGL1905;MGL2209;RB0002;REM-01MV;REM-02MV;RP11SU81;RP13SU82;RP15SU85;RR1712;RR1715;SKQ201610S;SKQ201714T;SKQ201920S;SKQ201922T;SKQ201924S;TN149;TN160;TN173;TN199;TN252;TN253;TN268;TN271;TN299;TN300;TN313;TN326;TN327;TN383,lu15;lu16,TN268__MGDS_30466;EW0207__MGDS_32556,False
MGDS:31824,10.60521/331824,"Processed Gridded Near-Bottom AUV Bathymetry Data from the Pito Deep Spreading Center, acquired duri",Sentry,0.9996536170385556,NetCDF Grid,,needs_geometry,HR is footprint_suspect — true valid-data extent must be computed in Stage B before ratio is trustworthy,AT37-08,Kongsberg EM122,Atlantis,independent,True,142.7579193254422,-5792.556,-2220.363,volcanic_or_seamount,142.7579193254468,249932923,-111.92559483590729,-22.98510974144795,Pacific,previously_excluded,not fetched: only LR cruise (PASC04WT) is a legacy SeaBeam-classic format the swath classifier does not recognise (stage B needs_format_review); no later ruling,1.0,69.9,69.9,16.0,AT11L23;AT37-08;PASC04WT,,,False
MGDS:31814,10.60521/331814,"Processed Gridded Near-Bottom AUV Bathymetry Data (ASCII:ESRI) from the Gulf of Mexico, acquired dur",Sentry,0.885750659710958,ESRI ASCII Grid,,raw_lr_to_grid,LR is raw-only (lr_res_source=unknown); routed to Stage C gridding — ratio measured post-grid,AII8L3,SeaBeam,Atlantis II,independent,False,47.441987121246875,-3302.184,-499.836,continental_margin,26.098459753477876,126994312,-86.19612159138894,27.0683257024748,Gulf of Mexico/Caribbean,previously_excluded,REASON UNRECORDED: phase-1 'truly processed LR' pair (LR NCEI_MBBDB:NR07-1 processed grid staged); stage A dry-run said these skip gridding and go to Stage F di,2.0,66.4,75.0,16.0,A125L4;AII8L3;AT11L01;AT15-03;AT3L58;B00202;B00248;B00253;MGL0704;NR07-1,,,False
MGDS:31813,10.60521/331813,"Processed Gridded Near-Bottom AUV Bathymetry Data from the Gulf of Mexico, acquired during R/V Atlan",Sentry,0.8690544770855743,NetCDF Grid,,raw_lr_to_grid,LR is raw-only (lr_res_source=unknown); routed to Stage C gridding — ratio measured post-grid,AII8L3,SeaBeam,Atlantis II,independent,False,47.44874773833127,-6067.04,-499.836,continental_margin,26.10159350626812,180031355,-86.19626116751708,27.068322201703733,Gulf of Mexico/Caribbean,previously_excluded,REASON UNRECORDED: phase-1 'truly processed LR' pair (LR NCEI_MBBDB:NR07-1 processed grid staged); stage A dry-run said these skip gridding and go to Stage F di,2.0,114.6,131.9,16.0,A125L4;AII8L3;AT11L01;AT15-03;AT3L58;B00202;B00248;B00253;MGL0704;NR07-1,,,False
MGDS:33090,10.60521/333090,"Processed Gridded Near-Bottom AUV Bathymetry Data (EM2040) from the Mariana Islands, acquired during",Sentry,0.9996736697808863,NetCDF Grid,,needs_geometry,HR is footprint_suspect — true valid-data extent must be computed in Stage B before ratio is trustworthy,SUM1004,,Sumner,needs_check,True,262.76889305255474,-5807.713,-5447.24,abyssal_plain,235.3580229117453,102508016,148.74937485892903,15.970966570753589,Pacific,new_candidate,,,,,,EX1003;EX1005;KM1004;MGL1202;MGLN01MV;MV1301;PD20MT05;SR1906;SU10-1;SUM1004,,,False
MGDS:24043,10.1594/IEDA/324043,Gridded Near-Bottom Bathymetry Data from the Siqueiros Fracture Zone acquired with AUV Sentry during,Sentry,0.999933220615907,NetCDF Grid,,needs_geometry,HR is footprint_suspect — true valid-data extent must be computed in Stage B before ratio is trustworthy,AT37-05,Kongsberg EM122,Atlantis,independent,True,80.56789327798126,-3146.372,-2144.0,volcanic_or_seamount,80.56789327798126,127361906,-105.24346918727099,8.42844442758973,Pacific,new_candidate,,1.0,46.2,46.2,8.0,AT03L30;AT15-45;AT37-05;AT37-07;AT42-06;DRFT02RR;KN182L13;MGL0812;PPTU02WT;RAIT02WT;RAPA01WT;TN399;VANC01MV,lu05,,False
MGDS:22383,10.1594/IEDA/322383,Processed Gridded Near-Bottom AUV Sentry Bathymetric Sonar Data from the Izu-Bonin-Mariana Volcanic ,Sentry,0.9998805488735034,NetCDF Grid,,needs_geometry,HR is footprint_suspect — true valid-data extent must be computed in Stage B before ratio is trustworthy,FK151121,Kongsberg EM302; EM710,Falkor,independent,True,73.41036917615646,-4407.1123,-3185.042,volcanic_or_seamount,73.41036917615646,142325871,144.61615121822123,16.63457487581058,Pacific,new_candidate,,1.0,66.3,66.3,16.0,BCH1101E;COOK07MV;EW0202;EX1605L1;EX1605L2;FK151121;FK161129;HEE1001A;MV1302;PAT0903E;PPTU09WT;RR1412;RR1413;SUM0704;SUM0901E,,,False
MGDS:24449,10.1594/IEDA/324449,Processed Near-Bottom AUV REMUS 600 Bathymetry Data (ASCII format) from the Penguin Bank acquired du,REMUS,,Text File (ASCII),,needs_geometry,HR is footprint_suspect — true valid-data extent must be computed in Stage B before ratio is trustworthy,KM0303,Simrad EM1002; EM120,Kilo Moana,independent,True,104.12335253109173,,,unknown,88.99753676384924,507086239,-157.3782022188805,21.01910562410919,Pacific,new_candidate,,1.0,,,,A198HW;AVON06MV;CNTL09RR;CNTL14RR;COOK23MV;COOK24MV;DRFT16RR;EW9506;EW9709;EW9801;EW9802;EX0908;EX0909;HI-05-04;HI-06-05;HLY11TB;KIWI02RR;KIWI14RR;KM0203;KM0303;KM0305;KM0314;KM0317;KM0322;KM0323;KM0324;KM0402;KM0414;KM0518;KM0615;KM0620;KM0623;KM0629;KM0807;KM0809;KM0812;KM0816;KM0819;KM0904;KM0917;KM0919;KM1103;KM1106;KN195-13;KRUS02RR;KRUS06RR;LPRS04RR;MGL1002;NECR02RR;RNDB03WT;SUM0108B;SUM0408P;TN261;TN271;YK1999;YK2002,lu07,,False
MGDS:32239,,MBARI Mapping AUV near-bottom processed swath bathymetry gridded data (netCDF format) at the Mid-Atl,AUV,0.7853340263896771,NetCDF Grid,,needs_geometry,HR is footprint_suspect — true valid-data extent must be computed in Stage B before ratio is trustworthy,RC2511,SeaBeam,Robert D. Conrad,independent,True,306.52366364814503,-4464.354,-998.681,volcanic_or_seamount,211.60086320159508,311846536,-45.23381017238622,23.46561577635697,Atlantic,new_candidate,,2.0,95.4,121.5,16.0,AII4L2;AT05L03;AT05L04;AT3L3;EW0102;EW9704;EW9901;EX2206;KN161L04;KN176L04;KN180L02;KN207-02;KN209-02;RC2511;RC2909;RC3001,,,False
MGDS:32241,,MBARI Mapping AUV near-bottom processed swath bathymetry gridded data (GeoTIFF image format) at the ,AUV,,GeoTIFF (Raster),,needs_geometry,HR is footprint_suspect — true valid-data extent must be computed in Stage B before ratio is trustworthy,RC2511,SeaBeam,Robert D. Conrad,independent,True,306.52365266468,,,volcanic_or_seamount,211.60085560790378,1067865111,-45.23381506766524,23.46562067175407,Atlantic,previously_excluded,excluded: HR source is a 3-band RGB render (no elevation band); float companion MGDS:32240 not in corpus (companion had 0 valid tiles after F5 masks -> R6 zero-,2.0,,,,AII4L2;AT05L03;AT05L04;AT3L3;EW0102;EW9704;EW9901;EX2206;KN161L04;KN176L04;KN180L02;KN207-02;KN209-02;RC2511;RC2909;RC3001,,,False
MGDS:30045,10.26022/IEDA/330045,Processed bathymetry data (GeoTIFF images) acquired near-bottom in 2013 and 2016 on the continental ,AUV,,GeoTIFF (Raster),,needs_geometry,HR is footprint_suspect — true valid-data extent must be computed in Stage B before ratio is trustworthy,2009_Amundsen,Kongsberg EM302,Amundsen,independent,True,431.26157847749494,,,unknown,318.4003319225273,1109857472,-135.87832173649352,70.86092657467606,Arctic,previously_excluded,excluded: HR source is a 3-band RGB render (no elevation band); float companion MGDS:30046 acquired instead as 2009_Amundsen__MGDS_30046 (C1 float recovery),1.0,,,,2003_Amundsen;2004_Amundsen;2006_Amundsen;2009_Amundsen;2010_Amundsen;2011_Amundsen;HLY03TD;HLY1103;HLY1302,lu18,2009_Amundsen__MGDS_30046,False
MGDS:30830,10.26022/IEDA/330830,Pescadero Basin (Gulf of California) 2018 MBARI AUV missions near-bottom processed swath bathymetry ,AUV,1.0,GeoTIFF (Raster),,needs_geometry,HR is footprint_suspect — true valid-data extent must be computed in Stage B before ratio is trustworthy,FK181031,Kongsberg EM302,Falkor,independent,True,271.1036218599776,,,unknown,269.20478660660683,1001427894,-109.05519222480682,24.315926613774515,Pacific,render_no_elevation,"MGDS 'GeoTIFF (Raster)' = image render (3-band RGB, no elevation band); float sibling must be used instead",1.0,,,,AT03L46;AT42-05;DANA08RR;EW0210;FK181031;FK190211;FK210922;NA091,lu08,FK181031__MGDS_24618,False
MGDS:30193,10.26022/IEDA/330193,"Processed near-bottom Sentry AUV bathymetry data (netCDF grids) at the Mid-Atlantic Ridge (AT40-02, ",Sentry,0.9999028694991686,NetCDF Grid,,needs_geometry,HR is footprint_suspect — true valid-data extent must be computed in Stage B before ratio is trustworthy,KN182L03,SeaBeam 2112,Knorr,independent,True,113.06026067737191,-3981.129,-2442.198,continental_margin,113.0602606773719,585198438,-45.013847395692714,13.810565865851974,Atlantic,new_candidate,,2.0,112.1,112.1,16.0,AT04L04;AT05L03;AT40-02;KN182L03,,,False
MANIFEST:FK181031__MGDS_24367,10.1594/IEDA/324367,AlarconRise — AlarconRise_MBARI,MBARI Mapping AUV,1.986,GeoTIFF,AlarconRise_MBARI,needs_geometry,HR is footprint_suspect — true valid-data extent must be computed in Stage B before ratio is trustworthy,FK181031,Kongsberg EM302,Falkor,independent,True,1451.3267246960875,2471.0,2471.0,continental_margin,683.1480360953082,0,-108.4997746022404,23.447680516633675,Pacific,in_corpus,HR already in the 39-pair manifest,1.0,43.1,21.7,4.0,AT42-05;DANA08RR;EW0210;FK181031;FK190211;FK210922;MOCE05MV,lu08,FK181031__MGDS_24367,False
MGDS:31193,10.60521/331193,Processed Gridded Near-Bottom Bathymetry Data acquired during R/V Thomas G. Thompson expedition TN36,Sentry,1.0765711776273041,NetCDF Grid,,needs_geometry,HR is footprint_suspect — true valid-data extent must be computed in Stage B before ratio is trustworthy,TN365,Kongsberg EM302,Thomas G. Thompson,independent,True,62.04855834049744,-4024.148,2.914,volcanic_or_seamount,20.774516662145686,668587089,44.10193625690671,-40.85018466403366,Indian,previously_excluded,"excluded: inflated (degree-wide bbox) HR footprint -> false pair, no real HR/LR overlap (C.5b Track C; discovery footprint-bbox bug)",1.0,35.1,32.6,8.0,TN365,,,False
MANIFEST:cal_dig_morro_bay__20190315m1_HeadlessCanyon,,Cal DIG I / Morro Bay — Cal DIG I,MBARI-donated AUV,1.019320966862077,GeoTIFF,Cal DIG I,excluded,ratio 58.9 > 40.0 (super-resolution not meaningful),SKQ201807T,Kongsberg EM302,Sikuliaq,independent,False,12.084397437670019,100.0,1600.0,continental_margin,0.345542053845624,0,-121.50103917950942,35.006390632715274,Pacific,in_corpus,HR already in the 39-pair manifest,1.0,14.8,14.5,4.0,AT07L14;AT11L33;AT15-11;AT26-16;AT42-16;B00157;CNTL04RR;EW9504;EW9904;MGL1302;MV1216;NA078;REM-02MV;RNDB18WT;RR1710;RR1803;SKQ201601T;SKQ201716T;SKQ201805T;SKQ201807T;SR1809,lu12,cal_dig_morro_bay__20190510m1_BankFlankHoles;cal_dig_morro_bay__20190510m2_BankFlankIncipCh;cal_dig_morro_bay__20190511m1_6thHeadlessCany;cal_dig_morro_bay__20190511m2_BankTopEofCanyon3;cal_dig_morro_bay__pockmark_south;cal_dig_morro_bay__basin_flank;cal_dig_morro_bay__20180426m2_Channel1000;cal_dig_morro_bay__20180428m1_Cable;cal_dig_morro_bay__20190315m1_HeadlessCanyon;cal_dig_morro_bay__20190316m1_BankTop,False
MANIFEST:cal_dig_morro_bay__20190316m1_BankTop,,Cal DIG I / Morro Bay — Cal DIG I,MBARI-donated AUV,2.000134736932863,GeoTIFF,Cal DIG I,raw_lr_to_grid,LR is raw-only (lr_res_source=unknown); routed to Stage C gridding — ratio measured post-grid,B00157,BSSS,Davidson,independent,False,15.196197201310161,100.0,1600.0,continental_margin,15.19619720131018,0,-121.36614860495193,34.9673212297899,Pacific,in_corpus,HR already in the 39-pair manifest,,,,,AT11L33;AVON12MV;B00157;CNTL04RR;DRFT01RR;EW9904;KIWI01RR;LWAD99MV;MV1216;MV1405;MV1407;NPAL98MV;RB1604;RNDB18WT;RR1710;SKQ201805T;SKQ201807T,lu12,cal_dig_morro_bay__20190510m1_BankFlankHoles;cal_dig_morro_bay__20190510m2_BankFlankIncipCh;cal_dig_morro_bay__20190511m1_6thHeadlessCany;cal_dig_morro_bay__20190511m2_BankTopEofCanyon3;cal_dig_morro_bay__pockmark_south;cal_dig_morro_bay__basin_flank;cal_dig_morro_bay__20180428m1_Cable;cal_dig_morro_bay__20190315m1_HeadlessCanyon;cal_dig_morro_bay__20190316m1_BankTop,False
MANIFEST:cal_dig_morro_bay__20180427m3_PockmarkNorth,,Cal DIG I / Morro Bay — Cal DIG I,MBARI-donated AUV,1.0,GeoTIFF,Cal DIG I,training,ratio 15.0 in training band ≤ 25.0,EX1101,Simrad EM302,NOAA Ship OKEANOS EXPLORER (R337),independent,False,6.104027465977736,100.0,1600.0,continental_margin,5.43582397651269,0,-121.63419046378384,35.5184960781405,Pacific,in_corpus,HR already in the 39-pair manifest,1.0,14.8,14.8,4.0,EW0407;EW9414;EX1101;KIWI01RR;MV1405;MV1407;REM-01MV;RR1710;SR1903,lu12,cal_dig_morro_bay__20190318m2_Transect601060m;cal_dig_morro_bay__20190510m1_BankFlankHoles;cal_dig_morro_bay__20190510m2_BankFlankIncipCh;cal_dig_morro_bay__luciachica_2007;cal_dig_morro_bay__pockmark_south;cal_dig_morro_bay__basin_flank;cal_dig_morro_bay__20180426m2_Channel1000;cal_dig_morro_bay__20180427m1_Channel700;cal_dig_morro_bay__20180427m3_PockmarkNorth;cal_dig_morro_bay__20180428m1_Cable;cal_dig_morro_bay__20190314m4_LuciaChica970m;cal_dig_morro_bay__20190317m1_1000mGully;cal_dig_morro_bay__20190317m2_600mGully;cal_dig_morro_bay__201804_LuciaChica2m,False
MANIFEST:cal_dig_morro_bay__20180427m1_Channel700,,Cal DIG I / Morro Bay — Cal DIG I,MBARI-donated AUV,2.0002188472865075,GeoTIFF,Cal DIG I,training,ratio 7.5 in training band ≤ 25.0,NA073,Kongsberg EM302,Nautilus,independent,False,9.571789767878695,100.0,1600.0,continental_margin,5.80915467713344,0,-121.48173187292332,35.48321435250996,Pacific,in_corpus,HR already in the 39-pair manifest,1.0,14.8,7.4,2.0,AT26-06;NA073,lu12,cal_dig_morro_bay__20190318m2_Transect601060m;cal_dig_morro_bay__20190510m1_BankFlankHoles;cal_dig_morro_bay__20190510m2_BankFlankIncipCh;cal_dig_morro_bay__20190511m1_6thHeadlessCany;cal_dig_morro_bay__luciachica_2007;cal_dig_morro_bay__pockmark_south;cal_dig_morro_bay__basin_flank;cal_dig_morro_bay__20180426m2_Channel1000;cal_dig_morro_bay__20180427m1_Channel700;cal_dig_morro_bay__20180427m3_PockmarkNorth;cal_dig_morro_bay__20180428m1_Cable;cal_dig_morro_bay__20190314m4_LuciaChica970m;cal_dig_morro_bay__20190317m1_1000mGully;cal_dig_morro_bay__20190317m2_600mGully;cal_dig_morro_bay__201804_LuciaChica2m,False
MANIFEST:cal_dig_morro_bay__20180426m2_Channel1000,,Cal DIG I / Morro Bay — Cal DIG I,MBARI-donated AUV,1.0,GeoTIFF,Cal DIG I,training,ratio 25.0 in training band ≤ 25.0,SR1903,Kongsberg EM122,Sally Ride,independent,False,12.939207663465023,100.0,1600.0,continental_margin,12.93920766346505,0,-121.57386726240757,35.442916292704865,Pacific,in_corpus,HR already in the 39-pair manifest,1.0,14.8,14.8,4.0,AT26-06;EW9414;KIWI01RR;MV1405;MV1407;REM-01MV;RR1710;SR1903,lu12,cal_dig_morro_bay__20190318m2_Transect601060m;cal_dig_morro_bay__20190510m1_BankFlankHoles;cal_dig_morro_bay__20190510m2_BankFlankIncipCh;cal_dig_morro_bay__20190511m1_6thHeadlessCany;cal_dig_morro_bay__20190511m2_BankTopEofCanyon3;cal_dig_morro_bay__luciachica_2007;cal_dig_morro_bay__pockmark_south;cal_dig_morro_bay__basin_flank;cal_dig_morro_bay__20180426m2_Channel1000;cal_dig_morro_bay__20180427m1_Channel700;cal_dig_morro_bay__20180427m3_PockmarkNorth;cal_dig_morro_bay__20180428m1_Cable;cal_dig_morro_bay__20190314m4_LuciaChica970m;cal_dig_morro_bay__20190315m1_HeadlessCanyon;cal_dig_morro_bay__20190317m1_1000mGully;cal_dig_morro_bay__20190317m2_600mGully;cal_dig_morro_bay__201804_LuciaChica2m,False
MANIFEST:cal_dig_morro_bay__20190318m2_Transect601060m,,Cal DIG I / Morro Bay — Cal DIG I,MBARI-donated AUV,1.0296948797210286,GeoTIFF,Cal DIG I,training,ratio 24.3 in training band ≤ 25.0,SR1809,Kongsberg EM122; EM712,Sally Ride,independent,False,10.990917774537156,100.0,1600.0,continental_margin,0.7970745407233455,0,-121.67743310250043,35.5768715364939,Pacific,in_corpus,HR already in the 39-pair manifest,1.0,14.8,14.4,4.0,AT11L33;AT15-07;AT15-11;AT26-06;AVON12MV;B00085;B00216;CNTL04RR;DRFT01RR;EW0407;EW9414;EW9904;EX1101;KIWI01RR;LWAD99MV;MGL1102;MV1212;MV1216;MV1405;MV1407;NA073;NA078;RB1604;REM-01MV;RR1710;SKQ201601T;SR1809;SR1814;SR1903,lu12,cal_dig_morro_bay__20190318m2_Transect601060m;cal_dig_morro_bay__20190510m1_BankFlankHoles;cal_dig_morro_bay__20190510m2_BankFlankIncipCh;cal_dig_morro_bay__luciachica_2007;cal_dig_morro_bay__pockmark_south;cal_dig_morro_bay__basin_flank;cal_dig_morro_bay__20180426m2_Channel1000;cal_dig_morro_bay__20180427m1_Channel700;cal_dig_morro_bay__20180427m3_PockmarkNorth;cal_dig_morro_bay__20180428m1_Cable;cal_dig_morro_bay__20190314m4_LuciaChica970m;cal_dig_morro_bay__20190317m1_1000mGully;cal_dig_morro_bay__20190317m2_600mGully;cal_dig_morro_bay__201804_LuciaChica2m,False
MANIFEST:cal_dig_morro_bay__20190314m4_LuciaChica970m,,Cal DIG I / Morro Bay — Cal DIG I,MBARI-donated AUV,2.000300227479513,GeoTIFF,Cal DIG I,raw_lr_to_grid,LR is raw-only (lr_res_source=unknown); routed to Stage C gridding — ratio measured post-grid,KIWI01RR,SeaBeam 2100,Roger Revelle,independent,False,4.574557042771659,100.0,1600.0,continental_margin,4.574557042771676,0,-121.7752303654748,35.73327956581753,Pacific,in_corpus,HR already in the 39-pair manifest,2.0,29.7,14.8,4.0,B00216;EW0407;EW9414;EX1101;KIWI01RR;MV1405;Monterey;REM-01MV;RR1710;SR1903,lu12,cal_dig_morro_bay__20190318m2_Transect601060m;cal_dig_morro_bay__luciachica_2007;cal_dig_morro_bay__pockmark_south;cal_dig_morro_bay__20180426m2_Channel1000;cal_dig_morro_bay__20180427m1_Channel700;cal_dig_morro_bay__20180427m3_PockmarkNorth;cal_dig_morro_bay__20190314m4_LuciaChica970m;cal_dig_morro_bay__20190317m1_1000mGully;cal_dig_morro_bay__20190317m2_600mGully;cal_dig_morro_bay__201804_LuciaChica2m,False
MANIFEST:cal_dig_morro_bay__20180428m1_Cable,,Cal DIG I / Morro Bay — Cal DIG I,MBARI-donated AUV,1.0,GeoTIFF,Cal DIG I,eval_only,ratio 35.0 in eval band 25.0-40.0,NA103,Kongsberg EM302,Nautilus,independent,False,7.701962177882772,100.0,1600.0,continental_margin,0.5528544853397037,0,-121.368163226939,35.36460465283827,Pacific,in_corpus,HR already in the 39-pair manifest,1.0,14.8,14.8,4.0,AT26-06;B00117;EW9414;EX1101;NA073;NA076;NA103;REM-01MV,lu11;lu12,cal_dig_morro_bay__20190318m2_Transect601060m;cal_dig_morro_bay__20190510m1_BankFlankHoles;cal_dig_morro_bay__20190510m2_BankFlankIncipCh;cal_dig_morro_bay__20190511m1_6thHeadlessCany;cal_dig_morro_bay__20190511m2_BankTopEofCanyon3;cal_dig_morro_bay__pockmark_south;cal_dig_morro_bay__basin_flank;cal_dig_morro_bay__20180426m2_Channel1000;cal_dig_morro_bay__20180427m1_Channel700;cal_dig_morro_bay__20180427m3_PockmarkNorth;cal_dig_morro_bay__20180428m1_Cable;cal_dig_morro_bay__20190315m1_HeadlessCanyon;cal_dig_morro_bay__20190316m1_BankTop;cal_dig_morro_bay__20190317m1_1000mGully;cal_dig_morro_bay__20190317m2_600mGully,False
MANIFEST:cal_dig_morro_bay__luciachica_2007,,Cal DIG I / Morro Bay — Cal DIG I,MBARI-donated AUV,1.0,GeoTIFF,Cal DIG I,excluded,ratio 100.0 > 40.0 (super-resolution not meaningful),REM-01MV,SeaBeam 2000,Melville,independent,False,3.2106720931500643,0.0,0.0,unknown,2.6304909167401114,0,-121.78014101388982,35.73452417053148,Pacific,in_corpus,HR already in the 39-pair manifest,3.3,,,,B00216;EW0407;EW9414;EX1101;KIWI01RR;MV1405;Monterey;REM-01MV;RR1710;SR1903,lu12,cal_dig_morro_bay__20190318m2_Transect601060m;cal_dig_morro_bay__luciachica_2007;cal_dig_morro_bay__pockmark_south;cal_dig_morro_bay__20180426m2_Channel1000;cal_dig_morro_bay__20180427m1_Channel700;cal_dig_morro_bay__20180427m3_PockmarkNorth;cal_dig_morro_bay__20190314m4_LuciaChica970m;cal_dig_morro_bay__20190317m1_1000mGully;cal_dig_morro_bay__20190317m2_600mGully;cal_dig_morro_bay__201804_LuciaChica2m,False
MANIFEST:cal_dig_morro_bay__20190511m2_BankTopEofCanyon3,,Cal DIG I / Morro Bay — Cal DIG I,MBARI-donated AUV,2.0000925831202174,GeoTIFF,Cal DIG I,training,ratio 12.5 in training band ≤ 25.0,SR1809,Kongsberg EM122; EM712,Sally Ride,independent,False,14.489416243631627,100.0,1600.0,continental_margin,2.6577250388530285,0,-121.42484116703096,35.01347486735745,Pacific,in_corpus,HR already in the 39-pair manifest,1.0,14.8,7.4,2.0,AT07L14;AT11L33;AVON12MV;B00157;CNTL04RR;DRFT01RR;EW9904;MV1216;MV1405;NA078;RB1604;RNDB18WT;RR1710;SKQ201805T;SKQ201807T;SR1809,lu12,cal_dig_morro_bay__20190510m1_BankFlankHoles;cal_dig_morro_bay__20190510m2_BankFlankIncipCh;cal_dig_morro_bay__20190511m1_6thHeadlessCany;cal_dig_morro_bay__20190511m2_BankTopEofCanyon3;cal_dig_morro_bay__pockmark_south;cal_dig_morro_bay__basin_flank;cal_dig_morro_bay__20180426m2_Channel1000;cal_dig_morro_bay__20180428m1_Cable;cal_dig_morro_bay__20190315m1_HeadlessCanyon;cal_dig_morro_bay__20190316m1_BankTop,False
MANIFEST:cal_dig_morro_bay__basin_flank,,Cal DIG I / Morro Bay — Cal DIG I,MBARI-donated AUV,1.0,GeoTIFF,Cal DIG I,training,ratio 25.0 in training band ≤ 25.0,SR1903,Kongsberg EM122,Sally Ride,independent,False,4.504000546374373,0.0,0.0,unknown,3.420595670390649,0,-121.48134740643808,35.33983262104117,Pacific,in_corpus,HR already in the 39-pair manifest,1.0,,,,AT26-06;EW9414;KIWI01RR;MV1405;REM-01MV;RR1710;SR1903,lu12,cal_dig_morro_bay__20190318m2_Transect601060m;cal_dig_morro_bay__20190510m1_BankFlankHoles;cal_dig_morro_bay__20190510m2_BankFlankIncipCh;cal_dig_morro_bay__20190511m1_6thHeadlessCany;cal_dig_morro_bay__20190511m2_BankTopEofCanyon3;cal_dig_morro_bay__pockmark_south;cal_dig_morro_bay__basin_flank;cal_dig_morro_bay__20180426m2_Channel1000;cal_dig_morro_bay__20180427m1_Channel700;cal_dig_morro_bay__20180427m3_PockmarkNorth;cal_dig_morro_bay__20180428m1_Cable;cal_dig_morro_bay__20190315m1_HeadlessCanyon;cal_dig_morro_bay__20190316m1_BankTop;cal_dig_morro_bay__20190317m1_1000mGully;cal_dig_morro_bay__20190317m2_600mGully,False
MANIFEST:cal_dig_morro_bay__pockmark_south,,Cal DIG I / Morro Bay — Cal DIG I,MBARI-donated AUV,1.0,GeoTIFF,Cal DIG I,training,ratio 25.0 in training band ≤ 25.0,SR1903,Kongsberg EM122,Sally Ride,independent,False,9.20340599834072,0.0,0.0,unknown,8.547518053165861,0,-121.51909072593533,35.38033079194242,Pacific,in_corpus,HR already in the 39-pair manifest,1.0,,,,AT26-06;EW9414;KIWI01RR;MV1405;REM-01MV;RR1710;SR1903,lu12,cal_dig_morro_bay__20190318m2_Transect601060m;cal_dig_morro_bay__20190510m1_BankFlankHoles;cal_dig_morro_bay__20190510m2_BankFlankIncipCh;cal_dig_morro_bay__20190511m1_6thHeadlessCany;cal_dig_morro_bay__20190511m2_BankTopEofCanyon3;cal_dig_morro_bay__luciachica_2007;cal_dig_morro_bay__pockmark_south;cal_dig_morro_bay__basin_flank;cal_dig_morro_bay__20180426m2_Channel1000;cal_dig_morro_bay__20180427m1_Channel700;cal_dig_morro_bay__20180427m3_PockmarkNorth;cal_dig_morro_bay__20180428m1_Cable;cal_dig_morro_bay__20190314m4_LuciaChica970m;cal_dig_morro_bay__20190315m1_HeadlessCanyon;cal_dig_morro_bay__20190316m1_BankTop;cal_dig_morro_bay__20190317m1_1000mGully;cal_dig_morro_bay__20190317m2_600mGully;cal_dig_morro_bay__201804_LuciaChica2m,False
MANIFEST:TN299__MGDS_31253,10.26022/IEDA/331253,Cascadia — AT42-17,Atlantis,1.0,GeoTIFF,AT42-17,training,ratio 25.0 in training band ≤ 25.0,RR1716,Kongsberg EM122,Roger Revelle,independent,False,12.952898575890393,1059.7,1059.7,continental_margin,12.952898575890394,0,-125.06861236428456,44.48646238688267,Pacific,in_corpus,HR already in the 39-pair manifest,1.0,18.5,18.5,4.0,AII8L36;AT15-68;AT18-06;AT42-17;B00027;B00052;EW0208;FK180731;HLY03TA;HLY18TB;HLY21TG;LPRS02RR;LWAD99MV;MGL1211;MGL2104;MGL2201;NA095;NA128;RB1604;RR1713;RR1714;RR1716;RR1718;SKQ201607S;SKQ201610S;SKQ201705S;SKQ201715S;SKQ201905S;SKQ201921S;TN252;TN268;TN283;TN299;TN311;TN313;TN326;TN332;TN382;TN393;TN406;TN407;Tecfluc,lu15;lu16,TN299__MGDS_31253,False
MANIFEST:NA076__MGDS_32317,10.60521/332317,PacificOcean:SouthernCalifornia — SantaMonicaMounds_MBARI,NotProvided,1.0,GeoTIFF,SantaMonicaMounds_MBARI,raw_lr_to_grid,LR is raw-only (lr_res_source=unknown); routed to Stage C gridding — ratio measured post-grid,E-1-04-SC,Simrad EM1002,Maurice Ewing,independent,False,11.31907817214382,862.5,862.5,continental_margin,2.039534965669521,0,-118.64760557908977,33.80120086589773,Pacific,in_corpus,HR already in the 39-pair manifest,2.0,30.1,30.1,8.0,A-3-98-SC;AT15-53;AT18-11;AT26-06;C-1-96-SC;CALF01RR;Channel;E-1-04-SC;EW0407;EW9415;FK181005;HLY18TB;NA065;NA066;NA073;NA075;NA076;NA078;NA106;REM-01MV;SR1611;SR1717;SR1815;SR2008;TUNE01WT;WEST15MV,lu11,NA076__MGDS_32317,False
MANIFEST:EW0207__MGDS_32556,10.60521/332556,JdF:Axial — AxialSeamount_MBARI,NotApplicable,1.0,GeoTIFF,AxialSeamount_MBARI,raw_lr_to_grid,LR is raw-only (lr_res_source=unknown); routed to Stage C gridding — ratio measured post-grid,TN149,Simrad EM300,Thomas G. Thompson,independent,False,306.0540152887754,1874.3,1874.3,volcanic_or_seamount,238.13605471842854,0,-129.93516326191408,46.14155301752177,Pacific,in_corpus,HR already in the 39-pair manifest,1.0,32.7,32.7,8.0,AII8L21;AT15-21;AT15-36;AT15-51;AT18-08;AT26-17;AT3L23;Cleft;DI9302;EW0207;EW9904;HLY10TB;HLY11TB;HLY16TB;HLY17TB;KM0310;KM1812;KM1813;MGL1211;MGL1216;MGL1905;MGL2209;REM-01MV;RP11SU81;RP13SU82;RP15SU85;RR1712;SKQ201610S;SKQ201714T;SKQ201920S;SKQ201922T;SKQ201924S;TN149;TN160;TN173;TN199;TN252;TN253;TN268;TN299;TN300;TN326;TN327;TN383,lu15;lu16,EW0207__MGDS_32556,False
MANIFEST:cal_dig_morro_bay__20190510m1_BankFlankHoles,,Cal DIG I / Morro Bay — Cal DIG I,MBARI-donated AUV,1.0,GeoTIFF,Cal DIG I,raw_lr_to_grid,LR is raw-only (lr_res_source=unknown); routed to Stage C gridding — ratio measured post-grid,KIWI01RR,SeaBeam 2100,Roger Revelle,independent,False,12.671383053372818,100.0,1600.0,continental_margin,0.5422975253229021,0,-121.43203051809228,35.289973609619665,Pacific,in_corpus,HR already in the 39-pair manifest,2.0,29.7,29.7,8.0,AT26-06;EW9414;KIWI01RR;MV1405;REM-01MV;RR1710;SR1903,lu12,cal_dig_morro_bay__20190318m2_Transect601060m;cal_dig_morro_bay__20190510m1_BankFlankHoles;cal_dig_morro_bay__20190510m2_BankFlankIncipCh;cal_dig_morro_bay__20190511m1_6thHeadlessCany;cal_dig_morro_bay__20190511m2_BankTopEofCanyon3;cal_dig_morro_bay__pockmark_south;cal_dig_morro_bay__basin_flank;cal_dig_morro_bay__20180426m2_Channel1000;cal_dig_morro_bay__20180427m1_Channel700;cal_dig_morro_bay__20180427m3_PockmarkNorth;cal_dig_morro_bay__20180428m1_Cable;cal_dig_morro_bay__20190315m1_HeadlessCanyon;cal_dig_morro_bay__20190316m1_BankTop;cal_dig_morro_bay__20190317m1_1000mGully;cal_dig_morro_bay__20190317m2_600mGully,False
MANIFEST:cal_dig_morro_bay__20190511m1_6thHeadlessCany,,Cal DIG I / Morro Bay — Cal DIG I,MBARI-donated AUV,1.9997453773870968,GeoTIFF,Cal DIG I,raw_lr_to_grid,LR is raw-only (lr_res_source=unknown); routed to Stage C gridding — ratio measured post-grid,B00157,BSSS,Davidson,independent,False,14.12528424164477,100.0,1600.0,continental_margin,9.051819358564726,0,-121.52796929442356,35.05293958383155,Pacific,in_corpus,HR already in the 39-pair manifest,,,,,AT07L14;AT11L33;AT15-11;AT26-16;AT42-16;B00157;CALF03RR;CNTL04RR;EW9504;EW9904;FK190315;MGL1302;MV1216;NA078;REM-02MV;RNDB18WT;RR1710;RR1803;SKQ201601T;SKQ201716T;SKQ201805T;SKQ201807T;SR1809,lu12,cal_dig_morro_bay__20190510m1_BankFlankHoles;cal_dig_morro_bay__20190510m2_BankFlankIncipCh;cal_dig_morro_bay__20190511m1_6thHeadlessCany;cal_dig_morro_bay__20190511m2_BankTopEofCanyon3;cal_dig_morro_bay__pockmark_south;cal_dig_morro_bay__basin_flank;cal_dig_morro_bay__20180426m2_Channel1000;cal_dig_morro_bay__20180427m1_Channel700;cal_dig_morro_bay__20180428m1_Cable;cal_dig_morro_bay__20190315m1_HeadlessCanyon;cal_dig_morro_bay__20190316m1_BankTop;cal_dig_morro_bay__20190317m1_1000mGully;cal_dig_morro_bay__20190317m2_600mGully,False
MANIFEST:cal_dig_morro_bay__20190510m2_BankFlankIncipCh,,Cal DIG I / Morro Bay — Cal DIG I,MBARI-donated AUV,1.9997040816326725,GeoTIFF,Cal DIG I,training,ratio 12.5 in training band ≤ 25.0,SR1903,Kongsberg EM122,Sally Ride,independent,False,12.342270943281516,100.0,1600.0,continental_margin,12.342270943281425,0,-121.40997905709025,35.19449742315248,Pacific,in_corpus,HR already in the 39-pair manifest,1.0,14.8,7.4,2.0,AT26-06;B00157;KIWI01RR;LWAD99MV;MV1212;MV1405;MV1407;REM-01MV;RR1709;RR1710;SR1903,lu12,cal_dig_morro_bay__20190318m2_Transect601060m;cal_dig_morro_bay__20190510m1_BankFlankHoles;cal_dig_morro_bay__20190510m2_BankFlankIncipCh;cal_dig_morro_bay__20190511m1_6thHeadlessCany;cal_dig_morro_bay__20190511m2_BankTopEofCanyon3;cal_dig_morro_bay__pockmark_south;cal_dig_morro_bay__basin_flank;cal_dig_morro_bay__20180426m2_Channel1000;cal_dig_morro_bay__20180427m1_Channel700;cal_dig_morro_bay__20180427m3_PockmarkNorth;cal_dig_morro_bay__20180428m1_Cable;cal_dig_morro_bay__20190315m1_HeadlessCanyon;cal_dig_morro_bay__20190316m1_BankTop;cal_dig_morro_bay__20190317m1_1000mGully;cal_dig_morro_bay__20190317m2_600mGully,False
MANIFEST:AR26__MGDS_31838,10.60521/331838,EasternNorthAmericanMargin — PC1704,Pisces,0.992,GeoTIFF,PC1704,raw_lr_to_grid,LR is raw-only (lr_res_source=unknown); routed to Stage C gridding — ratio measured post-grid,B00311,SeaBeam,Mt. Mitchell,independent,False,13.27817393673047,1684.0,1684.0,continental_margin,8.744926774803687,0,-74.65565402668814,35.73020763757889,Atlantic,in_corpus,HR already in the 39-pair manifest,2.0,58.8,59.3,16.0,AR26;AT09;AT42-24;B00310;B00311;EW0008;EW9701A;EX1206;EX1806;KN178;MGL1408;RB0904,lu14,AR26__MGDS_31838,False
MANIFEST:TN268__MGDS_30466,10.60521/332556,JdF:Axial — AxialSeamount_MBARI,NotApplicable,0.993,GeoTIFF,AxialSeamount_MBARI,excluded,ratio 60.4 > 40.0 (super-resolution not meaningful),TN271,Kongsberg EM302,Thomas G. Thompson,independent,False,1034.6450170989178,2160.0,2160.0,volcanic_or_seamount,255.66058066325863,0,-130.08652100099007,45.665156557975756,Pacific,in_corpus,HR already in the 39-pair manifest,1.0,37.7,38.0,8.0,AII8L21;Cleft;EW0207;EW9904;KM0310;KM1812;KM1813;MGL1211;MGL1905;RB0002;REM-01MV;REM-02MV;RP11SU81;RP13SU82;RP14SU84;RR1715;TN173;TN199;TN252;TN253;TN268;TN271;TN300;TN313;TN327;TN383,lu16,TN268__MGDS_30466,False
MGDS:30092,10.26022/IEDA/330092,Processed bathymetry grids (netCDF format) for survey areas 1 and 2 from Sentry AUV dives at the Mid,AUV,0.9998283166327993,NetCDF Grid,,excluded,ratio 100.0 > 40.0 (super-resolution not meaningful),AT05L03,SeaBeam 2112,Atlantis,independent,False,34.78092077240524,-3952.789,-2683.542,continental_margin,3.6945794270618504,138849961,-45.01990619326013,13.932290941930148,Atlantic,not_auv_bathymetry,"hr_class=surface_vessel, is_non_bathy=False",2.0,115.8,115.8,16.0,AT04L04;AT05L03;KN182L03,,,False
MANIFEST:RR1506__MGDS_29779,10.26022/IEDA/329779,KermadecArc — RR1506,Roger Revelle,0.992,GeoTIFF,RR1506,excluded,ratio 100.8 > 40.0 (super-resolution not meaningful),MGL1804,Kongsberg EM122,Marcus G. Langseth,independent,False,92.52795692983636,1063.0,1063.0,continental_margin,82.94571905686989,0,-179.0286166616808,-31.091794935667696,Pacific,in_corpus,HR already in the 39-pair manifest,1.0,18.6,18.8,4.0,EW9914;MGL1804;RR1506,lu00,RR1506__MGDS_29779,False
MANIFEST:FK181031__MGDS_24618,10.1594/IEDA/324618,GulfOfCalifornia:PescaderoBasin — PescaderoBasin_MBARI2015,Rachel Carson,1.0,GeoTIFF,PescaderoBasin_MBARI2015,excluded,ratio 60.0 > 40.0 (super-resolution not meaningful),FK210922,Kongsberg EM302; Kongsberg EM710,Falkor,independent,False,36.083618579773365,3788.6,3788.6,abyssal_plain,36.083618579773365,0,-108.8445159225488,23.974753683968412,Pacific,in_corpus,HR already in the 39-pair manifest,1.0,66.1,66.1,16.0,AT42-05;DANA08RR;EW0210;FK181031;FK190211;FK210922;NA091,lu08,FK181031__MGDS_24618,False
MANIFEST:NA090__MGDS_31212,10.60521/331212,NotProvided — RR2107,Roger Revelle,0.992,GeoTIFF,RR2107,excluded,ratio 60.5 > 40.0 (super-resolution not meaningful),FK190211,Kongsberg EM710; EM302,Falkor,independent,False,6.420179603568241,1832.0,1832.0,continental_margin,6.420179603568241,0,-111.38349409544223,27.41103873536254,Pacific,in_corpus,HR already in the 39-pair manifest,1.0,32.0,32.3,8.0,AT03L46;AT15-54;EW0210;FK190211;NA090,lu10,NA090__MGDS_31212,False
MGDS:30198,10.26022/IEDA/330198,Processed near-bottom bathymetry grids (netCDF format) for survey sites 1 to 5 from Sentry AUV dives,AUV,0.9998735040842124,NetCDF Grid,,excluded,ratio 50.0 > 40.0 (super-resolution not meaningful),AT40-02,Kongsberg EM122,Atlantis,independent,False,120.12708430029492,-3978.588,-2441.847,continental_margin,5.061048396424441,618594933,-45.006988877970954,13.870654106496767,Atlantic,not_auv_bathymetry,"hr_class=surface_vessel, is_non_bathy=False",1.0,56.0,56.0,8.0,AT04L04;AT05L03;AT40-02;KN182L03,,,False
MANIFEST:cal_dig_morro_bay__201804_LuciaChica2m,,Cal DIG I / Morro Bay — Cal DIG I,MBARI-donated AUV,1.0,GeoTIFF,Cal DIG I,excluded,ratio 100.0 > 40.0 (super-resolution not meaningful),REM-01MV,SeaBeam 2000,Melville,independent,False,12.768256656557813,100.0,1600.0,continental_margin,9.602711485809834,0,-121.77200550046656,35.729480693592876,Pacific,in_corpus,HR already in the 39-pair manifest,3.3,49.0,49.0,8.0,B00216;EW0407;EW9414;EX1101;KIWI01RR;MV1212;MV1405;MV1407;Monterey;REM-01MV;RR1710;SR1903,lu12,cal_dig_morro_bay__20190318m2_Transect601060m;cal_dig_morro_bay__luciachica_2007;cal_dig_morro_bay__pockmark_south;cal_dig_morro_bay__20180426m2_Channel1000;cal_dig_morro_bay__20180427m1_Channel700;cal_dig_morro_bay__20180427m3_PockmarkNorth;cal_dig_morro_bay__20190314m4_LuciaChica970m;cal_dig_morro_bay__20190317m1_1000mGully;cal_dig_morro_bay__20190317m2_600mGully;cal_dig_morro_bay__201804_LuciaChica2m,False
MANIFEST:cal_dig_morro_bay__20190317m2_600mGully,,Cal DIG I / Morro Bay — Cal DIG I,MBARI-donated AUV,1.0,GeoTIFF,Cal DIG I,excluded,ratio 50.0 > 40.0 (super-resolution not meaningful),RR1710,Kongsberg EM122,Roger Revelle,independent,False,13.154633415137166,100.0,1600.0,continental_margin,0.6946289573513343,0,-121.48889536197134,35.49158771889921,Pacific,in_corpus,HR already in the 39-pair manifest,1.0,14.8,14.8,4.0,AT26-06;B00085;EW9414;EX1101;MV1212;NA073;NA076;REM-01MV;RR1710,lu11;lu12,cal_dig_morro_bay__20190318m2_Transect601060m;cal_dig_morro_bay__20190510m1_BankFlankHoles;cal_dig_morro_bay__20190510m2_BankFlankIncipCh;cal_dig_morro_bay__20190511m1_6thHeadlessCany;cal_dig_morro_bay__luciachica_2007;cal_dig_morro_bay__pockmark_south;cal_dig_morro_bay__basin_flank;cal_dig_morro_bay__20180426m2_Channel1000;cal_dig_morro_bay__20180427m1_Channel700;cal_dig_morro_bay__20180427m3_PockmarkNorth;cal_dig_morro_bay__20180428m1_Cable;cal_dig_morro_bay__20190314m4_LuciaChica970m;cal_dig_morro_bay__20190317m1_1000mGully;cal_dig_morro_bay__20190317m2_600mGully;cal_dig_morro_bay__201804_LuciaChica2m,False
MGDS:24367,10.1594/IEDA/324367,Processed Gridded Near-Bottom Bathymetry Data (ArcASCII format) from the Alarcon Rise Spreading Cent,AUV,1.9989507459447518,ESRI ASCII Grid,,eval_only,ratio 30.0 in eval band 25.0-40.0,FK190211,Kongsberg EM710; EM302,Falkor,independent,False,429.41469449602073,-2647.298,-2294.9841,volcanic_or_seamount,115.48701734528217,183301345,-108.49033177281335,23.457779163154918,Pacific,in_corpus,HR already in the 39-pair manifest,1.0,43.1,21.6,4.0,AT42-05;DANA08RR;EW0210;FK181031;FK190211;FK210922;MOCE05MV,lu08,FK181031__MGDS_24367,False
MANIFEST:cal_dig_morro_bay__20190317m1_1000mGully,,Cal DIG I / Morro Bay — Cal DIG I,MBARI-donated AUV,1.0,GeoTIFF,Cal DIG I,training,ratio 25.0 in training band ≤ 25.0,SR1903,Kongsberg EM122,Sally Ride,independent,False,10.633365916552801,100.0,1600.0,continental_margin,5.074086208095857,0,-121.55773595579139,35.46673493015852,Pacific,in_corpus,HR already in the 39-pair manifest,1.0,14.8,14.8,4.0,AT26-06;EW9414;KIWI01RR;MV1405;REM-01MV;RR1710;SR1903,lu12,cal_dig_morro_bay__20190318m2_Transect601060m;cal_dig_morro_bay__20190510m1_BankFlankHoles;cal_dig_morro_bay__20190510m2_BankFlankIncipCh;cal_dig_morro_bay__20190511m1_6thHeadlessCany;cal_dig_morro_bay__luciachica_2007;cal_dig_morro_bay__pockmark_south;cal_dig_morro_bay__basin_flank;cal_dig_morro_bay__20180426m2_Channel1000;cal_dig_morro_bay__20180427m1_Channel700;cal_dig_morro_bay__20180427m3_PockmarkNorth;cal_dig_morro_bay__20180428m1_Cable;cal_dig_morro_bay__20190314m4_LuciaChica970m;cal_dig_morro_bay__20190317m1_1000mGully;cal_dig_morro_bay__20190317m2_600mGully;cal_dig_morro_bay__201804_LuciaChica2m,False
MANIFEST:NA080__MGDS_31290,10.26022/IEDA/331290,DavidsonSeamount:OctopusGarden — OctopusGarden_MBARI,NotApplicable,1.0,GeoTIFF,OctopusGarden_MBARI,raw_lr_to_grid,LR is raw-only (lr_res_source=unknown); routed to Stage C gridding — ratio measured post-grid,Monterey,Simrad EM300,Ocean Alert,independent,False,53.61239917901217,3221.0,3221.0,volcanic_or_seamount,1.5548699023758488,0,-122.64242651049021,35.53866418224995,Pacific,in_corpus,HR already in the 39-pair manifest,1.0,56.2,56.2,8.0,AT42-09;B00210;B00211;EX1503L2;FK190315;HLY05TI;MGL1108;Monterey;NA080;NA082;NA103;NA117;NA122;NA130;RR1710;TN279;TN281;TN396;TUNE01WT,lu13,NA080__MGDS_31290,False
MANIFEST:EW9801__MGDS_31425,10.26022/IEDA/331425,Loihi — TN293,Thomas G. Thompson,1.982,GeoTIFF,TN293,training,ratio 7.6 in training band ≤ 25.0,NA115,Kongsberg EM302,Nautilus,independent,False,15.609863097827514,1255.0,1255.0,volcanic_or_seamount,15.609863097827514,0,-155.25581649309962,18.90960717345874,Pacific,in_corpus,HR already in the 39-pair manifest,1.0,21.9,11.0,2.0,AII8L11;AMAT08RR;B00297;CNTL13RR;DRFT13RR;EW9801;EX0909;FK140625;KM0518;KM0615;KM0719;KM0923;KM1018;KM1103;KM1120A;KR1998;Loihi;MGL1806;MGLN10MV;MGLN11MV;NA099;NA100;NA115;NECR05RR;SEAW03RR;TN260;TN293;TUNE04WT;YK1999;YK2002,lu07,EW9801__MGDS_31425,False
MANIFEST:AT37-13__MGDS_31199,10.60521/331199,CostaRicaRift — AT37-13,Atlantis,0.992,GeoTIFF,AT37-13,eval_only,ratio 25.2 in eval band 25.0-40.0,AT37-13,Kongsberg EM122,Atlantis,independent,False,7.348911031041221,1176.0,1176.0,continental_margin,7.348911031041222,0,-85.18698797479387,8.793013400189889,Atlantic,in_corpus,HR already in the 39-pair manifest,1.0,20.5,20.7,4.0,AT37-13;DRFT04RR,lu04,AT37-13__MGDS_31199,False
MGDS:33081,10.60521/333081,"Processed Gridded Near-Bottom AUV Bathymetry Data (EM2040) from the Mariana Islands, acquired during",Sentry,0.9996510118134646,NetCDF Grid,,needs_geometry,HR is footprint_suspect — true valid-data extent must be computed in Stage B before ratio is trustworthy,SUM1004,,Sumner,needs_check,True,407.0972455166618,-5398.914,-3683.719,abyssal_plain,14.146919741640433,72064201,148.07042471054748,6.953743301063735,Pacific,new_candidate,,,,,,COOK22MV;SU10-1;SUM1004,,,False
